# vtk DataFile Version 2.0
Mosco-reg, Created by Gmsh 4.15.2 
ASCII
DATASET UNSTRUCTURED_GRID
POINTS 5895 double
163.4920634920635 258.0539358600585 0
166.6666666666667 215.8041788143831 0
170.6349206349206 214.9052478134113 0
169.8412698412698 209.2687074829934 0
173.015873015873 205.7944606413996 0
173.4126984126984 181.3168124392616 0
176.5873015873016 181.4139941690964 0
182.9365079365079 148.9552964042762 0
188.8888888888889 150.1579203109817 0
198.8095238095238 140.2575315840624 0
211.5079365079365 144.7278911564628 0
213.4920634920635 133.5641399416912 0
228.1746031746032 136.0544217687077 0
228.5714285714285 122.801263362488 0
261.9047619047619 135.0461613216718 0
277.3809523809523 100.3158406219633 0
276.5873015873016 92.63848396501481 0
282.1428571428571 91.27793974732774 0
283.7301587301587 55.61224489795939 0
255.9523809523809 30.78231292517023 0
265.0793650793651 31.57191448007794 0
262.3015873015872 14.6501457725949 0
244.047619047619 10.51992225461629 0
232.1428571428571 -27.59961127308054 0
227.3809523809524 -26.72497570456744 0
225.3968253968254 -40.56122448979579 0
200.3968253968254 -44.38775510204067 0
198.015873015873 -67.41982507288617 0
205.9523809523809 -71.76870748299308 0
193.6507936507936 -84.39018464528664 0
190.4761904761905 -96.73226433430506 0
179.3650793650793 -91.9703595724003 0
179.7619047619048 -77.16229348882405 0
171.4285714285714 -68.74392614188525 0
169.8412698412698 -60.11904761904748 0
179.3650793650793 -50.13362487852271 0
175.3968253968254 -40.05102040816314 0
167.8571428571428 -39.77162293488817 0
147.6190476190476 -32.73809523809513 0
143.6507936507936 -14.49222546161309 0
130.952380952381 -15.90136054421765 0
128.1746031746032 -33.33333333333326 0
113.8888888888889 -24.58697764820204 0
111.9047619047619 -17.50485908649171 0
92.85714285714286 -14.0063168124392 0
79.76190476190474 40.18464528668616 0
71.03174603174602 33.79494655004865 0
68.25396825396825 43.40379008746359 0
59.52380952380952 44.15694849368325 0
57.14285714285714 55.30855199222552 0
52.77777777777777 48.03206997084553 0
44.44444444444444 45.73615160349857 0
36.9047619047619 30.19922254616137 0
27.77777777777777 29.91982507288634 0
-8.333333333333332 49.73275024295432 0
-18.25396825396825 39.73517978620021 0
-26.19047619047619 52.2473275024295 0
-21.03174603174603 81.48688046647229 0
-23.41269841269841 86.51603498542275 0
-17.46031746031746 88.73906705539358 0
-21.82539682539682 110.0340136054422 0
-20.63492063492063 117.72351797862 0
-31.74603174603174 141.8731778425656 0
-18.65079365079365 161.1516034985423 0
-22.22222222222222 166.6545189504374 0
-17.46031746031746 178.0247813411079 0
-18.65079365079365 181.5597667638485 0
-8.333333333333332 185.4470359572401 0
-6.746031746031743 204.3731778425657 0
-13.49206349206349 203.6564625850341 0
-11.11111111111111 213.9334305150632 0
-7.936507936507933 210.4591836734695 0
0 215.804178814383 0
7.936507936507937 204.3124392614189 0
11.90476190476191 206.9849368318757 0
26.58730158730158 200.2915451895045 0
26.58730158730158 196.7201166180759 0
28.57142857142857 197.2910592808553 0
32.53968253968253 207.6166180758019 0
40.07936507936508 208.3576287657921 0
50.39682539682539 216.326530612245 0
55.95238095238095 216.4965986394559 0
72.61904761904762 233.3333333333335 0
88.49206349206349 224.125364431487 0
93.65079365079364 232.9567541302237 0
94.84126984126983 247.7891156462587 0
88.49206349206349 256.2682215743442 0
99.60317460317458 260.6899902818272 0
100 255.0898931000974 0
113.8888888888889 260.1068999028184 0
118.6507936507936 274.0281827016523 0
117.4603174603175 276.5427599611275 0
127.3809523809524 285.5199222546163 0
144.047619047619 275.3158406219633 0
145.2380952380952 259.5359572400391 0
152.3809523809524 258.2240038872694 0
242.46 94.655 0
163.8447971781305 253.359518410539 0
164.1975308641975 248.6651009610195 0
164.5502645502645 243.9706835115 0
164.9029982363315 239.2762660619805 0
165.2557319223986 234.581848612461 0
165.6084656084656 229.8874311629415 0
165.9611992945326 225.193013713422 0
166.3139329805996 220.4985962639026 0
170.2380952380952 212.0869776482023 0
173.0952380952381 200.898931000972 0
173.1746031746032 196.0034013605444 0
173.2539682539683 191.1078717201168 0
173.3333333333333 186.2123420796892 0
177.4943310657596 176.7770373455506 0
178.4013605442177 172.1400805220049 0
179.3083900226757 167.5031236984591 0
180.2154195011338 162.8661668749134 0
181.1224489795918 158.2292100513677 0
182.0294784580499 153.5922532278219 0
185.9126984126984 149.556608357629 0
192.1957671957672 146.857790735342 0
195.5026455026455 143.5576611597022 0
203.042328042328 141.7476514415292 0
207.2751322751323 143.237771298996 0
212.1693121693121 141.0066407515389 0
212.8306878306878 137.285390346615 0
218.3862433862434 134.39423388403 0
223.2804232804233 135.2243278263689 0
228.3068783068783 131.6367022999678 0
228.4391534391534 127.2189828312279 0
232.7380952380952 124.331875607386 0
236.9047619047619 125.862487852284 0
241.0714285714285 127.3931000971819 0
245.2380952380952 128.9237123420799 0
249.4047619047619 130.4543245869779 0
253.5714285714286 131.9849368318758 0
257.7380952380952 133.5155490767738 0
263.8392857142857 130.7048712342082 0
265.7738095238095 126.3635811467446 0
267.7083333333333 122.0222910592811 0
269.6428571428571 117.6810009718175 0
271.5773809523809 113.3397108843539 0
273.5119047619047 108.9984207968904 0
275.4464285714285 104.6571307094268 0
276.9841269841269 96.47716229348904 0
279.3650793650793 91.95821185617127 0
282.3412698412698 86.81972789115669 0
282.5396825396825 82.36151603498564 0
282.7380952380952 77.90330417881461 0
282.9365079365079 73.44509232264356 0
283.1349206349206 68.98688046647251 0
283.3333333333333 64.52866861030148 0
283.531746031746 60.07045675413043 0
280.2579365079364 52.50850340136075 0
276.7857142857143 49.40476190476211 0
273.313492063492 46.30102040816348 0
269.8412698412698 43.19727891156484 0
266.3690476190476 40.09353741496619 0
262.8968253968254 36.98979591836754 0
259.4246031746031 33.88605442176888 0
260.515873015873 31.17711370262408 0
264.3849206349206 27.34147230320717 0
263.6904761904761 23.11103012633641 0
262.9960317460317 18.88058794946565 0
257.7380952380952 13.61758989310025 0
253.1746031746031 12.58503401360559 0
248.6111111111111 11.55247813411094 0
242.5595238095238 5.754980563654177 0
241.0714285714285 0.9900388726920646 0
239.5833333333333 -3.774902818270041 0
238.0952380952381 -8.539844509232147 0
236.6071428571428 -13.30478620019424 0
235.1190476190476 -18.06972789115634 0
233.6309523809524 -22.83466958211844 0
226.7195767195767 -31.33705863297689 0
226.0582010582011 -35.94914156138633 0
221.2301587301587 -41.1989795918366 0
217.063492063492 -41.83673469387742 0
212.8968253968254 -42.47448979591823 0
208.7301587301587 -43.11224489795904 0
204.563492063492 -43.74999999999986 0
199.9206349206349 -48.99416909620977 0
199.4444444444444 -53.60058309037887 0
198.9682539682539 -58.20699708454797 0
198.4920634920635 -62.81341107871707 0
201.984126984127 -69.59426627793962 0
202.8769841269841 -74.92407677356647 0
199.8015873015873 -78.07944606413986 0
196.7261904761905 -81.23481535471325 0
192.5925925925926 -88.50421120829279 0
191.5343915343915 -92.61823777129894 0
186.7724867724867 -95.14496274700346 0
183.068783068783 -93.55766115970188 0
179.4973544973545 -87.03433754454154 0
179.6296296296296 -82.09831551668279 0
176.984126984127 -74.35617103984445 0
174.2063492063492 -71.55004859086486 0
170.6349206349206 -64.43148688046637 0
173.015873015873 -56.79057337220588 0
176.1904761904762 -53.46209912536428 0
178.042328042328 -46.77275672173618 0
176.7195767195767 -43.41188856494966 0
171.6269841269841 -39.91132167152566 0
163.8095238095238 -38.36491739552956 0
159.7619047619047 -36.95821185617095 0
155.7142857142857 -35.55150631681235 0
151.6666666666667 -34.14480077745374 0
146.6269841269841 -28.17662779397462 0
145.6349206349206 -23.61516034985411 0
144.6428571428571 -19.0536929057336 0
139.4179894179894 -14.96193715581461 0
135.1851851851852 -15.43164885001613 0
130.2579365079365 -20.25935374149656 0
129.563492063492 -24.61734693877547 0
128.8690476190476 -28.97534013605437 0
124.6031746031746 -31.14674441205045 0
121.031746031746 -28.96015549076764 0
117.4603174603174 -26.77356656948484 0
112.8968253968254 -21.04591836734687 0
107.1428571428571 -16.63022351797858 0
102.3809523809524 -15.75558794946545 0
97.61904761904762 -14.88095238095232 0
91.76587301587303 -9.490403304178756 0
90.67460317460318 -4.974489795918313 0
89.58333333333334 -0.4585762876578698 0
88.49206349206349 4.057337220602573 0
87.40079365079366 8.573250728863005 0
86.30952380952381 13.08916423712343 0
85.21825396825398 17.60507774538386 0
84.12698412698413 22.12099125364431 0
83.03571428571429 26.63690476190477 0
81.94444444444444 31.15281827016523 0
80.85317460317459 35.66873177842569 0
76.85185185185185 38.05474570780699 0
73.94179894179894 35.92484612892783 0
69.64285714285714 38.59936831875612 0
63.88888888888889 43.78036929057342 0
58.73015873015873 47.874149659864 0
57.93650793650793 51.59135082604476 0
54.96031746031746 51.67031098153553 0
48.61111111111111 46.88411078717205 0
42.5595238095238 41.85191933916426 0
40.67460317460316 37.96768707482995 0
38.78968253968253 34.08345481049566 0
32.34126984126983 30.05952380952385 0
23.76543209876542 32.1212612028939 0
19.75308641975308 34.32269733290145 0
15.74074074074074 36.52413346290901 0
11.72839506172839 38.72556959291656 0
7.716049382716051 40.92700572292411 0
3.703703703703706 43.12844185293166 0
-0.3086419753086389 45.32987798293922 0
-4.32098765432098 47.53131411294677 0
-11.64021164021163 46.40022675736962 0
-14.94708994708993 43.06770327178493 0
-20.8994708994709 43.90589569160996 0
-23.54497354497353 48.07661159701971 0
-25.33068783068783 57.12058632976997 0
-24.47089947089946 61.99384515711045 0
-23.6111111111111 66.86710398445094 0
-22.75132275132274 71.74036281179141 0
-21.89153439153438 76.61362163913185 0
-22.22222222222222 84.00145772594752 0
-20.43650793650793 87.62755102040816 0
-18.33333333333333 92.9980563654033 0
-19.20634920634921 97.25704567541302 0
-20.07936507936508 101.5160349854227 0
-20.95238095238095 105.7750242954325 0
-21.23015873015873 113.8787657920311 0
-22.48677248677248 121.7484612892776 0
-24.33862433862433 125.7734045999352 0
-26.19047619047618 129.7983479105928 0
-28.04232804232803 133.8232912212504 0
-29.89417989417989 137.848234531908 0
-29.12698412698412 145.728862973761 0
-26.5079365079365 149.5845481049563 0
-23.88888888888888 153.4402332361517 0
-21.26984126984127 157.295918367347 0
-20.43650793650793 163.9030612244898 0
-20.63492063492063 170.4446064139942 0
-19.04761904761905 174.2346938775511 0
-15.2116402116402 182.8555231616457 0
-11.77248677248677 184.1512795594429 0
-7.936507936507936 190.1785714285715 0
-7.539682539682538 194.9101068999029 0
-7.142857142857141 199.6416423712343 0
-10.11904761904762 204.0148202137999 0
-12.6984126984127 207.0821185617105 0
-11.9047619047619 210.5077745383869 0
-3.968253968253959 213.1316812439262 0
2.645502645502638 211.973598963395 0
5.291005291005285 208.143019112407 0
15.57539682539682 205.3115889212829 0
19.24603174603174 203.6382410106901 0
22.91666666666666 201.9648931000973 0
29.89417989417989 200.7329122125041 0
31.21693121693121 204.174765144153 0
36.3095238095238 207.987123420797 0
43.51851851851852 211.0139293812764 0
46.95767195767197 213.6702299967607 0
53.17460317460316 216.4115646258504 0
59.28571428571428 219.8639455782314 0
62.6190476190476 223.2312925170069 0
65.95238095238093 226.5986394557824 0
69.28571428571428 229.965986394558 0
76.5873015873016 231.0313411078719 0
80.55555555555559 228.7293488824102 0
84.52380952380955 226.4273566569486 0
90.21164021164022 227.0691609977326 0
91.93121693121694 230.0129575639781 0
94.04761904761904 237.9008746355686 0
94.44444444444444 242.8449951409136 0
92.72486772486772 250.6154842889538 0
90.60846560846561 253.441852931649 0
92.1957671957672 257.7421444768385 0
95.89947089947088 259.2160673793329 0
99.80158730158729 257.8899416909622 0
104.6296296296296 256.7622287010044 0
109.2592592592592 258.4345643019114 0
115.4761904761905 264.7473275024298 0
117.063492063492 269.387755102041 0
120.7671957671958 279.5351473922905 0
124.0740740740741 282.5275348234534 0
131.547619047619 282.9689018464531 0
135.7142857142857 280.4178814382898 0
139.8809523809524 277.8668610301265 0
144.3452380952381 271.3708697764822 0
144.6428571428571 267.4258989310012 0
144.9404761904762 263.4809280855201 0
148.8095238095238 258.8799805636542 0
156.0846560846561 258.1673145448658 0
159.7883597883598 258.1106252024621 0
28.09128787999965 195.269845201662 0
179.080775206416 150.6624479737181 0
179.7359469135448 146.821873131208 0
176.2406240647409 148.1801453139678 0
176.9089833785457 144.7485948073967 0
173.6230973577773 145.8717881940644 0
174.3022694239372 142.4348844756186 0
171.1110216676748 143.5469879139353 0
171.7198890674578 140.1458307143471 0
168.54790645547 141.2814817089335 0
169.1568918679412 137.9746063704873 0
166.042586452311 139.0988646006256 0
166.629312818228 135.7460874225478 0
163.4773210906672 136.8009668667077 0
164.0662782464321 133.4666370195874 0
160.8052130932912 134.5009607098522 0
161.4939436011635 131.1409831507481 0
158.228716863599 132.2531275619955 0
158.9119975488373 128.8467984002909 0
155.6459998085035 129.9735628194294 0
156.3319567339933 126.5855918540573 0
153.0564297334481 127.6897287740592 0
153.7665085057219 124.3070472495169 0
156.9988072463099 123.2247913322834 0
150.4872004653357 125.387466363982 0
154.344922879244 120.9539108782471 0
157.5184703481117 120.0492349415129 0
155.0028273306396 117.7160755387062 0
158.5202209016499 116.9726213727136 0
155.873340369078 114.5688456635523 0
158.7736099613892 113.5482223500824 0
156.5252381010149 111.4154708202357 0
159.4785209429971 110.4346713521558 0
157.2557159196496 108.3850696860384 0
160.1173789295318 107.390660881045 0
149.7686155474867 128.792260772563 0
147.1802997173218 126.476079125628 0
157.9202139771612 105.3663737715582 0
160.7289379070029 104.3924805974616 0
158.4634997306107 102.3604207573028 0
161.3277627890501 101.4058643344476 0
159.0508140297298 99.38131519728095 0
161.9366698404495 98.42442000784246 0
156.1677328543823 100.3114136796093 0
156.7645896549355 97.32888095595439 0
146.4108395834082 129.7234321205648 0
143.80040868557 127.4827414912764 0
153.8429550633937 98.27128685043454 0
143.081727744883 130.7808789747564 0
140.4497780786666 128.532369458779 0
139.7885312222104 131.9540060108905 0
137.1835448818526 129.6995721856683 0
154.4686671633765 95.24248776717171 0
151.5210854219224 96.19174753281233 0
136.4841679586426 133.0798270768434 0
133.8985916284191 130.8422226346667 0
133.199729721939 134.27455942279 0
130.5892799651128 131.9663269115895 0
152.1483634943106 93.13772552753532 0
129.8864343051108 135.3972671003635 0
127.2820076941022 133.077533894317 0
149.1437643844583 94.12309653099642 0
126.5608919134738 136.4845497287793 0
123.9611769840126 134.1798961236546 0
123.2379756135367 137.585282041754 0
120.6183841622205 135.2486236142307 0
149.8033897866064 91.0089615301283 0
119.921888911831 138.714633255895 0
117.290957522137 136.3478859296691 0
146.7790998281458 92.03333807968714 0
116.5942634736967 139.8114806347155 0
113.9736548034201 137.481405892025 0
113.2695028310137 140.9280150358637 0
110.6502643513728 138.5955608654246 0
111.3524839521132 135.1583507984531 0
108.0292489427065 136.2714364189041 0
107.324286333794 139.7012724746565 0
104.7030185346028 137.374609075852 0
103.9764229855048 140.7320366178868 0
101.3826694995137 138.4652022368574 0
-16.1324791212849 100.3842719542982 0
100.6545780402536 141.8149680006844 0
98.07172602660859 139.5664159238738 0
147.4848461280705 88.85688470003183 0
150.5231278341851 87.83934913246571 0
108.7270160744489 132.8340849000083 0
144.0587582165371 89.46284723291541 0
97.3667874922219 142.9788891310967 0
94.766985896582 140.6745240564152 0
148.0873166560231 85.63787940128981 0
151.2472716503775 84.60244563288171 0
148.8426187352275 82.35563430322273 0
152.0019719206823 81.28600862760517 0
149.6035812449256 79.02412804695444 0
152.7548954646144 77.93123173735145 0
115.9030463419644 143.2571404713266 0
150.3248012761752 75.64096191981287 0
153.5720693080158 74.54106812214637 0
239.3436048898638 9.334601728547085 0
151.0912189086939 72.22891248315139 0
154.3796071076698 71.11407265675248 0
94.06301728498951 144.0930654297689 0
91.4420526895789 141.777804689489 0
92.15869306343737 138.3528383881394 0
88.83742731112915 139.4510798494665 0
88.12011319244394 142.86960386618 0
85.53110844193424 140.5536028995843 0
84.82318741906137 143.9669587882526 0
82.25022652466433 141.6538073214952 0
81.53618374979388 145.0168784723752 0
78.98468854091099 142.7331103156098 0
79.6702176894394 139.3600127704852 0
76.4004836770286 140.4546375329519 0
78.3029217200073 146.0754937618141 0
77.080157417362 137.0643606611209 0
73.78025151945289 138.1714503861594 0
74.47769946205494 134.765954744155 0
71.1766061720129 135.876455242969 0
151.5926700028864 68.73796352172808 0
155.0429838117966 67.64126119375483 0
91.90865619417535 224.1068546083574 0
90.27258202306942 221.0961597343793 0
93.631525220412 221.1272378583681 0
71.86098171740625 132.4505100465528 0
68.52812597393218 133.5705475006355 0
147.6600954743187 73.33363892631871 0
255.0376554972439 35.22727309026119 0
152.2087207399069 65.34656844103608 0
155.7349301298221 64.14016872719841 0
158.4169299579561 66.55784519932311 0
159.1451341274463 63.06003353658538 0
161.7984473647163 65.45109180212155 0
162.5269315909948 61.96363915461392 0
165.1923489381305 64.433455541999 0
165.9502182990021 61.04865862209219 0
168.5528303178276 63.33604803326723 0
169.2844020050193 59.88921469283372 0
171.8588118399012 62.15889639191674 0
172.6503942899968 58.88971712855174 0
175.204804639382 61.04515260777551 0
91.9020145225297 218.1540493739338 0
95.33528347780779 218.1461431923029 0
-18.32589399857154 121.3013093971895 0
69.23303078122528 130.1285288198974 0
65.8999705506987 131.2271591238347 0
65.19929633656047 134.6825637580158 0
62.58067396501934 132.3440988590503 0
61.89794580921174 135.808932868242 0
59.29329601836612 133.4967130261579 0
58.59758435518613 136.890120076015 0
59.90866856054662 130.0149309538979 0
169.607337566525 184.1360354183979 0
56.01938213530995 134.6106969469589 0
55.32795609729065 137.9533425301628 0
132.6723243779807 -12.01851720070408 0
175.9245154857826 57.64461397482403 0
178.5019348758043 59.94343119224597 0
93.59197114357923 215.1639750100631 0
97.05984966712377 215.1475839984416 0
52.76677617271235 135.7102887780303 0
52.05490596267357 138.9549894705274 0
153.057109473135 61.73900790044259 0
173.029245429467 55.94821402581405 0
179.2195152626063 56.53516576301972 0
181.8036123642511 58.84924618208451 0
49.53125097978877 136.7925517728929 0
48.83037352328439 140.0353774681542 0
95.30868900857399 212.1402476047679 0
98.79622268502307 212.1290459283796 0
164.205758842656 100.4475720737141 0
182.5435545933007 55.45660152041035 0
185.1221638985772 57.78977198196429 0
46.28527243598801 137.8810664727098 0
45.64549452946643 141.1973843510266 0
48.27307723941179 143.1922290389757 0
45.05471764509575 144.4255537655071 0
47.65172550545991 146.4674478469088 0
44.42222574390117 147.6261870689658 0
46.84046424577403 149.816325376427 0
41.97682430915205 145.5114192457376 0
80.8212929979294 148.337612836049 0
41.33346290137992 148.670862996423 0
97.04142709559284 209.0873436367385 0
100.569624133698 209.0739770580629 0
88.86016014221445 21.16987418927383 0
38.93719084710536 146.5632176697876 0
38.32923333489079 149.7660804224263 0
35.92018070988034 147.6014815579479 0
35.31489089499119 150.794262798135 0
102.3554410505294 212.1396038732996 0
83.77806475532887 38.71383108887118 0
82.90097024612363 42.63555418715831 0
86.60846645464861 41.4568444211736 0
85.75257630687904 45.12158564732263 0
184.3656799413862 61.11118051436448 0
187.5812338678372 60.11202561210986 0
186.8602297223608 63.30473709189332 0
189.9417671411291 62.35088674205134 0
189.2549685752778 65.43989999152924 0
192.2413579297242 64.5169816145922 0
191.6197651010391 67.51914759692477 0
194.5317834254517 66.55057285816048 0
195.1406434866009 63.6274199272674 0
197.3524372267836 65.63210647388448 0
197.9870678339849 62.75863952330061 0
200.1607495670943 64.72197489267879 0
200.7813968374849 61.83902814057737 0
202.9380982692792 63.81944194384383 0
202.3143415560174 66.63407004876356 0
205.0136231790858 65.78290430648343 0
204.4050175200159 68.46113412695745 0
206.9969192362305 67.66643271866839 0
206.4319316876406 70.22296522637116 0
208.9296011670935 69.46499070280086 0
208.3582891251943 71.951148247425 0
210.7369817579621 71.22981471656678 0
210.1952970475325 73.59254427789611 0
212.5227076307305 72.88497858855101 0
211.9698735686151 75.1979274444289 0
214.1855215464552 74.54345195591377 0
213.6630149003232 76.76489816605402 0
211.4670305134554 77.47781715077807 0
213.1747185097728 79.02266757510299 0
210.9846844684467 79.75948524027842 0
215.8046325011654 76.07524049452749 0
216.3218318687306 73.9578962454955 0
217.8932368580445 75.42293184190061 0
209.5190898144858 66.94673694377984 0
3.51987057255613 47.71067205267613 0
96.66531790413936 146.4074622210854 0
129.2875023850228 139.3843009486513 0
218.3932210631638 73.32218174011565 0
219.9730000579498 74.78260608453913 0
32.90699305924794 148.6222467079422 0
32.28966045498036 151.7244873386851 0
44.09813698741216 206.8962997635863 0
89.1698654487848 44.16728080232897 0
88.48039789695115 47.5822013808686 0
46.97031777269031 134.5432960706191 0
104.149429381751 209.0417733093428 0
91.79321826177707 46.72087847369994 0
91.12317201103079 50.05750446833696 0
220.5389518921874 72.6488934242237 0
222.0782584425375 74.15546498143229 0
221.5568711602313 76.20182364461903 0
223.6440106990879 75.64719200156921 0
223.0952886023871 77.58005932489013 0
224.96797794971 77.03664823404995 0
224.5292037819155 78.84245998405692 0
212.7196504082057 81.31537127443082 0
210.4856550211919 82.06603863714616 0
226.2923330614438 78.32140150571871 0
225.8570487014443 80.07679486089643 0
226.7748148856671 76.5360765991814 0
228.0803861945465 77.82258079870618 0
228.5718337535193 76.01885374939462 0
229.9196967353582 77.32113853241975 0
230.3916850420858 75.49472276731468 0
231.7594260966026 76.82372326995845 0
232.2365275492892 74.97612696176319 0
233.6190728042995 76.33089586370848 0
29.87473143185244 149.6178891833347 0
98.79085301159773 206.0070798030854 0
34.65331909415606 153.8968370082857 0
31.69339693798049 154.792169980007 0
234.1005998956416 74.4557393238259 0
235.5056619111663 75.8310607208544 0
94.53655278312397 49.0888744654338 0
93.78068660097941 52.46837065776133 0
95.2401226347645 206.0285483397527 0
165.6423042195154 142.4134489732217 0
128.0104032595011 129.6170405317685 0
236.0260828142609 73.89109008797804 0
237.4343028384581 75.31578948591348 0
234.5643522885017 72.44762371789223 0
105.9596490043751 212.1676039508417 0
107.7744991795303 209.0108055336108 0
96.98645993081979 202.9300229579844 0
93.40497277987799 202.96001818806 0
33.97755315251554 156.8508946368423 0
31.10938889261607 157.7903670574994 0
97.14155881975626 51.53777448300117 0
96.37254892616093 54.90331199391508 0
26.04702946243289 194.6871820049695 0
173.6661730068828 -36.81588227410239 0
161.9168721278864 112.7264042424805 0
72.56114250369998 129.0101761049856 0
95.16770702378821 199.840728057067 0
91.564524279322 199.877875197975 0
109.6193832126139 212.1882010567384 0
111.4556215093393 208.992570822501 0
236.5892943451679 71.8634020870946 0
235.1298800933876 70.35919793253785 0
201.9257407918311 -40.46552582371254 0
99.70802479254044 53.97475037609597 0
98.89984896280392 57.39770889909087 0
100.5808353862708 50.59297938332745 0
95.48888366757676 58.40082133406817 0
98.06654596128804 60.82165378544944 0
94.68435685605469 61.88725064291028 0
97.24864698223395 64.29365957318704 0
93.97616700585148 65.27169857088508 0
96.42702625168806 67.72781812779854 0
93.21291757558885 68.6984244163457 0
95.55797557172374 71.09915462850867 0
92.23682754447327 72.07570645573639 0
94.70748509092306 74.49031541321014 0
91.32578172883319 75.472343168034 0
93.85799979026268 77.90228617484516 0
90.47484899370218 78.88758463471886 0
93.01793890165011 81.32043300953498 0
89.63752092167707 82.30772083351937 0
33.19472238589914 159.7426290081156 0
30.52477567239947 160.7215352151077 0
30.50554923863173 146.4661993896057 0
98.06370669904473 73.48956611518787 0
92.18248742407354 84.74212593525287 0
27.41221262067701 147.5031303719415 0
28.05758972191073 144.2770434998496 0
24.90142920235725 145.3522985452523 0
25.56324761736916 142.0729109099665 0
93.33437553691392 196.7366419122344 0
89.72095497712223 196.773122934003 0
88.80308511148864 85.72943257590779 0
103.1307595448256 53.01290484830189 0
104.0210439718861 49.59204885085659 0
233.0732105935791 78.1375278395877 0
233.1574426408883 -9.495565139024066 0
113.3416158853756 212.2158496576568 0
115.1958883849095 208.9314521717675 0
32.53319450651313 162.6513249854268 0
29.96531365482147 163.5995685110245 0
212.2923970468021 83.67373743886176 0
209.9728260670035 84.44628058953697 0
91.34901403298066 88.16261106404899 0
94.65390111069706 87.11930158951907 0
237.2001397618724 69.73310862787343 0
235.5589641239594 68.14554088013418 0
22.3812622328908 143.1525443694685 0
23.03375310170527 139.836050143296 0
273.8288036347886 94.82123707462414 0
91.49841591158253 193.6249413282392 0
87.88067383697238 193.6668118513343 0
95.11036680549985 193.5963655111713 0
106.6091150577998 52.04837542741745 0
107.3883781990372 48.63183879779117 0
87.96915255476495 89.15077305400089 0
85.44519737937155 86.8102140912617 0
164.8420725981036 97.49327667344438 0
167.1123711260575 99.502871779887 0
90.51061733117943 91.56602572937172 0
211.8495142373463 86.11549392295842 0
209.4262705767209 86.92272094702609 0
77.62612824660684 149.3945887391382 0
143.6935884060669 92.97851821206298 0
141.3278157095776 90.86079683293498 0
84.5830840482441 90.16804020990529 0
82.0506304966619 87.81330037953894 0
117.1181786527262 212.2385060473914 0
119.0207830121782 208.8805695191155 0
32.09045537744426 165.5247206697493 0
29.42235107991841 166.4309898991618 0
27.28058425458541 164.5496836169318 0
26.73345892280928 167.3696478307886 0
24.56231375737835 165.488705485477 0
24.02160424286589 168.3130920940479 0
21.84417360965931 166.4343157286712 0
81.17952309823914 91.17359256883795 0
78.60813398439763 88.71248189754245 0
19.78730301366372 140.9294088765223 0
20.47558717299378 137.5504291973746 0
169.8716320215856 134.6749327127935 0
80.13190880577956 151.6442694005204 0
76.93432677662746 152.7045853023823 0
237.8294060274217 67.465993530183 0
236.0975064706498 65.79126535060165 0
77.75532027989537 92.16313623607103 0
75.17480722999592 89.68679731439124 0
110.0646873326805 51.04369002967032 0
110.9430885405846 47.53098526744235 0
140.6909329887511 93.99448278710449 0
138.2713259917903 91.8755966808403 0
167.7488143437712 96.56415153101797 0
170.000204536197 98.54869186180507 0
93.28023322242258 190.4829184090428 0
96.89127881970185 190.452157025501 0
74.32463273635068 93.15942197591009 0
71.74298455964075 90.72278469133504 0
211.3705153395826 88.63326331202498 0
208.8594004203241 89.47798396997922 0
-18.24067531028798 78.17416885316842 0
137.6796477970131 95.04231058481295 0
135.1960857547598 92.89857205830987 0
185.8675004588641 54.40833732800285 0
203.5928528158982 60.92324990776498 0
70.87692264402939 94.17183133123309 0
68.29323525686567 91.73276395149706 0
134.5934693173674 96.10903059810632 0
279.2741717716063 75.43025062358984 0
161.2152901816837 231.8773047605346 0
31.5669765793583 168.2909745505642 0
34.20600732860206 167.4194264005351 0
33.67527833056752 170.1206906926134 0
36.28630895032676 169.2494077478783 0
35.66665954099172 172.022026751399 0
38.30142925726751 171.0822873905856 0
37.69815451321384 173.8803773861462 0
40.35441520669295 172.8258232018687 0
95.06270554871065 187.3400488229353 0
98.67690256864043 187.3113140098746 0
147.8864742041341 -15.97282563006596 0
147.1477450630332 -11.72944687579769 0
151.0105323440332 -13.08407927481768 0
150.2395171518351 -9.105934731656333 0
154.0852183332915 -10.26443700145794 0
153.3326988015077 -6.340709921159501 0
157.151036708266 -7.474506904072058 0
156.2802265148412 -3.42825841722356 0
160.1796497469227 -4.670803940480653 0
159.2960672130009 -0.632084408773153 0
163.2195540898339 -1.888468096602566 0
155.3958582006482 0.6198461563790545 0
162.3338099850913 2.13033860463041 0
166.2608231336886 0.8824874283048985 0
165.3830249955829 4.891508087889093 0
169.2991867762425 3.642858624933666 0
168.417544668318 7.648323658762536 0
172.3239338847308 6.408226736724203 0
173.2750488121264 2.193554477626918 0
176.2608081509802 5.127749887754177 0
175.3469247533813 9.148782109861315 0
179.2897881151854 7.927521818865344 0
180.1945834280364 3.928455282838485 0
183.251745950288 6.703529588480691 0
184.1513275228943 2.668199946333843 0
187.2189277778196 5.444012820751965 0
186.3256784900966 9.514431550725476 0
190.2918947157745 8.254788531534402 0
67.42255999943596 95.18962692047171 0
64.83131693520573 92.73318507944504 0
63.96347126614132 96.20114567599128 0
61.3685189084906 93.74553003638906 0
60.4972988812756 97.20637937962007 0
57.90690417115327 94.74276914273079 0
57.0530387389539 98.20796806723571 0
54.4704151362095 95.75331279806167 0
53.67554353046826 99.25368690762896 0
51.05809504601682 96.75074011088783 0
50.3514182348374 100.2793423963881 0
47.66033620490894 97.74570211975059 0
46.89559253483735 101.233683478244 0
44.21268608887189 98.7254736332518 0
45.06154448224989 95.2408818415287 0
41.60072750103637 96.22865034908924 0
42.46922154264227 92.72303817568074 0
39.00075722841741 93.72778915131441 0
38.13162068183082 97.22270334391422 0
35.53964447297342 94.72357057937214 0
36.38214691805834 91.22662273770803 0
32.94449980454058 92.24544153216922 0
32.0964962040709 95.71567540704982 0
29.51202925471355 93.24736390560186 0
28.67331923006682 96.71082163531227 0
30.36238868064871 89.76490038605429 0
26.91144058368732 90.77303644442591 0
27.77074673958104 87.27075582249195 0
24.28852636580005 88.28429270773904 0
189.4208074289266 12.29269210660107 0
170.6250319114822 95.59374681827356 0
172.876341015881 97.58536682245116 0
113.5651552156979 50.05364970591113 0
114.5235887627318 46.53611457572038 0
17.20722129148074 138.6613458346807 0
17.88411020674498 135.259730180244 0
16.53285794519861 142.0422672590181 0
188.1151447851747 1.362704658147379 0
132.0932062134764 93.93265449236787 0
131.4393539435171 97.15201982959084 0
21.29893507308886 169.2808681398751 0
19.08840300475421 167.3797634179456 0
132.7457085931598 90.7147111074367 0
25.16152446791781 84.74128134587059 0
238.4823884849856 65.09734836263519 0
236.5975134341838 63.34481417901642 0
240.2579171363821 66.87269109109241 0
206.8855652644875 87.66817832636018 0
206.2635371411438 90.34101250789962 0
204.2435052235905 88.41182626093773 0
203.6125960414471 91.17499575905671 0
205.6656305317188 93.06334829796188 0
203.0142331120567 93.96687961452176 0
201.5631625462394 89.27403732741294 0
205.1238641173189 95.92395602842672 0
202.3472898193096 96.84733401548745 0
109.9990055984642 -13.4636398874887 0
193.3660911103596 11.05988723495867 0
192.4992711103054 15.09182335163652 0
204.5304922849307 98.87038639829757 0
201.6157019513763 99.7849684818439 0
13.9493357822047 139.7820399149789 0
13.29663443374712 143.1521107054822 0
120.9852341627782 212.2615109976438 0
122.9353926313377 208.8880665463207 0
115.4122364238789 215.9795914993148 0
173.4900475584357 94.62378319989602 0
120.9411496112443 205.4806745546771 0
124.8975917426469 205.4788516189122 0
122.8967776542817 202.075053300732 0
126.697190244658 201.9696783724481 0
124.8343079322297 198.5854295484423 0
244.3042266445285 124.8212806508007 0
240.9127236803503 64.3551283267285 0
242.8740539411838 66.33234167125207 0
96.84668667827538 184.1976550412384 0
100.4666391210085 184.1572329214814 0
117.0720629091467 49.05609015584604 0
117.8774666171573 45.48349188417251 0
116.183874168386 52.58063741561739 0
10.75235453961912 140.9146646398848 0
21.63596583468775 85.75415802146031 0
129.6086077617317 91.76161669360613 0
130.2808589776896 88.501984222251 0
196.3831762247758 13.92211048339627 0
195.5304748253682 17.92069381308316 0
191.4476745419431 18.96994005154279 0
21.17710748923352 134.1562438195641 0
18.57204413387083 131.8475368903201 0
21.87993313656833 130.7419966825645 0
19.26563656859203 128.4263956882245 0
10.06384200332998 144.2710889326458 0
88.50577983389019 72.80805284296169 0
129.2020344691815 198.5939962404035 0
126.8924404202041 195.1071644291276 0
164.5314607937838 8.884495782628093 0
76.90886717723487 95.6184634448167 0
93.24179923156944 184.2290295819677 0
91.85732439087541 7.260361379656288 0
18.54883645298108 170.2946709474696 0
16.29393941318902 168.3457336449751 0
20.78117762861471 89.32705656110737 0
18.10556137067242 86.79170077151673 0
115.3854247146092 42.95995570130886 0
118.7757179225609 41.88206652410079 0
116.1775990342214 39.32576438617272 0
119.7715680721448 38.26086097837171 0
122.1925540311819 41.01573346863709 0
123.3781569518505 37.24810386122879 0
120.6839336773957 34.57825685547115 0
124.3498648728883 33.54642877657025 0
121.5999935491461 30.85678342921895 0
127.1026708872598 36.21217969287022 0
127.9695612879174 32.39458504488731 0
130.7854590015295 35.17152610723156 0
22.51639122004791 82.16766390871759 0
26.08248361961087 81.14987431031155 0
142.6142334432141 134.3466709853572 0
58.89195699645266 91.27944078561828 0
197.412416085408 10.1354868022259 0
17.26829715735673 90.42975570835583 0
199.4587390017871 16.70921905260818 0
198.5670289511988 20.69800651135347 0
128.8896441837929 205.4962579152584 0
131.7286511439831 31.42221182456771 0
134.5059228494093 34.16877983693232 0
203.8904619645309 101.8695921401785 0
200.9299061348166 102.8164316318714 0
206.752225610871 100.9561495295618 0
266.6870888752009 114.27138866462 0
188.5795532359294 68.40416293332663 0
22.58311498826384 127.3185389147537 0
19.96074118440849 124.9936713103172 0
202.4569596832941 19.51871589756325 0
201.6079586788014 23.45030036926283 0
205.4610177125629 22.26721319517553 0
204.5752374070548 25.99742337657312 0
208.4113432772894 24.98588884977733 0
72.63905076666326 87.26876228395675 0
95.01522387203326 181.0988466810821 0
91.43376054973906 181.123927799023 0
16.63237552662426 126.1058803617414 0
149.4914120307156 62.96318066963135 0
59.93237565831498 215.8903110194679 0
163.4783662890823 58.41374857888449 0
130.9342788650014 194.8940816972469 0
128.8547760036263 191.5191173765321 0
183.2495084716417 52.00815366076466 0
127.1112323366657 89.5635873085731 0
127.7930801821107 86.27566761525503 0
39.79064687957171 175.7197539568674 0
42.53355057599664 174.679674703596 0
207.1518967765393 29.02363841772875 0
211.4023145369962 27.6499918160648 0
7.577647619024859 141.9368165312863 0
243.5307726933068 63.60086997124901 0
245.5962065140884 65.7120260516821 0
23.40657885565454 78.53390976298506 0
210.6111396050367 31.38084034929408 0
214.3099303018305 30.2842021470413 0
213.4599310636471 34.14225315935957 0
217.1600467445519 32.94572873233123 0
216.3883289150281 36.71605069901229 0
27.06276174285064 77.49907134379188 0
27.59665568415595 193.2132180657674 0
30.06740209377993 193.7116306847333 0
25.49848756052755 192.5966930364542 0
14.55871634638765 87.85480733574624 0
17.32840333144175 122.6504488975705 0
185.0158101859897 -1.46119948575631 0
188.9942517339687 -2.72245620369273 0
135.4643477543362 30.43419532968605 0
138.2179173523425 33.13774929213831 0
132.5096183537462 27.23793706295473 0
6.814609456955694 145.3849971621373 0
231.9774432607496 119.9659369047482 0
173.0919538452816 149.2958825739219 0
132.8929444469244 191.5318079093216 0
130.8404125566822 187.9777290349987 0
134.9343420688315 195.096535529528 0
171.0869284661545 65.65889888716282 0
15.74945071095236 171.3130684403388 0
13.44858140999686 169.3220892525009 0
15.64106751463001 41.0996448147022 0
203.2463642860778 104.9317702452165 0
200.2433990016625 105.8959847828406 0
113.1581224458779 255.1588049163566 0
93.19173989957179 178.0136470529086 0
89.63214913333789 178.0382491914685 0
146.4697290857683 256.0689277925699 0
206.631929078091 18.63976471626383 0
86.10443678093957 196.7970970513322 0
84.26615748985812 193.7128028807737 0
219.9969625493991 35.55630389600428 0
219.1763647736649 39.25860098782524 0
13.96784752227909 123.7751798149217 0
13.73289998445112 91.52686370417041 0
124.6115641218837 87.32661682160531 0
123.9391711651745 90.65686399755343 0
125.2866136517226 84.02841910939577 0
133.9571449988997 99.33984818554359 0
130.7838085680337 100.3917931743098 0
119.668682636832 51.58616339118385 0
41.91731053079727 177.6628711400573 0
44.75752655592915 176.7026316726299 0
45.31412478133412 173.7016488229872 0
47.59712734588071 175.7432485484068 0
48.14518477097134 172.7006177169662 0
50.47346708992841 174.7706647387276 0
51.02719785957086 171.6795695927472 0
53.39305774576978 173.7735573670573 0
52.79439983602099 176.8506584484691 0
55.790825852694 175.8333893217121 0
55.16248685151884 178.9933941305065 0
58.23877503256922 177.9376463132486 0
57.5924524891973 181.1573117729311 0
53.97456930462697 170.7240900302651 0
88.52971157120356 218.1606620652313 0
23.28704832735575 123.8862139242669 0
162.7006688568586 217.8666385763336 0
69.92980063520737 126.6777007410774 0
73.26994177486787 125.5577386395199 0
134.8869160841554 188.0494925016053 0
132.8422552183866 184.4935488683923 0
4.261520629196028 142.9986169483738 0
27.05870892890481 191.0443873125369 0
24.90747151731985 190.4043888511627 0
246.3528126642285 62.88764213385718 0
244.2166745155423 60.76521906464568 0
248.375172953133 65.02571124812187 0
199.5359801902426 97.82704038330517 0
24.31871340189402 74.84660921427221 0
171.2100686826942 92.63998099039365 0
174.1233536919418 91.64983828797696 0
222.7886217762959 38.11884605995601 0
247.6118085792818 67.83473729442125 0
250.4103831596474 67.14950557023764 0
249.589796894638 69.90393108212112 0
185.95321979449 -5.564277675035868 0
189.8855355986458 -6.793393735116254 0
136.9124815506376 184.5097673244329 0
134.8512747510806 180.9845321656073 0
130.8072331076652 180.9981367737163 0
132.7948383092133 177.5250136164312 0
136.821708815128 177.4675852738096 0
128.7903268195346 177.5720142448135 0
134.7805575631416 174.0228448484798 0
138.779452629987 173.9603918000251 0
136.7510449646938 170.5252936251676 0
140.7134992273596 170.4712052163334 0
234.035015186165 64.12342219762894 0
234.6717430839634 61.48685718718268 0
232.0605779900346 62.28560351884714 0
118.7825780937784 55.0943661343653 0
60.69933910764281 180.0984001121702 0
60.23449652830777 183.32561824917 0
61.33071655255921 176.8669741363964 0
139.1806979095911 29.41436845286925 0
141.9320844832289 32.1116652969768 0
172.2059900817142 100.6138671084834 0
28.03099591504741 73.79609098190565 0
175.1275894530616 99.599109020323 0
174.4581450348628 102.6357936669368 0
82.50063482489256 196.8294602196637 0
186.6714768895418 50.91123039709594 0
183.9920988881452 48.4968041060929 0
11.02521715971271 88.93762615241181 0
133.7147752063999 37.72335378321398 0
202.5934741891235 108.0320374377402 0
199.5399512623129 109.0177723154348 0
97.46049762355716 234.4203304234585 0
14.67705727739249 120.2806919630614 0
11.27907449651045 121.4187753558045 0
56.37576646551948 101.7819824685953 0
85.24960181066588 48.74172857285012 0
138.8163803086422 167.1432873704703 0
142.6361894650045 167.011378817246 0
134.8278654176997 167.5652225660699 0
161.0663223092677 -8.694705607399356 0
133.2879941683862 102.5840850827062 0
130.1209670178897 103.650788365243 0
252.4066594508182 69.25578319996038 0
251.5857322782281 71.99554539575968 0
91.37605730602988 174.9217198336461 0
94.9400072789628 174.9070052677138 0
87.82707059143311 174.9572594622984 0
3.510694371495191 146.5577656438027 0
122.0878084735984 85.10234685088751 0
57.99567609563026 140.2767759965159 0
122.2614484273105 54.10860332264365 0
12.8973202701889 172.3031371621242 0
10.56529094632663 170.3135076516514 0
26.57024521860562 188.8123268429113 0
11.8829517451196 85.35234230422242 0
122.7948928866897 81.86239916410405 0
203.6399328523622 71.1131215979627 0
171.8107752670755 89.63259621065045 0
174.7571931610942 88.65046806052469 0
253.395498821253 66.49851842907344 0
10.14843356085792 92.58135799190832 0
8.377969909082964 86.35903390007425 0
9.22365320955133 82.81575322833545 0
66.54967653369627 98.69111976947966 0
140.6874610334542 163.6866763703186 0
144.4613338200173 163.5777069041293 0
213.7440570653976 87.87856104702749 0
273.9541228106017 91.6130990651115 0
270.9381806865317 93.57391108865399 0
270.9369076917676 90.40183900555289 0
268.2366620488481 92.15307337478698 0
268.0008606826806 89.20857378081315 0
265.5849391289387 90.83948414545117 0
104.8621490179422 46.02207544722 0
186.8544275302176 -9.58433019739239 0
190.7829594820207 -10.85932431926133 0
193.8665541905888 -8.04983276179729 0
44.16324106727363 179.6099681022749 0
56.95456484042269 184.3968717676368 0
59.56576309614294 186.6142207858349 0
150.3635463773642 59.31770973255961 0
25.23816384710561 71.10015977685536 0
177.0346829887863 90.70167870801458 0
177.3324766108021 -36.9134456563547 0
194.7594422381861 -12.15344310197146 0
197.8667707946319 -9.321031342964758 0
247.1933408925548 60.01160996453956 0
244.927722346047 57.78542053041457 0
209.7705722329406 35.30190536632902 0
232.7353145955743 59.51930147906329 0
230.0044060618782 60.3846578922027 0
63.83071271109743 179.027405666154 0
64.46804986431134 175.763102688471 0
152.7678714118651 115.5196447709604 0
24.29812500208136 188.094865241611 0
0.969706572385391 144.2281667325702 0
1.602612575398283 140.5971993932005 0
142.8227736872537 256.9212262723333 0
144.0704411848749 253.2313198528353 0
251.7899248505832 32.25869230117426 0
177.4002762337795 101.6174079295727 0
176.7824437676208 104.612631555169 0
265.3359882477589 87.99530725688012 0
263.0891202429041 89.64694379369891 0
254.3888303322789 71.36601514645712 0
263.3227881182154 92.32046685860325 0
260.9271971203045 91.18141489615233 0
261.1437157888907 93.71402646833511 0
258.9285316811393 92.66666355678947 0
259.118843439524 95.05800345226643 0
257.05008263785 94.02951394996128 0
257.1899181567991 96.35473925203428 0
256.775644586302 91.87096215768521 0
255.0703650748422 93.0871961011031 0
254.864730055634 91.07837317994073 0
253.26081660826 92.21775232902094 0
253.0638873963301 90.27444125987763 0
254.6478952918712 89.0992712328496 0
252.8308371816325 88.35325031424554 0
251.340332559566 89.52063367811841 0
251.0942425889423 87.65753969184232 0
249.6578352018055 88.77868311406313 0
249.3888350270773 87.03963886589908 0
248.03447727477 88.06745684894904 0
247.7639085881134 86.41597577697578 0
246.466864843234 87.39076534755642 0
246.2226507382645 85.74550694332552 0
244.9529471588203 86.72677643874781 0
198.7702408228009 -13.48000699494645 0
168.9448433368358 198.3446146472508 0
142.8981147821399 28.37991100640716 0
145.6444197267694 31.08769247745332 0
201.9316853022929 111.1997830403387 0
198.8337977673588 112.182685402279 0
204.8627205114356 110.1667434141195 0
-15.22047392513197 174.7940768628505 0
175.5739482422272 -33.66288795828095 0
179.3097721007408 -33.78545354844681 0
125.9508667524599 81.06035740567886 0
93.12107332743652 171.8078393583381 0
96.69599068558975 171.7984426401486 0
177.6849008194691 87.69992044889102 0
223.6231588185338 34.41630327045091 0
28.98386576070949 70.05854182596418 0
31.77477524087284 72.76188980727407 0
26.03258841826782 186.4624628641729 0
201.9396486871136 -10.5845500577616 0
19.65246987087538 164.5140471779809 0
190.9634923747188 70.66849194817088 0
187.4724876086136 47.38068208666886 0
184.7542812370779 44.92269759522753 0
22.57663655168622 189.8381859829511 0
-4.500284533341826 187.5079732795941 0
215.3068985737815 26.51178329100306 0
132.6397296196482 105.8550812986785 0
129.4590022927931 106.9292168605775 0
126.9411151912733 104.7126558903483 0
126.2717972573617 108.0097912703687 0
123.7392646751858 105.776307660521 0
123.0683221723126 109.0953634151571 0
120.5213474331342 106.8512349878425 0
119.8455421499635 110.187929886466 0
117.2850717357615 107.9315505346588 0
38.84130088954753 168.2738422029868 0
70.62427939019724 123.2191766097708 0
73.97312826950144 122.0987494137202 0
11.99323382609593 117.8845215011843 0
8.556408878909593 119.0452475963761 0
146.8083182311113 60.37313998760953 0
228.0975741461727 118.6241726338689 0
230.7027295268522 116.2390381296267 0
227.4977631063394 114.8697799368199 0
230.0665022996845 112.7095447770825 0
227.1344543868203 111.4243430111558 0
229.5743602646592 109.53053878247 0
232.3226881528544 110.5423142665557 0
231.6949894699263 107.7237133738945 0
234.2663481581883 108.5511215001211 0
229.2033657535313 106.7940173255909 0
231.1312931688933 105.1400832698887 0
228.8227008617882 104.2474501654592 0
230.6532506158242 102.7116385505914 0
228.4672880940856 101.8839068589139 0
230.2808143369934 100.4982978989663 0
232.2395275596135 101.2201255223653 0
231.8753427048164 99.15541144319873 0
230.0264125772171 98.45864383102719 0
231.5451705145825 97.23730854359316 0
229.7736790315602 96.54250416803627 0
231.2824482687351 95.37938027231314 0
229.4683968566422 94.74183925005349 0
230.8029450522591 93.38672603965811 0
227.9649921113038 95.86935165658296 0
227.7075475305292 93.91210169812727 0
226.0935929822184 95.15184250345565 0
233.5731287465265 99.60229421971385 0
226.572071001824 103.4005671936225 0
232.6480690931339 94.19052924024882 0
232.4106465807715 92.48640661175735 0
233.9275837738681 93.15176679603253 0
233.7065098369083 91.5452722316429 0
232.2798144169626 90.87166271684322 0
233.5323082320084 89.9385531656753 0
234.9397934449453 90.58910149808534 0
234.7630084250592 89.05716631766221 0
233.3924145642282 88.40609186990793 0
254.4153424714121 87.08153907292258 0
174.2588634757285 168.1863668044569 0
116.6079181595795 111.2837689085348 0
114.0351073062091 109.017312780971 0
114.718702254213 105.6568047891957 0
111.4589983224219 106.7419177585652 0
110.7704613851142 110.1130740379472 0
108.183786476998 107.8371377932901 0
107.4902380922872 111.2194756210625 0
104.8937865400828 108.931074465226 0
104.1855392287871 112.2892813133559 0
101.5905330995816 110.0208259460848 0
100.8816533813328 113.3922531104153 0
98.2809211649286 111.1204684594864 0
97.58513958593679 114.545819131015 0
94.96633491569705 112.2325151157912 0
112.1471922833203 103.3720367124859 0
53.16385560527887 55.3301593835937 0
55.08387146433061 58.70942408078901 0
58.97227618611194 58.75263351051497 0
56.99643247726686 62.07286806202544 0
60.83792090369924 62.1213663068886 0
177.6354010112806 141.1444450770268 0
142.6460450042194 160.3563018985611 0
146.3141889804089 160.2109736181514 0
248.0770678689001 56.99412196475706 0
245.6824353244649 54.6596209214714 0
119.5457656435103 82.86915768634654 0
120.5238144834238 79.22450761458364 0
-1.781189207522615 141.8159627031419 0
-1.192780792269659 138.2183703997418 0
179.9591812097219 89.75838972752152 0
11.14473510886403 167.288630973665 0
8.195194475646858 168.2962383041178 0
244.6549979044312 85.10017323038227 0
58.88508212485974 65.41207218860704 0
62.72907914569878 65.43630185955034 0
140.3022787474543 253.8838185426835 0
141.5740269645147 250.1936561567865 0
26.37186837354484 67.23241198697293 0
22.41133577959319 68.37772826351042 0
146.789640231233 167.2290828908878 0
234.6507282713254 87.5586206523718 0
0.3533333697472614 147.7510343006549 0
94.2695508108521 115.6653898538968 0
226.4493546111202 37.03598180901252 0
172.4742334285326 86.57338172152515 0
15.39526636277638 116.7767189010304 0
28.3297295320974 187.1703185520454 0
102.3062178475141 187.3050738303094 0
104.1180981870142 184.1007727274791 0
248.2768399820626 89.72232652268923 0
100.7380450146992 63.39141399849138 0
201.3019379119362 114.4239857790237 0
198.0257555598351 115.4539991026917 0
144.6812402735205 34.8144233248855 0
148.3879725120163 33.78525190233704 0
149.3547561904301 30.06688987823945 0
152.0839055657899 32.77404705169516 0
91.64569899460881 113.3472223066285 0
151.0536132405183 99.42142349023842 0
40.14240346396993 45.42774194089249 0
76.71607574492404 124.5175612718959 0
227.3206678638246 33.25015661581246 0
179.7114271823241 103.6387997704866 0
179.0865889437215 106.6690151348506 0
25.88968559148257 126.150766179926 0
26.61294395527598 122.7664323109864 0
21.89402586272436 187.3612537554704 0
20.03471536078975 189.2527254895961 0
202.8342131657356 -14.80900096426566 0
64.65149687716641 62.17273011662867 0
80.67320995371645 193.765322951929 0
78.91448210331079 196.8776862385009 0
230.6969596132128 57.53155008433231 0
227.8826863190259 58.38034665313805 0
66.53719459426699 65.46538984764427 0
9.281161828453349 115.463728215344 0
5.800652015343658 116.6426306499879 0
66.98729639701557 177.9557888603871 0
67.61983160054436 174.6773251226621 0
121.3792622483077 57.60413537178701 0
55.07136255910035 65.05487856704697 0
225.7611556221162 93.19720264810844 0
224.1378853083381 94.40838773736935 0
137.6668265685767 250.8480729905788 0
138.9357914866924 247.0814665103341 0
188.2443354583936 43.81768798368208 0
185.5005518773038 41.34825457265366 0
181.9868303807064 42.45291452498616 0
182.7391113531006 38.82304367703085 0
179.183226367315 39.95107000576577 0
179.9788424176165 36.26477405203384 0
190.961360715607 46.28223322969158 0
176.37518721845 37.41853267071168 0
177.1714040313103 33.70527441485015 0
236.1124141679525 89.65709146127649 0
90.48800782399312 40.67784220460111 0
94.8794681863385 168.7193665075129 0
98.44915057842468 168.6937198899749 0
246.0295089552737 84.07012084766849 0
195.6172814226345 -16.28384762766387 0
79.44645138166226 154.9621896118874 0
135.0550455952333 247.6980192443378 0
136.2692866761999 243.9426400373279 0
132.377085329236 244.5647320869734 0
133.6371267223483 240.7647845589169 0
129.418230000249 241.5968616806637 0
130.9521497855646 237.6537438028156 0
134.9981175155713 236.8980339226227 0
126.6445112713789 238.4176067083196 0
180.6110536908705 86.75736039065788 0
182.8816546387349 88.81502136337228 0
224.5440455655443 117.1265252755336 0
76.22496301995787 156.0170877040668 0
73.7023541066237 153.7542952029785 0
213.3294697048565 90.3490207158453 0
151.1153126044028 36.47449337500242 0
32.7839204922761 69.15197691196363 0
224.1912492952876 80.60533494985177 0
5.68813124748975 83.81552018975604 0
6.550215393411335 80.20843834501345 0
131.9779698747012 109.138998959432 0
121.0150423115667 270.3914675608615 0
177.5561589612921 -30.47689825901355 0
124.8477129553346 56.62389955499506 0
56.24069717338811 187.6876722303834 0
58.78340922863151 189.951544364712 0
9.365040247754663 147.6176090726068 0
132.4200033348046 233.6989861057261 0
136.4197561447247 232.9934420757874 0
225.4859058661013 81.81986592565968 0
206.0282940248731 -11.90067006875928 0
51.56227853595045 168.6188510790956 0
54.55310754293068 167.6479869733271 0
144.4317389416003 156.9798350476729 0
140.3636346158641 157.1736846838802 0
148.1829527466765 156.9084627714941 0
57.49681583248692 213.3939985145898 0
60.97910840168001 212.4478666627084 0
28.70052220031359 141.0451534286684 0
228.9020262012509 74.19167510540973 0
71.32341120950647 119.7571436999353 0
27.79616884386941 184.814315559535 0
233.2629936686553 86.88955755790951 0
147.6744723153688 56.87110248036003 0
272.2735885380838 50.69793452201024 0
60.82896305414707 68.68980681832548 0
157.1800569043533 135.6382175584957 0
6.536278317945701 113.0221046462905 0
3.026400750363749 114.1964319941602 0
2.296391006861526 117.8430780284359 0
153.0712258335624 29.05364311314689 0
200.6314600655989 117.7533303410427 0
197.294605825662 118.8066932143169 0
245.1214163357628 88.5107018770462 0
-4.755945359402986 139.3991235594683 0
202.1957203310843 86.48687380370068 0
35.53049522715195 71.75034260202149 0
3.79857827281711 110.6472775623704 0
199.4947401202347 87.36875854343045 0
29.21646478984216 125.0331663639233 0
29.9424439480143 121.6544264930158 0
90.99909643583311 63.14061131895551 0
123.9687246305712 60.10839679557492 0
120.4615901956969 61.07731420765504 0
80.768144466636 199.9347129862728 0
117.0578438287702 80.60030311766937 0
116.3091799469934 83.93660873892949 0
156.6158764633474 77.29013872055967 0
23.38034058587807 64.5037245679423 0
19.46638051760019 65.63807045676585 0
259.3717622242837 97.42570412317239 0
257.2326378713333 98.84497029583856 0
12.88875224055201 95.22017922652124 0
158.9527892321575 -33.00335339410304 0
72.99686376836401 157.0476337712363 0
70.47884991309934 154.8148958596522 0
75.71418490892714 159.8253922077578 0
135.1597208217959 108.0535490333764 0
223.0682647963442 -28.43528985538137 0
244.3600740070246 83.41704357523537 0
105.975066825568 187.2991630569591 0
107.8089709469671 184.0527522717456 0
68.4310757476418 62.23777501721668 0
58.35965263140254 209.899120960712 0
61.86318633390204 208.9100763111389 0
64.47471348691903 211.4341412012673 0
-4.044343009570113 135.7564296449958 0
169.4736580752418 87.58704607934945 0
170.1527024275109 84.46935935031767 0
154.7937595270131 35.4726334014462 0
133.8001309156543 229.7647674991173 0
137.8377557949031 229.0721739529927 0
248.9235321980402 53.79875920041356 0
246.5238871660478 51.42478272796816 0
8.795701095970415 165.2133421508683 0
5.778918120067402 166.235396535279 0
194.713146194858 116.4670593768479 0
193.9606669525199 119.841672644073 0
200.1219221601365 84.61176088946742 0
153.8247355714441 39.15367081137812 0
102.2958672765053 106.6279958417034 0
-19.48237335437246 68.53362359677558 0
234.5527266413588 86.02838103367368 0
19.30377672067478 186.5869665552278 0
17.28287814005488 188.6141333904743 0
183.5334334581897 85.81951088517057 0
181.2551014334943 83.75258621514611 0
96.89471977769865 117.984804269796 0
5.199288621828231 169.4085953194651 0
2.706711993174309 167.3088765187067 0
223.7766270226644 82.35356308319598 0
223.8324241319274 92.30535076892752 0
86.08890940745431 178.0464789418732 0
240.73169553509 13.87678109643733 0
236.2414367890889 12.85166364190275 0
93.57444525475138 119.1006424480739 0
182.0408208355208 105.6828486205711 0
181.4216104015249 108.7655093517222 0
178.4184783131057 109.7496677560734 0
230.1905367086042 35.93232587851821 0
191.7476668334904 42.72724685070486 0
194.4941673555215 45.29338542902124 0
74.71196945757089 118.6572032921451 0
69.78162383544084 158.0851626571317 0
67.28935097181714 155.8442711736943 0
228.5860302318366 55.48039468342316 0
225.680864930037 56.35650672386264 0
138.8899535604663 257.6596966859473 0
30.13824003360342 185.5156044257312 0
180.7824018155934 111.8849357255189 0
177.7144216302837 112.8954743953773 0
180.1321079615199 115.0643151509819 0
177.024102996084 116.0811293786469 0
179.4740129196466 118.2816435844079 0
218.8519023661677 71.13886535676787 0
178.1172690502054 -70.84961329629823 0
61.9701109053834 188.8522667548833 0
82.67082471649569 153.8985538751927 0
245.8216108771399 82.31842252279218 0
146.6589417020406 -7.161885902480435 0
24.04481606984017 148.6415718294701 0
243.1470945769478 86.13897001167852 0
231.3502908510044 54.83281715217226 0
127.4250827295199 59.12898985072869 0
194.3194871229286 139.1527729319935 0
128.3703215502307 55.78719080226335 0
70.27594821469796 65.50798429447289 0
-0.5031710502073423 115.3853417474095 0
32.56291447410329 123.9861029587765 0
33.27701552604567 120.5567004261543 0
30.65141355643853 118.2246274044596 0
33.98980259051008 117.1141326763531 0
36.61826955049182 119.4535320998031 0
143.0107138122779 246.6587853208848 0
89.54884920243968 136.016303838316 0
146.2783722260193 153.6941350242926 0
96.63572182415592 165.628306708675 0
100.2036057281626 165.5879747422562 0
102.0250691642219 168.6677478564657 0
103.7809631422592 165.5431373718242 0
105.6190108289873 168.5904744525244 0
107.3978733602917 165.4692702186611 0
109.2363661858057 168.6106855506198 0
111.0305851837051 165.4402643474125 0
109.164166061447 162.3126306156338 0
112.817634615746 162.2471851159634 0
221.1030266468065 70.43577893126906 0
219.2915731031388 68.82634426206485 0
205.1201243179513 -7.668385190997867 0
209.2321839972822 -8.984521630684512 0
208.3031876302111 -4.732484285827297 0
2.960655234459054 81.26543056770127 0
3.828457197954606 77.56337575083113 0
2.279808625889075 85.09110838647646 0
119.1788527335566 113.5455416832169 0
134.5161898175602 111.3438832000176 0
182.6559311104311 102.6430083149115 0
92.34446417538544 109.9103863972974 0
89.01710310645788 111.023882283069 0
106.6988112475387 114.5389591606102 0
126.5486495372122 62.60118167066943 0
181.3314767443124 -30.61701088574161 0
36.54718724549552 68.11532266158409 0
103.4519087873785 252.7781736318717 0
20.77879624305596 172.1848558341117 0
2.125033060872184 170.5791276091273 0
183.3094651082804 -8.284806592874176 0
84.30722794914982 175.0120218143837 0
-17.11584023649941 157.29159555974 0
-15.17339354719918 160.5474244704877 0
113.8769833243638 81.68545739398095 0
113.074978676609 85.03097084457742 0
114.952163146474 78.26539690670964 0
97.2914581130822 220.875904791923 0
55.49303567590374 191.0290109864346 0
31.35838269789902 114.7733490021953 0
135.3669722254373 225.9663442034737 0
139.2802026907644 225.1678523151654 0
52.11575707218937 165.5559918692265 0
150.0032549696086 153.6351017691481 0
151.9362635153107 156.8254652932042 0
72.17942574925748 62.29206174354301 0
36.23655191650856 159.5259477452378 0
43.70541103828566 135.6497949363703 0
72.09598378397956 116.334766217927 0
68.6800236042636 117.4220506917801 0
33.02448326550693 172.9088028767917 0
176.3109697804637 119.3096625305883 0
178.8046521995988 121.5359810405959 0
199.8782980803573 121.1825080152491 0
203.2704461760827 120.0894182216041 0
50.3249393455706 148.6798011948822 0
157.4889313682038 38.15639854049418 0
109.5844882307271 205.8284657509864 0
151.146899625326 55.73472555789564 0
96.20137427461083 121.4206394651924 0
183.0964257667762 -33.99563267941323 0
140.5192318969428 232.3427061598266 0
16.48855621909702 185.7458090773591 0
14.33657999480847 187.9211620204733 0
253.5876445374874 74.09610582730735 0
256.4124515697961 73.45846582447626 0
-1.231793764947597 119.0543632201592 0
3.359720902715907 164.1664229321704 0
-0.4371350168157875 168.4047250462559 0
181.9317630429604 -47.2102406192231 0
231.0847727475043 32.0578338569386 0
20.43454157637559 61.70155655443739 0
16.65829204055963 62.67450310709607 0
24.33783676256664 60.5958543175602 0
37.33165122224759 116.0057526184848 0
39.96179255261697 118.3465675086053 0
114.6926495107909 165.4031322901804 0
116.489753600522 162.1818532920217 0
-7.626343590700642 136.9809684266746 0
82.52689979054773 178.1137181704604 0
233.1327379535038 85.34145652400625 0
231.8355260177189 86.23163858207498 0
-18.30639051773609 111.6373056310111 0
212.4578854876978 -6.059859820503632 0
211.5205438936654 -1.787040225405434 0
67.96834138749249 152.5674286450721 0
109.5411098876552 187.1870630231215 0
-14.70497907406293 91.52283254818853 0
179.5509015934142 -27.26394892541572 0
175.7321029008207 -27.1262578132114 0
61.32809635749476 192.1995064196243 0
144.3147220049786 123.8601840414523 0
10.62547489803735 124.8898925769145 0
129.9521318300297 61.66421454443924 0
129.1084728733105 65.09721011273737 0
-8.618290597055662 140.370218500796 0
111.3597842405179 183.9231338448334 0
131.8615017574001 226.3253407288699 0
259.61812495829 99.96942079158883 0
257.3313135357301 101.4259029418252 0
254.7785992549609 99.92628548167491 0
255.0461923186415 102.722332794278 0
252.7754946484367 101.5689473743839 0
252.8967604784611 104.0628309641427 0
250.7858786284807 102.8479657877549 0
250.785868867073 105.2928642647298 0
250.8132426075627 100.3081072793379 0
248.9128081627254 101.6407489688581 0
248.8153233514642 99.71068490852366 0
247.2267080749261 100.6731368640314 0
252.9945576445649 106.6198099010775 0
250.7151130000227 107.9846182871597 0
253.2279365409445 109.3879329655076 0
246.968549916248 98.86788004458109 0
245.623086630273 99.85475461533977 0
245.6526478293544 101.5766697653054 0
244.0214181701633 100.384173270966 0
244.0520866196391 102.440216632924 0
242.4771196319352 101.4605043842462 0
252.6538669641268 127.1229622133499 0
65.27384590484658 207.9980892116261 0
68.03176769331688 210.4444920101914 0
197.4151409404152 85.45765317447112 0
148.0974849662445 150.4358668052513 0
244.0956089695273 81.65452455980639 0
13.51043503377845 184.887433848017 0
228.1965363123863 29.66613228111093 0
225.1173467425781 83.5982338429593 0
223.3351952176752 84.17683961271443 0
198.0521722424901 82.69624506690467 0
185.1499509085421 -30.76268173953939 0
180.4743119381119 -54.23319892167967 0
137.6844428518711 110.2564984871839 0
39.29446538189021 70.72338785442926 0
184.98978876299 104.6665205346408 0
185.6236767510722 101.6679340607936 0
242.4040399486474 103.411254565325 0
196.774566017555 88.24277489038506 0
148.4195521944033 53.28951971924075 0
128.4416269254502 -12.47594861598547 0
130.1637984167601 -8.642671712653311 0
251.3320326145874 56.21332713658486 0
252.2388016378949 52.87741507494667 0
254.7265132001173 55.40234987735823 0
110.9419839001582 159.1304258767926 0
89.7177561942234 107.5822462989907 0
86.38361353299396 108.6973765978682 0
267.6547688865092 86.28706761039365 0
265.0624654198747 85.17789076778919 0
110.959517642766 82.68296514959077 0
109.9822289036413 86.12716368443556 0
245.5383502488203 80.44815069612741 0
247.3751499185107 81.1843523431773 0
126.0142481865706 -9.070511527309861 0
127.7045884978155 -5.294200969496814 0
123.5990783384484 -5.758562723117933 0
125.2660675527332 -1.996309063371399 0
121.1757793200026 -2.465727557054862 0
122.6965006553073 1.185953976563042 0
126.7749762465721 2.436803897305467 0
118.7307655902012 0.803003561555542 0
120.2433438255864 4.462826687234809 0
116.2849259524458 4.085138771759432 0
117.9227236473345 7.851687646380213 0
113.9979957301381 7.505734066277313 0
115.4862241621912 11.17149413521707 0
112.082434920719 3.720046789328109 0
119.2413742906103 11.78174599109734 0
111.5624637194128 10.84242655878015 0
113.0363568725006 14.51128645867195 0
108.9518699781195 14.07706243718107 0
110.5928679530242 17.87873897073554 0
201.3638485660985 58.88468099953239 0
204.3011668833399 57.95085375201624 0
-13.8920229104087 87.91745937601129 0
38.29844015041736 74.44099142817771 0
42.01650650552433 73.41519969064822 0
226.4038305109664 53.37026007186997 0
223.464693980379 54.26637015817737 0
55.14099892346889 164.5494248566563 0
223.7257609957484 -23.87195596707151 0
219.6334366977865 -25.61385586961241 0
64.77644450555103 153.5970844639881 0
183.555763907815 35.17530809754938 0
144.9411322588858 54.41726905424029 0
200.8318771817251 27.38982880028014 0
236.3173247052214 91.09268224251414 0
237.4209591266897 90.1990485128877 0
237.6258606484307 91.51707770839778 0
238.5962310332322 90.70492529329658 0
238.7995840144159 91.92982338720343 0
239.6500075979089 91.13354878104708 0
237.86316488017 92.68287956870287 0
93.07726968575221 165.6651458658859 0
215.6947700543129 -3.120864034197581 0
214.7658170179582 1.169917015907046 0
218.9509997412868 -0.1702557663694648 0
218.0209347792826 4.139471295876405 0
94.82517054414458 162.5815721010501 0
42.16713477316327 49.24937458057811 0
238.9644298706478 93.07841077652941 0
238.0970190689901 93.79691517115089 0
239.1240881496093 94.18587363301415 0
238.288867768907 94.8800220396335 0
239.3180497500379 95.26863761717647 0
238.4636136408487 95.97774666301295 0
164.5410426097432 68.00757980970101 0
118.9407791601422 261.159035782141 0
0.1854050078368061 78.59942519243438 0
1.036975264660981 74.82101655276804 0
184.1921767284 82.81868155165313 0
181.905574876496 80.73590975296599 0
-6.908719651015659 133.2710025675944 0
160.1699664619773 122.0996253606921 0
77.10292079189846 193.8169569778726 0
238.4987400621775 89.3864423445721 0
215.6540098087839 40.38612069374258 0
167.1221211068725 85.48357690154188 0
156.5229274747145 41.81407264848223 0
160.1653292590032 40.82506537859787 0
161.1436917018339 37.17159176280992 0
236.9552417453253 77.19213507715529 0
167.7800733462154 82.34384455526785 0
231.6976358553616 84.64794780606239 0
222.7653357898393 57.26046907273421 0
220.538765516062 55.20199509455954 0
73.99309601618742 65.54974059695763 0
72.11141936191187 68.7434361386039 0
75.89994489182479 62.35217297446619 0
41.27367832171514 180.5483622383314 0
43.49853308014865 182.5757366479635 0
177.8657906025215 63.08798662710802 0
136.5376073522575 221.9696293386629 0
140.7044787984255 221.2283573812733 0
112.4048881308746 88.40257902829458 0
109.1898805131104 89.43426339514964 0
-1.043829423492454 171.7251289378792 0
1.562166652769065 173.9064505581696 0
250.6763760632248 110.8833818957848 0
253.280211596292 112.4412513023903 0
80.21316833762415 224.73421399145 0
234.4282346010978 84.45211861653716 0
235.8673263334899 85.15978933276153 0
234.9855567494245 111.1468651013026 0
132.5001744620464 64.15981468782292 0
131.6747800245624 67.56873134508103 0
217.631061592863 77.36556846466459 0
233.9798269512499 34.78880742450564 0
233.0773498825173 38.63783523863893 0
248.5688624458364 98.03161276853139 0
247.1607640303379 97.27309484678032 0
-13.55152939817908 156.8920816974196 0
234.9274491364999 31.08986948862504 0
200.7416429519799 81.86332092711334 0
279.6155432668667 66.77201991704653 0
31.64475510176722 127.8882315166523 0
221.6259117869475 68.12252327092413 0
153.7616083757651 153.5589948997811 0
155.7180850845332 156.789858582573 0
202.5162530722425 123.5952918019817 0
205.9154973270201 122.4626571617347 0
140.6280056578601 269.0799584661546 0
-4.448526213633798 52.0940870855336 0
185.4436746440244 13.50127950835774 0
115.3074109951361 56.0834131966459 0
267.3691498366326 83.28294447589791 0
144.4024853873362 150.4922356733173 0
-11.23664432527325 90.37720904079792 0
219.8874210054917 58.01179264279384 0
217.632474470754 56.08934039941118 0
118.3784137641029 165.2432571899956 0
120.1762151765441 162.1057693364173 0
74.08656602502447 59.09973130226589 0
23.42536508323617 36.68960290882321 0
142.734408851808 173.9320284285542 0
107.3265304223596 159.1896648735382 0
109.0781475541813 156.0460031357831 0
112.0476766241887 131.7082881957361 0
43.37418110724293 102.2105507089965 0
46.04512313068433 104.6950077622044 0
118.2803856041797 158.9528635992021 0
121.9634114707104 158.8893698078736 0
164.6114190338837 130.2172284776998 0
167.5399468847351 11.62066315798378 0
163.6576629672858 12.7310986253319 0
166.7139995117714 15.33326202358244 0
138.3353421509917 106.9828973033159 0
145.687131619323 50.83262000221174 0
121.4054131454031 131.7658814122584 0
134.6213021673255 127.4464541481563 0
69.38749851165224 113.9514282334237 0
66.01576931125969 115.0722181937517 0
72.91242755230465 112.9735683328318 0
135.6919921965541 136.3592108955476 0
146.2568926424653 80.09954626734488 0
131.8388911152695 -4.821135259717522 0
210.248530969472 -39.36292886382969 0
81.98340627011838 157.2411161594266 0
40.26279128299181 66.91587673259463 0
65.90174071978169 89.2514779053824 0
88.31879338511752 114.4646199380196 0
98.73277721046733 199.8284957561287 0
162.8705890618249 106.340809231794 0
91.78852027091939 212.170974842374 0
209.0012638287926 78.08211570568608 0
64.48320525319099 138.0909552928343 0
52.73509174099061 162.5019639340037 0
49.6898339612365 163.5019376302218 0
31.24548359290779 99.17514412175341 0
27.87185597049702 100.1258876251073 0
131.3724195434466 112.442835907492 0
86.9201680351278 80.12079099792641 0
122.3884593664596 140.9733013789287 0
246.346756859166 70.4854057027363 0
154.9369076548785 -14.57227233531002 0
166.9819885626007 -2.970970369542897 0
9.998275144221523 112.1462258198882 0
150.3325337658895 26.33376848992037 0
116.4789386459061 168.2814011516426 0
255.5944384539093 76.21553094547723 0
125.6031459257839 66.05566743770542 0
198.6922094499603 79.94320957825036 0
130.9948761169106 85.51346732673973 0
79.73803243576164 85.05391354670699 0
154.4065597957995 109.3828364076878 0
40.65989314383157 183.4983725153892 0
42.88427193815519 185.5383107818768 0
40.03750525679702 186.4523382013986 0
42.29141907369937 188.4934237959912 0
140.1399719338743 25.65926441235108 0
143.3949128387168 224.43621329347 0
144.8164578844228 220.4561963156104 0
142.1151698022353 217.2522954360552 0
146.2405523643684 216.4624346556249 0
143.4720711864759 213.2150415321447 0
147.6431375433014 212.4510373109192 0
144.8714272391933 209.1797787622704 0
149.0924015491418 208.4001622344772 0
83.74580438990844 93.60905466598878 0
109.4271128674876 129.3965461210582 0
112.7439487147568 128.2719125828856 0
173.5917542847372 105.6611680322702 0
117.8934958241179 31.91562326225861 0
11.22501480764849 187.1789013163006 0
53.39329694683926 132.3423100044825 0
222.1007096790669 93.62376076095128 0
222.4265060318796 95.83696406285658 0
98.77624900888799 136.1570876588615 0
139.0031407793533 188.0496513103938 0
37.73497121181045 48.98970854652219 0
2.857020445135916 149.9643380444169 0
199.079690886423 124.7093743399946 0
65.0978235990456 172.4856086928997 0
175.6626464186567 41.04406447929177 0
195.9658526328512 80.75723150972645 0
75.36213054761855 196.9101153989666 0
94.08653386754563 -2.253446840868335 0
45.95387257400716 91.72327359792901 0
121.1801537950235 103.6199264349166 0
160.7601976815525 241.0615291426683 0
92.87770059292023 122.5372442047508 0
162.5529553199923 95.52121380405637 0
170.8344542217419 81.34483794352299 0
59.25295543506965 206.3603003284404 0
106.4416050204535 17.413834367669 0
107.9975927139637 21.17462808470283 0
155.103896951416 92.21840109670913 0
-0.3983957164371503 151.1635480687863 0
25.26968051042269 162.5860130344593 0
20.8632846748613 75.86221710699638 0
236.8479567331228 37.52076131656027 0
235.9058651620581 41.30192202586299 0
239.6104060930223 40.22501608452284 0
195.2428105614376 41.6401329520869 0
198.0100063166635 44.32609454433239 0
194.3371533726404 -64.70520924778296 0
68.21488679032723 171.434830764906 0
29.57314287264714 183.0930174448955 0
27.26909426168747 182.3801757434396 0
17.51488844576912 58.81685676514116 0
13.52534047109819 59.99663511476233 0
-24.94029350176324 137.0778122100817 0
107.4991466405714 215.16943616482 0
177.7626989092146 -23.84258957490489 0
173.8566496185143 -23.7154853154443 0
120.8965723808534 198.6328175612067 0
9.379943045952047 96.31506548805375 0
231.2503135236658 65.13633709802846 0
242.6760077267533 82.80168286146862 0
248.410078307013 96.49816237363936 0
247.1123509315553 95.85930915237999 0
246.0493437820164 96.53181170902958 0
246.0169734698071 95.35927391780722 0
43.33557156702688 89.19493739382787 0
46.83326293997006 88.17964348614706 0
239.5563981330127 96.38134268062005 0
238.6248303315228 97.15795982018105 0
142.1806348381647 51.97993259363054 0
44.417950485796 132.3520242088324 0
15.24367117294371 191.3704375495304 0
126.8191799837851 181.0035052833801 0
39.36118389550288 189.3901207537785 0
41.56805040819469 191.6324167873464 0
240.7897946988887 102.4458355139396 0
233.9820963933081 101.5009453783927 0
216.6138803668777 -7.110289570021877 0
107.8159884939093 190.5061330161436 0
146.2981699458149 205.1234759962351 0
150.5829338356628 204.3415306457117 0
140.8419383836027 109.167769591523 0
190.9297644283096 59.08271766097334 0
65.756761720935 169.2247351497055 0
258.4361652188111 75.58178770129587 0
259.2824771702767 72.6423544413795 0
96.44747416259494 80.36584027339414 0
147.7974185991012 252.6540443657226 0
7.520480130496182 76.51201071887489 0
128.7607073502362 245.7864579619973 0
23.94975443511512 194.1530665187585 0
248.2355719191661 95.16656036107339 0
135.0837857091447 66.5967313380873 0
134.2195837431082 70.02233793006585 0
182.8891597277657 145.5579888137461 0
186.9636587691917 -34.23340478601881 0
189.0756399954287 -30.87258333781784 0
222.2109469914695 2.79492001508433 0
221.2586988244536 7.106241767204452 0
220.1345639448907 94.95656568252103 0
220.5877355260479 97.40045880175256 0
218.3273045568402 96.47602645816313 0
218.6804548514146 99.00061961760942 0
221.9540115116474 82.87287773920593 0
2.32455899596782 136.9549011803043 0
250.6615813256477 85.57712686734341 0
133.4800648217665 251.5356222491159 0
238.8319689807603 76.72121319060429 0
18.70528147367637 183.8287959872666 0
154.1032775237226 25.4469377450841 0
151.1257149485831 23.00510394604774 0
162.7570688456406 213.4677285807948 0
221.8582400520104 91.47686909683487 0
-2.760313788867521 75.94303615027857 0
-1.810927499260941 71.99865849775482 0
268.4337197230605 95.15085895105229 0
173.7816501070875 117.1031254725924 0
10.47103750508053 184.1206448460878 0
175.6035444989478 122.5764112382425 0
178.1294482046571 124.8322600462025 0
181.349113987125 123.7696720251126 0
180.6663302738927 127.1266381687907 0
183.8780883378775 126.0260943981778 0
183.2497216332029 129.4480870930628 0
-3.965560480120601 116.6012139238463 0
-3.230226414079212 112.9034881094906 0
198.0678101085295 103.7957755979331 0
181.5900093202005 -23.9337399151751 0
237.4679004954282 95.57673697185977 0
-10.51024970849683 134.5025059341881 0
-3.655068741099242 169.5282107195253 0
-3.019811648263342 166.1588595386352 0
196.5215180593983 110.0271536030737 0
225.6106594003613 91.13524398875195 0
255.7266142326611 52.0410743851361 0
253.5218920906448 49.65627294041538 0
258.3134127038392 54.57442059335306 0
270.1788809141012 84.48534055130519 0
169.5310993389497 179.4075628523518 0
165.6629776062942 181.8515261636627 0
165.6939630422711 177.1368744736203 0
161.7210564466857 179.429720040247 0
161.7134584679567 184.061886239439 0
161.8110848032657 174.8497985573695 0
157.7630482768713 181.671508452901 0
157.633889996629 186.2255963851562 0
250.1858988370972 97.20331058151392 0
33.4600006052262 201.2895046042871 0
159.2061066222674 44.46053297694325 0
257.5555650472986 78.35619896553247 0
221.4829331527556 84.79114448850525 0
124.8537348388113 191.5110647128682 0
137.113056192411 113.5380317677333 0
221.0958428406881 51.79111900466859 0
216.4582624556887 130.153180273283 0
-8.505256029722617 54.08856501732505 0
259.7683538102958 102.7158638919025 0
142.9683041817649 48.45132338869404 0
139.4390508802329 49.54079269116146 0
2.031088642324605 70.92891031611161 0
-3.324871996853901 132.0792415089792 0
80.68304306824545 175.1117647646403 0
82.50875909557189 172.0228639335489 0
107.078860568004 9.799411839253196 0
154.2571149413547 83.84646814921096 0
186.614586054963 128.348499967679 0
78.73104284758676 178.4121299430212 0
147.7405797710735 201.0300613581778 0
157.6421084937543 153.4090802585899 0
159.6079858148441 156.7310424739906 0
155.5948380842721 150.2458985856843 0
-4.777259588726409 120.2669304332168 0
243.2375455956155 52.35559943833935 0
239.3020834510833 74.8659337254594 0
248.2082227001043 109.3590442425623 0
248.1663667215183 112.3135883939048 0
-15.53908300161204 153.7834941010293 0
36.82443008103267 63.92670282090305 0
66.57986473289803 59.07905663354614 0
105.5553462158817 156.3218772629005 0
146.1932017069611 147.2787767309885 0
75.82884881946049 68.7285917376099 0
73.94877270507808 71.91682580481455 0
235.7485345587948 83.55474920200801 0
124.9037255471883 212.2942802878036 0
122.9210601030021 215.6949057898209 0
79.33461165846887 43.90138020212341 0
157.6770888820137 160.1509020364729 0
142.5966472586526 147.3510197779994 0
161.7038330605374 160.095551370249 0
217.1335891746773 59.36359139535525 0
183.8334423763181 110.8659252001472 0
31.25851194701025 86.2857541428848 0
114.4680829363699 18.11597754650339 0
106.388757065617 143.5680046898096 0
-0.890852443246942 68.05950721992657 0
175.9203053190327 -20.36148045031634 0
171.9645717115296 -20.23501841707947 0
239.9434916150655 93.52466258000354 0
120.0659523826691 155.745803559995 0
123.7489661196326 155.6586733601081 0
194.6658067700051 86.30145749774357 0
194.0576567220322 89.08035432878306 0
37.02229977898769 176.7402749821844 0
66.71749043874834 111.5937522762585 0
63.35602245680498 112.7215731405282 0
62.65066052846653 116.1972930916781 0
59.99698613937882 113.8444163730687 0
59.28995165987043 117.3200560566864 0
56.63879976213575 114.9721600603112 0
55.93388889818601 118.4490483877318 0
53.48074444850809 116.1460989587316 0
52.81743731249396 119.6174866538358 0
201.9653585301107 55.84115302456323 0
205.0031931917013 54.87714837819971 0
236.8096458191748 109.2278260376736 0
237.5586834766608 111.830102087361 0
115.5882528212151 -18.27543827310305 0
103.915900476927 20.76238094234978 0
105.4619593849843 24.53971777834298 0
93.35274081056826 147.510783027611 0
95.92042799461652 149.7976939569318 0
55.74624841875313 161.426496984024 0
250.2125049024707 16.47251710135306 0
12.03470186348503 98.90794506324823 0
147.5782595672608 223.695940917303 0
247.0608692970552 79.21562623019463 0
65.46028757571575 150.3217952276984 0
62.26951719495461 151.3683448869781 0
261.4774564377344 74.93811234984747 0
262.3625193002599 71.7920144960451 0
264.597200417389 74.21544745581264 0
265.6858882040742 71.04820810732429 0
263.2422463620053 68.48293466642484 0
266.683007881574 67.62666834058324 0
168.4399293302821 79.19020216153606 0
171.5216322966703 78.1913870441392 0
11.54211103219629 137.4003804280116 0
162.8261887862581 43.47781998060891 0
152.0500548984759 200.367745373793 0
201.8030450880856 127.2055751030329 0
225.7782562873068 40.82752727696055 0
174.0525278723928 -16.84887169630011 0
196.963968643343 -5.09309224441435 0
210.610971196311 2.527792324452136 0
77.81539577594209 59.17231262682425 0
28.01568926434575 115.8884478272147 0
73.55574664114897 193.8576664794699 0
75.28890535764747 190.7832008477141 0
71.81268735122765 196.944252279151 0
196.2728298516238 -45.67050125887982 0
153.8696942885589 183.7943428067198 0
141.4967790478456 105.9156825935712 0
184.8589599906929 79.78764923428065 0
182.5578015958156 77.69829334180444 0
14.51400401263341 55.93514491627604 0
18.54070819514946 54.78491878887833 0
73.61880430294241 200.0056424838739 0
206.9371585463435 -16.12917210082087 0
203.7266737748535 -19.03913337233361 0
245.0862774874098 95.91611503274649 0
245.0389732689333 94.91590185295507 0
245.8534221285141 94.32349394701241 0
244.9830839924294 93.98019674578985 0
245.7445279794107 93.32892778274207 0
244.6961653962964 93.04215802291226 0
41.19201272150185 63.06399906053606 0
84.32301803498275 181.1937110256934 0
238.3645330227548 78.56425265330186 0
227.1322224085865 81.22265713377918 0
28.71972153246536 112.4279501260366 0
32.03534864718286 111.4748799235747 0
169.8869336662781 -23.6304062911866 0
167.9649320889103 -20.11273596652737 0
-1.650391183999176 175.0796583310534 0
0.9868163517158308 177.2711537039795 0
-10.50098734614677 86.80548930511259 0
230.3710270361884 85.56360478758394 0
220.0230496577255 83.40487830772804 0
121.9662119633783 165.1097579723589 0
50.31806921673287 160.4476263656184 0
47.34667971171118 161.522685926222 0
-9.792008722911376 130.7564488386422 0
85.10883082605764 156.1418974520314 0
101.4126071267747 24.12783987588264 0
103.0508884185341 27.96607739343453 0
98.99841460131378 27.53332394816044 0
100.6411809372816 31.28963823557623 0
172.9245543591896 35.12378609566866 0
174.2542172586368 31.14866685183028 0
177.9991473577348 29.96513600268118 0
175.0907450083799 27.3461707785489 0
171.2356603020983 28.19035080621191 0
178.8537685932329 26.17414670034697 0
104.6132816165499 31.79218500395761 0
176.5635432450487 159.9500484449818 0
79.59895503014546 62.41182211107292 0
81.51473928790833 59.27066142290829 0
216.2969268658637 98.13380830801208 0
216.6334680912086 100.7044392985678 0
193.852169304779 48.95522856744408 0
111.7215593380342 91.69849313600081 0
108.4269234063606 92.49220350990676 0
135.9394247227143 63.24310015873579 0
29.00264933076883 180.6195188626999 0
26.61666707884415 179.8816290378099 0
87.09277877575686 105.2730154351496 0
83.74584152463017 106.370062046228 0
90.45011766639642 104.1864825500624 0
106.7427782452387 87.03739924938029 0
198.776826160025 40.57217067103939 0
201.4612572887158 43.16145928711342 0
196.0288423945853 38.0218857744557 0
194.0525735836946 -69.36141537551566 0
182.57284101567 117.2182372663233 0
66.73768915913101 159.1550388723606 0
149.5788912708522 196.6289484792123 0
237.193552702447 84.27107017721421 0
196.7761028968123 68.35926343730121 0
53.99409460490723 112.4910247691495 0
50.46786100434575 113.9599260642518 0
217.0961243525118 8.429070157853758 0
220.2906687029073 11.37074875824013 0
103.9035968250288 171.6288954579909 0
73.07861611060061 141.5711786776587 0
84.50080152127728 159.6362761728931 0
110.1267119811168 125.9631121919987 0
113.5060756591907 124.8296770555402 0
106.8071953964993 127.0744143561946 0
262.2225981458122 101.1065071821916 0
175.9088432489143 23.52112455039929 0
182.227315465552 91.81252808673555 0
139.3385871291864 214.1420651430598 0
-6.247057027968381 167.443602678217 0
75.99607295761476 55.88404080473701 0
35.90609141511358 45.13113012469699 0
33.45211192366556 48.78130402463866 0
40.74705902586774 152.0468689386493 0
95.50624512002651 124.8578762698046 0
15.63936129024607 97.83547150570665 0
14.77754065053361 101.4726362916894 0
39.24938936496066 121.7912360236875 0
78.90567981884728 172.1281609359423 0
245.1590388823605 78.45664234296483 0
45.69088955547382 184.5910090347846 0
44.22914017508872 85.72857748011103 0
47.76423274068867 84.72765197783586 0
264.2163527421632 65.05331060892381 0
267.8030569228466 64.09438172407624 0
15.21875926299613 174.315364447417 0
42.53215953201534 105.5761429804712 0
83.04365520825691 109.8199400641588 0
15.88399654970904 145.3491304429317 0
41.16181346452238 133.4884051206108 0
150.3530091863515 -24.74635029745238 0
227.2043468111299 61.32776889106849 0
125.6483697081774 158.8171417648277 0
127.4288414738294 155.5786534633017 0
206.4924426186888 60.10363661337325 0
138.5192248338381 65.63334352496437 0
-4.818226888891118 69.23205182359251 0
160.6782184285357 10.12226926241681 0
195.3941219727217 -55.95108376535933 0
125.5232148831231 152.4302064360443 0
129.1905985440757 152.341675168401 0
26.31381742900189 170.4404443356389 0
154.8857742861743 203.5810726778694 0
223.3996561033433 69.77503737312063 0
248.8509512950337 80.0596062152717 0
8.0028805589196 186.3770264786353 0
8.903128665169646 189.764517917866 0
-3.613931243561993 197.0354855620502 0
68.8976558633037 168.0351708383618 0
111.6467496347744 190.1163704673132 0
64.05932113901059 109.238642624342 0
235.5910452668663 59.21407888613827 0
70.2453189395616 71.92261051996996 0
72.06611846055344 75.16906915406891 0
68.53865719689745 75.02096086904967 0
75.77333106716807 75.13289610568383 0
179.9227845976476 130.5638518267581 0
182.554955454281 132.9505083221994 0
89.81405772655994 203.0061079360644 0
219.1354774296848 101.6538446942921 0
217.0276568735043 103.3993249484688 0
219.6243989587464 104.3614731250286 0
217.4614508417368 106.2071239470461 0
214.7474291096588 105.172937531817 0
215.1871666729483 108.1128344528513 0
125.0024672824237 177.6981997151125 0
102.5471782039075 16.81999749037472 0
142.0880712825271 205.9051171185263 0
117.217817259017 -3.143782988396438 0
2.198227870079293 153.3484831102234 0
-1.062170135705529 154.521990586447 0
-3.831464725212911 152.2086663514184 0
196.6249448505446 77.97579369807814 0
77.83927428060849 133.7287231215829 0
67.2610465251919 124.3033712139099 0
256.014480943774 110.7632881130145 0
256.1059276418775 114.0464962118546 0
253.2203467779795 115.777981155464 0
256.2350932499469 117.538098092076 0
28.80068348295278 155.7995266219449 0
210.1454788747827 134.790492067455 0
24.28419742112094 133.2355582700305 0
-7.789852882084276 89.21082255220644 0
-8.509793555082766 92.81854352844245 0
-5.018076232906324 91.64250839792837 0
-5.7549391776965 95.28861047639681 0
32.0612502536673 184.0056478786889 0
44.68634458966928 190.5803936762483 0
43.88680170863874 193.9516604739808 0
201.3741396251373 79.14836180812324 0
40.46108188470804 136.7749510099829 0
161.7278690386876 153.108112244673 0
148.6503474683515 132.3472611925546 0
115.9279235851338 114.6500139437616 0
118.5119779639407 116.9200905778031 0
143.1705937407034 96.1747782995857 0
156.8200824387207 28.06725129859853 0
141.0964695467604 184.4221548711371 0
1.591830964823842 121.5041092976687 0
187.9461039303212 103.6677540044097 0
188.5752866336535 100.6553835591794 0
109.592406611883 193.6095551203472 0
123.0711343475948 50.75471475859759 0
130.7002239085099 70.97599833061554 0
133.2499044292214 73.41190215431703 0
105.7133573877062 55.51479308978082 0
269.937604045349 81.28690454553033 0
121.7665862868034 115.8114685778505 0
121.1017370881429 119.1895233213494 0
124.3643263127421 118.0817344786642 0
138.9157871372684 89.00918199075527 0
206.646450319624 118.9754936917064 0
209.1751729796598 121.3018342087968 0
209.8685124589028 117.7808531060107 0
212.9877597821146 120.3096559287596 0
153.8486493347231 179.4499525060116 0
128.3097288364491 98.20608056927892 0
143.9739911527644 108.0955156325499 0
143.339074957744 111.3304432162847 0
193.0440196186674 -80.15499900863705 0
172.0015252128792 -33.55690398433327 0
237.5688757841698 17.18226553743753 0
233.2134086007581 16.21673647704246 0
260.5898413601516 88.84797983552897 0
67.42953165894986 108.1085088928143 0
-7.612584806662269 117.7891185777743 0
239.3120121988589 109.9771315302765 0
240.2405037380518 112.6216499592062 0
66.47146975718452 181.3046628301606 0
164.7286712154237 83.34878999135555 0
-13.53988648618865 131.8185404568687 0
-14.21319472197904 135.7985386709713 0
157.8455735084285 24.39560378224091 0
15.33714291651047 66.26718535582872 0
214.7665809360851 57.07146173375405 0
215.3775832708693 54.01370532333983 0
4.144339337046887 175.8578015098197 0
109.6062805086249 180.7783297870799 0
113.3415811101065 180.7381927081582 0
114.5603609788714 184.236618815516 0
25.36227043783825 113.5443724032093 0
259.3473625855136 51.05073918237217 0
185.1423312961575 90.87451387702545 0
80.39885668495489 107.485328288758 0
95.31347359088522 45.14816785260816 0
92.1880806278017 125.9671881598296 0
89.55213578277242 123.6514117594795 0
8.871030061283733 100.2241113743237 0
11.77914888824232 164.2192985418974 0
9.423017857076005 162.1104933732043 0
12.45220467444126 161.1036301627569 0
10.08395020228888 159.048442665373 0
13.11428322166326 157.986697348696 0
193.923154998728 78.70027886221047 0
190.290859777423 -66.5967119859435 0
61.52261642431037 50.88093712244937 0
36.44413473408324 144.4733202824828 0
220.1420273262206 -21.03908189986346 0
208.2160255007426 95.14739811739859 0
136.7095569658246 72.46615778172455 0
135.8737484673299 75.86302347565565 0
30.53297097393725 188.0702679139927 0
161.8734293755924 47.08975308592078 0
165.4670023900315 46.1153322392561 0
38.42204696886382 192.3925995117764 0
234.7160538784477 8.4333336358998 0
66.85174197819099 221.7377775683381 0
239.795161881815 97.57698255897182 0
238.7994151686223 98.4669242134223 0
112.2368089927827 40.23219000803878 0
180.6121386276826 49.61025126248591 0
10.65153728619735 56.93695888746885 0
164.0855880939175 86.51010682366467 0
96.78274595753751 31.03724954254523 0
95.76865442352805 230.3635291454744 0
100.0334333989867 230.8409733968634 0
102.1623556629968 235.1224510548419 0
104.4738941657533 231.1695277146395 0
106.7490362406125 235.1626519806574 0
108.9894928452065 231.2802893206025 0
111.2637485256953 235.1895929704212 0
113.4604394573115 231.3159889557423 0
109.028217211093 239.080167631294 0
113.4882266523407 239.0304338147582 0
-6.125638688415435 163.6391304354703 0
240.7230981949943 96.67671847013909 0
-2.214329395291557 94.09593537362393 0
-2.944356562056484 97.78392031071057 0
190.911722336079 -34.40793351670175 0
193.0769406252542 -31.03635528824192 0
188.7490917545249 -37.75332152883266 0
156.3548056597626 199.5640609177695 0
80.72838524389114 169.0475078387887 0
99.50107197011462 120.2927224919608 0
99.44234204766946 148.601071939928 0
55.94494045182849 207.3811358386967 0
56.69994971369498 203.7961155864149 0
60.16319853862672 202.832421009322 0
45.78933223488977 170.6818295230995 0
58.17939770436415 163.516384356808 0
218.0457659810252 109.1617072443295 0
111.315848140295 227.4859286350421 0
115.6336385942886 227.5536401314172 0
37.92014830495525 134.5960008290583 0
245.6515383502504 92.30597978395603 0
244.6763057426787 91.89019266737664 0
243.7897696482582 92.50233048632555 0
243.7329977692921 91.45953148414301 0
242.916304606444 92.07439905632926 0
242.7690814913838 91.02412528662575 0
246.6579682788873 92.65490071644263 0
191.1968344178378 -27.45571095543443 0
262.4212179176446 104.1491256764321 0
264.9471608968071 102.3929907449519 0
26.07004521755356 110.0688622009497 0
22.7228391191796 111.1987945107248 0
230.5263432198172 87.18020781258811 0
229.041110528384 86.50971859399419 0
250.8815792707238 36.57490379578852 0
88.84516257042294 127.03167078198 0
138.6775979548843 53.13468706459059 0
240.6253635068011 36.41639034053763 0
174.9135649772612 125.8720275169545 0
172.3956461013743 123.6087811368963 0
207.8155552133838 -20.37588904000836 0
204.7772031023657 -23.23618091460482 0
268.3044930119823 73.50177149560939 0
187.9047824814276 -13.49890969216263 0
69.34602076146896 180.1317637853596 0
102.2857146191182 35.00985672658913 0
198.236988918858 128.3856885557757 0
257.1254212548546 57.97337842839923 0
3.064820118305164 66.97306179403398 0
-0.09085499697475541 63.31414184088298 0
89.88043368587773 53.65661941092956 0
12.31823592065989 175.3338601568365 0
71.77359112799282 190.8254716643115 0
23.46291922593689 107.8557435763932 0
213.0102313627731 70.64366844484988 0
131.3037084970605 278.2627577482835 0
234.2958094964824 82.84081129106075 0
214.0814398061026 59.99315424064549 0
42.58742434973136 120.6859530908943 0
-8.954672176221621 181.3352555494824 0
219.83261417801 66.41781744162623 0
165.9169873638168 -23.52164198015363 0
146.7758710026181 46.97352948742775 0
224.7269450744712 85.40917937352793 0
135.937806528015 50.68963286278546 0
202.5908533381749 52.69437503817564 0
205.6120693350278 51.76577472440763 0
16.05883466004259 201.2561692371179 0
169.1074493080532 76.01167420602296 0
172.1668577277563 75.05576928740233 0
165.9405947729448 76.9777745121757 0
35.31359925300708 52.55215259552307 0
246.7304606709574 77.11199339674447 0
208.1666086649057 82.77950708261837 0
44.08618795766495 65.89320391257127 0
140.4475477775823 45.51805128286281 0
98.26595616843605 244.6019040651869 0
100.813625142468 -11.66977230714957 0
151.9041226235295 52.1486183027772 0
151.1128758007305 215.6903911223279 0
122.0967090689618 -9.26085014859747 0
20.07885571008053 109.2329448319592 0
223.1768203351834 -1.549802458897602 0
40.67667161960763 114.8937854537745 0
219.5302893619834 85.4144164144152 0
260.1099031334937 21.40883474293011 0
160.5839775512341 27.05654267422533 0
198.9730634256773 56.84466809265436 0
28.32171495450258 178.1120477095344 0
126.8833397487455 215.7334919839377 0
233.3047354606243 70.95886474570139 0
244.741294522492 76.34036544010934 0
237.5288555877033 97.96418003504773 0
191.8536418143747 87.02669488058868 0
159.8046396422395 13.93866775026 0
156.8719137718539 11.37207577555634 0
237.6959967509353 99.38293392525296 0
218.3476936103125 42.825666428081 0
214.9927826823598 43.76638288086563 0
218.3241697562492 -30.45048335023496 0
62.92449185625776 148.084388435073 0
59.73316305997984 149.1665143813144 0
59.0810982641958 152.4101470252455 0
262.0517500069702 53.68919798607608 0
144.3546808110381 144.1578923162368 0
147.9557002135346 144.1039631189232 0
223.9587809162089 67.43522283966524 0
225.7256390355683 69.11889743715862 0
107.3204432991923 153.0564966357751 0
110.7143749173898 153.1285181060483 0
127.2746375513922 149.2204960486436 0
130.930912505621 149.1254443283216 0
129.3589033112006 158.7529060088993 0
82.49688216199769 190.5914827303246 0
245.7028213945658 103.454685753093 0
-20.54878480098945 58.85181063115735 0
199.6112468789463 36.91854929536679 0
215.6714799772674 111.2019239369322 0
86.22093380002343 124.7586220367595 0
126.8066065408403 174.2140885697889 0
253.4519954030107 94.12483122711026 0
123.503902140975 149.7532365252755 0
85.43892886871801 128.147890736097 0
208.4462992615971 124.7770553804883 0
47.91772159084108 158.4220565666368 0
51.04671825296859 156.9882761469478 0
44.96762722214385 159.4796903036265 0
166.4878795479118 42.54653751231547 0
111.2992578959108 242.9041448599153 0
115.7274988996792 242.8614374056471 0
84.21959698634532 168.9848559933565 0
70.13350853839202 200.0775987783928 0
244.0536628068593 49.00770024985171 0
240.7512833119628 50.01852875824352 0
159.6892890631284 163.5573320420008 0
163.7827038731582 163.51035859955 0
165.7765136511812 159.9508908558838 0
-6.540743453869212 98.97798717914846 0
-3.700743198289175 101.5038897543152 0
-7.352837490580171 102.7330679814229 0
55.26797569395194 121.9096180718559 0
51.93902115344854 123.0332741472921 0
216.1661284869828 12.66051920801991 0
219.3264473359238 15.57004526657241 0
58.83605374336646 160.4703647000279 0
117.8242464124438 231.3553784516622 0
119.7235430226034 227.734361660331 0
123.695010048391 121.4625623623585 0
126.9565968007786 120.3485104820473 0
44.39266283196079 162.5266512869164 0
189.8929656223732 -70.93614860939019 0
236.0194111193996 106.7202442228894 0
84.51844431935612 102.9567858424854 0
118.833313521372 28.18380870624307 0
122.4912911397213 26.94309302488753 0
226.4235771448887 97.19272555874208 0
56.96264772849621 169.6168707477171 0
25.29570981051857 97.71418493779932 0
31.0717765034706 52.2553334910187 0
29.16981894942414 48.43411528023745 0
159.1364736891197 202.8192653852308 0
85.89460073660874 152.8198016456062 0
88.37675174418804 154.9972870873468 0
-7.701599623955772 121.2618290022112 0
208.7321482935284 -24.61252173414761 0
205.5365190715026 -27.64365147257959 0
244.2166680880981 95.43974008036501 0
244.234113621585 96.39885001142602 0
114.9569117104502 90.66794081499376 0
114.2312779937463 93.88869251926768 0
217.4073126218893 67.17820949212705 0
252.3189847062738 27.84960604250945 0
248.5650478961207 29.4497933904001 0
140.1525680329771 144.2975620823308 0
143.3553880887237 187.9072287783433 0
-7.06095229305653 85.59442936032087 0
-9.862330205317178 83.14196479141073 0
224.3738603985037 -19.33311062930991 0
161.7328833367411 188.8158039198632 0
185.5277206498121 76.75273834633741 0
183.1831767937241 74.67198567684116 0
25.88030985794408 177.3756649703299 0
57.50511600145644 200.3647187134038 0
54.07377679097156 201.2326717180063 0
178.0073047981225 98.64414979128695 0
115.071422805554 29.27602369927432 0
238.1786898457042 114.6548578411864 0
241.1124686934254 115.5171881453162 0
144.6434974502855 104.8882556764133 0
179.6964781182167 22.34155336798959 0
182.6120877297426 25.00195776651293 0
176.754609486497 19.68910873990663 0
68.63620147908765 149.3174471521051 0
24.30669959178547 179.3695022729314 0
107.5081974902396 123.6435421264792 0
229.1533101887734 88.19168687129887 0
45.04477120316133 62.10360220082972 0
154.637271342357 54.59914682346081 0
12.92465831629609 81.82292536570392 0
73.52004242866391 187.7861333104439 0
242.3504297836513 81.07156144631935 0
215.7663852642946 89.52312476262544 0
160.077632802961 251.0477340177715 0
-6.933875213930818 170.7252610707395 0
-9.501678515382068 168.7094673346177 0
240.9509335450634 97.94318960480686 0
245.4873080724934 91.14317492342676 0
178.9869689970175 81.6881322126776 0
77.27592269572769 169.086047026745 0
191.423634160982 117.4628851389697 0
163.9907998746752 -20.02852701974095 0
161.8558640203597 -23.45599603556151 0
105.969676039391 193.7446298165328 0
102.2436436946248 180.9635575015503 0
50.3783276445162 87.18316320707582 0
51.27416604685166 83.61605657198074 0
49.02269503888277 81.11342162080797 0
52.33005015794144 80.06220616112658 0
54.8639865661154 82.61507168106651 0
55.77928992480328 79.03205178394731 0
53.62116247095322 76.3575435686619 0
58.40303158780985 81.61178886441573 0
59.45985550216207 78.21397609832553 0
61.96681489369197 80.73893389019521 0
184.4849974419274 93.83810646243114 0
187.3939734320906 92.93002227295594 0
5.364397717939951 188.9049080082436 0
6.386873110719009 192.5649573463438 0
125.4986478055961 -21.93831650482936 0
70.34061129427106 78.41154544582423 0
10.6665488086782 156.0605118547006 0
13.76955970849944 154.9039308462329 0
16.17027036126015 156.9856780820964 0
16.82417745830595 153.8474244835373 0
19.18844093939852 155.9975044299835 0
70.58027907168429 173.6057840402484 0
254.0233727718477 39.39827792377923 0
249.8685178934222 40.66172049980636 0
187.1361980801469 81.86850787284013 0
139.2222965437003 74.91127842951573 0
138.3703973706151 78.27049699528985 0
178.0407411309732 -16.98472081580208 0
52.17869542831518 213.6059536012434 0
98.60377946479483 152.1389290373352 0
212.3491327053424 107.0055009691569 0
241.109932174023 82.539482226253 0
220.5408028969642 81.53866240777039 0
218.5496194088059 81.99849115309507 0
226.3855624116679 1.38583306688291 0
94.81761103107902 128.2880765414738 0
124.882904671722 219.1945248032271 0
47.09310189933213 192.8989655967897 0
46.53281617741243 196.0848100396863 0
43.0995030471842 197.2251774169501 0
14.74509359934108 177.2467662921162 0
180.2633689343662 75.61133810184705 0
180.8524488573951 72.53806801460595 0
15.51393897999334 51.82764389892186 0
111.453774758536 177.5265353261458 0
115.2085165988151 177.4820436292801 0
224.6794337185691 124.8955694720187 0
164.5240659153864 49.70371839405524 0
98.11213769812348 127.166507361119 0
31.09426490641927 178.759333079713 0
234.2222654537463 94.71909598591255 0
30.39720986943492 102.6310553477909 0
201.0536390101921 130.9128802356665 0
230.2369190086204 83.94169053702957 0
254.8380870705965 78.94470669013116 0
256.7170083637126 81.02875052432105 0
259.4166833060901 80.4634313453511 0
-4.516522712287511 155.6652828551566 0
214.1061484592939 99.6917065561438 0
240.6736139586342 104.3736688469261 0
242.4023770945465 105.4722533752152 0
238.8364374765883 103.5383412938366 0
38.53342784283787 131.0991719494355 0
168.0892018203351 48.73477911872629 0
4.170211664708717 185.5243823604122 0
195.2371295717245 -27.62340954005555 0
197.1634666033339 -31.06015655070925 0
176.164184556858 -13.44129779774823 0
172.1574572498779 -13.30606598582179 0
174.2639814515391 -9.876827704470443 0
196.178834798528 91.09443572187669 0
146.4603187483681 110.2569891229411 0
145.9839912678201 113.5318469991607 0
52.11516481022095 179.9907128213777 0
234.5232572381896 20.42423965630886 0
230.3124435637519 19.51698010134621 0
238.6484270652181 21.48775648387368 0
19.4575048893408 50.82173338222105 0
243.4126739065204 95.91550079168329 0
243.3834282428734 96.87494900027041 0
132.8506337684749 152.2418053689317 0
72.04590864284636 203.0139519918077 0
237.3020595863867 85.87478466364784 0
238.6104708114314 84.99270669601378 0
42.44462196814534 59.28256435585063 0
41.84887935702089 124.035363218036 0
145.0960569224591 197.9701403937587 0
251.7762805855268 93.30523815011948 0
190.6736512836329 120.7990547465827 0
272.8118051870487 82.65498649535742 0
276.9020812873719 90.07721149081428 0
107.8255032902735 196.9543836147118 0
111.2705566183946 196.5235490840236 0
196.6992680528451 34.49048991782574 0
193.2071964818559 35.50635433490003 0
194.0296758816203 31.77474388471806 0
41.01496794898576 77.01589318182937 0
37.35280574495829 78.09228845802701 0
32.93339827099491 56.04000667028972 0
155.6583458615936 163.6239482386611 0
235.659943700767 81.90656562519938 0
224.7669777285428 9.662250728145452 0
68.02129750955335 197.0644756509712 0
145.6463583851022 63.9266636371671 0
192.5618135163389 -37.99045911879134 0
-12.90407040564615 127.6884970498476 0
-1.541357733800254 157.7702746797995 0
165.7789745211105 172.3835295413543 0
161.6198868681342 23.40835852673814 0
212.482918733062 54.98826197083872 0
213.1478751189413 51.88018457440698 0
-22.02300857816506 149.740810741705 0
37.17438088561609 187.2290454091051 0
261.8925900963285 41.68408451762873 0
211.0867979784058 -17.46269980581414 0
215.2658033353314 16.83679302871433 0
83.28017003185474 62.4795941900615 0
171.8467046663228 126.7550432798534 0
169.3663225098397 124.4603605828182 0
237.0514317430762 93.42576427635652 0
45.11294169763588 107.8972613141447 0
69.61648532456715 187.23159662701 0
48.57330928520049 107.1310984353811 0
226.2972975615772 66.77718134973163 0
228.0820784903402 68.45654456001206 0
213.7182429773217 96.96067530632722 0
254.1159515060154 81.42694692560562 0
169.783202282561 72.81215504694123 0
172.7168421470911 71.8452723778455 0
78.99307461453677 166.1563053691521 0
75.60505734983749 166.1360706932447 0
86.34749109093434 30.04878169867445 0
6.96559275606937 93.86476891376368 0
209.6317706790351 -28.85472273706471 0
242.1276345695854 68.6709093514345 0
-17.10550842157453 133.0666487220231 0
139.4199206621404 62.25320416164829 0
265.236779196358 105.5821449460518 0
262.3782192125949 107.7109766848982 0
189.1183753045236 -85.35767505566091 0
258.5339198477027 82.89354280874819 0
232.2497968178632 42.39510578203328 0
222.1051145214732 60.21073252474825 0
190.7943276266308 102.682118773096 0
191.3204323598794 99.8084468383358 0
190.3136725321981 105.6876804587977 0
53.14204996319781 188.7705059335652 0
-0.1010688101627437 100.2709374228132 0
242.978067523637 93.02658350587375 0
242.1809263773649 92.63567489495854 0
150.1165325512352 181.4961588831959 0
270.0615230077205 66.94587544176525 0
271.4247734319711 63.13353771214138 0
268.8794289948728 60.55804256006205 0
272.6023754835392 59.42234233430737 0
-11.89265929005684 153.3744181888605 0
-13.91611603527464 150.2424635228599 0
235.0650753005948 44.98166577883444 0
231.4515916279902 45.9964442527229 0
120.3616054782255 122.5881480348466 0
132.4103155640552 76.81599344621843 0
123.2278081734114 174.2545011774304 0
60.74295255451787 199.3794304017236 0
38.46286841321043 181.5352559936575 0
146.117269923676 141.0136742932648 0
149.703449806716 140.9672535096536 0
-5.376094384722862 123.4543333935804 0
49.86146366675432 195.0184048154812 0
260.7280477177521 65.95338107130812 0
45.5254324186068 156.3909850530418 0
253.1302912162292 119.3635275294998 0
256.3333406682319 121.2077653786987 0
212.2346781760615 41.50837693076818 0
211.795997617138 44.62923016781567 0
262.96066672082 50.00275849339968 0
193.3817829817881 91.80085910833635 0
183.7370276028952 64.36589779506679 0
179.1487364517442 134.0536111838398 0
181.8170812064025 136.4783912356648 0
185.2999717691615 135.3532685234466 0
85.2413177252113 59.48599533486727 0
220.7659133026207 -16.49368552824656 0
41.51279285351193 204.3341106356712 0
153.9214513684591 187.9845838184593 0
156.0277287364335 15.29262856764045 0
153.0676776413699 12.63007875429813 0
229.3302291971864 79.08994682152519 0
218.6511961457094 112.2348154043763 0
206.3798663347989 -31.73395286468134 0
161.6669899052468 84.37186504673295 0
161.0359175916674 87.54523475701009 0
190.4680709423962 -41.33285650455912 0
42.58540630408298 157.4447200887458 0
238.8490086676736 117.700201726725 0
239.9585450081447 53.29406263056271 0
237.3287327349532 50.9700309349093 0
241.8705667854396 58.66727061714568 0
190.7323056071062 -62.20192896090992 0
186.6825808771798 -63.99787784158696 0
189.4332292861117 53.35735324738378 0
-2.263078660529445 178.4796584838389 0
172.9606886012607 20.82746406487949 0
212.9602152902869 9.755206817191677 0
27.78383519220466 175.5258311436356 0
79.69688457829059 110.9450069236576 0
64.76549154240449 105.7562420340975 0
61.42867473253587 106.8137710915736 0
117.4689778554738 224.0942503873194 0
117.8990939879101 239.0234715710569 0
192.1982939421534 114.1673335257553 0
225.1589489428514 71.41531100868085 0
18.37451516677713 100.302694016324 0
194.5352276209022 75.93538555610627 0
197.3115623746705 75.19814700305187 0
150.1642177170939 40.1511395799196 0
17.57751115797618 176.2764022306571 0
-16.58033641636364 117.7122188885049 0
138.9948440128214 103.7335269831113 0
221.0729676864617 86.83285153156476 0
134.4317908102544 149.123773311208 0
132.6459822036956 145.9379065451579 0
153.9829827917009 255.1445439742738 0
169.9274503936862 121.3320499970049 0
-16.29602538520108 85.47474923782605 0
-0.8258125237305478 103.999145948469 0
103.7311904239097 159.4744484706427 0
224.9314355319294 -14.64222290210165 0
242.2083756773087 110.6047048160361 0
186.5993932158588 -41.06771596159928 0
188.389526237273 -44.56051486005657 0
158.1532822303715 166.9019610063391 0
167.1339420161036 52.29609521318507 0
157.8424380217672 206.6952382378367 0
161.7377778776322 206.1069976438336 0
151.5467852403293 144.041347642639 0
153.8540714957127 8.697264461723904 0
150.090287234277 9.96312436541244 0
149.2600936729397 13.87727898969021 0
146.2859058255078 11.20984513895735 0
147.1127576204756 7.332767995600136 0
143.3023633131438 8.539423536552718 0
142.4855257633691 12.46115223574793 0
139.5028631671491 9.802518571701995 0
138.624148408594 13.5039810536253 0
135.7012209329651 11.02634756235014 0
134.8226777135054 14.71636528258155 0
140.2022780159144 6.025988040621414 0
131.9088406339123 12.26915931792368 0
131.1113993723839 16.17084519770521 0
141.1984347642598 16.23465969295211 0
134.6750064905071 18.88887472617667 0
130.4318131470417 20.11801158259105 0
127.3707169727923 17.46835187902543 0
132.7255285909845 8.397879013560029 0
128.9274070053928 9.668496831988605 0
89.66410789251651 184.2425264792635 0
95.20300005658292 153.139523908271 0
98.31619442588128 156.0603756559433 0
117.5057403070234 92.91883869042967 0
116.7137818480192 96.12228745105415 0
120.0438963666151 95.17458186579243 0
81.3773110669631 65.60913511903956 0
85.01134785988856 65.67134234865465 0
83.13896121380427 68.76900375477113 0
273.0074891085957 100.9686470709711 0
116.0622669187522 127.1727295653214 0
39.92312240114244 103.2213748073938 0
39.20572522201122 106.4900273165707 0
77.08258273422071 187.6788356427999 0
75.24711628788981 184.733496302222 0
37.23888820686641 137.868726754735 0
34.70693467449595 135.7026392063001 0
91.29310535767627 162.6153081797021 0
115.2386152164315 118.0054770666991 0
96.77340093799256 23.32653983727188 0
122.9755637981138 181.0697416131026 0
61.93981823894519 119.6610316946218 0
227.6303195279348 87.46011364048158 0
61.30831270572496 162.2838490942102 0
15.30131920721001 132.9627862137623 0
3.296377151576181 203.9366566901288 0
215.2946588738119 92.01942489745196 0
54.54142111512495 125.3511001812066 0
51.32596184383651 126.5775207152677 0
57.85971167712785 124.2352908718369 0
112.6306979004921 144.2982263254752 0
115.2224218755265 146.7103107745559 0
204.1912129280352 -3.272912663118987 0
75.06191242852412 147.1768587944483 0
140.1050819667983 71.52711703326122 0
83.44163446998053 56.17751417218871 0
82.34769574284957 113.2636727596777 0
36.55528769036626 37.56257846104923 0
122.108191059204 231.2896387362819 0
86.92004175180915 121.3273437021303 0
83.58823483088838 122.4441563790078 0
68.23857530940215 190.7545010240981 0
263.53028306035 94.87351937090172 0
23.99139301593083 120.4469392374934 0
5.951466542015083 69.84260193621114 0
7.011530921263315 65.88690136530188 0
170.5867817700823 14.28538939643821 0
263.2134479110877 77.1832672505264 0
102.3866560862002 227.1300676550676 0
155.6513168402771 45.388431105154 0
243.653307521304 90.37339615413778 0
242.6696590654551 89.87070037341746 0
183.5422491745804 -79.73338222600304 0
75.46145282686425 203.0636862302029 0
73.87124549963687 206.080295463809 0
77.30386469796802 206.1482134949107 0
75.57410110072649 209.2660935594198 0
79.14743903514658 209.2852736970444 0
77.36702323224245 212.4551024004775 0
81.00416150466113 212.4605846080851 0
82.75998647621863 209.2625102831127 0
79.1942639656323 215.7414876481519 0
75.57368133217167 215.7051403102669 0
208.4378049497993 42.31457897676969 0
40.69154027546919 86.67089020447754 0
166.4622397786236 102.4629599438524 0
142.7451228249323 114.5862261873465 0
145.4065207717068 116.8144134827989 0
142.1605435920213 117.8875455796528 0
235.6822443401944 -0.513853800304048 0
125.6217647290209 111.327115847857 0
143.8703095641528 24.62711573801985 0
135.2442639672327 54.22386556598838 0
98.71041256187863 193.5772624047517 0
122.9890520832547 124.8521135658305 0
175.337612620283 110.713922083802 0
98.51725157157364 174.8817408972987 0
56.66594377821322 158.6089100438188 0
22.6683768293308 53.66657885961521 0
-10.07414784497907 149.9244129320633 0
188.9404474633565 115.1132223998598 0
150.1602843558442 177.2603817811357 0
153.836993761306 175.1420173493285 0
45.69037067064478 199.524756349632 0
240.0964618051172 78.08361330456327 0
217.5417544695342 45.90087115555788 0
220.2466722069167 45.03252965215609 0
217.911222923633 64.53482775568646 0
215.4327191913636 65.32362676748235 0
60.71956210062346 165.4051743439355 0
87.38065462529354 146.23724403387 0
167.9862519868632 -27.17009488759493 0
29.73168280777512 80.14836263265801 0
127.559752913088 162.0265487585447 0
69.07460566700088 161.3853103453298 0
14.40764667657687 151.7753133113283 0
84.631571688283 212.3655148186686 0
86.35521331842789 209.2141623922164 0
84.5075280394835 206.1275894163838 0
166.2105462303803 -16.65824176116993 0
19.95600727741378 92.94692241137129 0
191.9932352386805 76.75454629723899 0
244.2321014748108 97.43546769127762 0
243.345235347513 97.90319922921287 0
178.4197106218931 11.9238466493351 0
192.0620293707564 0.08059528677323158 0
6.993981505787261 160.3144989191061 0
128.8344017823096 212.3260894125333 0
130.9000494435081 215.7668773693775 0
176.5987335545038 131.6387653864491 0
56.46230750537848 150.1364653777539 0
57.05141597657921 146.8913775207523 0
249.1287410401743 24.97262234772461 0
106.1693746353057 35.50255579854322 0
114.3595987093688 32.86445397907249 0
159.012575696287 215.6661494623741 0
158.8148472630135 219.8014662978223 0
161.0474473428712 50.57353275268279 0
146.1430672212562 227.7372301424008 0
150.3206041164757 227.0314542403801 0
148.9071832392024 231.0998477773128 0
67.08914940843604 213.9602214043813 0
162.3084827229615 81.17893808140296 0
92.97489291280854 135.0110041498359 0
186.7898539658744 -59.052707005516 0
182.6074861597556 -61.39345054223335 0
72.21654419489562 55.81021489517737 0
74.10110592513038 52.58142635962269 0
70.56979134623636 52.47304850033122 0
77.75596464302325 52.85766987766398 0
193.0599892234797 123.3723541171987 0
-17.87416530009118 137.038239336427 0
192.9612437522428 81.44256813178302 0
259.336169669061 119.6056326009461 0
22.03985310969799 114.6742979656569 0
183.4724375281159 21.16992721420023 0
-4.578161231015272 56.55282032439722 0
-8.514067319459926 58.72194932924195 0
-0.6669766234096386 54.44657772768242 0
186.383975381263 23.8382600394752 0
185.5019513580859 27.59656137158872 0
250.3794017889597 117.2028961956739 0
68.15330189590526 104.6458759098997 0
70.8984294470513 107.0955342081156 0
71.63119416275771 103.6180521297176 0
119.4087916440443 24.22652616560489 0
167.9593292845231 163.4023074614012 0
224.3757482586067 65.00801654696753 0
-15.12925412756375 140.1315354252831 0
-18.82502624900367 141.0978580836533 0
17.56410375397407 150.7505366091596 0
207.8908975953773 74.32810816046428 0
183.2581904850312 99.68993737654925 0
272.5552932717353 78.88858200539921 0
5.421139981254655 152.1612768548326 0
249.4738069298754 82.13778495201743 0
166.048510107444 122.40989163042 0
167.3244622484798 119.1416686757956 0
-4.915132157049342 176.2314346026399 0
218.3377657207168 19.51555155564978 0
231.5757112172228 83.02352557105357 0
238.7351523777759 86.56140259654578 0
240.2714902064417 85.513411249775 0
240.1526931773597 87.27113664614112 0
107.7570823048631 177.6087005293764 0
63.60545924801849 201.8503477561627 0
193.3199415763924 -24.02448113012083 0
189.3177403898463 -23.90094239653982 0
216.1478577974888 114.4637474700414 0
120.136693026498 242.8338962190718 0
117.9760664547419 246.680670230404 0
103.889901125614 38.6751684259437 0
99.99058983712985 38.21991811008122 0
256.2955211277717 87.80188001355538 0
204.532379279491 129.7134667927882 0
184.533040493266 138.9180547094316 0
153.2661049704438 140.9249147696866 0
155.1235580191438 143.9746484544351 0
108.9894400675792 149.9400805149238 0
190.650217388875 32.8615002356217 0
238.7636469664635 71.34715627885053 0
212.0316148067905 104.0947313350224 0
208.9369780185798 106.1289214123446 0
164.3530392533445 26.04735190582747 0
163.3423305658536 29.78541358684757 0
61.02587037174376 84.15386816634783 0
64.56422971767255 83.15464835338737 0
160.5814287833863 198.734089186979 0
229.9220833257738 82.09804885563136 0
231.4575908006685 81.49874684556306 0
104.189799849637 124.7500906601668 0
203.3760043471232 81.01409777798926 0
203.9767568720915 78.35565036693501 0
202.0088366653888 76.49435069314174 0
93.00785417961967 159.6493977375548 0
24.61740580167148 101.2304604572185 0
258.9410302529938 112.379648112505 0
106.9968067157106 242.8942992613253 0
109.1443075397628 246.8842684043005 0
221.0574596506996 110.0666873609707 0
189.3062300821444 26.51441653464408 0
203.2396203943457 49.36907904942816 0
200.0677708178932 50.49204666105133 0
48.62752574701078 124.2454340234011 0
163.4882561729659 89.61783000827107 0
227.4561046031306 -2.944914592298815 0
224.0961943490241 -5.984320715519232 0
2.715237981301883 191.6339089618645 0
3.632503675199686 195.6934948268573 0
7.669708250022566 196.4591611216137 0
-11.15705722094951 159.7665564512971 0
78.84467494697873 184.570836669802 0
189.6703890773533 111.8273837874795 0
250.8793977597095 74.74033589659865 0
-12.19919388388287 146.8114035239661 0
46.82425078013118 58.13050479669864 0
184.4132028367485 122.6753223131957 0
140.2611423403213 150.6763407673782 0
122.6430952503607 274.2290824037195 0
125.0421692716558 271.0561326152707 0
123.6085178077529 266.8418316762285 0
127.6243954289264 267.6073353698047 0
125.9588278163642 263.6968868141104 0
130.1470415126615 264.27815385614 0
128.4159253056341 260.5853740674028 0
131.8124330830385 268.1414423740547 0
134.3363776853403 264.8332606213097 0
170.0763123262389 -9.835962632686119 0
196.0096175168968 60.64392266870549 0
222.9067912813315 98.20335749921594 0
175.7455423391062 135.2491074524553 0
174.5274631184627 77.32301880194565 0
-12.52777460417208 56.2178632886264 0
-12.46059432575233 60.95891590751245 0
197.1234240791913 132.713547077804 0
194.5187671495657 129.6954392809669 0
221.6106428815211 102.4839146678941 0
222.4453474884839 105.3103994083302 0
115.3874157853648 102.3117934264493 0
112.8386233054613 100.0030276593479 0
109.572704329821 101.0869736855525 0
247.3732733670294 48.01621457177967 0
244.88080188491 45.52601200299018 0
153.1517704255039 230.3362309740681 0
151.5026341134912 234.3696696199389 0
147.3780309113953 235.1863049811675 0
149.9496935759911 238.4396168246018 0
145.9450109977146 239.1825772247064 0
148.7089569702576 242.4783618780918 0
25.30710173730712 174.8500664097161 0
47.77198392860446 64.97181221546009 0
46.8561445164468 68.65384117797149 0
244.7995806631363 26.46018973903878 0
245.7390785790562 22.02457817850302 0
234.1898786237738 81.06551008249508 0
186.2020791787074 73.18331850618708 0
11.81458473557034 178.7911206774166 0
222.2250441006902 18.7112017307655 0
221.4955505663972 22.57440161296655 0
35.14462399068572 126.3246607422756 0
72.29847071392203 49.22562292409939 0
214.4505258421931 82.98119561148154 0
104.8918841891871 121.3211322368412 0
108.2677342396664 120.2228673825395 0
168.7342352567181 205.6429373523263 0
100.0874680787787 251.3231344451696 0
183.4906454899977 -75.77000471544454 0
124.8631636441438 184.4202984105182 0
203.7741423118065 133.4494523051437 0
113.1791432088932 174.3662126142398 0
153.5468947617458 167.2014975080619 0
195.5517181905661 93.91514582767626 0
261.6564032326759 62.53076998452262 0
258.3407280748419 63.54767121005452 0
165.4287054803168 22.44846132152371 0
77.06576878008937 108.5835327456934 0
77.75164394205646 105.1168934228014 0
274.1836542683537 88.27157400861479 0
103.4852486629565 128.1813872335541 0
18.53210878571386 159.0675449836137 0
21.5212370514034 158.0749714743827 0
22.19117275930135 155.03061289297 0
160.0705106093224 -19.80570466719169 0
157.712445949899 -23.38521559956521 0
246.5244369176767 74.76334587157373 0
244.3476757294856 74.09828996671527 0
146.68047680224 179.2544062120307 0
153.253967807013 241.4121656892582 0
151.4016680278556 245.8760137541317 0
213.107560844947 112.9707146296646 0
30.14794301521748 34.07996055763054 0
118.4728446453591 145.5711801780048 0
117.8814231212315 149.0786264670942 0
160.6191897766179 90.5870921595034 0
89.54771542859234 165.6710000623532 0
218.5945132770649 -37.90941796042185 0
54.73435023021241 197.9814484815035 0
105.5100181151564 150.1720178102578 0
157.3371012588849 195.5528834656451 0
62.20723959434044 103.1975353285122 0
151.4447695284304 137.5566995808542 0
200.5525705441832 -21.79083614177763 0
235.5655301915876 80.21369464338265 0
206.6421263462221 48.26455046187567 0
44.71647704844111 76.10310030372497 0
39.90528625489846 140.0908387026214 0
210.5989955374106 131.0732059815257 0
36.50298190289568 104.2435661336986 0
141.0021076273714 191.5307215901146 0
-6.334578108688291 81.90321474865532 0
-9.364354595483249 79.27756320624691 0
242.0614489278234 118.4981461495489 0
244.7208533932379 116.2569818261872 0
66.32410182284589 165.9499618227314 0
66.57451438315826 71.89066529011131 0
210.4090379111866 108.7227838081946 0
126.6431243439017 21.33836823307544 0
123.6214652899347 18.69967077744936 0
-1.526466257792421 90.4627825250783 0
195.2263491698239 73.10500037126239 0
132.6190716896534 211.8197348241758 0
118.1950185291872 89.56905289338363 0
-16.88893621058067 163.9292995982256 0
151.4678048684516 222.8820648280364 0
250.1232043472682 120.7600233173179 0
221.2442191537221 78.10069577621897 0
81.33623663410827 160.5112908330757 0
83.79787287597725 163.0096788292724 0
62.57687143974193 170.3085494237499 0
34.2811698922367 139.0745876485784 0
31.76153879975135 136.8751034927538 0
32.07955120778591 133.6154934579359 0
2.691235122793771 102.8358167497375 0
51.95728497470952 93.26414504526953 0
132.4518042380831 51.8439994790397 0
133.1919609625613 48.23763390428947 0
129.69372202281 49.40387296883873 0
130.4395457571989 45.79535207690878 0
134.1339471505449 44.05466685524069 0
111.3163429731906 30.38086257552868 0
260.9241734883603 126.8521295204663 0
226.2154973404131 100.9631730568095 0
277.8693798124209 87.03873004780191 0
116.3641902785865 155.952930562463 0
38.05662327054326 112.5974260817531 0
211.6450705321549 98.59204930098032 0
172.2302064909061 -6.585767616926944 0
176.2678327881845 -6.539586684887027 0
150.4238022634428 173.1475351426319 0
217.688065994962 91.31876242496098 0
20.94113502501072 191.6269535106294 0
251.9686547543474 95.14369950995911 0
253.5182292577567 96.15086051727715 0
212.9218541681844 92.75839600833849 0
49.28086022543881 152.0130963357177 0
0.3849600653742158 180.6727879339405 0
112.6559593524168 115.7459910551824 0
84.28873977031364 119.0061770358527 0
80.92245722291506 120.0771550320559 0
79.0089544425006 114.3941931479653 0
207.0515148824317 115.5057428141584 0
226.4092123250722 84.77350882991288 0
181.5471783653543 94.75009380725925 0
242.2976020268816 93.58284538822487 0
241.499181928444 93.18782963747461 0
241.5993447780897 93.91514783202054 0
241.3816216637315 92.33941972700683 0
127.6005308221868 116.9584385743337 0
130.2122358730735 119.2338826292376 0
129.5371213828342 122.635417059 0
132.7836048913823 121.5433541666331 0
236.3126175731773 98.80752324012754 0
236.2807330264764 97.43683435780363 0
89.18671924957351 151.7137503383408 0
216.1992388633731 -23.32719019773262 0
243.0278180866645 93.87661959528059 0
133.4280297510478 118.1027333652486 0
136.0630680252739 120.3773301747373 0
241.6729496153504 90.64837215728124 0
241.4809581605622 89.45647702173896 0
242.6082609587368 88.57113890941554 0
47.66051857790384 131.1868138782224 0
123.7330581242451 226.6601254194595 0
242.4577405787762 96.38061839428373 0
275.7257614829699 81.06567891543585 0
236.9233274162376 80.93842492913859 0
124.9878217957481 146.1698869696215 0
104.1366375721999 196.8398127518055 0
105.9427911694785 200.0413044456493 0
-8.180914009020213 146.5103962763999 0
238.4493291431968 83.39699149154363 0
131.2088633265097 161.9026186298028 0
133.0796607241122 158.653886977848 0
129.0685427102173 165.1037123791528 0
45.07321763316806 128.8763605811449 0
111.8397169266399 26.70478550856677 0
243.3030479318455 39.15158658215601 0
244.3137752277944 35.19487056687412 0
241.4557070942298 32.53691777463044 0
124.9370548356837 171.1025334102515 0
237.3561489869938 87.37589786049507 0
239.1226775328138 99.93994287252718 0
192.5807009870296 94.47117013660534 0
194.7449399803724 96.69778381648609 0
186.820958983431 95.85045221234363 0
64.98501864183029 75.53305477268594 0
14.75925409346205 163.2149334883265 0
219.3116521058514 87.26678873429614 0
217.5668989186388 86.10671667836857 0
266.0013614649441 53.04011606949173 0
156.6491503452775 140.957358838158 0
158.8476629125863 143.7164362866645 0
140.8487999832654 -10.987299250866 0
243.4084462676111 95.03940407442575 0
158.2158441885939 88.56023277247111 0
-14.53031131730496 120.7667816056272 0
189.7797488463247 36.62959720046969 0
97.23115077411732 130.6141055347736 0
-19.50006133330031 48.66787437349761 0
228.6890009947365 83.29530829755271 0
236.601110236895 100.4088017123418 0
155.6417105271906 245.426929843512 0
90.45536282543242 132.6414452550894 0
87.04994873064901 133.7380913899582 0
-8.463393229441394 63.14115351325185 0
-12.64861299231909 65.79484075255147 0
174.8022077370448 -65.73984927185967 0
231.5437644368807 23.62369066148264 0
41.97466444021295 83.18715337238078 0
38.44191668576664 84.07134976699986 0
-16.07139308037709 146.9396524486402 0
74.1714008661273 169.4092653193559 0
28.97954664907952 55.98909345245927 0
30.79145582589685 59.53958171528718 0
16.98670350239404 179.2713916092524 0
177.9967850252056 73.4748605403347 0
178.5916450358495 70.34566103259515 0
181.9057430865427 69.76856233293029 0
193.3073940559981 -73.65310314823859 0
188.1433875745288 90.04328516991347 0
200.0235520079279 33.51434316063506 0
203.0722029067795 35.87572559198844 0
182.681274790134 -65.67078038777021 0
169.8129430179237 159.7184359263576 0
167.7823073261387 156.2787622874134 0
171.5359451037263 156.2069999117452 0
155.3288853307344 51.08551321524334 0
128.7272035005206 171.0118501423281 0
188.0407127481012 137.6382702712654 0
187.6422173958254 141.3309608460169 0
188.9864766961334 134.1236397193025 0
55.70199796743255 153.4481254693927 0
126.9581464213691 46.88597435488364 0
127.782681494842 43.24068488547555 0
116.6639895270138 174.2654417692256 0
261.2665985428337 82.49118463857313 0
151.7944032534414 163.3966030522564 0
198.2796199946627 92.93909315793005 0
103.0764401891173 248.7860840895105 0
264.6467807526876 99.19582161125815 0
47.88619841525778 189.3874430726808 0
228.8488616939424 15.42382786923551 0
126.005613659215 230.6467630299886 0
198.0744894067093 72.54654740293356 0
66.56103376027532 46.54294138934738 0
9.327943061195057 176.3357280448217 0
8.557865153804855 179.6064418012971 0
137.9038501216127 56.70160636692277 0
134.3610069202035 57.51209748093571 0
97.11686179220601 253.2232646788205 0
119.3067560177431 98.39527477108956 0
122.6281994260584 97.26139420002376 0
219.2138981527586 115.3687230299966 0
145.0638612398417 191.4810770022358 0
141.5749470884039 77.29457446496212 0
140.6971695706024 80.61744193028306 0
137.532996897437 81.57772715099919 0
148.9516233809755 112.4016861792984 0
149.4797811406569 108.9283813224611 0
61.86682990267602 159.2570631763663 0
253.3444478684397 23.41810500611614 0
193.3405325208375 104.6143369913386 0
167.574719371398 210.9150022924378 0
242.522583249424 75.70028412204414 0
242.1922443462989 73.35536106854423 0
-13.41527326682503 163.6822896402129 0
-15.06052136302107 166.9003495051238 0
252.6243483734197 43.35971545389634 0
186.5418161381633 -91.22092818709922 0
9.749680675178226 68.84039572266497 0
162.3195805770259 20.02340484651613 0
72.56414064772395 42.24613620607575 0
120.926894616814 184.4128124452389 0
191.1969685172345 -20.5870022775011 0
187.3394015156858 -20.28585418027818 0
135.0981404585058 161.4543720617662 0
147.3855851119459 187.9915791576605 0
210.6299559816875 -32.90139827246753 0
-10.27831745345101 171.9810951070736 0
236.8027188164654 54.22633254270328 0
4.810581378231603 155.4427008515659 0
180.1920835443613 -13.58085748035057 0
181.83738300389 -16.71569109008684 0
101.4635589304457 41.6612562850902 0
159.2803155127125 82.23231390175839 0
140.1003957499184 83.81076581834553 0
137.0345560433958 84.58931745616664 0
110.190262748585 97.89449387693956 0
106.9241398391223 98.88294563109659 0
106.2855475214184 102.188717461756 0
103.6917101291461 99.89995292893605 0
104.3216061069262 96.55932981644662 0
101.0872618340954 97.59810243932765 0
101.7754523120258 94.1842489423408 0
98.53553223474997 95.28233600125401 0
97.79851250999448 98.68417144236057 0
95.30674328765153 96.34225941012103 0
99.2423991910762 91.86449124436497 0
94.51037045798276 99.77000040317526 0
91.96938617453942 97.41791570419115 0
97.11144300150414 102.0713349923792 0
102.480738669954 90.937206513501 0
99.91488092022331 88.44444291657713 0
17.11344571301355 47.54802040106061 0
20.89103685101124 46.82717067289067 0
12.3760843654628 48.07483249508115 0
256.0601327280714 85.78191514675287 0
26.74734911061721 106.7039729601197 0
267.8592758913031 103.6925675696032 0
17.62143878411391 103.8919783714344 0
13.95800745071293 105.0835681143658 0
-3.636296347519917 84.25190055311731 0
-3.600494929096627 209.086485479921 0
124.5635272481179 14.86531969232549 0
221.0769834757157 -12.3024947193511 0
217.2039931920862 -13.73423767903788 0
19.73914349743566 178.0865254614828 0
254.0686190316499 85.12259953989025 0
24.28304114391263 157.3616293591326 0
25.06899953288458 154.3308433125368 0
227.7696874105531 89.18265236622135 0
229.3431515282236 89.86343311743332 0
226.1360526115218 88.19124745334705 0
166.6973444402445 -35.71196983983452 0
198.6740433723815 -28.06484007900342 0
43.35488950810149 55.41380503776785 0
47.0102600852538 53.9262895745105 0
220.3723760320016 63.96798111254731 0
-13.79160779363617 177.9771843070858 0
216.0571295944963 50.9701354542546 0
77.32898047124161 218.9868132694325 0
72.80593043908833 218.6748157751352 0
75.26242557193862 222.9309490163801 0
252.3985264706465 79.85672554146541 0
-13.32202940501013 117.4052372585113 0
3.21530033910561 99.15937963237798 0
153.7212217644812 248.915480628251 0
198.0239681164302 -41.26635125647644 0
199.2956691206607 -37.1936331996535 0
-2.824024294424348 181.8534667536927 0
258.160797006148 86.6093140050618 0
69.14263304635844 203.4742132547904 0
219.0742924352991 80.11841384752448 0
217.0471559839051 80.54567520391841 0
36.90350934038092 56.377247219533 0
214.0244222726619 20.56224802594389 0
61.04078101169115 55.24187062230168 0
64.64613527173108 53.40459361240528 0
164.5673197725855 119.6569961356435 0
164.9925599402198 116.9284678577656 0
168.0851806364564 115.9343120480627 0
159.9565146576054 140.7108800135502 0
189.6016208669581 -75.01163059200172 0
114.095471177565 -14.25674376968524 0
112.795816371346 -10.52346071778521 0
108.6541980341279 -9.53544087296325 0
117.9577579074203 -15.23634415396734 0
119.2996610242651 -18.86300480522394 0
121.7625498118161 -15.84260039712804 0
111.4018463942171 -6.665490591907741 0
107.4511528713023 -5.728955308283105 0
109.9883413310063 -2.795509359707921 0
106.1203695955493 -1.883743808541652 0
103.0273142118129 -4.907199564908012 0
101.9055153718515 -0.9824557089216768 0
104.799735353688 2.21451206995981 0
100.5827029244299 3.121274318832008 0
35.87881717341988 107.5255869069894 0
189.7976014840299 124.2950694141054 0
172.6191201206408 163.0577009234797 0
65.74069670182411 188.0609457718576 0
141.0523587696943 22.06099331546707 0
145.0540532341076 20.84790296709619 0
-22.45611935891041 129.9057235241354 0
243.7110269393661 93.44339082894358 0
267.0050784209363 48.92798629336582 0
250.3172989147891 94.3451590801882 0
250.2344422882277 92.60122259109191 0
-2.35311399516111 162.8810302995312 0
227.3528015794131 22.66657737780639 0
264.6631891336624 56.52146376472773 0
239.5658135384445 80.18799102845458 0
122.1914058542185 246.7696201383693 0
120.2038117274497 250.544791589456 0
124.4433426302216 250.6278407416785 0
122.9457327066405 254.9748313515543 0
127.2484157210718 254.2422919742397 0
166.6767209401435 125.8172823125238 0
90.07005744219242 160.0442129436973 0
240.6210674997673 106.4711265100805 0
41.34905932002512 111.538734995278 0
43.80612845025485 114.2123689936154 0
70.50910555389287 213.0140871660723 0
192.4982464573659 107.7089902964407 0
155.6163703254547 -19.45507243939988 0
-10.09767739402498 100.1637116161509 0
-10.88024779264209 103.998312521045 0
-8.10975150427889 106.5560554747593 0
-11.76078689654541 107.8181875098128 0
-8.948213084185468 110.5880276406765 0
-12.37483792470432 111.7069531561461 0
-14.80881187082592 105.0114272400307 0
121.0725600025413 218.7654585124287 0
32.65217935527907 198.1917127982285 0
35.63024994620704 198.4012174967842 0
34.42007087074752 195.4712242702054 0
242.6674981003004 95.52930558393555 0
241.9592495417639 95.81953522157178 0
227.9275027661965 91.07306502192971 0
121.2207774892167 -24.80827854584217 0
275.5396571913632 62.26745549443016 0
276.2417332318841 58.55337093723066 0
207.816804970445 54.02405997562786 0
259.6757161909227 47.85182936498398 0
216.5207488390466 117.8919146876815 0
220.7932148679041 118.7684550387707 0
217.2935496460064 121.4550057948079 0
214.2653452841396 124.162616786212 0
217.8783912477969 126.115712464009 0
118.4681221256638 177.6557386484248 0
-4.515970291920368 159.7003486375003 0
-7.730702976751715 157.2280773480766 0
-16.42837074770206 62.65764769827654 0
206.1142068849987 80.23647505095832 0
204.2355545674146 76.17323114224924 0
137.3302656396977 22.65507435763661 0
-15.75690344943492 124.6056310900624 0
1.328996073221674 92.88418643455225 0
244.8126908745286 119.3018684212969 0
-12.64033897594003 80.72251603348475 0
-12.09222937806852 76.70887063047837 0
-8.757747690205079 75.0078051478377 0
-11.55910709394091 72.61126610912521 0
81.43159590434215 218.7420219967065 0
162.2131880096868 194.3342727846691 0
134.3775310078529 82.46065630806663 0
235.9159937730227 116.2288590378796 0
235.6977311849808 119.8868402395009 0
29.06220812638115 134.5775909638565 0
165.2633880121757 113.6420460171921 0
168.6668455715058 112.7604350516852 0
166.5046916368044 110.5345596377298 0
169.4637508209705 109.6488827304123 0
167.3695553876604 107.455019017784 0
-15.11611245885966 74.65485428641705 0
159.8891202952637 -26.76353488282979 0
155.0232134899102 -26.97355558058719 0
29.68493989717355 131.1707307529187 0
228.3739217985606 -17.18407513911788 0
50.52636631343925 67.73135870995407 0
49.56855113137712 71.25486855757208 0
53.3297778671091 70.36302248663976 0
170.6282384885745 51.11797217307118 0
171.6290964919043 47.74257228502486 0
174.2456310120189 50.37484179290023 0
175.0390291401293 47.23948746037495 0
64.9901233689973 79.49363167237433 0
68.1240131817533 81.56298263412185 0
71.98815554237395 81.56357683890647 0
86.71041426153121 68.97758540924664 0
202.9495664645444 -36.79155548416267 0
224.3352248702191 129.3030736484213 0
148.8094286867176 192.10801322937 0
268.7272586232431 56.75470655623865 0
159.8418628543055 78.96982569142835 0
10.95861232854666 64.80931932504706 0
7.914957927893951 62.26987903622865 0
244.0553097781813 71.95364742678547 0
0.06333034490404543 184.3519869651934 0
174.0049670196559 -2.394371579427442 0
178.4072684789688 -3.196064165809517 0
170.5251747508819 106.587065886041 0
143.2556642518669 83.03809855252995 0
246.627719175712 89.19891083999627 0
127.4056667607455 275.5546337432724 0
183.3169247967792 -50.858700565736 0
187.8340652242201 147.1196391763264 0
205.8595128451381 139.3601352902529 0
52.61909347025059 151.4937029521748 0
53.64210895455834 147.7312185582354 0
54.28369588273209 144.4161790854505 0
121.6050233261921 171.0536277639233 0
98.43578829842527 -3.760938368392431 0
251.9288380385955 96.85040061282346 0
34.91455988383144 129.5655225056978 0
-21.00426556505114 134.0956404834974 0
68.96602954702666 183.4658782148319 0
107.8793416758476 39.26028241192097 0
136.4681105410863 146.0388091532425 0
134.0620276126249 143.0196957140786 0
97.67343608309503 41.62054097485594 0
96.13967360105829 37.87695764599924 0
241.3192869487012 83.98163836867751 0
103.6309299178144 6.42213991169686 0
99.33069019622441 7.284448831445303 0
102.3839518084066 10.35786559065752 0
97.81525002288767 11.74149770699429 0
96.25477193649576 4.754961449720497 0
234.9012338220581 98.20114373578194 0
234.8585552523469 96.52551076566965 0
136.6084008453383 152.399560108055 0
245.9563811514296 97.69463112489703 0
215.1707952903207 67.9247894170262 0
212.7033824086083 66.54694840981003 0
213.3982824138166 63.42600027354562 0
234.6961532028895 52.04884368325217 0
100.9611359584733 153.9494432350936 0
241.4835761215708 86.51064052309552 0
184.8121444791523 -54.69943230732085 0
187.4871993465161 -51.35877477805329 0
257.2666106965007 66.90656994165212 0
267.9468209650273 107.1942242582211 0
109.906270697453 36.24518513582234 0
109.1567621568384 42.27642130569689 0
168.2426874921634 25.23325975222582 0
114.6970393689808 150.1209013266098 0
192.918021306461 133.3149768976226 0
252.6774168057987 99.59052699924069 0
115.574024521689 -7.4822865697776 0
-3.446564521581237 201.6132692813512 0
0.6120301634526157 199.3862246838223 0
198.1267333985444 -72.89357226249297 0
178.6042183903514 -63.26335296051337 0
126.332270738803 -16.94367574585077 0
63.10776425420585 218.8211179115672 0
179.0023484362919 -40.2031853827967 0
129.5718457779687 24.13832688048018 0
156.3474077121569 234.057323420313 0
136.0848242603468 268.6390915714772 0
133.5235808933772 271.901248898879 0
51.09945483335495 58.74418349059091 0
123.6465904308827 259.782319921474 0
266.9417263969427 79.97698791554718 0
244.236918766402 94.59798268613417 0
-12.83649046647379 50.8942766938715 0
-16.6408967408647 54.62466247411298 0
36.78213849318011 201.7180330867983 0
39.26800925543128 198.5984737727291 0
239.8261179166523 92.354584954665 0
141.3157124681456 261.3768710040925 0
99.03575350627297 239.5792071031956 0
213.720343203134 49.14950752241263 0
210.3495039367364 49.55213113780523 0
142.4256757180753 86.3024698213144 0
137.7563663454819 272.7631831986582 0
228.7060529221094 65.98175273920521 0
230.4484163305208 67.80176527864366 0
229.8333386780676 70.09175193990819 0
258.3019718174692 27.24534850687476 0
235.231825837995 93.76900899545338 0
235.6270112494301 95.18675329308931 0
233.1360004705024 96.0228066805545 0
161.1172152860689 170.084604420669 0
-12.16841306091125 123.868003547941 0
-16.33365640922297 128.9152517829603 0
-9.307719052452271 127.1435132905834 0
179.5481722254488 67.55386786278274 0
176.0903143446474 68.14510049864253 0
170.3877892102618 69.46434484925678 0
-0.765263278306648 58.89827852922975 0
3.026714001584978 56.51296104351096 0
122.7248008693693 222.3351211854249 0
126.4142478083221 222.6922180197023 0
47.8044732756036 110.6078441141251 0
204.0853661206089 32.1060592412397 0
76.98454555629033 181.5968072504515 0
77.25245646947897 163.2884190058696 0
74.074380818994 163.1052382801496 0
130.7407212294452 142.9678627421389 0
247.2224666756244 90.68299351485459 0
248.3851307354319 91.06212194667978 0
138.5328216613773 265.112920789863 0
73.73301718733191 181.8378497049001 0
75.2593349517158 178.6708291911941 0
76.84985837440311 175.4035492120445 0
129.738021250742 5.713833458943014 0
133.6242600095376 4.73705401885357 0
126.054832791145 6.925702190487456 0
172.4998438534523 44.34272759805481 0
245.4441847517746 89.73132934549429 0
169.5889317423221 152.7051835167044 0
84.87978709944164 71.92018157962688 0
81.2864206884323 71.85659372765913 0
82.89058549507811 74.98454965262499 0
165.7322879119179 167.5123859535453 0
169.9199894111543 170.3870374032367 0
201.8522809713759 -30.25434287509812 0
84.04988894780723 222.1442025369547 0
-9.89036691472127 163.3491415089827 0
167.2226194693216 70.49325117030499 0
220.5894343589009 88.80865323547351 0
222.7345763556631 88.24477566855018 0
242.3849567794553 99.79157830463404 0
252.5674268596141 77.17400893235575 0
250.1857585126306 76.93948474660525 0
235.2677124326102 92.21958236077995 0
20.62381118730825 161.2237401213731 0
152.5541715924653 48.74628594950865 0
51.34523276519225 109.9086430091324 0
54.87530898936568 108.9967789363207 0
52.28394423063678 106.4042242654635 0
237.8719666707865 47.50683407298237 0
243.7714397720308 87.69544494267507 0
107.8560678547013 5.149731129510414 0
142.0176008430207 64.74915540157963 0
257.094012794273 42.11889452328805 0
240.7566741185742 100.466773362435 0
120.6010564953015 15.92916893021803 0
228.6998008382668 43.46615263096245 0
228.0180211567124 47.00743454083058 0
230.2899799908661 49.41372201765824 0
225.4040226907932 44.53053642798056 0
225.100755517226 48.07299244166592 0
23.5565048764623 198.5058309037899 0
20.10621258796404 199.6228671122714 0
16.8548110085421 197.4489447447492 0
13.23203969016366 198.7782534426609 0
19.96257987391202 196.0274503321774 0
13.97373329290724 194.8992480759799 0
188.9851750986359 -54.99429609494874 0
191.3392291700594 -51.32393417220783 0
96.54572044395171 159.5005072788391 0
12.25164271175859 202.6940229256639 0
144.8405999652255 120.294233070217 0
148.3068111889602 119.4356587123254 0
141.5279492704215 121.3164684001606 0
233.6893772975207 105.6054020708965 0
235.5036782971891 104.3889669752 0
171.9948537980281 111.762923590387 0
229.7436817621883 91.7009134012348 0
233.2708965896198 67.02800633443475 0
161.9784125998597 117.9585492126194 0
248.6065405096178 72.73445084554201 0
271.19468180223 97.40215450276862 0
268.0198969059052 98.28925398335878 0
200.7121057191391 46.87225680011431 0
87.30304152569113 56.64374544963844 0
85.33045097423563 52.85632997636379 0
90.39006888712524 57.19891786979813 0
140.98332784932 124.9152913197018 0
244.440535995985 98.73894344007286 0
210.8973161763906 17.68585099056006 0
217.525580252891 94.00949436771751 0
258.6159548128329 90.47213514187372 0
135.0971811912585 214.9569370039246 0
239.4537680818744 56.35992787175378 0
155.2372349667169 217.3326077989981 0
155.5305426950829 213.8221759615023 0
2.054424719372065 106.3914199955929 0
5.284784455434959 104.9900592756708 0
-1.54604127122262 107.3952154859391 0
245.3564972606995 110.9406008000333 0
245.9041706738838 107.9386064082692 0
143.0882139972646 61.36992903197762 0
144.580139279912 67.37884608561484 0
240.1229569004562 94.57792040322033 0
218.5110087619654 62.07585362901633 0
211.0848480873 95.95149976259701 0
115.7380656210335 250.6505452688576 0
203.2321741607324 73.95884176842344 0
1.854132085185611 89.02455416991614 0
-15.47549254579887 95.62034744160819 0
251.6039737122349 91.43229762334396 0
51.57150701973255 198.6142118301404 0
50.74944407932281 201.8637283640782 0
157.4648542586633 173.0263201587738 0
80.68651333288096 181.3625239020901 0
82.56569994377537 184.32431674439 0
228.4918045428017 -7.530325866270516 0
231.8196435647731 -4.323858319110641 0
248.8944099061627 103.7719315551724 0
248.2890672777838 106.2964974523343 0
55.596896178113 105.3787563790005 0
64.49219900072818 198.3872296227399 0
165.7115754026011 152.9086949269209 0
167.5779787611922 149.440464155424 0
163.6711860066897 149.637745354978 0
159.534829807942 149.9675972635122 0
187.7590923051572 -81.22499996733359 0
229.3562285785262 63.23646116291796 0
43.13651461328315 154.2345614827839 0
40.12134852193718 155.2384691001124 0
39.48807610159659 158.3738454248015 0
258.864790326629 108.7026966215392 0
262.8591828336425 121.980020732054 0
265.2483213715631 118.0254116420442 0
262.4910550067389 114.3162830889196 0
226.9740172783141 108.414857709908 0
136.784630262219 261.3382526635493 0
134.931013363981 257.9066508053677 0
249.7744458033951 90.77409749373936 0
111.8638750017934 119.1164208940563 0
-18.59902589144859 167.0755444549364 0
-16.3759832950834 170.8189177392295 0
22.87355713172539 151.9618609978518 0
240.8589745108119 93.62801510244293 0
108.031818854459 254.0100074178008 0
88.47384832721855 66.07114318445592 0
213.7551637246501 -30.14954742460563 0
215.0159790054695 -34.36428913429205 0
248.1475154273166 126.2618417482074 0
160.4457967122017 209.6776502203281 0
119.5580714595064 126.0003685822249 0
174.1803011442484 -61.50279511893063 0
178.183317246031 -58.67246060949114 0
221.0614542340236 123.1070359079042 0
251.7450677081246 81.98160047684111 0
205.4728840134672 82.98500503257773 0
116.9753407648092 123.6949488948961 0
97.34508186805641 256.0172790251167 0
138.9166268064026 19.22728025700906 0
227.532060549739 70.79488875043759 0
226.8328645837503 73.01849436634811 0
133.4444060731988 219.3909377447249 0
117.4158644203315 -22.6476231542071 0
224.3480706688418 73.5914488658625 0
172.7790857716441 132.869255984688 0
219.9255595998055 48.17164179765664 0
228.3463321301475 99.73264273434441 0
84.96842572467133 34.42395748461617 0
89.74441035267894 33.34601062486124 0
90.75422388130022 28.73062008027659 0
167.8737670017927 67.01879644497583 0
163.7851118351846 71.26280397841008 0
148.756955788832 -20.19549499811509 0
20.36444508023718 175.1564251160381 0
228.7191903649694 -12.38403973161354 0
169.6192916550296 174.9761444667846 0
234.0723124687223 49.00505961573426 0
37.86794937525374 184.3868738367717 0
35.85382281319367 182.3232946972366 0
36.36837154638296 179.6222614380819 0
33.73512117641842 180.4629382432059 0
34.14698388963295 177.8021931576115 0
32.18902251470642 175.7748780857981 0
34.78872717641588 184.9653323869012 0
34.45943199633375 187.9812710722877 0
36.38041397067143 190.0453028201531 0
33.7124385812858 190.6615521060596 0
158.0560478828349 53.55348645334152 0
157.2874282156449 57.0775927433336 0
244.6907711109158 68.16709549657669 0
106.6786539491312 227.3588962990034 0
104.5990817402009 223.5984174761259 0
109.00188287822 223.7188142876058 0
106.8780673548926 220.0955113350649 0
103.2277020268356 220.4463785425935 0
111.0829214204944 220.3477949141862 0
113.3654987658862 223.8545192519604 0
115.5214167327465 220.2216764395036 0
231.1645669912838 78.60426006117814 0
255.9410240407421 46.26295256103882 0
178.1974447790418 155.1104088278823 0
122.2668363656896 238.9744151784761 0
203.8797436773571 45.6811982116045 0
204.823483107007 42.18598097691897 0
135.3478168533487 123.819724819179 0
229.4075158576131 39.71582143602099 0
165.5612025628935 186.5244999736967 0
187.3669172891385 20.01597067061726 0
197.3591403675228 48.03160020664236 0
196.6629684032351 51.49525648483603 0
193.002546720692 52.37235526735619 0
195.988900146065 55.16693540428539 0
192.1797905593631 55.72232851426152 0
188.5084170565604 75.80420719922077 0
-19.80842775209352 126.1348533491819 0
122.8783287403067 187.9431520815422 0
119.0947473248891 188.1989967498061 0
-18.64722972263694 83.46238192749817 0
183.9345486706964 -84.54792048462724 0
68.52798513958791 206.9571636130169 0
255.2298396752269 97.36930664460037 0
73.8931157856866 78.46650136092477 0
77.51755026876187 78.42888018430969 0
75.57638378754332 81.37850609600494 0
-9.666501710329939 114.176842260863 0
163.0857550769258 202.4008860405845 0
148.5000189853002 66.9069369167954 0
262.4423033118895 86.88623233402582 0
184.4218123455556 -44.20520063900216 0
219.6539931231403 76.72559259956618 0
50.9034260264098 145.4015052285526 0
233.2830977886413 97.7898337375028 0
235.0167412487719 77.726208372241 0
161.1523299968611 146.6154814261103 0
-4.072792308263431 192.4192154457301 0
3.298072028961442 52.22545121772862 0
128.9043224525829 250.2521748388906 0
180.475959388262 -43.74403075046865 0
37.66138211483555 152.9546290197414 0
169.8985999236347 18.10018156933022 0
12.7591181975647 181.7258809994412 0
120.1031947640497 20.18213009269387 0
240.4224700583502 123.8297093719841 0
87.74623100830755 25.63138138845528 0
92.09736091765097 24.38855132066956 0
93.30123365416273 20.19598543635065 0
90.12162401362249 16.74473768813306 0
94.91648979301429 15.96940863689916 0
91.99371400553034 11.67175600346314 0
122.2187341985443 128.2955194743656 0
64.68611467299993 191.3278145943264 0
63.07109351224675 185.6146372008128 0
63.91865326142291 194.4660817003497 0
60.64427406059656 195.5947851582462 0
150.998186929764 -29.67173028523095 0
161.1710885064155 68.96233166675597 0
160.5017647417562 72.33380571600628 0
163.2912073298782 74.67519118280202 0
66.44175517630761 162.6071596295936 0
43.36899043476781 79.53153037178711 0
232.6821328652813 103.2336772350786 0
143.2183394039613 235.7924234086539 0
141.7919303208013 239.5975377057193 0
199.5764682937411 67.46634223960544 0
116.5893569442893 -11.54924720372347 0
242.4857382757687 107.7755466902213 0
232.4617829612154 80.17219864958575 0
174.5995537208975 64.82529100563846 0
214.6889790295965 72.38909501589626 0
100.4399322497085 223.2472247230715 0
97.93104671819268 227.1232496187068 0
249.0831745984258 93.46230607286017 0
165.5783880777874 146.2194573198188 0
46.156681692151 153.099969423789 0
69.61563089541056 216.2818955518932 0
164.4070316049906 209.5956273054584 0
173.6983513259942 16.96250018780002 0
224.9819117788471 59.28060417979081 0
224.7018595627929 62.2915371624778 0
123.2794801434923 94.0305328637065 0
215.6938560265986 78.48803712240701 0
52.77979783014737 154.4561422592095 0
124.2524005657212 44.31163874321262 0
80.2515260059568 123.567344527917 0
120.0869496323901 235.3104874804789 0
99.31629253185764 44.83986619672149 0
93.840567530253 41.94610106191546 0
33.15779423009066 105.0172100342394 0
145.9564538751235 183.9275045115328 0
193.8795753818532 69.27514254194411 0
160.3350388810678 245.9733794469006 0
34.90185837664835 174.9257776936276 0
29.98964289809992 173.7172667772213 0
243.7145306130209 89.15087448195874 0
245.3798904644734 14.85588959825932 0
19.19848608194681 96.55342026594347 0
125.1311476020455 -26.74103033805324 0
107.656370795826 147.2363614924008 0
103.5117352411696 146.9920849537376 0
21.30185320968801 102.438984703705 0
33.81111813176052 101.6395880753386 0
136.9300753397241 158.5558146313019 0
57.22026575950125 127.69775903193 0
240.3202288886717 95.58247351418771 0
241.0694462743639 94.98007909924809 0
159.5523436584041 125.4447158108798 0
162.924327713656 124.5045543799253 0
162.0203443988916 127.9694023726467 0
238.6956915943642 43.93539904042711 0
105.3471658333396 42.57706961420638 0
190.2322117542242 49.87651379927341 0
186.3204511631829 -68.26478643101632 0
205.6884479716599 63.01475614813378 0
208.5632734649145 62.23785363839818 0
209.3828698334866 59.32634905005166 0
211.3725313744271 61.30083475471773 0
210.5361266978585 64.26007484275486 0
182.1501922462036 -69.57723787952693 0
248.519293228159 44.43599344998364 0
157.7905511288016 70.01576773054879 0
70.53525561138309 225.3955615792222 0
157.7409478135858 177.2615528441052 0
0.4288332444563991 207.5292968371625 0
206.4070014582873 77.53540745991201 0
157.1282551640866 73.48753579663254 0
260.0143147063591 69.40949627645605 0
42.02429849628298 160.4983821706958 0
41.50708065204519 163.4896319690977 0
43.81749567049719 165.4957545294261 0
39.1289744153938 161.5040308198969 0
38.56858436831179 164.5641825142532 0
36.64861467292215 162.3803922697011 0
279.3157631835062 71.07824576627945 0
275.4626119225921 73.05396400611463 0
276.1074355737716 68.77938191181617 0
271.9121451683102 70.79520362530188 0
207.1561250609544 57.07243519446557 0
188.5189470831772 56.74542239078261 0
203.8732782601542 116.6854287206097 0
202.8094904659397 83.73168933014244 0
204.8731124190105 85.74652100860858 0
211.3636403165842 68.88740008364486 0
69.50215352934806 164.8338961612744 0
115.6704507780153 235.2042255406866 0
15.48120773794757 160.0699977694901 0
227.5666359326193 79.57162605997252 0
153.4442645072213 147.1365030330353 0
181.2176257284279 62.06788596033491 0
67.02448396887331 85.63212015057417 0
153.5313969151157 207.5138008490915 0
52.28221467017261 192.5115941370517 0
243.199625728109 77.88419736294132 0
222.7881135166061 79.35311406249173 0
-4.554101599974459 60.99127826172536 0
107.6769545510407 28.35372349433068 0
-24.61590644579731 145.4670391891582 0
256.9803109921871 129.1418037718896 0
29.00991581989619 169.1722478649752 0
235.9474567217048 86.701410652447 0
233.2658253519572 113.9974600821013 0
43.06099395939685 138.9947308557549 0
181.0360437254916 139.9671804542908 0
6.117809580165982 148.7725481931959 0
8.651146595743413 150.9371147821724 0
228.8424464602837 80.78731831647252 0
163.0086866222724 -34.31722306909006 0
166.2374725060463 -31.39872501224363 0
34.74184916904564 59.90219861567777 0
32.43714308194161 63.11627558602045 0
27.80361615584454 62.94740365234224 0
-4.974387467583071 109.6178474932374 0
222.1469509808449 42.37410448624649 0
194.5104796829124 21.81226847667239 0
197.6515156561537 24.67279831007818 0
193.7821303932487 25.870190952421 0
196.6825890426725 28.65391138637585 0
27.20150227298977 173.0470072589699 0
8.751208675440665 72.67846615574129 0
12.35378142629814 71.58277376165375 0
11.47402167682449 75.43348659961777 0
15.13966047534254 74.2419225310105 0
14.11938638075308 78.16788056241427 0
-21.13755177621987 52.89231169353615 0
136.4608111226908 101.522900675697 0
45.81690104893907 72.3632507225216 0
48.31981372108631 74.79556811174811 0
-6.236553687609913 129.7415406422118 0
-2.815140486430224 128.6998345440728 0
0.1831446601700435 130.9222609841151 0
0.5210768984887011 127.5201106592604 0
3.64541343398632 129.7188050885105 0
4.094743772316875 126.3331284640948 0
7.076852812438901 128.6784655530991 0
6.446127767876661 132.0941893257363 0
9.748756936955004 131.3391733864303 0
9.158338892362693 134.5490895711782 0
5.76840515027628 135.7885401475185 0
215.8244453309843 -18.35424474760693 0
184.8606857586088 -37.45622239533768 0
246.9552401073752 94.73663461451574 0
190.4423297619709 92.32421047523293 0
75.58611533556481 172.3564366377373 0
50.71823847869967 51.74132528603749 0
101.9662213259196 162.4698064479233 0
195.7916719102436 -20.34401095894306 0
12.58572479657998 146.4592175742731 0
133.4207597505255 23.04743828644871 0
128.6218821279003 28.14945554969238 0
237.7152335451603 4.544040208159416 0
233.0508580007748 4.075028451706075 0
229.5739437026038 7.955114146936793 0
31.1100778301623 171.0120925929406 0
49.68925469911041 103.7804070044486 0
209.8574254374863 39.13636606875751 0
235.4668705507545 24.53517715638685 0
239.782968131017 25.89490059213074 0
255.7878256523643 83.46724031906668 0
19.14464144744427 144.249713293704 0
39.98941759221242 53.03734509837232 0
222.3543564044306 -32.9683389738729 0
195.535085259411 -51.05519412745983 0
46.71273694164954 164.4978109267939 0
46.17670721777726 167.4861333597994 0
43.26563752766521 168.5108670764642 0
82.27668815798336 46.22641377466765 0
78.76004209908123 47.57554578978571 0
75.22311598649426 45.65922573826359 0
71.65526895595274 209.0974861531193 0
67.80683343286091 136.9924535294119 0
67.08540205056613 140.3802431001936 0
63.80395700276333 141.4645932678606 0
66.36266866554948 143.7512684667075 0
69.74082890202985 142.670406075794 0
61.22084597234083 139.1837824044449 0
60.69211871393635 142.5975286231123 0
143.5365084879301 201.8827067172815 0
139.3320906280247 202.6984504606878 0
137.9461465948034 206.6900180854277 0
135.3326488328517 203.4395587294901 0
133.3935069135642 207.2518458861238 0
136.3733761001185 198.9444030557711 0
140.7253077477347 209.9496166924389 0
140.9628782130757 198.5830812635385 0
201.6322463760876 69.29717941067797 0
202.3668555172619 137.5123698703579 0
266.3706719446448 44.56561685810357 0
240.5309477773025 90.3037749477314 0
240.0408425250516 88.91770387465742 0
260.3532059899809 85.06392055785136 0
43.72710984331438 150.8637624701411 0
42.32807046029517 200.66181370743 0
62.6528676241336 205.4709349292973 0
147.0727600671567 107.0108057597722 0
150.0908857803144 105.8447021616146 0
147.7145685137492 103.8873654164435 0
145.3174855982869 101.7313481363954 0
150.7514975065857 102.8518073051899 0
153.0335169117529 104.7178583600055 0
142.190855833094 102.712596356999 0
139.6663393274801 100.4777692460305 0
142.7548967328558 99.45711323496228 0
145.7291194356071 98.45257362729642 0
43.05549944890954 69.66079334845608 0
48.59990374146643 169.5259342545599 0
160.836611582302 236.5664379212984 0
156.7534113071974 238.648474276646 0
188.2183402518539 118.3938743237348 0
122.859409657027 195.1271784201421 0
118.9144911234855 195.1934105547195 0
116.9393457646666 198.8485823557701 0
120.9181599770567 191.6348022070974 0
117.1964620539957 191.5945996277513 0
115.0603505219931 188.250404338597 0
118.9503480684556 202.1041406914995 0
115.0571408568549 202.5113068816675 0
117.0731952092404 205.6146580495658 0
4.826220399991726 199.5532901187356 0
112.3459459608989 22.32661765524041 0
224.0733585056017 110.1184993982417 0
224.4797352036111 113.7008012661595 0
118.7576551388962 129.4219145376189 0
117.9980922246846 132.8571420371918 0
-0.5026363724754077 134.5291583734098 0
-27.20380094643549 141.4577951606686 0
74.37065366263694 106.1187467120391 0
75.1115129127999 102.6511849373947 0
78.50865812364533 101.6255274693967 0
72.53113514842326 100.1429739376084 0
88.21856651577052 212.2638583840096 0
84.07493167929877 147.2750201829333 0
213.1136229252659 116.2262465166338 0
272.1562709241318 75.05129223130191 0
269.3674898449382 77.53931077295368 0
82.97068691497029 215.4964250071972 0
89.94098977803705 209.1573539398151 0
1.581785799578682 156.6698485070619 0
1.26095340916676 159.7870170294867 0
226.9756699602249 82.98160897412961 0
187.644917350435 78.82984674292499 0
190.0662718998861 80.94574617966076 0
189.5235134191306 83.97959704866314 0
186.4847138233367 84.87466056146107 0
188.8831448341653 87.24896209723578 0
7.806266038727671 45.66206846506719 0
7.607564473633246 50.17072345478189 0
11.78363453327624 43.16059353831034 0
42.99893896468153 171.7612020462954 0
192.2553755458023 -44.86463137494371 0
147.1031023886204 246.1894334097264 0
61.99117958122702 173.5895080372664 0
142.4213508068354 141.0042489517932 0
138.9170475305712 140.9142239258703 0
144.2904154348005 137.8232852575289 0
170.5863286125308 118.1120056354952 0
173.1009315823484 120.3403393351366 0
147.7480594014223 137.9050961533119 0
146.2700822249295 134.9904373652587 0
140.8696587483792 137.9202621998211 0
34.58370157721934 75.46045506136963 0
33.53917713437228 79.03181804490322 0
166.4664051227527 88.6128910573253 0
165.947780524078 91.63311324780517 0
21.32456966497803 184.7104532720954 0
21.14066178027521 182.2465269475315 0
23.38011810184925 183.1490058480374 0
60.51764873232501 126.5203672815319 0
63.21429372332764 128.8672852057461 0
63.86120668588139 125.3877099159313 0
7.674465689882283 90.01795756783039 0
19.54472188226684 38.78231296473531 0
23.46490429508758 40.95351254284744 0
27.76652892141145 38.33900691227421 0
27.40832877340407 43.92118977122208 0
30.75574172565369 41.12182540800879 0
185.8447776041855 87.94599232569644 0
47.61551934642918 209.7475553744856 0
47.63403725852335 205.6226433353202 0
50.72892658928482 207.4230394211924 0
86.08494145411208 190.53058907656 0
178.3950168961537 137.5832683068432 0
175.0046815340999 138.9096652826854 0
87.0379900273706 62.84346814417309 0
37.29684030061874 100.7233706893145 0
194.8674614210491 -60.35768736557449 0
109.4943027613944 174.4694420950402 0
242.4321338942373 18.67101023322464 0
39.13919591177755 178.6381299581966 0
222.7711521160946 72.00365576409817 0
213.8682560917663 5.484522843855174 0
209.7443363832045 6.852904628319294 0
206.5099886469708 3.950385104722585 0
205.6556047838615 8.210266493108975 0
202.5120085421099 5.292148927369141 0
203.3056870871296 1.077245065602014 0
199.2772751746082 2.2453680676998 0
200.0953525979146 -1.868781748441791 0
207.4069318970539 -0.3728357799291331 0
208.9091381445584 11.00445908046943 0
204.6123915710854 12.06221488922608 0
212.0813892713498 13.80378726056678 0
112.7046061530573 53.57253972398895 0
111.8588963476504 57.07736452257205 0
114.4317471100291 59.56246268914878 0
111.0066118754277 60.55164100482854 0
113.5562996911215 63.02026290178043 0
110.1514563485156 64.00393104911272 0
112.6916719954396 66.45938251727225 0
109.3038458492162 67.43591656973278 0
111.8380340574255 69.8776029687905 0
108.4587456552054 70.84689220693147 0
115.216170820906 68.91027767626645 0
105.926756798915 68.41376586276529 0
105.0469727305064 71.80783303280711 0
107.6082046300075 74.25063383905704 0
104.2007931664523 75.20247714724384 0
107.584987165664 61.5195877139089 0
106.7398043293122 77.58762329407224 0
103.4091196825545 78.60298750268367 0
102.4485702381887 69.34220238702821 0
114.3437201406753 72.24883962586499 0
117.7309115795574 71.3430546284287 0
118.5929438582591 67.94561801813262 0
121.1008043234157 70.39585802293729 0
120.368022667681 73.65898750146134 0
123.6215185048181 72.81462717079268 0
105.9182754590989 81.02150118239254 0
102.4584167886538 81.90286484388989 0
110.0783206672245 76.66266868080737 0
122.9630644904518 76.33733882516164 0
126.2543737261037 75.23658458142357 0
126.9953500141054 71.89587175629447 0
103.3606127759226 65.95315944954019 0
100.7472678269668 76.07830178359805 0
121.9648300788589 66.99655791104166 0
99.95575620979099 66.9064979916338 0
129.6881364374428 74.35888521884499 0
129.1860920394026 77.70506179120162 0
104.1875884276949 62.46137102852461 0
101.5225405530636 59.92259703417174 0
131.8210255305126 80.09365717216389 0
116.9801737726932 62.04418403315873 0
128.1290349606605 68.52656541181089 0
109.2349056517322 54.55799520513384 0
158.4451123281421 3.395279251784686 0
154.6270523013785 4.700445024827872 0
151.7138538531318 2.164288654659316 0
21.60829460381889 146.4747482547201 0
151.0109555947072 121.95172251606 0
147.7604612827014 122.9424209853901 0
151.6162885351684 118.5762271559831 0
149.1826209088094 115.6811880780328 0
80.77954847267388 187.4878389406079 0
253.673402714763 58.70272401838714 0
79.39654005877081 75.13336793044336 0
141.3900501726268 55.52515101387422 0
132.7342417197027 170.9223899258832 0
58.8801441158859 174.7392456303207 0
31.10749321003381 143.3489158011943 0
89.6657912840208 190.519884668181 0
87.90520639411652 187.3499877526066 0
123.0010808004267 63.56267573216368 0
128.9632415654712 146.0482921398014 0
127.3540818944213 142.9276425601483 0
70.44475636458722 139.2770311686978 0
72.4631965640263 144.9387464364456 0
163.6689327170224 53.18945860255145 0
166.4097411906452 55.78394365983065 0
189.6946198573755 95.09757184827761 0
136.5977437908925 116.9123729505432 0
122.1217156539491 8.407583847553298 0
169.3271163143071 101.5446075110368 0
57.78136223762404 155.636587202422 0
121.8641243846325 152.7810205307365 0
114.8703438941943 195.1954790734756 0
38.49270410282108 125.1325121227878 0
41.16892941442804 127.553529245941 0
61.36588234899068 155.2900841150022 0
199.5487752734085 -17.62447267665506 0
158.4014911052589 47.91698253212822 0
87.46992154215016 162.135483661592 0
85.92471690090612 165.7349086446659 0
87.76969419608392 168.7794907541216 0
90.71202381302263 145.1558736580389 0
231.814990772349 12.02763634115449 0
153.0233442128085 42.67118568442332 0
149.3457444841051 43.8888852795755 0
146.6299463825748 41.03624066317995 0
-7.835317879384561 153.4532228496445 0
80.87885450778487 206.1152845775039 0
82.61883182310484 203.0236074503053 0
136.8579705979289 -11.53543589582344 0
138.4732996475399 -7.647198499880972 0
134.3890158369994 -8.151020960419459 0
136.0971715141958 -4.328149949163844 0
140.149924918415 -3.839310923489634 0
137.7440518620737 -0.2165843969326318 0
142.1202600602922 0.04221372680544278 0
144.2714268226339 -3.422216003156862 0
145.9879021450367 0.3301179724509069 0
148.1453917593011 -2.977334370252407 0
133.4269905904078 -1.166480705660888 0
91.30942525363685 168.7286533512155 0
89.5738326010854 171.8607584611582 0
162.2910751466649 109.4133187041682 0
135.8196166165285 104.7860537529867 0
173.8309366411518 80.43931208189797 0
174.4974015359128 113.9109379797499 0
172.8464861091209 108.6611662086345 0
77.70573913664758 65.55931773541948 0
151.951249081484 -17.31118224049104 0
169.290560982726 193.4415819349539 0
114.5928056469636 159.0741164601726 0
223.4366843755944 90.28462039175456 0
57.45014057559024 85.16715214814415 0
59.93085724734918 87.69463020810151 0
56.58309870054603 68.79233472268443 0
58.93017225015575 72.0233094241004 0
79.21675880667301 81.60996151255729 0
81.04114676258899 78.32291901748016 0
82.94689339814019 81.60195349383507 0
161.511644098392 6.154637634172957 0
120.737879311827 91.80893799328126 0
126.4549929565225 92.8587873584666 0
137.0803003366036 98.26145242436127 0
207.7195800607058 64.98479309970307 0
140.9696240946691 35.8284234281173 0
143.7465676591572 38.47966054597659 0
140.1667143074307 39.37514519508635 0
143.0259729925004 42.2845195095634 0
137.3211855678429 36.79834100245508 0
136.6186135113318 40.67868834926798 0
178.6757130546279 43.46326691486578 0
159.5706912671188 30.79310022613035 0
35.42988877484731 192.7480628529564 0
141.0457038503345 68.16349476951115 0
45.62498303285318 123.0114034640792 0
45.87786611101588 119.2389077585959 0
145.3222481171055 14.90871079709609 0
147.9378099588527 17.7578066970204 0
152.0920277732566 16.37107952402602 0
155.4019679570649 18.79139970066106 0
53.88723482949257 86.17050387514806 0
52.91923391289545 89.73191386705055 0
7.147573504126569 54.31016362560982 0
91.46997392889276 187.3607326189995 0
4.653110888947111 172.5607891441734 0
129.9794669331797 39.1908783340198 0
115.6363560254037 87.31011401334783 0
104.9427845027257 58.98914447022143 0
119.5489806135872 -6.205174373094664 0
-0.496817504438738 49.89981888820273 0
199.3454242325321 77.23228775084121 0
189.9585338378141 130.2188203823609 0
100.5297573198847 202.9268904725699 0
161.7501493683874 227.2902231523786 0
104.1421990522435 190.4777453771488 0
23.35187085808739 171.1464885468439 0
91.83879164122922 154.029497546966 0
42.53408739796699 142.2769307103151 0
276.546688941104 54.14027765612492 0
167.3469254055673 28.99224080006024 0
166.291200767026 32.65658206076809 0
258.3795707221454 38.15845647555648 0
81.56842299010782 52.94857359124666 0
162.365994297921 33.51731970734834 0
165.0866615904614 36.22944748976033 0
168.7856174868019 35.23872070477859 0
167.3953989113724 38.86698937611851 0
176.3832647713842 93.67616409397291 0
75.71530317351633 143.8250042531547 0
202.2763630266651 39.55132579986209 0
182.3758915353176 10.74627804210911 0
181.4482028323109 14.65311402009534 0
70.0240440679014 193.9034470719578 0
63.05910571048173 99.71600077663669 0
57.36898061789272 111.4749517851332 0
11.2353408126002 102.6071638985323 0
10.83001809360637 106.0398893905752 0
13.79898999630231 108.3012046568754 0
59.66246859642291 100.6795083454275 0
18.76107189415175 69.19995096369691 0
129.3261850600004 -1.454969427882475 0
110.9540635526362 73.2005307752636 0
146.1999094521317 95.25762484132241 0
254.9996626417601 16.70566271307354 0
124.9971994703514 243.1036410147075 0
54.65799430799534 211.1120630968541 0
40.57067237075029 194.7737058170651 0
116.9636216465161 74.98468546239772 0
131.3034495707127 128.5417257260942 0
128.7489803509117 126.1593720526362 0
132.0570458694192 125.0243413286165 0
97.32000523660861 76.97629958523264 0
164.0280475606971 -5.838537771605019 0
165.3048632230101 -10.0444775264084 0
161.7911930672025 -12.66314649960709 0
158.0462129688333 -11.48891537939706 0
158.8102015491573 -15.77435921286593 0
95.53890135743097 83.69462703195123 0
98.98619936839323 82.76898961907222 0
167.1516452220249 132.5646181395475 0
167.8907151385219 129.131982464731 0
105.5611574560311 162.4098263330372 0
100.1343325351792 159.5394345777047 0
-4.468522842169833 105.2722145085598 0
23.62127173904533 136.5941122879968 0
110.896177076325 122.5220974646389 0
181.7587929654597 28.82998348195321 0
171.4344745380839 10.3619295981886 0
86.2528638389156 137.1332889633616 0
83.65685590915021 134.8870501319894 0
114.6687299415341 134.0138178605139 0
2.977502272633629 133.334642516599 0
4.988662489458889 139.4993616449467 0
224.2584130855073 14.45386107030862 0
124.9843877145994 114.6846083438498 0
25.03103541516005 129.6742191089369 0
40.75652968012388 99.72202058866002 0
153.4277442666269 87.07924196179432 0
154.9087189232051 -31.34281262705345 0
132.5660060840099 200.6168098681426 0
65.31994504621761 118.5297980980469 0
93.76866196231792 90.54725916570455 0
201.5083455165345 9.163126080517927 0
126.8331607790953 187.9221963931707 0
173.1340718419459 83.52221681295215 0
157.4461482309159 229.1281326890117 0
158.2910850237289 224.437787954973 0
264.2084451585775 110.936468487684 0
-1.974643731854556 122.6379133279456 0
191.7272228883924 -14.77110603323477 0
155.7812218336892 31.77932103314647 0
35.89081950151805 122.8741240622474 0
117.8920349749733 58.58056074205336 0
54.00420534166243 128.9062230629314 0
101.4860813925161 72.7289811512739 0
130.7791027705028 115.8052302540723 0
155.0617466677435 80.67682855367001 0
80.33231451986194 94.62014778479603 0
82.87053171000466 97.0787099351313 0
86.32165740301227 96.03708887760736 0
85.35006301056185 99.54397919951219 0
79.49319353422489 98.08210142996836 0
172.8296743729737 38.71071310022141 0
78.90400824535911 190.687273015208 0
163.5544072964533 103.3660214967299 0
62.84161646022538 71.87126333261406 0
118.8697683044043 86.19664505705634 0
76.03332054722416 127.9729053525162 0
147.4542095247942 37.45686823188352 0
130.7488679391656 174.1400284095669 0
217.0990786448821 69.56405218163442 0
135.0659673757843 79.1951377565693 0
126.0330608860483 39.95746654848008 0
49.2237006522586 120.5541759722583 0
48.32580168333075 116.9872968535211 0
98.79548304862246 123.7221117917788 0
77.32075346137279 120.9815709103962 0
170.1714994250463 -0.3684472185041159 0
23.43575114004307 91.81217899770597 0
5.03940582610629 120.1173640176714 0
105.6712024053828 117.9062721289259 0
109.948135238382 142.0230917290306 0
98.6282991942885 181.0512416640916 0
161.6561965468499 -30.33883982660754 0
58.56703790890755 120.7812041508618 0
179.2948919729133 92.74767090747945 0
96.93608540673284 196.7171961012192 0
93.07298551277094 106.5151898352034 0
18.03963315136649 173.2567978360054 0
100.1453749042905 116.7941939828512 0
187.2105792329428 -27.33767864848646 0
87.88723630994016 181.1342537586908 0
95.6777739587213 108.8266759748106 0
62.80480233717234 58.96627192855015 0
0.233085997548784 165.2717003735847 0
186.4905497124507 112.8431835106277 0
187.0163666014517 109.6943060924362 0
39.86700790399973 90.21767369810193 0
105.9142550342122 180.8707776187676 0
104.0587010087338 177.7795297968343 0
198.7171986121944 100.8253961651691 0
195.6469509515394 102.0173721563973 0
82.87841884767329 125.8750476565519 0
82.04373573656859 129.3172136767034 0
90.24889110149365 120.2153836076792 0
36.91774313355826 141.2582120969816 0
76.37464254549226 111.9852243960563 0
98.3851287335856 162.5512669760747 0
232.1331825896932 89.31532170664454 0
106.1028792948545 130.5076690706327 0
102.853072728801 131.6764412843512 0
260.695631206228 57.16723431687525 0
124.459359587691 102.5569724456225 0
28.32593251575037 158.7875959681074 0
138.9031656469685 180.9368468058746 0
152.3102325328207 131.1006640720174 0
129.2248340125802 271.5894694146422 0
87.96354478090524 199.8944635620815 0
15.92746114078024 182.3770478548531 0
90.94770468714961 116.7813960819606 0
105.4158915069189 133.949775725707 0
71.83009898936029 148.250329788631 0
87.13218343240948 92.56748046589291 0
30.78718240302295 76.44961464531708 0
86.03967493189214 171.9695880073298 0
106.7525412276547 64.96462194559741 0
34.68686723069371 98.20000870279044 0
100.4023665344075 100.9897269551877 0
171.8239866836226 -27.0723745320354 0
43.25953109684215 117.2637566996467 0
67.97987851705346 120.8633014782705 0
26.38219033834331 52.26995997632928 0
24.99215644011856 47.97434136057738 0
100.131527301281 145.0988480821402 0
172.1715405573379 24.48508913918764 0
153.8487929733673 58.18042532707856 0
38.43046101673932 41.46438358996573 0
34.72528646982713 113.7865676904041 0
143.8807936492362 4.082111239438049 0
70.19232564964499 110.5538916807742 0
116.081950895788 65.48652654858287 0
90.14551216989916 215.1928193897729 0
85.68466473707878 112.1399480390833 0
163.8508582994735 39.8529085833685 0
171.2016364207903 114.9200582325076 0
86.13155239863757 83.5679244710913 0
81.12550194362193 104.0327606199337 0
98.99371002707653 107.736764318416 0
18.02877714438878 119.1982013927142 0
87.90989258371864 76.64056934450294 0
142.386229005912 73.93389692123729 0
144.8519161931962 76.27214991474114 0
14.03437636817384 166.3604452325172 0
142.4994423635373 153.8331743037116 0
158.4620502697153 34.49102411614075 0
29.32151713514197 109.1231881587166 0
197.3832675521531 106.8833241324 0
137.6138228448414 69.06819706293575 0
117.920791448482 104.6475272817458 0
79.4725500816661 126.940951653152 0
237.5442463974034 105.1101327603102 0
151.7624962849898 150.4068507241214 0
186.251433681094 66.38413770401571 0
185.4064891834722 69.6444243738564 0
27.31533462931534 119.3294130697148 0
26.08920541796591 94.25475159207828 0
73.44949575101619 96.63580061962568 0
132.5652259117983 137.5942652284364 0
170.080769559009 54.19897497858389 0
131.1120478132634 155.4869188838413 0
32.34225040256639 82.65366572351029 0
175.7495333451454 96.63518226596766 0
126.234463488984 123.7600505543233 0
124.4893630043589 69.45646393561361 0
157.7670251487548 191.0069491288418 0
153.0775639468157 192.6817745545315 0
78.74564090378544 158.2843617313682 0
109.4940113496501 199.9113124681731 0
249.7373879068043 20.90679919429883 0
130.8864859653031 58.34560909910132 0
87.62021635711339 117.8941861595581 0
75.28077368644058 131.38731780052 0
108.8747951155859 104.463919673186 0
102.0220784899545 150.8584042280289 0
0.5194416736223531 96.64793632297965 0
122.4109092977094 112.4420046257329 0
69.95458544202977 97.67898485450033 0
117.7856497850582 120.2796654551737 0
136.5153885045751 7.22103205493724 0
225.5662981743618 5.502142735068489 0
104.3855576066066 239.1471522607075 0
77.18094253461234 199.9753621813917 0
133.479348964419 87.82073332208394 0
191.1774676627639 4.172086938845752 0
16.01953423644611 129.5502370190768 0
76.16712445643049 86.48734528698813 0
60.7251794261807 110.383477362293 0
116.6909432423696 21.38665375508282 0
112.6827540220208 156.1162325243073 0
93.4963812704207 209.105537147581 0
113.34631477899 112.3813693111163 0
205.9924814870448 -39.90530970228045 0
125.7480378584394 53.3279347390195 0
180.3149922098721 100.6551443808145 0
100.2683629894098 171.7449088780953 0
29.48432901584718 152.7659187689167 0
102.1149138532736 135.1099606025431 0
178.1772776864631 -10.08335829306952 0
112.8879055819797 168.5209786568721 0
37.29077319333217 87.7267098542019 0
13.44501518982587 127.163404665581 0
144.5487733347471 170.7779774771575 0
66.58623370594999 127.7850492334328 0
57.44035878828645 75.50563862490978 0
127.6470708338464 101.4654071859695 0
84.98670625039877 115.5784150362977 0
124.3048755874491 -12.73420425693681 0
128.7993195815957 110.2149410223575 0
208.3214576244205 92.17246787229249 0
20.66148025188564 121.5615585425421 0
52.989478394239 61.73304719394559 0
95.49271239505023 137.3055434572375 0
68.41129222075213 68.70604368427131 0
120.3710636884157 48.12931719016665 0
128.1705240568297 13.55977524524937 0
177.2115679556203 0.9519029916640136 0
98.36867637452001 34.62726590761473 0
94.0830624281275 34.81041264407862 0
123.86854581512 162.0498243245413 0
15.43761713379631 84.30582638781777 0
18.98158712484037 83.2760036896814 0
80.37179447165343 136.0210832651718 0
105.9212977993378 205.9818789649216 0
-20.15258057708853 145.2718223705102 0
12.7695526196741 114.513773233692 0
16.20742613150385 113.40355059926 0
150.017961317459 160.1131492253763 0
158.713353302247 85.44153055809454 0
146.6112106790653 27.35497329292801 0
82.39303625580773 166.0830798258813 0
96.76762521398285 177.9818982062011 0
14.65816872018634 136.3776520520084 0
185.7319937490688 116.1695234428107 0
32.7918305072873 193.2043219187945 0
31.05826204827714 190.810616956811 0
149.2448516456559 49.7930168976911 0
24.67812403588657 116.9956051451189 0
128.4877430261494 83.35743845501936 0
76.04212208573824 99.07868879563595 0
114.9432710342332 0.2700171515812144 0
140.6857064745317 177.3896034835379 0
136.3409435569618 26.40804631699109 0
100.5024451928236 196.7378212313945 0
7.230753967774788 109.9372230077103 0
159.1975357456654 17.56299842226848 0
117.0888720613961 35.61922844599243 0
94.65072732395828 255.3111258110402 0
0.2424271174640324 111.7390114949941 0
79.5362789953042 68.70444387337064 0
141.9843734033574 228.4411448277385 0
108.390257155151 58.03508766774094 0
119.5137616002872 64.51881274178911 0
82.95093646962874 138.266790731052 0
154.8122256174871 133.1665547729738 0
111.6860071441826 147.7555530783225 0
242.4848178951224 55.51630367566562 0
238.7841104618427 59.54364672098963 0
241.3978884162332 61.60279518649588 0
7.878742328560477 122.3526456258047 0
135.8976431612123 89.95227201633779 0
-4.335534103973728 88.01436599482295 0
184.4320199772662 107.7111717523433 0
136.7053763294657 47.05478952760178 0
178.341688212265 84.70073484130361 0
175.4079229645437 85.63792629513718 0
105.6448413625827 -12.58947637829459 0
169.0317071678892 45.2018481218342 0
242.9739683727931 84.45631709354399 0
3.557205839691974 179.0484788874777 0
170.0867249533756 -16.72129724069568 0
172.9662775754198 177.3608004114988 0
105.5940154627618 105.5510661519906 0
-6.274867512076966 149.5800434610061 0
-4.947246365333527 146.7178815656797 0
100.5016418092219 190.4516130914423 0
6.424764671895545 163.2226949485907 0
214.0583196956518 85.42458662547406 0
119.2156495662724 142.139874814222 0
70.00398236115501 176.8518188760035 0
153.5355247896014 112.3946853345855 0
179.7908989971922 -20.4135548397463 0
168.8836592987522 90.62483420856789 0
79.03534847616173 203.0434778200979 0
117.9910915472896 152.5457581427277 0
26.11804067766325 138.9039000146876 0
260.3648051324542 77.74316443354874 0
194.3597066642712 7.136078608470143 0
201.0616446714408 -6.349020269621391 0
54.49432025486257 182.1829425333962 0
51.43112768469271 183.1122459967621 0
49.09993898653825 180.8901770429534 0
53.81827215975829 185.4168252491825 0
128.8342342149597 184.4692357940294 0
210.0373067229332 -13.24414590826616 0
195.5560695869187 113.2188886040921 0
150.1652878790291 255.4973210973382 0
64.38229380197762 157.249035825673 0
206.3795100761587 38.42511269227877 0
250.4242738130918 59.41752313916663 0
252.5912000443358 61.68610723952818 0
102.3195526239442 56.46864978627713 0
88.08879639862735 206.0999966699195 0
110.0626395721238 113.4759964908251 0
140.2278205861666 112.4151409680921 0
151.9774824271346 -2.229501126490476 0
171.4523415694823 103.5473764376686 0
116.5989595374284 181.1202039522413 0
128.9621542156806 94.99707591016913 0
192.2276496204691 73.7176005841682 0
17.71290109873264 162.2022909834785 0
180.7794006455827 32.56624334496054 0
81.66331919800277 116.6802346775693 0
100.5684027143988 215.0089192420122 0
103.9337360255641 214.9555016774685 0
212.7259850530898 -26.02314087159323 0
213.8621022541752 -10.61025401413168 0
56.63985246037095 131.1781055043931 0
16.87761685529948 165.4613745969516 0
58.17651632250038 193.3956754613 0
79.68203835409614 56.05179541592815 0
70.32915105049668 59.04007320746757 0
149.7999753538596 147.1905538305853 0
102.3241169844427 206.0012661886381 0
136.9381442437329 191.5439980170395 0
125.392988452876 10.97704388899575 0
28.75350059698901 189.6101391241872 0
192.9597425086385 -3.965931652246596 0
91.66422009804792 206.0595937035321 0
19.96310415896842 79.67927369122238 0
181.3960254310736 46.03793542434832 0
195.4555912472495 -34.82411390087074 0
121.4068683176792 88.44341060229459 0
103.0052440547075 103.2663047628315 0
48.43649630932488 155.2467269821546 0
165.3537476693499 80.17479554215474 0
179.6668116581201 78.66838446232158 0
41.08640099507183 166.5850723944179 0
93.9542189423945 131.6826959712849 0
177.439272242516 128.1354909027981 0
148.9330139028716 219.7388314980906 0
230.7005440617811 0.2025555520760918 0
86.5701192334615 215.3052477635617 0
57.55876729115545 166.5380501165827 0
218.0448774165081 29.1517153763622 0
17.27252860688127 107.1551337181128 0
49.87508705533429 177.7761337065093 0
134.7265404247129 155.4213984988615 0
156.4955430583173 60.63281910752702 0
86.21893383259155 203.0030552458115 0
34.69687520034668 204.6879791449124 0
48.50383147714655 94.2523323052183 0
53.42780159376632 159.4642258023723 0
224.2987461523673 51.19285045656135 0
227.235281398272 50.27459552034748 0
176.0105606730982 107.6779284618 0
50.20319955029638 133.4795430786302 0
159.6702358065365 96.42704903769292 0
157.3588628790499 94.40320648944559 0
124.7262925915496 130.6730332067386 0
126.8307580365903 208.9136163035195 0
219.8191659815503 -4.365751776558184 0
83.36213351607054 150.5810351763518 0
49.41401388599867 90.71769984753841 0
124.2650111494449 234.8660883665874 0
109.2635652383657 116.8409012540257 0
182.7320051226048 -40.62963001791812 0
26.60086809041404 151.259699209001 0
4.502948454554925 62.79208688571558 0
137.6361623473616 240.1309525757718 0
205.9286743599001 72.68702407538468 0
157.6646687373358 7.40699523508043 0
78.61795744734738 130.3613466994907 0
18.32029296621843 147.54404430194 0
39.4525444461274 143.3623231179877 0
192.51167177801 39.1331648901694 0
174.5139926527783 13.08251879475122 0
65.57105952182175 102.2342444044113 0
173.7552296803922 -30.36369183934779 0
166.5216974996572 73.7054750161095 0
265.8323317507753 93.63026099771832 0
265.8855984252393 96.44416328551452 0
19.87164335996867 152.9142244228623 0
63.23241252127977 144.7850453556619 0
21.66222416071345 72.03053411667378 0
56.43543603084879 172.6857738303648 0
184.4908593361113 31.38433479064525 0
99.95227594112316 79.47272073936378 0
101.1965499081756 85.17244615483793 0
100.3691394787812 177.927749132346 0
147.5620391748284 23.8221897318748 0
64.65377664304145 68.67657847208613 0
91.38586872014876 129.3059390762942 0
198.8756853119608 90.15323732207153 0
10.52557999461898 193.2403781847758 0
27.92482982288216 161.7042166057484 0
265.2564239854133 61.73222436743898 0
144.7029516693169 231.8020619932479 0
137.8277520145446 126.1752570728437 0
181.9339957426779 120.4852127045345 0
16.44730067199443 94.08543547034481 0
128.8630343873266 219.1983922388712 0
139.0972562715605 236.2925159747303 0
11.30178377034113 52.87591121302327 0
17.34084022727795 194.1431242332389 0
220.8545857927411 31.80095098702009 0
221.8213383587652 28.01506195751546 0
94.96764083951479 -6.530399876770005 0
-4.292077827963212 172.8937251102765 0
21.41108255262593 57.77365625069018 0
159.9463538812944 75.67303285869878 0
183.2572227717702 114.0076867160683 0
99.70292187078985 104.3602805598686 0
46.95092540163223 178.7202532716533 0
36.62333965514505 166.770407749834 0
33.49335382922494 145.5187175985669 0
242.1829880721102 42.96877824673721 0
174.1082724646476 129.2457532690015 0
77.62836538903566 71.91211986326357 0
136.605457627181 210.6271183475411 0
-17.82044804755706 150.5790673293604 0
227.6349606932356 -21.9227696756449 0
207.2663073147476 98.10834461374243 0
33.80405258472338 88.77446342862335 0
115.3797282604688 130.5743007965446 0
183.3709914457042 -27.33756673976953 0
4.853279408815368 73.72439690508969 0
177.5532956882488 15.80932828703953 0
21.35390915139719 118.1107149960869 0
224.6245251839404 120.887170281764 0
163.7904505420135 156.5272518737719 0
195.270418994525 83.50698428352541 0
250.0969638553206 98.72805775243609 0
157.8385593434072 254.9488427877309 0
191.5730145089241 142.4399559006134 0
255.2574390876994 95.15839375656959 0
73.35578665521868 175.4536706015151 0
146.6263056713282 174.6243511550629 0
99.99044148208758 19.87160209918557 0
178.6126524739877 95.68252066787591 0
205.5251150781127 107.0345393427663 0
179.9574687867056 53.10780991254717 0
74.38078103170614 150.4727933910296 0
197.6328829065367 136.4578881965558 0
84.36242108484497 199.9137327525778 0
68.06114760927619 55.46703030305065 0
28.72453333074358 83.7082823296212 0
111.4044266335381 215.3352684151251 0
196.4889357421573 122.2920268246444 0
113.5645310502156 246.7333989440014 0
10.01619224009482 173.3259392746365 0
7.645975641968789 171.3376419609341 0
64.57879604977558 121.9762320372031 0
108.7553119019033 1.061212034158757 0
-4.595926906768128 65.38245291064513 0
160.5499893580178 56.30397480384019 0
66.0439828019847 147.0574455600808 0
71.15575052968524 151.5371233433461 0
128.1929208602254 113.5721949916604 0
86.12220650337346 184.2519687941182 0
22.69655135938952 95.28864964760305 0
-9.229828020072731 96.46812181774746 0
105.0882107611142 93.35987207322123 0
221.0554241239687 99.92020751831446 0
223.4808670301002 100.6316758400193 0
143.2873927313209 70.62712116194022 0
162.3053137978534 222.5146209931387 0
81.90516147515687 100.5967340476224 0
212.8917038566848 109.9064073348944 0
279.7241334897998 89.43436420665438 0
118.0563646997291 254.4132055564293 0
168.1703145671626 -13.1668496172754 0
159.8998634304883 59.59968641052356 0
205.1732702227935 125.9868909560944 0
212.8941576056579 37.86517881966153 0
154.9803672143714 138.1558819906637 0
214.9092627743249 80.74192391893627 0
119.0237642751462 215.5541862695974 0
-14.98827186334445 69.92715820533198 0
8.12848606111838 154.1186356861097 0
151.6609897768003 134.1635441110573 0
96.40442162858378 105.4488195725728 0
206.2456674350712 103.9640227144965 0
152.7407750549607 90.12665542290677 0
209.7378359970835 75.87259955194841 0
200.0608524294911 74.63386372440195 0
113.2984467791234 205.8176734119321 0
-8.299236409083463 67.24812882953918 0
61.22070321549377 123.0936393253311 0
125.4120028955999 165.1241889581394 0
86.63543401368446 149.512265379736 0
150.9008189773918 6.073768008801778 0
253.176569802987 122.9129784724295 0
144.1107019348835 57.92578106044844 0
237.7413258516938 33.72358861109983 0
10.30206918455541 79.1600824699933 0
-11.37341100985132 138.1492124582367 0
22.55656905683463 163.4438282466542 0
195.2009125519306 3.005599492191351 0
232.0040621017444 87.75956984982547 0
93.79584249646305 103.1351124887981 0
180.9243043954798 97.68764186276512 0
63.17054432940491 182.2267391144163 0
157.2829138880044 146.9427608415736 0
214.4388859962161 -38.6192970498069 0
11.92651334014674 149.6998765716993 0
34.51607197291807 33.86028901674447 0
50.46306080395964 186.7125137787145 0
232.3143305767825 27.81276908315319 0
233.0044432247456 83.75090794748928 0
32.44130863084007 186.4676405683482 0
243.6741686095523 79.83187622358784 0
59.44052810720818 171.5720678484118 0
98.94017905910434 70.19902703562235 0
220.1147934723094 107.1187468000919 0
193.1268286400171 61.34915877072517 0
72.18006651379422 160.3520120701314 0
214.7928522399825 94.46312868123508 0
241.4060657234988 46.49387539520535 0
91.21431572654853 100.8431391730239 0
204.3590050957284 113.373523354314 0
264.4036876107542 82.09270928138241 0
102.3271687046264 193.6381474455126 0
199.3748191101927 53.75573911759433 0
235.9557505106741 88.21099037173208 0
188.9961945831821 40.2454306299591 0
210.8536575919732 91.15799956927823 0
54.77943620103193 141.23416636753 0
257.4770704091421 104.0170808720192 0
208.7877131296725 80.48861117933448 0
55.41416159354232 92.24597642563626 0
218.2881547833542 53.15408444843597 0
239.6562198568801 69.19960142582721 0
207.4662111675992 85.09136883112131 0
243.2814137395383 113.3516071611016 0
104.8235785423473 13.59969628605585 0
125.9450453141657 25.33148858968318 0
151.814688088585 252.2785795726475 0
54.69209793915631 214.2040356955987 0
22.85091122215869 176.9399644165474 0
261.9105614100064 98.36429586354789 0
125.1882193989923 29.63428295407969 0
200.9640940882524 92.06090296550073 0
255.6548241569956 107.8528685588082 0
224.4727082379347 107.1229040264397 0
175.7238957350255 152.1584160485893 0
185.9522775881693 131.8558410657875 0
228.9099701851836 84.87948607754927 0
256.441970342098 125.1399880194824 0
165.3249009030334 205.7474417497799 0
211.9891244715156 58.0592303473499 0
-22.85056707055965 141.1931960299801 0
279.3516517554241 62.14646140899208 0
195.4775041205669 -77.21013207523663 0
133.9677569776435 114.6908479075178 0
95.33677296936153 224.1058406338181 0
162.9247346282721 78.00922395119034 0
236.6213513476061 92.28259134394519 0
15.11974167426472 148.5810322644307 0
183.8814335234041 -12.50618863396369 0
121.810037716277 144.404505601025 0
240.5608412534882 76.24419764680245 0
76.26385624162562 41.52545570002021 0
214.4818675998601 102.3911379618195 0
29.86487771481141 195.8732103140473 0
102.1945299651311 174.7439803577789 0
218.0602336131885 83.99292253176159 0
180.5487239547943 18.50879423212808 0
181.0447613478196 -37.12461929747695 0
102.4537012480612 244.195454855947 0
-12.73236636810178 169.5868471397624 0
215.8814474075261 62.26444623061288 0
207.3912261902896 -35.75896044331245 0
68.98314921258168 101.2047939392396 0
93.84799790801912 227.1302654280112 0
7.067564878074919 183.0611869898948 0
196.0626140573879 -1.014050882261415 0
188.4905179910932 16.21214308286653 0
98.00294523845605 48.13519109999158 0
84.32574748834151 187.4226973397679 0
190.466234561775 22.83684112089546 0
131.1765448789307 42.59408999966234 0
98.77941278323257 217.8236254530455 0
89.64369430923527 94.92106109350038 0
78.32591676403328 117.7306788821143 0
241.4268342557131 79.47686786703332 0
176.1188735965613 53.86529763993497 0
137.275750081848 3.522218222774697 0
195.5193062018934 125.952054798097 0
23.40617187986587 160.4451809208102 0
140.1737851539012 97.23465109614287 0
153.8003579857253 160.1499877380906 0
221.5094121251989 126.7281453286273 0
89.94255119335806 148.4732768565692 0
192.5622976291454 84.38675032052363 0
153.3465010951777 101.3585117870614 0
87.89156265435224 101.9016948149007 0
18.74431418543081 115.7633558725492 0
250.6332807742748 113.9048688279623 0
1.712374663634847 188.0108032760809 0
134.8810364342159 275.9639939670686 0
37.02303848359159 156.1401038225035 0
247.6132555183642 83.07472575518021 0
249.3474640785854 84.06950276437549 0
237.0563630071562 82.65496017917586 0
189.3630686993306 73.1922042872103 0
-0.4970437505236021 82.40149174004287 0
87.69221093616497 37.59641781430865 0
125.8670355823866 96.07129651770444 0
194.1920438305826 58.35259885027192 0
-11.95239324300145 94.06776825090826 0
148.2023006286934 100.5722720555281 0
92.57403849098807 150.777420939115 0
75.66157294712292 115.3795135951166 0
53.18487233226035 204.8064390125993 0
4.323200820540691 158.5924932544176 0
114.3776222506013 121.4080478051674 0
222.1329655026894 65.76183586764441 0
176.0825606958122 82.60227378493647 0
138.8485457655166 195.0619928310704 0
139.6636817091007 115.7274732499235 0
229.2780167893201 52.58161100254193 0
237.9643057777216 73.37103480812533 0
-11.30890622539594 175.3307038459944 0
94.53944707990955 156.5798325341311 0
152.1621416224588 211.4170391777619 0
125.6096054132631 140.0098137595323 0
193.0622404286054 110.4976182901651 0
198.6720593121643 59.85357825124181 0
23.68876475013046 185.6190725913411 0
72.01030058153567 184.5364709227066 0
209.122859652255 102.863163616911 0
155.7182503770285 103.4195334139128 0
249.824334566581 50.51935952208661 0
224.5554053609696 30.84265780389137 0
38.69655254076338 59.99878253566498 0
125.4879876621242 127.2261882309438 0
168.3567601147337 93.62919899941231 0
233.5695759573693 57.04716933934499 0
56.41559752588707 88.71493621828313 0
9.542521611070399 199.6817417415078 0
30.38718368559445 66.42208763933662 0
104.4977624583806 84.48959480255779 0
170.1329385683857 41.38109856051641 0
200.9665532824289 71.93765133635451 0
49.14286957837827 166.5311098532828 0
256.0443893328842 61.097205771237 0
102.3046914542068 199.8917203635656 0
165.3876063046123 191.1014285067981 0
170.9443081475023 129.5461283085509 0
69.20206816471628 146.0398726266929 0
125.1513043334322 99.3455913434308 0
226.8997643864428 105.8065612706207 0
181.1886837545856 -0.2674561845375933 0
96.12916731043829 -10.76904277057488 0
-15.13303831739329 109.7691457031686 0
270.5374120174827 87.4475685860524 0
238.5492455750194 107.2846911741215 0
73.63570793953659 109.5517496792517 0
180.2556730247628 143.4519398885956 0
-5.532202921779245 179.7481894709189 0
-8.186774753854891 177.5327586647208 0
54.87781592579296 194.4421695262935 0
63.66132441637983 214.9751440315111 0
170.4727470281711 32.03113297244924 0
185.4174044023541 -23.90890207898772 0
61.13062146363808 74.97994823227037 0
184.4017317485554 17.37289861697751 0
132.6955587091319 261.1613072438954 0
173.8127533038571 173.2132142705989 0
51.33783738768783 210.6050367062757 0
105.8086649180838 174.6130869768737 0
222.9136973860061 86.0915785823457 0
92.89293512308132 93.96689669131725 0
-15.10817604185287 114.1482839208327 0
232.7294268785332 73.06597020828083 0
226.7735889491237 64.10378630872812 0
212.0640284554609 -21.69261439948383 0
197.390791070645 -24.33973202645979 0
183.8899041076735 96.76806194177161 0
-8.994696430085682 207.1789658784656 0
23.33401428035963 192.0168367932799 0
249.2175977851607 62.18087336083854 0
35.03011632310378 164.4083434313714 0
85.11256514081023 218.4277519971508 0
-15.72128424389611 58.66217999993714 0
128.3763325768153 234.2587496449136 0
247.0340000702103 37.89381322067963 0
19.50381626916031 112.4546521729762 0
226.1618194817356 86.47565890387772 0
224.3788801075558 87.24345519864539 0
230.8580510680506 73.65772346008877 0
153.6717112366016 171.1724966221493 0
238.7844445128286 88.03706533544644 0
241.3731585999752 88.00759319899532 0
50.80320099962709 130.0681843984717 0
219.8700105032023 92.69826217216391 0
-13.89769985770353 143.7610916053234 0
224.5037755607516 96.63488030949955 0
248.5572666936958 75.70886089619951 0
182.2735692023587 -4.287979688381441 0
237.2374281800082 88.82746229707816 0
185.0710554216461 119.409730171177 0
137.9625396459448 218.1455910320854 0
88.72945889336125 98.49060939485069 0
241.7201441962635 97.14131152311981 0
63.27237499474055 167.2372297055954 0
31.47209826229131 181.5312079252138 0
229.4986924422338 72.17373699242046 0
48.30886073522397 127.8608809455141 0
224.1562389870252 103.0052566090692 0
138.4812862135149 122.6049323054659 0
169.897469291433 146.9648079365623 0
116.8078385869243 14.85402138122043 0
62.42003853953135 90.19479222902881 0
191.7314652908769 127.2574456700014 0
240.050521446575 98.85644797066846 0
186.2871523634564 98.78011479947233 0
246.2208867578262 105.6047328620108 0
218.8391583520413 25.48385276306837 0
58.13383562075303 107.8274139083729 0
72.30155287228276 166.2913976688038 0
186.2667982503901 37.73144248236166 0
104.0807791733905 202.9797948321542 0
249.5653766077745 95.66722058537501 0
53.02456243496673 102.8565605640658 0
-7.55417024820828 174.0726569998218 0
77.1451147152691 227.196115746476 0
189.9567277467102 -47.98433269036093 0
259.8893833041244 105.5949018523991 0
20.71378464759094 149.7144977360006 0
148.6416320938885 97.33645634636569 0
169.9798481707304 -30.39083106728026 0
-0.9768999581225017 86.54103389490901 0
245.9647748467762 41.77298400039219 0
176.7646868562733 79.56207237379391 0
5.073852983582455 87.56899907498506 0
97.27303253082964 0.5807870224576135 0
122.7426267812678 -19.04383536943996 0
165.4445054248975 94.58725122444332 0
44.81701682105202 203.1399798060084 0
172.3796204336392 136.6372330862428 0
45.18662616627132 187.5227375294598 0
232.8853201353691 82.1189358975526 0
63.47787009415865 86.68025616880368 0
130.3062599154991 222.836345175604 0
148.1008978123103 3.345847482791328 0
18.40832079049326 191.460959366614 0
243.5569830781884 94.30892691748939 0
47.1861872068724 114.09582290554 0
142.8712576637707 180.6353266424535 0
183.5640761079334 -20.24743291278645 0
12.21498808677715 190.2210777087512 0
187.4343749332448 106.6677683909679 0
256.5386838190046 89.78497571701786 0
24.50733790885378 195.9630615672924 0
241.4577614241975 71.06308428832423 0
11.25831686512718 152.9158971753739 0
123.0354854159695 22.78687948056572 0
189.0595098040524 97.89294154285507 0
21.9140869049986 98.92139900476556 0
228.2198493211365 97.78403868173851 0
91.11553219658053 36.64526947568663 0
-3.223091200846355 80.16362237086659 0
262.0895128737032 79.93618898873916 0
207.3785829778834 112.2361001558548 0
-7.883947218551654 160.7366508762654 0
69.29204851628499 88.27759997215995 0
110.971141437632 250.6573284020156 0
34.90691517608469 85.13145167842933 0
113.5391765233167 36.40399769692438 0
224.7589579914585 24.85289471360647 0
187.1772026557709 33.95884575632669 0
103.4017067063199 115.5512518682518 0
58.9008135312808 104.279827920247 0
252.5879803835946 86.43663926316397 0
186.0165406997775 -47.68402434058771 0
109.0526354129974 80.01191144862997 0
96.1135503229456 92.9345700011081 0
163.0496551162375 92.56148063388517 0
230.634755194573 88.74929507421179 0
145.4683853206966 249.719053299376 0
191.6066499078797 136.5800624884387 0
146.3786418193164 70.18936805706721 0
216.7330666608381 71.79477560185312 0
88.01281127575224 50.5788767618698 0
242.1319313539637 98.26321776602322 0
185.679092324651 -72.77474163108013 0
37.29015636447454 195.3975472869194 0
212.3405119723658 23.94749428282856 0
259.189347381094 115.90422284673 0
60.24265890636119 145.9420747326839 0
22.86905372078458 173.8765881159003 0
167.9648412996578 -6.681739166748343 0
242.4767060058523 87.38475751717199 0
224.6163232178429 -10.18373034153322 0
259.1066604465979 17.51786537461783 0
216.5809119120317 82.53798185791214 0
210.1909398529747 114.3573905724815 0
183.6366525447082 142.2583516012775 0
160.1809759049947 93.5182488391159 0
24.05388003489102 104.5901456701733 0
240.6891551659546 92.7813431654159 0
131.2796290177488 1.997132410775436 0
226.2703123068632 18.74345010219733 0
102.5847436059625 119.0629539293365 0
-5.714602196233059 143.2656302162187 0
183.0929945047369 -89.27258222941305 0
222.3942432769695 81.09634168175631 0
255.3022282415427 105.2773461739352 0
225.0343006158535 99.01600449535771 0
140.4125141795045 243.3970455769501 0
81.15847437674952 132.6623557052695 0
240.7000563973016 91.63529885433472 0
257.1435282321999 70.54088475761918 0
234.1448712386467 79.42011947746052 0
127.9366277479253 280.6184004974779 0
154.155652686972 -23.00679049641967 0
87.93275002175669 130.4206257626829 0
242.1503988855051 94.1963031332387 0
241.7296677037581 94.52874318117432 0
96.3090721971117 134.0179628495746 0
97.90900618659404 86.05356484607765 0
237.2982299011781 94.49816473329115 0
188.1947491296775 30.15756713597007 0
25.5561930329675 184.0013854970291 0
209.6277567482269 21.34807667675821 0
139.0982143386736 119.1056399489642 0
101.8894011600382 122.4927249871382 0
88.97330472872481 59.96528650867724 0
90.02462812669523 69.31864795969244 0
84.546782273932 131.5288712337834 0
-0.236237159133367 194.4282935386248 0
140.4742273166491 58.96464686262065 0
121.8596384745572 100.4488354520825 0
248.095415091473 33.75515387876899 0
136.5850134111599 254.4972968362633 0
115.8897226200558 25.52787386287581 0
246.0666059675614 72.73372249128846 0
107.5239755424604 171.5464595041997 0
139.3561316247115 147.5745752880546 0
101.1819630190948 125.9307514408136 0
142.3804402205306 -7.099755595090073 0
99.6301891069042 132.8215942284035 0
84.46239141491712 77.9039602968479 0
-10.4438270921692 143.6261793357163 0
46.17329472694657 49.92686360486387 0
144.4953714448627 242.9172901860131 0
120.3861532332292 276.3845227137628 0
166.8223526599902 202.113737521928 0
108.2980174517228 32.44789959781602 0
177.4110629118468 76.53824288948972 0
100.4156269983329 129.3984645138358 0
160.1486831169474 137.6633175724386 0
183.6544214686012 71.82405136706916 0
176.5930672730455 164.3126813492582 0
275.8126652113308 77.2485777343024 0
180.703030867511 -73.38063748194227 0
133.4286418186106 60.82284091864793 0
209.1894318104857 46.09494662815278 0
271.6514114821104 105.2104029210654 0
96.93373328230902 89.49393829389192 0
207.2839436991271 132.1388354858056 0
-13.04241671154539 84.50343460235598 0
207.711030987397 14.82624922938746 0
25.10548310931581 56.87107739012872 0
238.6912003656224 29.97865664077429 0
46.24272424555971 181.6250167535813 0
244.1765869961368 104.460138120319 0
57.50750029604519 143.5596837210074 0
173.2459376604996 68.24173659113612 0
70.45023624185716 84.76932496872008 0
207.8939664846087 128.4863292360347 0
211.4925633458108 127.0847062441425 0
118.4320576873951 101.5138535174122 0
137.5151728164748 43.77069471003615 0
242.0814751862514 95.13864413032918 0
119.7561278117545 265.9110300382994 0
247.6673055307906 84.81907566972178 0
6.629126329889715 58.77845991056947 0
163.9768366941737 -27.02736578020097 0
244.5612551122268 90.79403165309213 0
28.100769565744 128.7232939278359 0
136.9267859819219 59.96325024700866 0
129.99473989418 230.1532184977864 0
101.49741814726 47.35544092075533 0
97.25253902861914 250.3797466492152 0
81.91710700540172 49.6668529200707 0
71.08263603894129 45.76675186512264 0
238.8659654039662 62.4951863361195 0
8.297919953823026 138.348142160471 0
48.88203516952332 61.52196096814674 0
187.4908020920846 121.7348664045625 0
71.19715427846039 170.1842932834751 0
225.5133683830548 75.22974566332869 0
-5.402394903595152 73.30468234238003 0
76.09852557929429 49.62216924813473 0
130.1134765211821 209.1615088683222 0
60.08845861032763 168.4463236976654 0
200.34136136634 94.87411525754484 0
32.41440497873769 37.63481749247812 0
251.4416852209293 64.44092404151732 0
191.7418441760408 29.07776509817234 0
242.0592501911058 91.66327499597597 0
27.25808510781889 103.4313059974791 0
148.1527532960875 163.4341812767531 0
227.3189815614485 74.99896909673251 0
-2.805381327751931 148.8231799017174 0
236.6423746645137 78.91397538930941 0
92.65432520406694 2.461573903223979 0
177.4590517491256 50.60528195369442 0
113.3001517129006 75.57143823013541 0
164.6199590893011 198.4338291652593 0
165.6567491059286 105.2543144537937 0
40.80802047348776 169.8398490521031 0
211.79577038416 101.3127301789783 0
115.8289855021834 99.22025237115933 0
203.2638869963475 15.77098813746785 0
12.32051749098508 134.0995832084635 0
29.88419883215643 105.8616788657147 0
16.51449918580455 80.74119978165331 0
168.4655294844806 104.4752238750294 0
175.0882681641676 74.2853858574412 0
107.7412857010422 202.9617238761649 0
261.4780560615411 96.08742385135997 0
254.9202255066101 68.91355429495245 0
7.081228990425856 174.4833545288047 0
48.46808710044373 183.9024239708469 0
239.1864778811551 101.6056832186313 0
237.4433524536935 102.1147131469595 0
111.1746648225593 171.4699483776934 0
150.3701399831051 169.2898870141954 0
131.9277203401783 55.07405789344978 0
247.2618485676725 102.5287221755227 0
154.3195704167021 225.8284730045109 0
248.0172311208581 115.2590937058084 0
94.76898055172663 27.70725374182015 0
120.2505335142096 -12.452599909762 0
246.4407139180915 91.52125859664987 0
35.24110267725079 132.6109950849257 0
113.3125736999505 96.9585396121725 0
31.70796196995998 45.00991107284179 0
130.5517782454008 257.1848092034088 0
206.1774581142871 34.71237739030801 0
216.1032802573216 84.74114737641041 0
200.4398258993231 12.96052424090703 0
33.96545078176906 142.3472011649843 0
-3.358860401871638 205.1982783886168 0
169.1676698147015 21.67599323103677 0
73.95749421898695 212.3023099699685 0
250.6271528441695 47.02765417074561 0
145.237221685347 86.13653641812492 0
162.6488078278477 -16.41125138978333 0
175.6216320629102 71.05633614966587 0
66.78415720288018 193.9512265834848 0
237.6190024366716 96.66884633885064 0
12.91990310634243 130.569764157467 0
73.34454805514164 228.4292948475529 0
194.1725131228165 -41.69999710658607 0
98.8214284971517 15.6880273893583 0
102.9326041267652 143.6411884688517 0
198.3784440891437 6.162967996412391 0
242.9921854349323 94.54158266675721 0
62.40075767699477 47.13416075568917 0
169.4056681673431 188.7539599389421 0
51.52081913925727 142.2057411098651 0
162.8473333934256 115.2994578118598 0
222.0289919002817 -37.10024696457219 0
178.6475752819522 -67.31981893028657 0
218.8036376187155 -34.21269410318064 0
170.1699712115497 -36.66327699387719 0
110.8771634219953 94.78147488890704 0
37.65084904692083 127.9350793132275 0
241.2579305473254 99.14473171632854 0
189.9992150050365 108.6806245527145 0
239.8669297196224 83.96558530106941 0
197.494392712017 95.89315450685656 0
150.2601613629937 185.4456755929813 0
-19.60951833709392 153.6885198892222 0
19.41722313629876 43.49439666099846 0
182.1907418733463 -57.65297303207504 0
-5.936134917931966 183.1897560797505 0
107.6380510473506 95.6617199660863 0
274.2931860096061 97.98860104546101 0
139.4245478969777 153.9986431142351 0
168.1554179423761 144.0852367704943 0
117.857241280212 77.73717633419044 0
232.0627982597936 69.33131491486917 0
111.376323596532 202.9205451616288 0
230.317042345187 80.36029034326317 0
36.24714407101233 81.34363964520847 0
167.1789503121534 208.1735374752854 0
214.8839834902859 127.3234309048727 0
91.2349101858654 157.0302061407422 0
121.0437097165669 147.6444985671255 0
259.4403620861859 60.3448673240624 0
255.1784251677277 64.14182415051218 0
135.5297993545739 139.9943883787102 0
191.2808701135086 -58.26749405612989 0
198.9405603418497 70.07484491544889 0
104.1034601124637 153.2968783918212 0
-20.48622673905548 63.93761905242063 0
105.7860837283251 90.18330683084643 0
114.7262956548224 171.3059118451889 0
272.699994129684 85.80010923242504 0
230.8712675513425 90.38599468063026 0
232.2889972264067 -15.01214393674917 0
129.2773971874947 52.59420169436983 0
123.8688021389218 278.1415535956628 0
209.9155367320045 56.0970707415642 0
3.82833789881748 95.20380577998426 0
238.3070592778251 81.61942671006896 0
219.9129030953926 90.80412069999774 0
7.501124796107518 157.2628805385455 0
39.8300262005928 80.38411531395496 0
80.48850331051644 163.393815773893 0
186.8637372640388 125.0026254288145 0
183.1089705081188 67.14523646251533 0
186.0010695160618 144.6436548785837 0
66.85894293789809 200.9547066703585 0
240.122132010556 73.09954621719636 0
-12.66123233498651 98.03462212655134 0
149.5510806982233 249.2721008383092 0
244.8852045902548 31.03176164801795 0
161.694955672929 166.3133284044209 0
42.07106776815047 130.673898221193 0
93.21038408341168 55.7231414031626 0
191.12699061481 89.58739434334838 0
138.9540664976246 135.1452356870357 0
143.8788031218163 45.29948385315893 0
235.1878165992694 100.0640869161343 0
248.8684709716507 92.21234238519544 0
247.8663461696359 92.93195675580736 0
200.3901887649977 134.2092275371056 0
28.90690587042137 191.6779984288072 0
178.2365868835275 47.04798407280767 0
3.569891118823861 182.1889619249813 0
186.3667892179176 -87.90256681051483 0
44.16782451034202 125.889403544857 0
-6.386833369374258 113.7836863237176 0
114.2756453438636 153.252884229549 0
210.5993426546478 93.64727642960634 0
155.1296070327305 221.4643765061205 0
141.3316363054303 273.279342618677 0
227.9495901647541 11.69579882505616 0
142.0119746241433 265.2953154553263 0
46.83338004795785 78.63352786437109 0
189.231866943612 -17.14119784193413 0
221.4720854499003 112.9810077235908 0
6.474109383725676 177.6344588641983 0
-11.53801268609648 166.3607679344668 0
66.41685911945871 217.3797524223 0
32.64293106809529 108.292734954883 0
244.2246021971525 106.6453556628088 0
95.53499235799494 8.323871646572755 0
45.53218381293313 82.15364378121564 0
109.0644339075055 24.61989450423674 0
231.3811737978838 71.54656037687815 0
112.1459283208746 44.12933227019835 0
227.6472183422155 85.71230762463597 0
58.04746847768078 197.247080150467 0
113.5616225534813 -3.552761850559889 0
92.27625586391397 59.75627217424684 0
196.6905598565291 98.75682914485368 0
128.0525701931436 226.5523351452351 0
166.0245907704334 18.94320265096744 0
121.0233542140375 44.49387774719797 0
157.8239039729731 91.50310914646684 0
109.6619936288999 144.9762474630078 0
279.3849858351464 79.77735515815483 0
278.8485500333446 83.59197336082431 0
252.3180888702774 84.796018455111 0
31.49294037968541 140.2184871354267 0
259.2458193476722 122.9951627226899 0
280.1123820101092 57.32379480665001 0
268.5294114547323 69.9835454021168 0
126.4540679295611 50.08746352429583 0
35.52840254021832 110.7037992630105 0
72.13599306125647 179.1201095211775 0
142.809429536633 194.9302053440062 0
155.8262465511964 251.7452557971914 0
47.63663209918323 186.4404699747226 0
241.9682948545442 29.06995935305466 0
186.603837594262 -77.17144919864529 0
245.0868489341232 96.92325062844746 0
155.2441345349816 106.4282526913491 0
220.539349057156 -8.331497098904393 0
146.3359427941859 83.45353898850246 0
235.9001565181588 113.5469216255227 0
66.01028898347386 204.4509092392086 0
218.0264403678548 88.8531369667722 0
83.26246122171456 84.9694611964868 0
269.7915241908331 101.0203543260591 0
209.1844404796666 138.5532543377064 0
231.2216710727048 91.76634069002475 0
209.3617347690342 99.89017042432513 0
162.9530015357369 16.42210571982108 0
220.9931445476602 79.8021371900559 0
52.06166811828649 73.47455577059033 0
-12.50159562351244 180.8810960712701 0
123.6950978999201 79.208836438784 0
-10.69151835992322 120.3001049882365 0
215.9027915622258 87.40348095346457 0
17.49678504040078 76.91483884133471 0
104.0571343351462 -8.744542728926334 0
74.0050012735731 84.22645403688441 0
273.6740397046895 65.84716722304167 0
18.76309736886593 181.0981885174065 0
73.8529009651715 39.27011041231739 0
185.6264905959921 -16.73254572520196 0
238.0099229710985 100.6904149751425 0
235.7277774394821 102.101638859456 0
228.5461113658179 25.98803528092834 0
5.807612373419005 101.4536946741027 0
180.5961745115211 65.0126504611267 0
-24.52669653170581 132.9401630699116 0
38.61066719825985 109.5584781605104 0
62.50648677406395 77.79190893317028 0
28.94532718895307 137.9372356027357 0
262.653144153246 84.56336279614082 0
103.4364656550496 87.71073274461676 0
-0.4936368727935303 203.5327451762163 0
139.0934863229619 160.7926414220573 0
213.5829507628023 -14.67952893204152 0
215.0041378920907 70.23654997428636 0
267.0424883638922 100.8155982932009 0
66.44021780338315 184.9845809853836 0
123.663895230981 47.46981047992862 0
153.618636215971 196.8670167693733 0
55.52036501998754 72.59319216125756 0
10.34291043110872 127.9612817874091 0
196.0917478897008 70.83846358995213 0
246.8329593960447 93.65521126368141 0
155.5551521159172 89.38847855325024 0
68.76624031483834 49.36025742901736 0
162.9301235921331 139.9744236383209 0
162.3231947188781 143.1892484849987 0
4.454229581126498 91.42737865683863 0
130.5949331987979 253.7434933870266 0
131.9944586798255 203.6779430934738 0
20.63191259526528 105.860821811963 0
21.67059908443159 179.7574505828252 0
269.4386818188206 53.07885427915993 0
210.3420703063581 52.95956367279265 0
246.7776251111227 18.46076640295843 0
241.2010425964609 95.71681920967021 0
-18.26693482080175 107.8343454239905 0
239.4579034762172 90.05082783622817 0
179.9353914281243 -7.193696351917211 0
120.2272863709954 257.5728260110051 0
150.1361137836432 47.02180220540309 0
152.3551675543064 107.5339762883245 0
136.8533022629695 164.2440628392004 0
158.8076580447096 21.17235944621777 0
216.1806626140111 -27.27830646827059 0
229.0554412702378 3.824134790534075 0
107.8656427026176 83.67681455419171 0
235.7830522449606 -5.202909419028728 0
119.9460514792123 168.1879416295777 0
41.7455940993498 108.5792043244036 0
48.52650094557583 198.3449657593893 0
267.4127410458194 110.5210390582438 0
245.9084724471704 113.6243743774071 0
170.1137073309293 166.4637065132192 0
113.1679536800488 199.3184625041231 0
14.5007138617092 179.8903285550764 0
-0.9550266433197265 190.2080660185403 0
54.42083252761988 156.5418169213968 0
-18.10275597314576 81.13345956462967 0
4.002710669071959 161.4853115576322 0
-18.18674478265983 114.8201256350214 0
18.38077536667475 72.79653937471141 0
38.10230642330046 204.9634326053123 0
126.9144943627462 168.1802956538313 0
6.344636079107872 97.70347097710102 0
243.0199596207491 121.5508248797181 0
246.8768768703961 122.0596666178274 0
99.61313788961178 247.9605061849389 0
25.04872837859077 181.6306029792606 0
7.354726192896592 125.5522313636913 0
157.1203701053794 248.6217559467253 0
123.7285579527668 4.479260338775077 0
241.6122550216518 96.34700056375692 0
-18.81510430515694 73.01652436936658 0
51.33225695730353 64.68447259494471 0
31.84473978361896 195.6107559119224 0
201.9067230863151 -25.92335670327233 0
143.3273179493069 79.46436222597222 0
-15.44728975408269 82.5181983275767 0
193.9687374916739 99.29689062467392 0
70.79319894590954 221.6210455752357 0
22.39609918295704 195.7491117908683 0
189.2307929575177 -89.12072380657332 0
28.7786546294863 171.48110497018 0
63.82333635291218 164.1049868983445 0
130.7424540460271 168.0299390267422 0
266.1438922998092 77.01350541329359 0
242.179344720531 22.80903433510312 0
208.2060199412441 51.28534674936212 0
-6.065739143957515 77.68075261712806 0
26.53358515914749 135.8605628921144 0
236.9020755301645 61.2169166618893 0
34.7448565468591 40.84524459916136 0
149.1548496799868 135.3926076806073 0
64.62654619255375 56.43176461997078 0
195.9528594218776 -38.47656352547858 0
240.9545254278364 94.27129552364303 0
44.50073067495696 111.1552061078511 0
164.7827968131848 108.3813836342204 0
261.3767079915069 110.8092145991092 0
16.77095455342372 110.3566388412892 0
107.9543679241629 45.46034534386894 0
106.7192121431649 249.9081970359235 0
65.20614263422638 49.89252353331911 0
222.3866272123045 63.16784154367996 0
132.9665280369882 164.716654583789 0
29.84125372760731 176.3905150347381 0
8.304048681267986 103.684295913188 0
236.4536980707558 96.1496160868013 0
123.3607687127521 168.133074995233 0
248.5856104708362 78.00104412253651 0
191.8273334742889 97.19790914358165 0
206.5473832198637 135.8736155247661 0
23.52699649306429 44.70345422940108 0
87.29136223499079 220.7908281530406 0
-0.89888260147832 211.5050482677576 0
151.6623160777516 110.6884007963433 0
43.91022225886849 52.17025927791301 0
99.57177835630091 -7.730315936120192 0
219.9995401467973 130.010093113851 0
253.3537626828145 97.91588394890529 0
154.7245866330158 22.04493770878082 0
50.34866927674142 77.52328487069796 0
4.109632914917086 123.0979741748254 0
33.79597291726807 66.14647312396157 0
213.3851736642519 129.839732669103 0
131.715445109811 247.967401276263 0
242.6042527320615 94.17979803709497 0
260.2557393302762 130.9904106055155 0
170.3652102245434 -3.690332794664727 0
11.08880059924836 196.5207642463495 0
248.9658189100429 85.58426398886311 0
211.2435265275568 123.516773536309 0
87.5766014167564 158.3199027853109 0
118.0797044550624 171.2150693281213 0
112.036628651121 79.14663963497568 0
193.0534209528034 101.6654023664191 0
105.6396560506399 246.3333202700418 0
275.3565241523036 84.73717534340989 0
224.7908171757309 89.16408520216282 0
13.32295305234643 111.2990129503228 0
-1.733647017198393 145.5179056627591 0
193.0718495147213 -48.1797187247704 0
244.0325315261475 109.1377176751215 0
253.2429546683546 83.32216198139494 0
193.4900719727416 71.61594846704514 0
5.845327274824271 180.3079056935699 0
126.2797799620601 78.16987807790927 0
0.5729187294352158 124.2810247651878 0
26.05557640931399 159.7390858234832 0
131.1073247741378 274.5720314881744 0
263.0077384962558 59.53637311850785 0
168.1566143537536 213.3389755150194 0
112.4339720178805 193.2956050199154 0
250.5675977382002 80.688044324318 0
239.6934860758714 82.08342130827012 0
203.2607091984224 28.95177920473822 0
231.9400705338738 52.10339752043728 0
149.7546533004806 166.089480999861 0
250.8018164251544 95.94600078814371 0
173.1140759182394 159.0938275727229 0
185.1147001634508 147.1666375261123 0
189.1709471869303 144.3622506222308 0
156.2258660591751 86.39335722564428 0
-21.20960148081038 137.9126854794048 0
27.11612259745455 132.2069926526155 0
137.9929083427989 138.1623750705487 0
-18.04799436893173 104.1042207798349 0
27.33103828017472 59.27123758951144 0
228.8829609020738 92.97785865995732 0
93.20773701456469 31.22723772199713 0
64.19772758286713 160.5057444949973 0
151.4538698673038 19.69456350614433 0
2.392630876394108 60.10895781339052 0
199.9821053547783 30.29911378874513 0
21.69837793570619 193.8886334953214 0
85.81429458273396 74.58200358943192 0
219.4539573917036 78.51757173035097 0
93.22266149995252 38.91289758984611 0
-13.18320945343281 172.5023281389821 0
199.3537724306481 -33.9058439725242 0
40.36323959001666 56.65519791129561 0
59.30321440217409 157.8526018475274 0
241.8261349694405 85.25613710467732 0
52.61649156346479 195.8020953589196 0
147.7394573662162 76.87408501503441 0
207.7754469492947 109.205538430408 0
224.9133771581279 105.0236167303397 0
157.2566646964881 242.1877132767895 0
50.60822730964721 189.9829458826422 0
161.0863516573211 255.1331774049356 0
236.3114149700265 94.18411521038011 0
143.9196310927357 177.1671431843279 0
244.2476191025006 93.86414766720546 0
152.3821329319955 219.2459611496411 0
272.6383877727791 55.44124771417864 0
32.53943635145004 188.7990316028876 0
244.4631000248358 89.88386463506036 0
210.2922120654952 111.2331558219163 0
-10.52686009432712 156.1916588109303 0
96.61034390129132 19.016348057166 0
256.3990287088151 20.19111547274221 0
164.0425535387465 111.1989806994284 0
146.5541838974672 194.7938933470347 0
156.6244216287413 210.2270529213276 0
191.7431684630098 79.13267421922069 0
67.44989143526168 52.11949067562472 0
91.33733149423745 66.50010509006692 0
113.0280712192933 217.9396830368818 0
170.122508472931 202.5589362327754 0
122.3966190185231 263.3240899206346 0
250.5294213470638 78.92077907184969 0
15.40164447136492 69.91534139713782 0
175.0685297825361 179.126763741332 0
26.53424113648143 34.29798267955706 0
-2.702889311076333 125.526350515769 0
124.3262258853732 143.1870508741529 0
227.7291784264493 84.23114842603658 0
149.9650872319221 -5.736371013633928 0
132.3381668180064 140.5085208665241 0
238.1332159301327 80.06025037736869 0
217.1207801713 22.67288007160185 0
47.73058330473778 201.9095759367963 0
250.9948581173176 83.61382870976399 0
71.30601174356006 162.9866678410696 0
102.497316892169 44.49114169279868 0
222.1005958479437 115.5891024668102 0
151.2272051684775 113.3804690929465 0
188.1029365344317 71.01852040975027 0
101.9313608748584 156.9981238528691 0
140.2446267338729 2.691189366541394 0
216.2212112217496 95.99424945270734 0
211.7934025137965 -36.19925502873033 0
-12.9160897027529 101.5184690916152 0
164.9689785358622 -13.6029353059681 0
0.9358032631530193 162.4445922021534 0
239.5874871762713 120.7331462786728 0
195.9042858429733 105.0530419178408 0
228.2773998399513 82.00992842806527 0
19.63911642586082 193.5905463942668 0
226.784102931702 98.90836414169816 0
119.989113544247 174.4391154772252 0
240.9399768621701 74.65306455600931 0
236.2141313691022 27.85391580579986 0
222.2701782332351 108.0558728209138 0
234.2390793929077 54.4917707664809 0
242.607695943878 97.31265918258201 0
-15.80173502854002 47.10921114233093 0
45.76060576488287 116.4058344264987 0
177.3041133144339 65.75131317743234 0
121.7859782468841 178.0429053122746 0
110.5760054698829 7.488303921505917 0
207.5692552221594 32.18567594402849 0
227.1779652442554 92.45909440337493 0
236.6235327270645 56.73753866559854 0
49.82551537159371 55.64475246928643 0
147.7517322967712 171.0137667359871 0
256.8425218280968 49.37257368678928 0
25.00866920363416 172.6721189334139 0
175.5301654864703 44.02508823199852 0
165.7930322611582 212.8002217693953 0
269.8329763304154 46.70065254745126 0
137.0985737401653 143.0500980801184 0
263.6827788630188 97.05402698102235 0
240.8292991655406 81.07186477526608 0
119.96395873408 181.59764888997 0
247.5735161248869 91.84426231927161 0
116.7356433481023 257.7604317529328 0
217.7800646860739 79.0070532737731 0
121.2355155041355 -21.4602116759085 0
257.3026503974662 23.84325573159003 0
33.66775028499983 182.6201511973678 0
153.5035885656659 237.3859046836285 0
220.5384960767325 61.92001283063837 0
257.7791762448534 84.76318656749618 0
-11.89249653686868 141.2076474650711 0
118.8439762721269 -9.290509756701979 0
258.2727158083688 88.39926955073987 0
247.4883763992081 118.4734216806853 0
157.8295539370205 -29.71426585244092 0
78.66378076677366 160.9027451653256 0
-1.393410846600318 187.1070214782665 0
112.4336710527624 186.7427180978762 0
196.8407163629629 58.16165792490061 0
265.4366011156754 108.3889706870198 0
168.8590893884803 -33.38225099779811 0
234.3972521565281 103.2238686183371 0
192.1961728132836 -76.90876017682459 0
94.73871657978349 252.2261463744838 0
218.4553600534601 50.58715725101985 0
152.7413960582591 45.78130683243716 0
10.26121155449697 181.4934394442379 0
117.8724732596758 184.8197224386614 0
136.7776025258765 87.39483693860065 0
239.2876228355175 105.380333500681 0
209.5147972407959 97.5378924438087 0
-8.651213315662702 165.9107335497081 0
10.49608275758585 109.0857354485492 0
144.2662767180063 17.85137106016838 0
15.43394483639241 44.47444013917086 0
144.1373441239327 -10.29412261716945 0
-8.395400171685921 71.12079636859319 0
233.9245662300339 69.0286312129065 0
119.9313518915245 76.40149904264884 0
188.9881427785291 126.9359000751666 0
264.4700919063176 79.55395088496654 0
148.5557589854314 20.9508735375224 0
39.73541485550946 201.8572258957127 0
131.688448207112 82.78904021149015 0
129.0595188255622 80.50577471761524 0
172.6937484108151 153.1656589449958 0
156.9423394239319 83.30061129759341 0
261.2557786186284 25.65251712150278 0
117.7315290735561 17.84408354864962 0
207.8111639235269 76.07323806593445 0
-5.962797845983985 126.4539473706324 0
133.2285606082212 254.9735744962365 0
144.9128550448129 72.87123499626091 0
259.6132505720638 44.62966897803451 0
231.364676382478 -19.87314573401596 0
165.719392731105 194.9118557809943 0
72.97814724141109 172.2018899764664 0
4.721051315592049 107.9667424061406 0
139.5756626894154 86.55143000741869 0
146.2268262358357 43.9586596500193 0
213.3093673463928 68.76589340566312 0
-15.08616994350733 78.46542225932805 0
-11.4426116339654 69.3259444625059 0
224.4433561026433 21.40170656683594 0
-19.15519324263461 130.5561467666551 0
67.44448421970444 77.86883882569563 0
160.579196019004 115.3646682646718 0
134.2270854548205 85.06633236810289 0
160.1550748548084 119.790529534152 0
145.4295712383303 132.3011207689623 0
32.54241123678553 130.9234367388285 0
149.0092606285898 0.09203102579769507 0
132.8577980343442 197.4734336679223 0
12.76017236357966 68.28300311246646 0
240.6352878453446 108.4226401441472 0
137.3341884099698 149.418939293398 0
-16.61326630308484 66.29737226768833 0
157.5600630745378 138.3603768521055 0
222.7415859261422 49.05072565426369 0
172.9437724205043 41.54970128375669 0
122.5199239618215 12.43538552637037 0
26.73958472067864 156.816307804933 0
72.49236848791007 215.1956497546672 0
-8.92833925278542 123.948338076329 0
155.4596114327984 48.28251732444621 0
126.5070069739571 257.5775642430612 0
195.0828680818069 107.9544007111351 0
101.2782774149402 13.64141689268814 0
149.2400948730451 70.11918416293383 0
139.931416471741 42.33974905217666 0
-10.92209802308157 178.5733744967841 0
111.3079324584994 33.40744671586786 0
259.9946518385514 87.00046693027321 0
105.1204574040437 217.8752261113497 0
134.787340949233 1.716553223093896 0
12.98949313681177 192.4327853797593 0
248.0023855549447 94.05765063924025 0
133.3931422706918 40.74698286766328 0
175.4403945408246 -68.84065124623891 0
13.39591345472569 62.77734404678304 0
257.5876863017751 106.3380441892319 0
167.0900418230598 58.50954457932051 0
111.9083822209479 150.5703409174033 0
141.2607398941748 88.43734517706775 0
221.81722929112 89.85892076997574 0
192.92335166494 -17.74697809617956 0
243.5881662021895 69.96715290793392 0
-18.63366980308895 86.03685380441883 0
216.7388695947245 48.53417242545927 0
241.5591999369735 77.49943440426912 0
207.5775463254378 79.08565234897273 0
1.184575384186672 109.0897644801748 0
-15.71693109746242 180.1519897667811 0
203.6634341202996 -33.55638831607629 0
217.8592616692022 -10.4177546162894 0
30.56548106386359 197.5399301035115 0
236.9557605112942 103.561081453959 0
109.0070555013062 217.940790521529 0
120.1803579974524 150.4284571673004 0
253.0773771161417 19.80987641912701 0
150.6908380953864 189.2423252706005 0
197.3077857128969 31.67838496839887 0
226.4469438728727 89.74925880648257 0
225.516145019567 27.90734171143826 0
174.6381088653161 155.9475599584862 0
22.77599973237476 50.50616374587015 0
125.6394236922377 247.3365599019863 0
133.6854341279391 223.2154353130825 0
118.0132080272525 218.3353124085227 0
162.6256596452613 121.2993364920458 0
137.5117732431743 16.39690551744701 0
-17.24732380713964 143.8145866211586 0
245.5135806898724 98.68126598738839 0
152.1072707407425 -20.64475693582321 0
247.2738067808022 104.3313139596266 0
206.5945179781742 44.90825105106432 0
245.0458896492442 97.89471177441668 0
212.8704394196906 94.91288338953495 0
158.2102816332698 50.78575942625019 0
181.156682012538 -10.65569057484929 0
157.6648527070884 80.33066829557545 0
53.31335481428216 208.49891327552 0
129.8194157185039 201.7622452657268 0
71.06762975077493 205.6941475793225 0
237.0701091124919 122.9288118699656 0
270.4387560145751 109.391019274179 0
50.554703815892 154.0516326212704 0
65.81308741194385 196.1327861090861 0
101.9597602755711 217.7710134007148 0
262.919662324286 46.27699075091938 0
111.6849223557556 -0.03776461559628785 0
236.6316509373638 95.11907725908434 0
76.94066015199631 83.75123609582835 0
190.6070226494477 139.3782991083949 0
51.05014019660538 117.4671865055769 0
170.2795075713226 37.69515611695905 0
242.7660938839784 94.98335172201884 0
71.11133695556589 181.9876178324254 0
222.7921914489556 46.15387969402474 0
236.1176262102026 93.13200291472383 0
214.399888763431 46.57925159662436 0
169.7574323828662 57.20326817748909 0
189.883146186506 77.79102721415403 0
246.1331431686457 90.42729781288995 0
164.6280348374049 127.6621340163363 0
255.4040360375072 26.31768386571161 0
-6.013841915149712 207.0044930821068 0
194.5159885790888 136.118907888609 0
276.6645101966653 65.12969093311285 0
-2.033287380697786 110.3338807535761 0
192.5068963228673 -54.31840044322109 0
34.60913934703053 161.6185682558547 0
53.38803317413307 67.52984426606837 0
10.50469911706351 60.42662181209535 0
114.250680408391 191.5045468883861 0
230.2828881201632 -24.4245669907227 0
233.3440372532328 117.4432932146455 0
-2.918104849478894 184.8020409112995 0
219.3173538559179 60.1776553432 0
79.33475384383742 221.3731985674223 0
27.44743083007141 153.9966799989554 0
170.2222922825022 149.9617453232314 0
-1.383754571999248 160.4384013307819 0
240.4347800523985 93.99972886559161 0
156.6926065515705 169.7576655137188 0
49.59159709109777 192.0773595014238 0
68.91167742826551 219.2502736521425 0
137.4704839352415 155.7644515168662 0
266.3344213333693 58.92167895342015 0
172.8205516171262 53.10106012206086 0
91.99576807278055 43.8889377727642 0
191.3121056520024 82.66649424227273 0
249.1662105672881 94.60268023932761 0
189.6612863627812 -78.60260620785436 0
163.4551463933241 55.75236211376867 0
21.51448637110165 197.6048778801856 0
-10.56665788694546 116.8578621043686 0
160.9325707329835 53.31742382127712 0
79.18300828445928 50.30548881891011 0
100.2364029393181 220.2696946862125 0
250.2843276281574 123.8529360586763 0
211.891033066185 47.20101341056213 0
153.93967299619 135.6650199022198 0
190.4775513969683 75.09807117620284 0
7.799571503834827 106.8324543012929 0
158.9361079279051 212.5170312088183 0
169.7322689517815 131.9948153955664 0
23.10936138738646 181.2306177261173 0
-16.56280016893537 50.72303720066675 0
142.0975500584941 19.24444145853856 0
243.2985913636488 99.01401220118933 0
120.6959550306513 224.7177069321378 0
46.64320760364191 125.9212640434758 0
169.3038105467564 127.0325945892314 0
118.9329176588425 221.2328413557704 0
251.6317848955178 98.29950214965362 0
235.34237933588 79.0684994705984 0
261.9237507039429 117.7571051006399 0
50.3955792538309 204.6950600244109 0
190.6518624996594 -82.39702621811097 0
49.69730990338591 212.7910612582021 0
-12.3393706226807 114.630425469168 0
205.9465042662695 74.96082778051854 0

CELLS 11885 47018
1 0
1 1
1 2
1 3
1 4
1 5
1 6
1 7
1 8
1 9
1 10
1 11
1 12
1 13
1 14
1 15
1 16
1 17
1 18
1 19
1 20
1 21
1 22
1 23
1 24
1 25
1 26
1 27
1 28
1 29
1 30
1 31
1 32
1 33
1 34
1 35
1 36
1 37
1 38
1 39
1 40
1 41
1 42
1 43
1 44
1 45
1 46
1 47
1 48
1 49
1 50
1 51
1 52
1 53
1 54
1 55
1 56
1 57
1 58
1 59
1 60
1 61
1 62
1 63
1 64
1 65
1 66
1 67
1 68
1 69
1 70
1 71
1 72
1 73
1 74
1 75
1 76
1 77
1 78
1 79
1 80
1 81
1 82
1 83
1 84
1 85
1 86
1 87
1 88
1 89
1 90
1 91
1 92
1 93
1 94
1 95
1 96
2 0 97
2 97 98
2 98 99
2 99 100
2 100 101
2 101 102
2 102 103
2 103 104
2 104 1
2 1 2
2 2 105
2 105 3
2 3 4
2 4 106
2 106 107
2 107 108
2 108 109
2 109 5
2 5 6
2 6 110
2 110 111
2 111 112
2 112 113
2 113 114
2 114 115
2 115 7
2 7 116
2 116 8
2 8 117
2 117 118
2 118 9
2 9 119
2 119 120
2 120 10
2 10 121
2 121 122
2 122 11
2 11 123
2 123 124
2 124 12
2 12 125
2 125 126
2 126 13
2 13 127
2 127 128
2 128 129
2 129 130
2 130 131
2 131 132
2 132 133
2 133 14
2 14 134
2 134 135
2 135 136
2 136 137
2 137 138
2 138 139
2 139 140
2 140 15
2 15 141
2 141 16
2 16 142
2 142 17
2 17 143
2 143 144
2 144 145
2 145 146
2 146 147
2 147 148
2 148 149
2 149 18
2 18 150
2 150 151
2 151 152
2 152 153
2 153 154
2 154 155
2 155 156
2 156 19
2 19 157
2 157 20
2 20 158
2 158 159
2 159 160
2 160 21
2 21 161
2 161 162
2 162 163
2 163 22
2 22 164
2 164 165
2 165 166
2 166 167
2 167 168
2 168 169
2 169 170
2 170 23
2 23 24
2 24 171
2 171 172
2 172 25
2 25 173
2 173 174
2 174 175
2 175 176
2 176 177
2 177 26
2 26 178
2 178 179
2 179 180
2 180 181
2 181 27
2 27 182
2 182 28
2 28 183
2 183 184
2 184 185
2 185 29
2 29 186
2 186 187
2 187 30
2 30 188
2 188 189
2 189 31
2 31 190
2 190 191
2 191 32
2 32 192
2 192 193
2 193 33
2 33 194
2 194 34
2 34 195
2 195 196
2 196 35
2 35 197
2 197 198
2 198 36
2 36 199
2 199 37
2 37 200
2 200 201
2 201 202
2 202 203
2 203 38
2 38 204
2 204 205
2 205 206
2 206 39
2 39 207
2 207 208
2 208 40
2 40 209
2 209 210
2 210 211
2 211 41
2 41 212
2 212 213
2 213 214
2 214 42
2 42 215
2 215 43
2 43 216
2 216 217
2 217 218
2 218 44
2 44 219
2 219 220
2 220 221
2 221 222
2 222 223
2 223 224
2 224 225
2 225 226
2 226 227
2 227 228
2 228 229
2 229 45
2 45 230
2 230 231
2 231 46
2 46 232
2 232 47
2 47 233
2 233 48
2 48 234
2 234 235
2 235 49
2 49 236
2 236 50
2 50 237
2 237 51
2 51 238
2 238 239
2 239 240
2 240 52
2 52 241
2 241 53
2 53 242
2 242 243
2 243 244
2 244 245
2 245 246
2 246 247
2 247 248
2 248 249
2 249 54
2 54 250
2 250 251
2 251 55
2 55 252
2 252 253
2 253 56
2 56 254
2 254 255
2 255 256
2 256 257
2 257 258
2 258 57
2 57 259
2 259 58
2 58 260
2 260 59
2 59 261
2 261 262
2 262 263
2 263 264
2 264 60
2 60 265
2 265 61
2 61 266
2 266 267
2 267 268
2 268 269
2 269 270
2 270 62
2 62 271
2 271 272
2 272 273
2 273 274
2 274 63
2 63 275
2 275 64
2 64 276
2 276 277
2 277 65
2 65 66
2 66 278
2 278 279
2 279 67
2 67 280
2 280 281
2 281 282
2 282 68
2 68 283
2 283 69
2 69 284
2 284 285
2 285 70
2 70 71
2 71 286
2 286 72
2 72 287
2 287 288
2 288 73
2 73 74
2 74 289
2 289 290
2 290 291
2 291 75
2 75 76
2 76 77
2 77 292
2 292 293
2 293 78
2 78 294
2 294 79
2 79 295
2 295 296
2 296 80
2 80 297
2 297 81
2 81 298
2 298 299
2 299 300
2 300 301
2 301 82
2 82 302
2 302 303
2 303 304
2 304 83
2 83 305
2 305 306
2 306 84
2 84 307
2 307 308
2 308 85
2 85 309
2 309 310
2 310 86
2 86 311
2 311 312
2 312 87
2 87 313
2 313 88
2 88 314
2 314 315
2 315 89
2 89 316
2 316 317
2 317 90
2 90 91
2 91 318
2 318 319
2 319 92
2 92 320
2 320 321
2 321 322
2 322 93
2 93 323
2 323 324
2 324 325
2 325 94
2 94 326
2 326 95
2 95 327
2 327 328
2 328 0
3 2236 3411 3409
3 2356 3632 3631
3 2316 4471 3845
3 224 3795 223
3 3851 5173 5117
3 235 3341 2277
3 27 3516 2111
3 3365 3798 1450
3 3410 4726 1325
3 253 3929 3193
3 3369 5600 2063
3 3157 3557 3556
3 1516 3878 3876
3 3373 3415 2306
3 2291 3507 3482
3 188 3263 187
3 2114 4463 3457
3 556 3888 3498
3 1963 4843 4259
3 2111 3516 3213
3 3226 5464 4178
3 4183 5589 3254
3 3129 3473 1525
3 259 5779 3764
3 3170 5134 4024
3 3394 5336 3917
3 3581 5483 2471
3 2328 3369 2063
3 5173 5442 3402
3 3254 4594 4183
3 1872 4294 2210
3 1784 4304 3389
3 2659 3765 3673
3 3867 5254 3327
3 2708 3581 2471
3 3957 4477 2621
3 3619 4155 4154
3 5110 5200 3153
3 3439 5480 719
3 5308 5562 3376
3 3059 4996 3627
3 2534 3843 3404
3 1017 3625 704
3 3944 4974 2634
3 4266 5371 150
3 259 58 260
3 2621 5341 3957
3 1507 4852 3816
3 1037 2296 84
3 127 3432 942
3 1629 3572 3570
3 3746 5247 1933
3 3157 5361 3557
3 3851 5442 5173
3 1525 3777 505
3 3262 5247 3746
3 2484 4462 3429
3 3481 5423 2641
3 3914 3915 1975
3 2838 4595 3750
3 3375 3458 3184
3 3554 3900 2355
3 4293 4967 2548
3 260 5779 259
3 2356 5082 3632
3 4521 4717 3205
3 3534 3683 3566
3 4268 4961 4267
3 3494 3545 2570
3 5401 5525 3358
3 4180 5461 4016
3 3406 5371 4266
3 3469 5113 2361
3 3404 5676 2534
3 3327 5254 5024
3 3491 3795 3794
3 5009 5282 3819
3 940 4539 3953
3 4321 5101 3236
3 3498 3863 556
3 3816 4852 3817
3 3532 5085 3399
3 3641 3642 2385
3 3464 4365 757
3 2566 3456 126
3 1041 5184 3632
3 3629 5389 3628
3 2283 4623 4532
3 940 3953 3521
3 2480 3835 2219
3 1450 3797 3365
3 3364 5460 1213
3 4178 5464 2852
3 2610 3052 1073
3 143 5367 3117
3 1367 3574 3468
3 1897 4993 3637
3 125 3456 124
3 16 2610 1073
3 1992 3845 3844
3 2405 3694 3693
3 223 3795 865
3 3700 4726 3410
3 3052 4953 1075
3 2534 3518 209
3 2955 5053 4829
3 3035 5193 3973
3 2405 5266 3694
3 4857 5291 3161
3 1085 3798 1022
3 3825 4973 2153
3 2130 4716 3639
3 4024 5134 4485
3 2382 3535 308
3 308 3535 307
3 76 3608 75
3 3799 3800 3668
3 1992 5257 3845
3 1251 3916 1382
3 3704 4544 312
3 3727 3728 2569
3 4050 4051 3300
3 2015 3709 215
3 3170 3901 3114
3 3537 5156 3078
3 3214 5324 4049
3 3441 3801 2152
3 3596 3723 2715
3 1685 5444 3994
3 3311 4836 3720
3 2170 5190 5018
3 3141 5200 5110
3 121 5390 120
3 3960 4595 2838
3 3628 5389 2784
3 3618 4155 3619
3 3341 3342 2277
3 2399 4891 4047
3 3929 5880 3193
3 1141 3688 277
3 2379 4826 3418
3 4552 5365 3844
3 4531 4532 932
3 1520 3839 3729
3 1169 4634 3877
3 3650 5855 1996
3 559 4169 3563
3 4047 4049 2399
3 1561 4155 3618
3 4812 4906 1880
3 1367 3468 1131
3 1441 3683 3534
3 2659 5334 3765
3 3311 5438 4836
3 1952 5526 3413
3 3745 5286 3813
3 2625 3548 3421
3 3201 3698 3517
3 1897 3637 1899
3 2953 4552 3844
3 1996 3533 1670
3 1552 4971 4952
3 757 4513 3464
3 3729 3838 1520
3 3845 4421 2316
3 1516 3876 3677
3 3494 5515 3545
3 3877 4711 1169
3 3428 5851 3582
3 4154 4156 3619
3 3654 5894 4667
3 1263 3685 1127
3 3922 5199 2615
3 3670 5009 3819
3 3994 4990 1685
3 2648 5250 5167
3 3117 4766 143
3 2612 5461 4180
3 3522 4011 728
3 3917 5336 1923
3 3973 5185 3035
3 1213 5152 3364
3 1669 5143 51
3 2631 4717 4521
3 1094 4595 3960
3 3921 5199 3922
3 2931 5801 3853
3 3183 5387 3182
3 3300 4052 4050
3 4866 5474 3233
3 5034 5206 3492
3 3668 3800 2682
3 5562 5671 3376
3 120 10 121
3 3493 3778 1201
3 3421 3549 2625
3 3993 5110 3153
3 1353 5005 3707
3 909 3773 456
3 2236 3412 3411
3 3415 5063 2306
3 124 12 125
3 3877 4980 4711
3 3418 3702 2379
3 3482 3508 2291
3 3728 3729 2569
3 3913 5177 2866
3 3829 4360 874
3 1781 5141 4226
3 3041 5154 5084
3 704 3625 666
3 3314 4664 3689
3 3632 5184 4270
3 3161 5291 2427
3 3542 5354 5284
3 3488 3490 1961
3 2363 3862 3499
3 3540 3541 1857
3 2286 4294 1872
3 3793 3795 224
3 312 87 313
3 3654 4667 1062
3 5084 5154 3864
3 2931 3853 3382
3 4952 4971 3395
3 2114 5425 4463
3 4186 5540 2123
3 3565 3685 1263
3 3454 3576 859
3 1826 5206 5034
3 3642 4922 2385
3 2383 5525 5401
3 2048 5255 3332
3 1793 4226 4224
3 127 5816 3432
3 3228 4360 3829
3 3813 5040 3029
3 5343 5352 2522
3 1382 3916 1543
3 3338 5675 3827
3 2842 4157 2592
3 3473 3474 1525
3 3466 4214 1811
3 3878 4980 3877
3 126 3456 125
3 252 5654 251
3 3420 3705 2770
3 3102 4186 2123
3 76 5052 3608
3 719 5480 258
3 3459 4707 1381
3 3491 5351 3795
3 1094 5240 4595
3 3806 5352 5343
3 196 3699 195
3 3813 5286 2964
3 5167 5250 3552
3 4226 4433 1781
3 3170 5353 3901
3 3627 4996 2988
3 2393 4820 3758
3 298 910 81
3 1793 5388 4226
3 1390 3562 3561
3 2784 5280 3628
3 2940 5386 5316
3 1702 5000 3708
3 2534 5035 3518
3 3639 4716 3095
3 4922 5611 3896
3 3456 5526 124
3 2252 3549 2655
3 3898 4882 4808
3 2957 4779 4737
3 2472 3528 3188
3 2886 3474 2885
3 2978 4361 4242
3 2770 3953 3420
3 4267 4961 2090
3 3522 4012 4011
3 3236 5341 4321
3 285 4977 284
3 3827 4773 3338
3 4 3039 3
3 3618 3620 1561
3 3685 5328 3372
3 4242 4361 4243
3 3129 5818 3473
3 1961 3598 3488
3 2570 3546 3494
3 3149 4974 3944
3 3707 5005 3706
3 5103 5142 3164
3 4532 5603 2283
3 2140 3569 1959
3 4203 4426 4205
3 1450 3798 1085
3 2862 4868 2863
3 3409 4037 2236
3 2677 3723 3596
3 3033 5016 4703
3 5316 5386 3336
3 3642 5611 4922
3 1972 3666 3647
3 2826 3840 3155
3 3664 4638 2844
3 1584 3635 1586
3 4204 4206 1453
3 5284 5354 2396
3 3183 5399 5387
3 3413 5289 1952
3 3088 3889 3805
3 3002 4768 4301
3 3951 4184 3076
3 292 5787 77
3 505 3777 503
3 356 4156 354
3 187 30 188
3 2794 3792 3791
3 1073 3052 1075
3 3918 5830 3606
3 3780 4800 3672
3 2825 3840 2826
3 3657 3685 3372
3 2700 5126 3631
3 2288 5348 3519
3 1874 5408 5327
3 3370 5439 1358
3 4703 5068 3033
3 3530 3929 2421
3 3616 4310 2777
3 3588 5618 3328
3 184 4850 3516
3 3499 4868 2363
3 1209 3590 1656
3 4078 5197 3065
3 4037 5095 2235
3 2715 3723 3500
3 1629 5478 3572
3 1996 5099 3533
3 733 3838 735
3 124 5526 123
3 2118 3593 3558
3 2964 5040 3813
3 3319 5483 3581
3 2627 3579 3547
3 2641 5423 3365
3 462 3717 464
3 232 231 46
3 4294 5085 3532
3 4634 5211 3970
3 3805 3889 2869
3 3521 3954 940
3 4259 4843 3225
3 3389 4216 1784
3 2288 3519 299
3 1783 5778 3462
3 3767 4732 3127
3 1322 4292 1319
3 3530 5880 3929
3 3541 3625 1857
3 3689 4664 1454
3 4253 4360 3228
3 2039 3918 3606
3 3900 4751 2355
3 5173 5828 96
3 2623 3648 3599
3 3582 5851 1710
3 3186 4800 3780
3 2048 3332 26
3 246 4052 245
3 2985 5063 3416
3 3987 4916 946
3 3882 5403 2671
3 4049 5324 2399
3 3429 4462 3073
3 3516 4850 3213
3 2421 4982 3530
3 1367 5604 3574
3 3509 4267 2090
3 3627 5135 3059
3 1953 3529 3007
3 2899 5277 3503
3 890 5194 3986
3 1037 2297 2296
3 3708 5000 3639
3 3986 5436 890
3 5491 5578 2798
3 158 5719 157
3 1731 3566 3523
3 215 3709 42
3 2955 5317 5053
3 4079 4420 2465
3 2098 3757 3756
3 3620 3634 1561
3 2574 3588 3328
3 1169 5211 4634
3 574 3710 572
3 2093 5567 3364
3 5018 5190 3206
3 4799 5423 2250
3 3839 3923 2723
3 1435 3755 1844
3 2208 4807 3730
3 1964 3568 3560
3 3637 4993 3124
3 285 70 71
3 2641 4927 3481
3 2361 5557 3469
3 2297 3817 2296
3 3517 3699 2900
3 3840 5604 1367
3 4554 5661 2173
3 3710 4094 572
3 3613 4701 1869
3 3199 4784 4751
3 2719 3884 3759
3 2193 4194 2577
3 3228 4878 4253
3 2750 5856 3547
3 3474 3777 1525
3 1193 3546 1195
3 3676 4898 3677
3 3943 5187 3942
3 3030 5635 4451
3 4642 5437 3304
3 5183 5474 85
3 49 3341 235
3 1857 3625 1017
3 312 4544 311
3 2928 4039 2228
3 3389 4304 3057
3 3677 4898 1516
3 2625 3549 2252
3 3233 5544 4866
3 2117 3593 2118
3 4824 5262 3475
3 859 5127 3454
3 1811 4603 3466
3 1880 4906 3759
3 1195 3546 1203
3 4451 5151 3030
3 3271 3835 2480
3 3364 5152 2093
3 2291 5067 3507
3 3419 5894 3654
3 2937 5590 3487
3 3758 4820 3756
3 1441 3534 1103
3 3845 4471 3072
3 3565 5328 3685
3 90 1335 317
3 5528 5579 1908
3 4134 5542 5208
3 5327 5408 3195
3 4038 4039 2928
3 1375 4088 3692
3 3503 3614 2899
3 2266 3832 3485
3 1358 5668 3370
3 3461 5176 4665
3 3485 3833 2266
3 891 3954 880
3 1117 4732 3767
3 3702 4830 2379
3 3759 3884 1880
3 2922 4973 3825
3 3711 5038 3005
3 456 3773 447
3 3518 5035 3353
3 3919 4877 3921
3 4247 5579 5528
3 3566 5342 3534
3 4521 4848 3902
3 1174 3648 2623
3 3502 5091 1455
3 3609 3610 2373
3 5176 5580 4665
3 2098 3756 3755
3 3416 5606 2985
3 3953 4539 3420
3 3669 3671 2213
3 4794 4886 3591
3 2559 4294 3532
3 1838 4886 4794
3 2747 4831 3646
3 63 3097 1503
3 3475 5262 3777
3 1844 3630 2109
3 3239 5431 5185
3 4371 5177 3913
3 1201 3778 1191
3 3483 5137 2479
3 2548 4835 4293
3 4132 5453 5074
3 3458 5439 3184
3 2001 3728 3726
3 5208 5542 1506
3 3469 5305 5113
3 3671 3672 2213
3 3176 5225 3601
3 4323 5572 5179
3 1141 5586 3688
3 559 4923 4169
3 1159 5628 5086
3 2479 5669 3483
3 2348 4038 3882
3 322 5340 3539
3 3097 3260 1503
3 2695 3947 3177
3 1325 5633 3410
3 3417 4982 2421
3 4824 5166 1055
3 4301 5090 3002
3 5355 5508 708
3 3202 4805 3961
3 3212 5314 3551
3 2885 3474 3473
3 1062 4941 3654
3 2421 5298 3417
3 3193 5654 252
3 3352 3709 2015
3 4959 5357 4616
3 2983 5129 3515
3 56 3929 253
3 3523 3539 1731
3 2457 3622 3621
3 3881 5403 3882
3 2133 5499 5238
3 4903 5060 3306
3 3921 4877 2975
3 1601 3699 196
3 5181 5361 3237
3 1844 3755 3630
3 3850 3851 3650
3 4737 5593 2957
3 3589 5618 3588
3 3558 5504 5046
3 1672 3650 1996
3 2995 5174 1335
3 3260 3583 2985
3 57 719 258
3 2592 4157 3252
3 5593 5605 3090
3 3138 3150 2668
3 2152 5114 3441
3 1670 3533 1660
3 2551 5272 3487
3 183 3516 182
3 1455 5590 3502
3 3076 5483 4975
3 3403 5576 3624
3 3947 4174 3177
3 225 3793 224
3 3819 5433 3780
3 3532 3997 2559
3 3487 5272 2937
3 4310 5636 2777
3 3585 5387 5309
3 3666 5015 3647
3 3078 5495 3537
3 251 55 252
3 4182 5269 2582
3 3539 4897 322
3 73 4023 2800
3 4259 5711 1963
3 3538 5248 3467
3 1206 3590 1209
3 3155 3840 3597
3 2472 3188 2598
3 5179 5572 3442
3 310 86 311
3 3560 3661 1964
3 3757 3857 2719
3 3730 5678 2208
3 3064 5095 4037
3 3276 4856 3277
3 3452 3453 2535
3 73 4937 4023
3 3263 5489 187
3 3698 3699 3517
3 2457 3621 1183
3 2726 5071 5017
3 5314 5411 3551
3 2974 5345 4025
3 2098 3755 1435
3 2228 4039 3527
3 74 3617 73
3 3601 5013 3176
3 3621 5693 3807
3 3791 3792 513
3 2582 5322 4182
3 3629 4678 3234
3 4912 5310 3275
3 4957 4958 2365
3 3835 5047 2219
3 932 5482 4531
3 2627 3580 3579
3 3353 4504 3518
3 3537 5873 5156
3 277 3688 276
3 3635 5882 1586
3 3948 4733 3569
3 1114 3638 1118
3 1966 3672 1968
3 3817 4871 2296
3 2210 4294 2559
3 2468 5540 5290
3 5323 5359 626
3 237 3949 50
3 2938 4990 3994
3 1744 4734 4499
3 1975 4932 3914
3 210 3843 2534
3 3915 5531 1975
3 3340 5123 5086
3 2633 4269 3600
3 2059 2472 2058
3 4829 5053 2654
3 3003 4906 4812
3 2928 5153 4038
3 2534 5676 5035
3 3501 5636 5297
3 3511 4259 3225
3 1862 2058 1861
3 1570 5527 3512
3 1565 5142 5103
3 2535 5737 3452
3 157 20 158
3 1065 5293 5198
3 2886 3475 3474
3 182 3516 27
3 3599 3649 2623
3 2135 3676 3675
3 4051 4700 3300
3 5191 5203 3707
3 314 1497 88
3 273 5275 2631
3 614 5263 3434
3 3631 5126 3633
3 3969 3970 2320
3 4206 5625 1453
3 1584 5804 3635
3 3887 4830 3702
3 3434 5609 614
3 3574 5178 2512
3 1096 3674 1019
3 3413 5526 4889
3 2090 4422 3509
3 2800 4023 3515
3 5198 5293 4597
3 71 4977 285
3 5297 5636 1977
3 5062 5605 5593
3 309 5695 85
3 4203 5637 4426
3 3636 5123 3340
3 4501 4963 4223
3 3478 5566 1944
3 4939 5417 2107
3 3663 3664 656
3 3414 5657 5648
3 4751 4784 2158
3 290 3609 2373
3 3622 5693 3621
3 1857 3674 3540
3 2190 4256 3513
3 5648 5657 2681
3 3926 4792 3928
3 2607 3657 3372
3 195 3699 3698
3 123 1952 11
3 823 4563 3350
3 3175 4998 4990
3 3699 5277 2900
3 1319 4292 1887
3 2226 4142 2680
3 947 3717 3553
3 700 5038 3711
3 599 5433 3819
3 4501 5426 2526
3 3212 5151 4451
3 2625 3550 3548
3 3306 5060 3084
3 4153 5027 1454
3 2844 5454 3664
3 3990 4941 1062
3 3640 4554 2716
3 2551 5562 5272
3 1381 5812 3459
3 3580 4966 1213
3 3508 5508 5355
3 517 3785 515
3 2719 3759 3757
3 5404 5438 3311
3 3710 5191 3707
3 972 4053 918
3 216 823 43
3 3723 5564 3500
3 940 3954 891
3 1676 3718 3584
3 3763 4018 4017
3 464 3717 947
3 261 1557 59
3 5248 5384 3467
3 1725 5179 3442
3 3477 4704 1826
3 2543 3865 3262
3 1503 3260 2985
3 1335 5174 317
3 5046 5504 3386
3 85 5695 5183
3 3065 5621 4078
3 4856 5406 3277
3 4990 4998 1685
3 2924 4848 4521
3 728 4333 3522
3 3399 5085 3400
3 1988 4868 3651
3 1578 1583 1579
3 1049 3627 2988
3 1959 3569 1964
3 3673 3765 2827
3 1516 5843 3878
3 3942 5187 2035
3 1874 5327 1201
3 2526 5426 5395
3 3846 5057 2731
3 2039 3606 3603
3 3989 4916 3987
3 3270 5512 5449
3 3623 4213 2850
3 184 3516 183
3 209 3518 40
3 4975 5483 3319
3 2853 5162 4419
3 2086 4961 4273
3 3605 5564 3723
3 1520 3838 733
3 3790 3791 513
3 3526 5757 3380
3 3609 3612 3610
3 2861 5830 3918
3 1860 1862 1861
3 3748 4292 1322
3 266 3761 471
3 1909 3822 3696
3 2117 3594 3593
3 3032 5101 4321
3 953 5065 3691
3 1099 4156 356
3 4574 5399 5241
3 5084 5380 3041
3 2708 5785 3581
3 2387 5437 4642
3 2623 3773 909
3 5074 5453 1619
3 3517 5265 3201
3 4050 4052 246
3 245 4052 950
3 3631 3633 2356
3 1576 1578 1577
3 2382 4866 3535
3 2631 5275 4717
3 5238 5499 4080
3 4451 5314 3212
3 216 4563 823
3 1674 3850 3650
3 3099 5685 5473
3 144 5367 143
3 3327 5024 1710
3 1154 4902 4606
3 4463 5792 3457
3 3239 5185 47
3 3775 5073 1539
3 3814 5167 3552
3 1860 1861 1720
3 896 3681 3680
3 3449 5207 3450
3 1127 3685 1125
3 3529 3530 3007
3 1789 3588 2574
3 16 669 141
3 51 5143 237
3 4584 5258 4795
3 5103 5548 1241
3 5086 5628 3340
3 3763 4019 4018
3 2140 3948 3569
3 3347 5380 5084
3 1869 5767 3613
3 5290 5540 3383
3 3147 5515 3494
3 5066 5287 4458
3 4273 5827 2086
3 5449 5512 1044
3 1454 5027 3689
3 5161 5214 957
3 1862 3946 2060
3 3383 5540 4186
3 4924 5271 2987
3 2905 5012 4885
3 3630 3749 2109
3 3928 4792 2504
3 1676 3717 462
3 1862 2059 2058
3 3798 5423 4799
3 3442 5742 1725
3 3486 3833 3485
3 896 3680 137
3 5473 5685 3423
3 117 3471 8
3 2703 5792 4463
3 3967 5842 3615
3 3948 5728 4733
3 3611 5537 4937
3 3403 5660 5576
3 311 4544 310
3 4105 5214 5161
3 3299 5276 3298
3 63 1502 274
3 3343 5801 2931
3 3373 5854 3415
3 68 3514 282
3 3690 5099 1996
3 4273 4961 4268
3 3473 5818 3828
3 4776 5054 3910
3 3113 5172 4237
3 3619 4157 2842
3 3510 4581 3067
3 4007 4008 2217
3 2363 4847 3862
3 2577 4194 3416
3 2788 4351 4158
3 182 28 183
3 83 3582 304
3 3429 4945 2484
3 3865 5247 3262
3 4734 5663 4499
3 5192 5496 1911
3 3547 5856 3660
3 3675 3996 2135
3 5207 5332 3450
3 4295 5208 1506
3 3546 3778 3494
3 1131 3468 1129
3 1390 4813 3562
3 3795 5351 865
3 3743 3744 3742
3 3860 4231 3863
3 3582 4981 3428
3 2669 3138 2668
3 735 3838 2001
3 2850 4214 3623
3 1964 3569 3568
3 2193 4570 4194
3 3375 5860 3458
3 3798 4799 1022
3 3515 4023 2983
3 4025 5345 4026
3 1026 4603 1029
3 2135 3785 3676
3 1826 5034 3477
3 289 3617 74
3 1112 3638 1114
3 976 4010 974
3 910 1350 81
3 4808 4882 2506
3 2716 4553 3640
3 5150 5432 342
3 1576 5887 4729
3 4007 4887 4006
3 3761 5736 3549
3 5116 5117 96
3 3584 3717 1676
3 1944 5887 3478
3 3505 5293 1065
3 157 5719 3543
3 2153 3674 1096
3 1213 5460 3580
3 5307 5434 3422
3 3076 4975 3951
3 1539 5073 3470
3 3804 4676 3718
3 5725 5821 2633
3 2306 5063 3583
3 1749 3959 779
3 3039 5288 3
3 64 3687 275
3 54 3529 1953
3 1121 3657 2607
3 5048 5406 3269
3 4883 5207 3449
3 1506 5283 4295
3 3182 5387 3585
3 5003 5195 3103
3 3591 4607 1153
3 1193 3778 3546
3 2990 5188 3525
3 2654 3736 841
3 3603 3752 2039
3 5153 5366 727
3 4160 4225 3578
3 3449 5861 4883
3 2059 3528 2472
3 3139 3140 3138
3 7 331 330
3 4389 5543 3256
3 3525 5662 2990
3 3681 5506 2971
3 1572 1576 1574
3 3040 3244 88
3 2582 5269 3479
3 3882 5372 2348
3 3480 5412 1851
3 354 4156 4154
3 4237 5769 3113
3 1065 5222 3505
3 3451 5737 3180
3 3492 5206 865
3 4685 5417 4939
3 3558 5046 2118
3 3479 5236 2582
3 3441 4326 3801
3 2986 3662 3661
3 375 3634 378
3 5276 5706 3298
3 3736 5778 1783
3 942 1176 1175
3 409 5574 3396
3 1103 3534 94
3 1719 1720 1583
3 2001 3838 3728
3 335 4087 337
3 415 5248 3538
3 3348 3351 2015
3 3376 5627 5308
3 3181 4615 4607
3 3970 4053 2320
3 5145 5305 2993
3 4419 5162 3207
3 3475 5166 4824
3 237 5143 3949
3 1672 1996 1670
3 1313 4184 3951
3 1381 4707 3871
3 991 4320 1102
3 2213 3672 1966
3 3464 4513 3465
3 3063 5319 3331
3 3396 5640 409
3 3805 5578 5491
3 2881 5310 4912
3 4102 4585 2041
3 3763 4017 3762
3 4054 5255 2048
3 3256 5644 4389
3 3510 5337 4581
3 3237 5361 3157
3 2702 5037 3997
3 120 5390 3472
3 47 3266 232
3 63 1503 1502
3 168 5303 656
3 2844 4638 3956
3 4250 4700 4051
3 4008 4290 2217
3 4836 5438 2499
3 331 333 332
3 2173 5498 4554
3 4070 5438 5404
3 3180 5414 3451
3 3590 4854 1656
3 1860 3946 1862
3 1710 5851 3327
3 3327 5487 3867
3 1181 1182 1180
3 3095 4716 3986
3 1190 3807 1874
3 3463 4896 2584
3 284 4977 283
3 4532 5331 932
3 2746 3721 3443
3 823 3348 43
3 3640 5661 4554
3 409 3656 262
3 3437 4214 3466
3 4761 5007 3116
3 3679 5889 2908
3 3494 3778 3493
3 5395 5529 2526
3 2355 5580 3554
3 1203 3546 2570
3 3824 3825 2153
3 1871 3732 2286
3 3728 3838 3729
3 3462 5135 1783
3 3596 3855 2677
3 3715 5059 4515
3 1187 3807 1190
3 3932 5529 5395
3 2662 5511 3825
3 1661 5110 3993
3 3651 4868 2862
3 1669 5524 5143
3 919 5563 3559
3 2730 3707 3706
3 4142 4143 2680
3 1181 3906 1713
3 3538 5775 415
3 3767 5527 1570
3 2863 4868 3499
3 1658 1660 1659
3 4544 5695 310
3 3495 5281 2992
3 45 520 519
3 3235 5596 4804
3 2823 3817 2297
3 3159 5366 5153
3 43 3348 2015
3 4469 4669 4355
3 1272 5028 4908
3 1129 1263 1127
3 3559 5581 3215
3 3188 3401 2598
3 2743 5485 3764
3 1851 5571 3480
3 3714 3715 2651
3 143 4766 17
3 3633 5359 5323
3 2634 5420 3944
3 2160 5842 3967
3 656 3721 3663
3 2569 5004 3727
3 1251 4938 3916
3 1183 3621 1182
3 1190 1201 1191
3 2248 4954 2013
3 3762 4017 1949
3 1019 3674 1857
3 4903 5030 1487
3 3862 4847 3861
3 130 3695 839
3 2213 4727 3669
3 4571 5548 5103
3 2970 5057 3846
3 3547 5321 2750
3 2668 3369 2328
3 15 2784 140
3 3623 4432 4213
3 5241 5399 3183
3 1561 3634 375
3 1859 1860 1720
3 3468 3564 1263
3 2330 2668 2328
3 3225 5079 3511
3 3070 4801 3694
3 4804 5378 3235
3 1176 1178 1177
3 5563 5581 3559
3 918 4053 736
3 1178 1180 1179
3 310 5695 309
3 4080 5197 4078
3 5439 5602 1358
3 3672 4800 1968
3 3820 3996 3675
3 1133 1367 1131
3 3052 5301 4953
3 2528 4963 4501
3 4833 5055 2460
3 3559 5659 919
3 1539 3784 3775
3 1701 5656 5411
3 1129 3468 1263
3 3556 5883 3157
3 3381 5757 5239
3 5239 5435 3381
3 592 3785 517
3 4852 4871 3817
3 2566 4889 3456
3 4136 4143 4142
3 2107 5417 5299
3 1322 4661 3748
3 4321 5341 2621
3 2376 4676 3804
3 5117 5173 96
3 3782 4051 557
3 953 3691 315
3 426 3871 429
3 865 5351 3492
3 841 3736 923
3 2686 5755 5722
3 3380 5446 3526
3 3732 4240 2286
3 1234 4087 335
3 816 3887 1369
3 2973 5509 5065
3 1931 5660 3403
3 953 4767 3653
3 3467 5384 1764
3 2963 5286 3911
3 4908 5028 4008
3 1518 4910 1762
3 3769 4225 4160
3 3794 5256 3491
3 1570 3512 1572
3 3333 5502 4628
3 777 5022 775
3 2225 4142 2226
3 3460 5745 2255
3 4628 5587 3333
3 276 3687 64
3 2125 4913 4313
3 1187 1190 1189
3 3368 5412 3480
3 1549 3661 2065
3 2465 5238 4079
3 4805 5650 3961
3 1636 4750 3598
3 3514 3515 2169
3 4334 5339 5231
3 5231 5339 3098
3 2098 3857 3757
3 3714 4904 3715
3 4057 4064 4058
3 283 69 284
3 2061 3528 2059
3 507 3996 3820
3 3718 4676 3584
3 5722 5755 3550
3 1660 3533 1661
3 5017 5071 3667
3 3028 5441 4092
3 226 3790 513
3 3739 3740 3738
3 3600 5725 2633
3 814 3887 816
3 3632 5082 1041
3 2957 4928 4779
3 3490 4832 1961
3 2633 5821 3992
3 1578 1719 1583
3 4427 4955 2918
3 1190 1191 1189
3 4701 5044 1869
3 4213 4432 1914
3 110 5620 6
3 2662 5680 5511
3 3570 5100 1629
3 5411 5656 3551
3 2255 5771 3460
3 3598 4750 3360
3 3991 4740 9
3 515 3785 2135
3 1264 4141 4138
3 1576 1577 1574
3 1581 3666 1972
3 3513 5358 2190
3 5294 5669 4058
3 3863 4231 556
3 3388 5271 4924
3 884 4064 4059
3 1884 4684 4299
3 1764 5484 3467
3 3611 4937 3617
3 2730 3706 2413
3 3071 5357 4959
3 644 4299 4139
3 3452 5737 3451
3 194 3698 3201
3 3636 5161 957
3 583 3892 2706
3 2584 5333 3463
3 4861 5482 932
3 3401 3402 3158
3 656 5303 3721
3 471 3761 3421
3 227 3790 226
3 4086 4087 1234
3 4011 4012 1829
3 629 4141 1264
3 2153 4973 3674
3 114 3747 2093
3 7 330 115
3 1181 1183 1182
3 1178 3906 1181
3 2484 3753 1940
3 3653 5065 953
3 1945 3398 292
3 1375 5126 4088
3 3078 3749 2976
3 2460 4838 4833
3 631 4141 629
3 4607 4615 1153
3 4355 4447 1274
3 2850 4652 4214
3 2217 4887 4007
3 3726 4093 2001
3 3724 3730 2632
3 1886 4792 3926
3 4406 5404 3209
3 3697 3703 2785
3 1178 1181 1180
3 3488 3598 3360
3 5053 5317 3259
3 1203 1205 1204
3 2992 5747 3495
3 1512 4942 1345
3 307 3535 1037
3 3306 5030 4903
3 2986 4158 3662
3 513 3793 225
3 32 2827 191
3 267 3761 266
3 1040 5022 3667
3 45 519 229
3 3365 3797 2816
3 3986 5194 3095
3 5273 5360 997
3 4004 4892 4003
3 2679 3703 3697
3 3553 5167 947
3 7 1892 331
3 3528 5045 3188
3 3368 5736 3761
3 1964 3661 1549
3 5587 5785 3455
3 4833 4838 3954
3 4137 4142 2225
3 232 5405 231
3 4138 4144 1264
3 5740 5801 3626
3 4773 5094 3338
3 917 4093 970
3 1153 4794 3591
3 1393 4565 1246
3 2857 3868 3660
3 4214 4652 1811
3 3480 5736 3368
3 3561 5687 1390
3 313 3704 312
3 5099 5110 3533
3 1578 1579 1577
3 3464 5536 4365
3 1720 3496 1583
3 3660 4989 2857
3 2536 5054 4776
3 3102 4187 4186
3 4355 4669 4447
3 2188 5256 4735
3 2807 4585 4102
3 4571 5103 3164
3 3624 5302 3316
3 5750 5830 3712
3 266 471 61
3 2976 3749 3630
3 2225 4148 4137
3 110 4966 4568
3 4059 4063 884
3 4101 4873 4795
3 1120 1121 1119
3 1674 3650 1672
3 4102 4873 4101
3 3737 3739 3738
3 3621 3807 1185
3 3733 4532 4531
3 2323 3739 3737
3 573 3776 3100
3 4004 4929 4892
3 2382 5474 4866
3 1949 4331 3762
3 2866 5029 3913
3 564 5037 2702
3 3622 5788 5408
3 1182 1185 1184
3 4958 5762 2365
3 1497 3040 88
3 1274 4447 3830
3 228 3714 2651
3 3595 3959 2642
3 3199 4751 3900
3 4515 5577 3715
3 3300 5706 4052
3 561 3776 573
3 3038 4662 4368
3 1886 3926 3924
3 1177 4026 1325
3 3830 4364 1274
3 3623 4214 3437
3 2170 5018 3889
3 3626 5801 3343
3 974 4010 2320
3 1176 1177 1175
3 1381 3871 426
3 1909 5667 3822
3 3515 5418 2800
3 1797 3724 2632
3 4019 5699 2261
3 2575 3963 2660
3 3204 5287 5066
3 3115 4845 3903
3 3466 5218 3438
3 2570 3544 1205
3 3133 4364 3830
3 655 3779 589
3 507 3820 3129
3 4092 5494 3028
3 2721 3823 3786
3 4299 4684 4139
3 3081 5169 5159
3 921 4320 991
3 1942 3868 2237
3 2566 4726 3700
3 1205 3590 1206
3 3784 4663 3775
3 286 3307 71
3 5299 5417 3296
3 429 3871 3866
3 913 4331 1949
3 2381 5326 4235
3 3499 3863 3498
3 1591 3974 3766
3 942 1175 13
3 3730 3731 2632
3 1240 5397 4135
3 1656 1658 1657
3 2794 5607 3792
3 3549 5736 2655
3 571 4094 1480
3 2864 5491 2798
3 3038 4313 3686
3 4031 4032 2919
3 2652 5434 5307
3 3771 5336 3394
3 3363 5012 2905
3 3457 5610 2114
3 572 4094 571
3 211 3843 210
3 683 4290 398
3 1114 1116 1115
3 2788 4158 2986
3 4177 4603 1026
3 5408 5693 3622
3 3908 4086 1234
3 936 4997 4950
3 5773 5833 4173
3 1441 3684 3683
3 3358 5525 3477
3 2320 4053 972
3 4173 5833 4456
3 1185 1187 1186
3 2169 3781 281
3 3298 5706 3300
3 3892 3911 2706
3 2323 3737 2301
3 1662 1670 1660
3 3786 3823 2821
3 2706 3745 585
3 1112 1114 1113
3 4334 4763 2891
3 3593 3595 2642
3 3552 5656 3814
3 155 4269 2633
3 3758 5690 2393
3 3438 5218 5210
3 205 3719 2152
3 62 4030 270
3 2900 5277 2899
3 2031 3872 2028
3 32 3041 2827
3 1931 5794 5546
3 1487 5030 3655
3 212 3843 211
3 5092 5383 2981
3 2460 5055 2920
3 1583 1584 1579
3 2679 4475 3703
3 111 4966 110
3 409 5318 3656
3 3150 5045 3369
3 2019 4909 2776
3 93 5340 322
3 2918 4031 2919
3 1246 4565 1455
3 3333 5587 3455
3 5042 5361 1567
3 3178 5360 5273
3 1572 3512 1576
3 3991 5519 3043
3 2777 5636 3501
3 1174 4790 3648
3 779 3959 777
3 4384 4559 1989
3 3680 5889 3679
3 3751 4298 1759
3 2658 5026 3678
3 2598 3401 3158
3 1287 3824 2153
3 4393 4671 3080
3 2777 4921 3616
3 3827 5675 1716
3 3601 5225 1873
3 3331 5319 4834
3 1203 2570 1205
3 212 211 41
3 3496 5804 1583
3 318 5145 91
3 3634 4695 378
3 2642 3959 1749
3 1187 1189 1188
3 1498 4376 3720
3 471 2736 61
3 2574 2646 2575
3 2512 5835 3574
3 1125 3685 3657
3 1118 1119 1116
3 3486 5585 3833
3 2307 3850 1865
3 3671 3819 3780
3 16 1073 669
3 2807 4102 4100
3 3881 3882 3880
3 1557 1644 59
3 4707 4853 3804
3 3757 3758 3756
3 4024 5353 3170
3 5677 5719 2391
3 275 3687 3097
3 2727 3743 2324
3 4346 4764 4348
3 4085 4876 2419
3 4125 4810 4342
3 1125 3657 1122
3 3426 5496 5192
3 3169 5335 4182
3 1178 1179 1177
3 4984 5031 2543
3 3686 4662 3038
3 3612 4701 3610
3 1586 3587 1588
3 2175 3768 2177
3 3796 4027 1758
3 1182 3621 1185
3 2727 3744 3743
3 3328 3701 2646
3 5 480 109
3 3513 3811 3349
3 1197 5391 3624
3 5721 5894 3870
3 3160 5205 3077
3 4082 4083 564
3 1004 3627 1049
3 2864 5195 5003
3 3722 4966 3580
3 3664 5454 656
3 85 2382 308
3 4729 5887 1944
3 3816 3817 2823
3 2785 4027 3697
3 4158 4351 2419
3 4182 5322 3169
3 3511 5839 3009
3 3399 3400 3398
3 3954 4838 880
3 2723 5513 3839
3 4059 4064 4057
3 3234 5422 3629
3 4368 4662 1493
3 3403 5794 1931
3 3520 3784 198
3 3426 5708 3427
3 2898 4635 3197
3 4383 4384 1989
3 307 1037 84
3 5256 5607 4735
3 3138 5534 3150
3 2988 3589 3588
3 3431 5385 3906
3 2706 5286 3745
3 2 5559 1
3 719 5733 3439
3 3839 5490 3923
3 3768 3770 3769
3 1762 4910 4394
3 1578 4729 1719
3 3563 5626 559
3 4474 4870 4034
3 2028 3872 1883
3 557 4257 3782
3 2543 5031 3865
3 2320 4010 3969
3 3782 4250 4051
3 4635 4689 3197
3 3342 5501 4742
3 3029 5112 3813
3 1755 5393 5362
3 1121 2607 2426
3 4872 5553 5333
3 3145 4298 3751
3 5065 5509 3691
3 957 5123 3636
3 4285 5547 5507
3 34 3698 194
3 4285 5507 4642
3 3906 5848 3431
3 1589 4845 4789
3 1790 4461 4148
3 4226 5141 4225
3 3141 5110 5099
3 3346 5432 5150
3 4556 5530 5476
3 1158 5278 67
3 534 3810 537
3 2278 4671 4393
3 3712 5830 2861
3 4175 4851 3151
3 2808 4276 4171
3 3387 3974 1591
3 5264 5266 3966
3 39 739 206
3 1914 4432 4060
3 2363 4868 1988
3 1201 5327 3493
3 4904 5059 3715
3 4818 5061 3230
3 3822 5667 3257
3 4066 4411 2867
3 3601 5270 5013
3 3638 5051 1118
3 270 4030 1851
3 3671 3780 3672
3 839 3789 129
3 3646 5550 2747
3 1133 3597 1367
3 4245 5705 3367
3 280 1158 67
3 853 4877 3919
3 3505 5111 3872
3 4387 4968 4862
3 4139 4342 644
3 1345 4010 976
3 5108 5144 3809
3 80 5892 296
3 1122 3657 1121
3 5011 5041 4221
3 2451 3831 2813
3 2844 3956 3955
3 4100 4103 2807
3 2730 4094 3710
3 4313 4913 3686
3 3036 5094 4773
3 1121 2426 1119
3 3314 5852 4664
3 3791 5233 2794
3 1099 4157 4156
3 4187 4527 2436
3 3859 4231 3860
3 1 1909 986
3 1126 1127 1125
3 3266 5185 3973
3 3160 5627 5205
3 4795 5258 4101
3 967 4230 726
3 3879 3881 3880
3 1094 4771 927
3 1658 1662 1660
3 1936 3722 1938
3 3209 5462 4406
3 1108 1109 1078
3 2819 4723 3924
3 4163 4809 4682
3 4038 5153 3880
3 3902 4848 4030
3 5069 5121 4683
3 1077 1078 1076
3 296 4082 295
3 1195 1203 1197
3 1972 3647 3646
3 1002 1783 1004
3 2398 5252 3147
3 3804 4853 2376
3 3785 4898 3676
3 1719 4729 1944
3 722 3884 2719
3 3862 3863 3499
3 3557 5361 5042
3 3639 5000 2130
3 2648 5167 3553
3 1191 3778 1193
3 85 5474 2382
3 3515 5129 2169
3 5410 5471 3330
3 1752 3854 345
3 197 3784 1539
3 1238 4553 1093
3 4161 5130 4790
3 1789 2574 1947
3 2752 2753 2466
3 1124 1125 1122
3 1272 4908 4003
3 3624 5576 1197
3 3222 4357 4162
3 995 4555 922
3 923 3736 1002
3 1191 1193 1192
3 3694 5266 3070
3 2986 3661 3560
3 2730 3710 3707
3 4958 5023 4920
3 1188 3713 3116
3 3624 5391 5302
3 357 5740 3626
3 3770 4224 3769
3 2619 4888 3231
3 4993 5309 3124
3 564 2702 79
3 304 3582 1710
3 2646 3963 2575
3 1029 4603 1811
3 15 5280 2784
3 1206 1209 1208
3 2607 3371 3126
3 3401 5173 3402
3 3204 5311 5287
3 2420 5165 5015
3 4742 5613 3342
3 4135 5710 1240
3 1049 2988 1534
3 2227 4598 4255
3 427 3955 2287
3 3482 3856 3508
3 1440 3824 1287
3 627 4145 624
3 3579 5321 3547
3 1075 1076 1074
3 282 3514 2169
3 3372 3818 3371
3 198 3784 197
3 4119 4342 4121
3 3454 5127 3692
3 3512 5887 1576
3 3116 5007 1202
3 1660 1661 1659
3 1790 4167 4140
3 2237 3868 2857
3 2001 4093 917
3 3994 4991 2938
3 1467 5144 5108
3 2373 3617 289
3 3081 5170 5169
3 3070 5266 5264
3 3230 5416 4818
3 922 4555 840
3 1205 1206 1204
3 3555 4250 3782
3 2574 3328 2646
3 2288 5858 5348
3 1128 1129 1127
3 3959 5022 777
3 300 3867 2288
3 2607 3372 3371
3 4088 5126 2700
3 3740 3741 3738
3 1570 1572 1571
3 1637 5010 3602
3 1887 5798 3783
3 1769 5041 5011
3 1718 3752 2661
3 575 577 576
3 3775 4663 2748
3 577 581 580
3 1385 3767 1570
3 4148 4461 4137
3 3943 4319 1902
3 3661 3662 2065
3 2570 3545 3544
3 1182 1184 1180
3 1719 1859 1720
3 3768 3769 2177
3 2918 4955 4031
3 3655 5033 1487
3 4003 4892 1272
3 4680 4753 3978
3 468 3814 1701
3 573 575 574
3 178 2048 26
3 3828 5464 3226
3 98 3837 2508
3 429 3866 448
3 1114 1118 1116
3 2013 2457 1183
3 2436 4188 4187
3 2929 4776 3910
3 213 3843 212
3 3525 5188 4508
3 2929 3910 3909
3 1940 3753 1937
3 4140 4461 1790
3 458 3802 460
3 3769 4160 2177
3 3921 3922 3920
3 3368 3761 267
3 39 740 739
3 127 942 13
3 3851 5503 3650
3 1093 4553 2716
3 3405 4849 3406
3 35 1601 196
3 2406 4753 4680
3 3960 4771 1094
3 1345 4942 4010
3 1203 1204 1197
3 1130 1131 1129
3 3459 4853 4707
3 3203 5311 3204
3 1102 4320 1902
3 3991 5330 4740
3 3788 4485 2920
3 36 3520 198
3 4235 5761 2381
3 1724 3881 3879
3 3079 3932 3931
3 4272 4431 4274
3 520 522 521
3 970 4093 1699
3 130 839 129
3 1185 3807 1187
3 5259 5534 96
3 901 3920 1655
3 1658 1659 1657
3 1109 1112 1111
3 1534 3588 1789
3 4937 5537 2984
3 2012 3883 3407
3 4515 5585 3486
3 3979 4171 2122
3 1945 3399 3398
3 138 896 137
3 3870 5894 3419
3 295 4082 564
3 3942 5215 3941
3 1109 2245 1112
3 3911 5645 2963
3 3820 4631 3129
3 2063 5600 2061
3 1677 5617 3526
3 4293 5813 4967
3 3753 5261 480
3 3543 5719 5677
3 1132 1133 1131
3 2177 4715 1980
3 4171 4276 2122
3 164 3955 427
3 4341 4614 3849
3 136 3680 3679
3 3876 3877 3874
3 4074 4500 2196
3 4082 4084 4083
3 493 3894 523
3 480 5261 109
3 2719 3857 1031
3 2235 5095 3135
3 3707 5203 1353
3 3859 3860 2156
3 398 4290 390
3 45 1984 520
3 4274 4431 2433
3 3924 4723 1886
3 3764 5485 5465
3 3888 5732 3498
3 523 3894 2696
3 3005 5038 4087
3 553 3827 1716
3 3544 3590 1205
3 2574 2575 1947
3 3526 5446 1677
3 2299 2823 2297
3 3258 3898 2397
3 3695 5473 839
3 331 332 330
3 3140 5116 3138
3 2330 2669 2668
3 1520 3958 3839
3 2957 5593 3090
3 2661 3752 3603
3 2966 3886 3702
3 1416 3905 1712
3 3404 3843 213
3 1343 4044 2067
3 3244 3704 88
3 378 4695 380
3 9 1458 118
3 3575 3670 3669
3 2542 4269 455
3 4297 4298 3144
3 1987 4727 1967
3 3002 5090 3121
3 2299 3737 2823
3 1572 1574 1573
3 3860 3863 3862
3 3371 5566 3126
3 1589 3695 131
3 3737 3738 2823
3 2195 4669 4469
3 1783 3627 1004
3 138 5458 896
3 2245 3638 1112
3 1765 4207 4200
3 1939 3868 1942
3 3834 3847 2571
3 561 573 572
3 163 3841 2021
3 394 4028 397
3 4347 5001 4880
3 38 3801 203
3 3920 3922 1655
3 2327 2328 2063
3 3763 5699 4019
3 2718 3858 3217
3 4995 5107 2461
3 1109 3774 2245
3 4220 4936 4221
3 2728 3890 2305
3 3144 4298 3145
3 2737 4006 3930
3 3382 5836 4308
3 3808 4699 3809
3 2861 3918 2403
3 2368 5447 4192
3 4151 4668 4150
3 5188 5481 4508
3 4079 5520 4420
3 1369 3887 3886
3 5362 5393 3265
3 1209 1210 1208
3 549 553 548
3 595 3779 1691
3 2122 4170 3979
3 1254 3905 1416
3 4049 4081 3214
3 3064 4037 2943
3 345 3854 347
3 3739 3743 3742
3 150 5371 18
3 1455 3597 1133
3 1733 4964 4874
3 1671 1672 1670
3 3244 4544 3704
3 3277 5406 5048
3 3078 5807 3749
3 5115 5128 3198
3 3367 5713 4245
3 3898 4808 2141
3 2428 5128 5115
3 2451 3890 3831
3 5485 5733 5465
3 3765 5104 190
3 2332 5429 5329
3 1814 4614 4341
3 3873 3876 3874
3 547 548 546
3 3808 4694 1531
3 1365 3885 1265
3 1723 3886 2966
3 1903 5630 4900
3 1120 1122 1121
3 5170 5289 3412
3 3079 3931 1646
3 3181 4607 3891
3 2535 3768 2175
3 965 4228 3826
3 537 3990 539
3 3658 5457 3659
3 4281 4286 3074
3 3810 3990 537
3 3082 3847 3834
3 3048 3505 2688
3 600 4933 4656
3 4348 4764 2458
3 3738 3816 2823
3 3677 3876 3873
3 3837 5595 3196
3 3947 5324 3214
3 2988 3588 1534
3 1902 4319 4029
3 4885 5012 3010
3 2413 3706 2644
3 2741 4834 4593
3 5215 5253 3941
3 587 3745 655
3 1795 3724 1797
3 4426 5043 4205
3 1716 5584 3776
3 589 3779 595
3 3783 5533 1887
3 3453 3768 2535
3 1 986 104
3 2403 3918 961
3 587 655 589
3 4255 4598 4145
3 1209 1656 1308
3 427 1427 22
3 3181 3891 2272
3 42 3709 214
3 4320 5187 3943
3 2128 4422 2089
3 1765 4200 4199
3 4920 5023 3273
3 545 546 544
3 3575 3669 3219
3 3652 5338 2280
3 1118 1120 1119
3 2397 3898 2141
3 2150 4855 4670
3 3278 3856 2946
3 2165 2730 2413
3 3475 3777 3474
3 3009 5839 4740
3 458 3866 3802
3 1401 4579 1063
3 1967 4727 2213
3 137 3680 136
3 3596 4815 3855
3 4682 4809 2462
3 3858 3864 3217
3 3320 5524 3965
3 2217 4290 683
3 3765 5334 5104
3 1433 3752 1718
3 4144 4413 4122
3 3904 3958 729
3 2436 4412 4188
3 664 5158 5119
3 3901 5147 3114
3 3879 3880 727
3 2644 3706 3542
3 1139 4592 1266
3 3733 5603 4532
3 2784 5389 5157
3 2733 4782 3238
3 3004 5107 4995
3 945 4331 913
3 271 4030 62
3 3220 3575 3219
3 3412 5539 5170
3 3649 3773 2623
3 4343 4755 3142
3 3097 3261 3260
3 4264 4921 2776
3 1117 3767 1385
3 3730 4807 3731
3 2632 3732 1871
3 1626 4288 1624
3 834 4022 688
3 655 5112 3779
3 164 427 22
3 1643 3883 2012
3 2929 3909 1820
3 2160 3967 179
3 2419 4876 4158
3 2426 4732 1119
3 4335 5506 3681
3 141 5280 15
3 3518 4504 1609
3 853 4874 3754
3 5059 5585 4515
3 135 3679 3115
3 3600 4269 2542
3 3274 3640 2714
3 1358 5602 4266
3 543 544 542
3 1758 4656 3796
3 3719 5805 2152
3 19 455 156
3 4138 4413 4144
3 2301 3737 2299
3 2923 5803 4994
3 1385 1570 1569
3 5468 5619 3927
3 4802 4855 3952
3 5245 5362 3049
3 3548 5755 5398
3 3640 4553 2714
3 204 3801 38
3 1524 3885 1365
3 577 580 576
3 1690 4272 4271
3 1950 4851 4175
3 3826 4229 965
3 986 4763 104
3 2227 4548 4149
3 2644 3542 3541
3 1690 4431 4272
3 4986 4987 3317
3 2289 2307 1865
3 575 576 574
3 946 5744 3987
3 65 1141 277
3 2661 2678 2677
3 1105 2340 455
3 200 3318 37
3 2776 4909 4264
3 585 3745 587
3 2867 4458 4066
3 2752 3696 2753
3 2340 2542 455
3 90 2993 1335
3 501 3907 502
3 4221 4936 885
3 2249 4831 2747
3 2688 3872 2031
3 1797 2632 1871
3 3809 4699 4666
3 3505 5222 5111
3 2118 5046 4362
3 2340 2543 2542
3 813 4829 2654
3 3745 3813 655
3 1931 5546 4219
3 3893 4449 1968
3 4872 5698 3241
3 2324 3743 2323
3 3597 5091 3155
3 3144 4460 4297
3 2651 3790 227
3 3697 4027 3796
3 726 4230 720
3 448 3866 458
3 4950 4997 3465
3 723 3859 2156
3 541 542 540
3 3748 4661 3831
3 3349 3811 3348
3 580 3892 583
3 3983 3989 3987
3 3668 5316 2622
3 527 528 526
3 132 3903 1589
3 2661 2677 1841
3 3677 3873 2712
3 532 3810 534
3 1209 1308 1210
3 4308 5885 3382
3 3604 3605 2678
3 2993 5305 3469
3 4223 4353 1359
3 2060 2061 2059
3 573 574 572
3 1377 4549 4167
3 546 3815 2360
3 690 3904 729
3 1076 1913 1074
3 3587 3601 1588
3 1387 4371 3912
3 2353 4399 1934
3 1906 4406 1532
3 525 526 524
3 2755 4668 4151
3 1264 4145 627
3 1002 3736 1783
3 4606 5552 1154
3 3626 5738 357
3 2039 3752 1257
3 3472 5519 3991
3 3669 4727 3219
3 4306 4684 1884
3 889 3920 901
3 1738 2662 1694
3 236 1229 49
3 1718 2661 1841
3 4306 4685 4133
3 2796 4785 4749
3 1185 1186 1184
3 4836 5089 3720
3 2551 3487 1858
3 537 539 538
3 1804 3988 2130
3 75 3608 291
3 4073 4500 4074
3 4034 4870 2919
3 5398 5755 2469
3 4162 4357 1013
3 3597 3840 1367
3 1050 4209 1052
3 3995 5764 3774
3 3396 5443 4952
3 4135 5554 4136
3 4160 4715 2177
3 1031 3857 1155
3 3931 4009 1646
3 2703 4463 4462
3 4233 4235 4193
3 1658 4854 1662
3 2669 3139 3138
3 3792 3793 513
3 534 537 536
3 2050 4005 2737
3 3027 5494 3962
3 539 3990 1062
3 2027 4583 2822
3 1359 4688 1248
3 1453 5139 4204
3 65 3323 1141
3 1699 2683 1795
3 248 4257 557
3 1176 3906 1178
3 539 540 538
3 3877 4634 3874
3 2741 4593 95
3 3978 4947 3979
3 4143 4146 2680
3 3309 5383 5092
3 688 4022 658
3 4239 4442 4271
3 3270 5419 3848
3 299 3519 298
3 4141 4810 4125
3 1724 3879 147
3 1568 4837 1384
3 1341 5181 4983
3 866 4376 1498
3 3831 3890 2728
3 3604 4651 3605
3 2867 4743 4458
3 3594 3595 3593
3 2975 5199 3921
3 3982 3989 3983
3 2323 3743 3739
3 473 4073 475
3 3667 5022 3595
3 3082 4089 3847
3 2715 3274 2714
3 3955 3956 2287
3 5717 5796 4842
3 2683 3725 3724
3 4200 4207 4202
3 3823 4673 2821
3 2891 4763 986
3 1480 4094 2165
3 3412 3413 3411
3 5530 5555 3938
3 4167 4549 4140
3 300 2288 299
3 4330 5242 4105
3 3199 3900 2912
3 276 3688 3687
3 3930 4230 967
3 555 3776 561
3 3270 5449 5419
3 3670 3671 3669
3 3080 4265 3907
3 2662 3825 3824
3 4005 4006 2737
3 1989 4708 4383
3 4547 4694 2893
3 2042 4097 4096
3 948 4376 866
3 2042 4096 4095
3 3739 3742 3740
3 1839 5468 5400
3 990 4590 945
3 120 3472 119
3 2543 3262 2542
3 3670 3819 3671
3 4881 4910 1436
3 4069 4071 4070
3 4228 4629 3096
3 1930 4592 1139
3 1694 3824 1440
3 2967 3870 3419
3 2042 4103 4097
3 4121 4342 4139
3 3988 4716 2130
3 2602 3175 2936
3 3849 4614 479
3 3599 4241 3649
3 2607 3126 2426
3 4017 4018 4015
3 1257 3752 1433
3 1958 4029 3935
3 1187 1188 1186
3 485 3894 493
3 3135 4817 3885
3 3645 4311 3917
3 2518 4819 3162
3 1759 4695 3751
3 4730 5597 2508
3 4032 4536 4034
3 4364 4881 1436
3 3842 4757 2875
3 257 1415 256
3 522 566 565
3 466 3814 468
3 4439 5592 454
3 1114 1115 1113
3 4060 4061 1914
3 2971 5087 3681
3 4862 4968 2121
3 539 541 540
3 4685 4939 4133
3 3027 5320 2478
3 2936 2938 2937
3 4021 4783 4022
3 2152 3801 204
3 1686 2403 961
3 168 656 167
3 553 1716 555
3 2966 3418 2967
3 661 4574 3036
3 3696 3822 2753
3 19 1105 455
3 2348 4039 4038
3 1191 1192 1189
3 3432 5848 942
3 2247 5398 2469
3 3398 5787 292
3 98 2508 97
3 3712 5780 5696
3 5476 5530 3938
3 1387 3912 201
3 4125 4342 4119
3 3550 5755 3548
3 3149 3944 2279
3 1109 1111 1078
3 2943 4037 3409
3 4105 5242 5214
3 2404 2860 2403
3 4006 4230 3930
3 5159 5169 2949
3 4097 4103 4100
3 2884 4714 3711
3 1521 4061 1916
3 233 3239 47
3 5555 5622 3936
3 2448 4106 2635
3 537 538 536
3 3102 4527 4187
3 3603 3604 2678
3 3845 5257 4421
3 1775 3980 3977
3 1952 5532 11
3 131 3695 130
3 2610 4766 3117
3 5021 5566 3371
3 479 4072 3849
3 135 3115 134
3 3209 5404 3311
3 2041 4873 4102
3 4166 4251 2775
3 2875 4697 3842
3 1820 3909 1053
3 4249 4660 3108
3 4028 4318 397
3 129 3789 128
3 2683 3724 1795
3 2964 5286 2963
3 3869 5244 3307
3 1180 3682 1179
3 4033 4536 4032
3 2272 3891 2274
3 3418 3870 2967
3 1002 1004 1003
3 3855 4815 4713
3 3080 4671 4265
3 295 564 79
3 583 2706 585
3 2270 4440 3181
3 929 1686 961
3 3853 5836 3382
3 1582 4840 1580
3 3731 3733 3732
3 1229 1230 49
3 3757 3759 3758
3 1902 4320 3943
3 2280 5702 3652
3 1328 2507 1072
3 1154 3836 529
3 4849 5371 3406
3 1145 4209 1050
3 2269 5471 5410
3 3882 4038 3880
3 4238 5666 5332
3 2457 4448 3622
3 3294 4970 4880
3 529 530 528
3 4005 4007 4006
3 3715 3716 2651
3 2132 4617 2904
3 4016 4021 4020
3 1481 4358 1448
3 3982 3983 2189
3 92 5113 319
3 114 2093 113
3 273 2631 272
3 1340 3952 858
3 4271 4442 1690
3 2069 5374 5349
3 2801 3124 2507
3 2631 3902 272
3 1676 3802 3718
3 2117 4282 3594
3 132 1589 131
3 2517 5177 3440
3 4029 4319 3935
3 2079 3968 1777
3 4171 4409 2808
3 4831 5459 3646
3 4014 4017 4015
3 1004 1049 1048
3 2924 5803 2923
3 3956 3957 2287
3 4670 4855 2925
3 1629 4288 1626
3 1397 4293 1350
3 3801 4326 203
3 3074 5071 2726
3 1968 4449 1727
3 1517 3907 501
3 4255 4548 2227
3 4058 5573 5294
3 5156 5807 3078
3 1503 2985 1721
3 2439 2714 1970
3 2214 5741 4063
3 1765 4199 1610
3 2753 4846 3772
3 2293 4700 4250
3 3074 4674 4281
3 1731 5342 3566
3 2276 3858 2718
3 4790 5130 3648
3 3667 5071 1040
3 5276 5520 4077
3 4133 4684 4306
3 3209 3311 2735
3 741 4216 739
3 814 4830 3887
3 3139 3690 3140
3 5127 5614 3692
3 3505 3872 2688
3 2930 5630 3701
3 541 543 542
3 1780 4755 4343
3 3725 3730 3724
3 1723 2966 2211
3 4188 4412 4209
3 468 1701 485
3 320 5113 92
3 3421 3761 3549
3 3938 5555 3936
3 3012 5007 3011
3 1758 4028 394
3 3919 3920 889
3 3206 3948 2514
3 4193 4356 4233
3 3909 3910 1340
3 1112 1113 1111
3 1597 4044 1343
3 1377 4340 4147
3 1378 4580 4196
3 1686 2404 2403
3 3905 4821 3175
3 1877 3982 2189
3 2164 2752 2466
3 2635 4106 3636
3 525 527 526
3 1712 3905 2602
3 2227 4149 673
3 3291 4970 3294
3 2080 3933 3550
3 1322 4983 4661
3 1819 3965 1669
3 1076 4677 1913
3 3744 5615 3742
3 352 355 354
3 3957 4190 2287
3 4016 4020 1855
3 2089 4422 2090
3 2717 4090 1845
3 282 2169 281
3 4362 5826 2118
3 3519 4960 910
3 2248 5746 4954
3 3744 5800 832
3 1436 4910 1518
3 471 3190 2736
3 523 524 500
3 194 3201 33
3 4194 4570 2854
3 2860 3712 2861
3 3564 3565 1263
3 4623 5331 4532
3 2745 4310 3950
3 1938 1941 1939
3 3726 3727 3725
3 551 4773 3827
3 963 4697 887
3 1858 4565 1393
3 1718 1841 1840
3 3583 5703 2306
3 5232 5459 3087
3 4673 4724 2879
3 595 1691 602
3 4651 4918 3605
3 739 3719 206
3 941 3909 1340
3 4196 4580 4195
3 3898 5781 4882
3 2966 2967 2211
3 2067 3911 3892
3 1865 3850 1674
3 523 525 524
3 4014 4015 1855
3 5268 5279 3282
3 1055 3981 3980
3 753 4227 862
3 2627 3547 1941
3 929 961 960
3 333 334 332
3 965 4629 4228
3 3606 3607 3604
3 1255 1820 1053
3 4554 4555 2716
3 549 3827 553
3 1610 4199 483
3 3547 3660 1941
3 4458 4743 1990
3 2946 3856 3482
3 355 357 356
3 3852 3853 1683
3 2544 4046 4045
3 947 5167 3814
3 1193 1195 1194
3 4065 4411 4066
3 1716 5675 5584
3 1861 3496 1720
3 1829 3837 99
3 4383 4708 4530
3 1938 3722 2627
3 690 729 689
3 1656 1657 1308
3 427 1428 1427
3 2731 5057 3842
3 3430 4359 4146
3 3260 5347 3583
3 464 947 466
3 2678 3723 2677
3 2066 3376 2859
3 2514 3948 2140
3 1531 4699 3808
3 2683 3726 3725
3 4349 4764 4346
3 2244 2594 2243
3 352 3852 1683
3 2662 3824 1694
3 3706 5005 3542
3 3980 3981 3977
3 660 689 659
3 2870 4855 4802
3 1784 4216 741
3 3542 5284 3541
3 1576 4729 1578
3 2111 2456 2276
3 1893 3945 1530
3 3311 3720 2735
3 2508 5377 4730
3 460 3802 1676
3 100 4011 1829
3 2305 3890 2302
3 1400 4029 1958
3 3733 4531 4240
3 1531 4694 4547
3 2954 5121 5069
3 3973 5193 3972
3 1806 3988 1804
3 460 1676 462
3 1412 3886 1723
3 1295 1931 1425
3 155 2633 154
3 2803 4992 4341
3 1914 4061 1521
3 301 3867 300
3 852 3919 889
3 3936 5622 3934
3 642 659 641
3 4067 4579 1401
3 331 4956 333
3 4192 5731 2368
3 1845 4090 181
3 1428 2243 1427
3 1075 1077 1076
3 2520 4660 4249
3 2626 4043 4042
3 1691 2066 1905
3 1343 2067 581
3 3721 5303 3443
3 838 4014 1855
3 4281 4674 1069
3 365 4155 1561
3 1807 3896 1878
3 476 3980 1775
3 3780 5433 3186
3 1001 3918 2039
3 146 727 145
3 1063 4579 999
3 2298 2299 2297
3 290 2373 289
3 1305 2098 1435
3 1645 4065 2617
3 609 641 608
3 3886 3887 3702
3 291 3609 290
3 553 554 548
3 3754 4877 853
3 3136 4044 1597
3 1230 1231 49
3 195 3698 34
3 2239 3999 2494
3 930 4411 1027
3 1134 4184 1313
3 1415 5748 5298
3 146 3879 727
3 5429 5768 5329
3 3703 4913 2125
3 4146 4359 2680
3 152 1358 151
3 3873 3874 2455
3 2622 5819 3668
3 1077 1108 1078
3 3903 4845 1589
3 2749 3775 2748
3 3876 3878 3877
3 3116 5107 4761
3 2351 2946 2888
3 3779 5205 1691
3 3720 4376 2735
3 832 5615 3744
3 3023 4055 3063
3 543 545 544
3 5090 5536 3121
3 3188 5828 3401
3 2860 5780 3712
3 357 359 358
3 1108 3774 1109
3 35 3470 1601
3 527 4450 897
3 3741 3816 3738
3 2456 3858 2276
3 4144 4145 1264
3 739 4216 3719
3 2237 2856 2670
3 593 608 592
3 136 3679 135
3 3930 4211 2737
3 2803 5006 4992
3 4016 5461 4021
3 2595 3202 2594
3 3964 4153 667
3 2300 2301 2299
3 530 531 528
3 1055 5166 3981
3 648 4153 1454
3 199 613 36
3 4076 4077 1743
3 530 2116 532
3 2856 3061 2670
3 2042 4095 1665
3 4015 4180 4016
3 3782 4257 2913
3 2785 4721 4027
3 1624 4288 1765
3 631 4810 4141
3 1930 5758 4924
3 3521 3953 2771
3 2879 4279 4278
3 4739 4754 1327
3 3218 3219 2442
3 3054 3591 3055
3 2978 5006 2803
3 22 3841 163
3 2560 2735 2147
3 4048 4081 4049
3 2633 3992 154
3 2947 3278 2946
3 1762 4955 4427
3 1583 5804 1584
3 530 532 531
3 3563 4169 4168
3 1428 2244 2243
3 1603 4009 1768
3 2244 2595 2594
3 1282 4184 1134
3 2194 4258 2733
3 3585 3586 2738
3 2904 4617 4270
3 475 4073 479
3 2618 3914 3339
3 896 4335 3681
3 2913 4257 1732
3 321 2361 320
3 2237 2670 2049
3 3381 3783 3379
3 2169 5129 3781
3 1155 3857 1305
3 1124 1126 1125
3 1019 1857 1017
3 4349 4536 4033
3 2235 3135 2233
3 57 5465 719
3 3485 3832 3278
3 1641 4024 1991
3 2369 3136 1597
3 740 741 739
3 2857 3123 2856
3 218 2383 217
3 1034 4237 4236
3 2834 4040 2871
3 1939 1942 1940
3 4156 4157 3619
3 3999 4001 2494
3 3950 4309 2745
3 1716 3776 555
3 2946 3482 2888
3 698 3964 667
3 2771 3953 2770
3 4065 4066 2617
3 2544 4045 2051
3 2484 4945 3753
3 359 361 360
3 29 2241 185
3 3792 3794 3793
3 27 2111 1845
3 2303 2323 2301
3 5332 5666 3450
3 3000 3001 2998
3 2729 2987 2855
3 2351 2888 2092
3 1053 3909 941
3 2085 2351 2092
3 4874 4964 3754
3 454 5724 4439
3 2891 5339 4334
3 493 523 500
3 2303 2324 2323
3 3637 5638 1899
3 1773 4041 4035
3 1410 2729 2515
3 1564 4148 1715
3 4342 4810 644
3 673 4149 707
3 520 3971 522
3 1930 4924 4592
3 4353 4688 1359
3 4020 4022 834
3 2111 2276 1845
3 1768 4009 2380
3 3802 3866 3803
3 3470 3503 1601
3 1475 4309 1473
3 444 4170 2122
3 2593 4643 4588
3 3051 4032 4031
3 1484 4103 1554
3 2595 3374 3202
3 557 4051 4050
3 2775 4756 4166
3 3975 4170 446
3 2867 4411 930
3 1092 4596 1237
3 692 3904 690
3 2748 3945 2312
3 2538 3054 2540
3 304 1710 303
3 3574 5835 3468
3 107 4217 1135
3 1340 4802 3952
3 3310 5420 4613
3 566 570 569
3 3566 3683 3001
3 5045 5600 3369
3 2432 2455 2079
3 3047 3048 2688
3 563 592 517
3 2911 3554 2913
3 1427 3841 22
3 862 4227 2159
3 2108 4277 2422
3 3054 4607 3591
3 2575 2660 2576
3 905 5168 5064
3 1942 2237 2049
3 13 2566 126
3 4663 4865 3945
3 3616 4395 4310
3 3924 3926 3925
3 1795 1797 1796
3 5397 5554 4135
3 1841 3855 1842
3 927 929 928
3 1427 4092 3841
3 1380 4354 1239
3 3470 3504 3503
3 3214 4081 2264
3 553 555 554
3 3522 4333 3018
3 1253 5663 5228
3 2085 2092 2083
3 172 3966 171
3 4048 4049 4047
3 2116 3810 532
3 2452 2727 2324
3 1370 4065 1645
3 2199 4895 2916
3 2385 5601 3641
3 102 4261 728
3 4183 4594 1652
3 2807 4103 1484
3 430 4189 2018
3 3075 4062 2685
3 1698 4215 2094
3 925 1094 927
3 785 4414 4089
3 2721 4422 2128
3 1613 4159 2353
3 981 4163 979
3 3926 3928 3927
3 2712 3873 2432
3 3060 3258 2397
3 545 547 546
3 4513 4950 3465
3 2834 2835 2832
3 500 3884 722
3 361 363 362
3 1588 3601 1873
3 347 3854 3852
3 2312 3945 1893
3 1916 4061 2345
3 520 521 519
3 694 4263 2163
3 3175 4990 2936
3 3470 5073 3504
3 1942 2049 1943
3 945 4590 4331
3 4440 4615 3181
3 4604 5699 5672
3 3213 3347 2456
3 1699 1795 1700
3 1715 4148 2225
3 3256 5758 5644
3 3610 3613 3611
3 3520 4865 4663
3 1701 3894 485
3 2677 3855 1841
3 3692 4088 2782
3 915 4229 849
3 4789 5872 1589
3 2163 3904 692
3 2302 2303 2301
3 3919 3921 3920
3 1310 4208 1145
3 453 3975 446
3 78 4647 293
3 3983 3984 2189
3 756 4315 759
3 2850 4213 1444
3 3231 4888 4524
3 2996 3000 2998
3 1073 1074 669
3 2619 3231 3045
3 532 534 533
3 3979 4170 3976
3 923 1002 996
3 3866 3871 3803
3 316 1677 89
3 2626 4042 2192
3 4145 4598 624
3 4565 5590 1455
3 2627 3722 3580
3 573 3100 575
3 1001 2039 1257
3 2233 3885 1524
3 99 3837 98
3 355 356 354
3 4089 4414 3847
3 2476 4358 1481
3 436 4036 2865
3 2819 3924 3264
3 2800 3869 288
3 502 504 503
3 205 2152 204
3 2083 3901 2017
3 1116 4732 1117
3 2718 3217 2900
3 2606 3989 3982
3 2602 2936 2603
3 349 352 351
3 1369 3886 1412
3 2944 4292 3748
3 3453 3770 3768
3 3831 4661 2813
3 1073 1075 1074
3 1938 1939 1937
3 352 354 351
3 4197 4198 3187
3 3010 4259 3511
3 901 1655 903
3 3523 3566 3001
3 2432 3873 2455
3 2911 2913 1732
3 4233 4356 1267
3 2722 4106 2448
3 548 3815 546
3 4056 4163 1023
3 2939 4968 4387
3 1970 4553 1238
3 27 1845 181
3 961 3918 1001
3 1695 1738 1694
3 3808 3809 3022
3 3208 3915 3914
3 1449 5265 3864
3 1646 4009 1603
3 5131 5171 1828
3 2304 2305 2302
3 4147 4549 1377
3 4405 4741 4646
3 1305 3857 2098
3 4027 4721 4028
3 502 503 495
3 941 1340 858
3 2178 4636 2884
3 2661 3603 2678
3 3022 3023 3021
3 4241 4445 2809
3 2729 2855 2515
3 2422 4277 3216
3 2944 3748 2728
3 2191 2929 1820
3 248 557 247
3 2264 4081 1324
3 3054 3055 2540
3 4511 5424 5363
3 2884 3711 3005
3 2544 4048 4047
3 288 3869 287
3 243 4076 1743
3 228 2651 227
3 2276 2718 2717
3 1395 4386 1262
3 349 3852 352
3 925 927 926
3 1713 2013 1183
3 1206 1208 1207
3 2835 4195 2832
3 2329 2330 2328
3 2966 3702 3418
3 557 4050 247
3 4208 4209 1145
3 901 903 902
3 2602 3905 3175
3 2183 3011 2181
3 1479 4218 1614
3 3569 4733 3568
3 3756 4820 2977
3 3051 4033 4032
3 1739 1988 1738
3 3983 3985 3984
3 3218 3220 3219
3 2256 2363 1988
3 3976 4170 3975
3 2675 4194 2854
3 3063 3331 3196
3 889 901 900
3 1938 2627 1941
3 542 3888 556
3 3011 4760 2181
3 1473 4309 3950
3 3115 5370 4845
3 3435 3436 3434
3 903 919 904
3 1833 2319 2318
3 2165 4094 2730
3 4015 4016 1855
3 2138 4283 3305
3 5457 5629 3659
3 965 4229 915
3 1957 4723 2819
3 4596 4979 4597
3 357 358 356
3 3917 4311 3392
3 4178 5589 4183
3 4900 5538 1903
3 1687 4067 1401
3 4310 4395 3950
3 947 3814 466
3 1293 4340 1377
3 1609 1623 1610
3 1966 1968 1727
3 4872 5333 2584
3 2094 4215 2781
3 2279 3944 2701
3 2560 3209 2735
3 3280 3538 3467
3 3348 3811 3351
3 4223 4963 4353
3 546 2360 544
3 3676 3677 2712
3 2635 3340 2934
3 3020 3808 3022
3 4350 5827 4940
3 887 4697 2875
3 2551 5671 5562
3 760 4278 762
3 2439 2715 2714
3 3437 3438 3436
3 3472 3991 119
3 2711 2748 2312
3 3554 3555 2913
3 3351 3352 2015
3 3563 4168 2740
3 1777 4942 1512
3 4656 4933 3796
3 504 506 505
3 4322 4473 2229
3 4006 4887 4230
3 2380 4009 3026
3 2967 3419 2968
3 4077 4079 4078
3 1965 3982 1877
3 1532 4406 1595
3 1554 4103 2042
3 729 731 730
3 4097 4098 4096
3 506 3996 507
3 1953 2911 1732
3 352 1683 355
3 3104 5243 4393
3 2138 2731 2137
3 2451 2452 2324
3 2618 3339 2377
3 525 4450 527
3 4104 4106 2722
3 1730 2233 1524
3 1723 2211 1791
3 1098 4056 1023
3 2435 2728 2305
3 1835 4024 1641
3 593 609 608
3 458 460 459
3 575 3899 577
3 460 462 461
3 1929 4382 3373
3 1790 4148 1564
3 563 593 592
3 3902 4030 271
3 268 3368 267
3 262 3656 261
3 2157 4445 4241
3 729 730 689
3 2191 3275 2929
3 2448 2635 2449
3 3020 3022 3021
3 694 2163 692
3 4880 5001 3294
3 2270 3181 2272
3 5157 5389 3303
3 3008 3199 2912
3 2860 2861 2403
3 223 865 222
3 570 597 596
3 1547 4218 1479
3 3208 3914 2618
3 2927 5014 4976
3 853 3919 852
3 462 464 463
3 2947 3485 3278
3 2274 3891 2538
3 2635 2934 2449
3 2879 4278 760
3 1494 4167 1790
3 1698 2094 2043
3 4449 4619 1593
3 1078 4677 1076
3 919 925 920
3 464 466 465
3 2022 4283 2138
3 2464 2618 2377
3 466 468 467
3 468 485 484
3 493 500 499
3 485 493 492
3 2284 4185 2892
3 1855 4020 836
3 2715 3500 3274
3 1262 4386 2519
3 3924 3925 3264
3 2544 4047 4046
3 2606 3982 1965
3 359 360 358
3 2692 2693 2404
3 166 2844 165
3 609 642 641
3 2938 4991 3502
3 2298 2300 2299
3 1049 1534 1110
3 2979 4068 4067
3 4246 4247 2704
3 547 549 548
3 3207 3208 2618
3 2380 3026 3025
3 3605 3723 2678
3 2564 4091 2939
3 2844 3955 165
3 1433 1718 1717
3 4152 4788 4151
3 2790 3080 2212
3 1151 4926 1100
3 4254 4354 1380
3 751 4227 753
3 3345 3434 3344
3 3940 3942 3941
3 4429 4639 984
3 431 4189 430
3 1789 1947 1882
3 3875 3970 3969
3 2932 4060 3345
3 4287 4681 1252
3 2873 4195 2835
3 1651 3149 2279
3 1010 1012 1009
3 2317 4293 1397
3 2351 2947 2946
3 1312 4899 1452
3 678 4177 712
3 2119 2448 2120
3 2740 4168 2417
3 1909 2890 986
3 236 3949 1229
3 4096 4104 2722
3 712 4177 1026
3 1160 4211 1046
3 642 660 659
3 4172 4173 2751
3 2147 4376 948
3 4165 4166 4085
3 1091 4585 1152
3 4749 4785 4074
3 1942 1943 1940
3 3726 3728 3727
3 1688 4191 2824
3 3869 5418 5244
3 206 3719 205
3 3912 3913 3318
3 2753 3772 2466
3 1287 2153 1096
3 861 4014 838
3 3749 3750 2109
3 2300 2302 2301
3 2347 3076 2057
3 4077 4078 1743
3 515 2135 510
3 3617 4937 73
3 2741 5377 4834
3 1878 3896 2164
3 2294 4067 1687
3 1392 2405 1651
3 3127 4732 2426
3 2884 3005 2697
3 1586 5882 3587
3 3926 3927 3925
3 2863 3497 2476
3 3985 3986 3984
3 1609 1610 483
3 2448 2449 2120
3 1246 1455 1133
3 2022 2137 1386
3 1623 2386 1625
3 4018 4180 4015
3 3940 3941 3939
3 2782 4088 2636
3 858 3952 829
3 3823 4724 4673
3 731 1520 733
3 380 4695 1759
3 4239 4271 2959
3 2520 4249 4248
3 2080 3550 2625
3 707 4149 4107
3 1387 5686 4371
3 3502 5590 2937
3 2485 4045 3760
3 40 3518 1609
3 829 2150 803
3 3304 3846 2731
3 2716 4555 995
3 660 690 689
3 2593 4588 4587
3 1590 3998 1398
3 1665 4095 1667
3 2022 2138 2137
3 2705 4246 2704
3 1190 1874 1201
3 4095 4096 2722
3 775 5022 1040
3 1012 2187 1870
3 2733 3238 3094
3 3748 3831 2728
3 2084 2085 2083
3 825 853 852
3 473 4500 4073
3 4122 4255 4144
3 2932 3344 3343
3 2145 2688 2031
3 4238 4627 1301
3 4165 4251 4166
3 3380 5757 3381
3 1949 4017 4014
3 207 4197 3187
3 2026 4183 1652
3 439 442 438
3 1648 1694 1440
3 2939 4387 4386
3 322 4897 321
3 4670 5027 4153
3 293 1945 292
3 1962 4344 421
3 2425 2681 2187
3 1370 1645 1603
3 1034 4236 892
3 2701 3310 3309
3 2494 4005 2050
3 3174 3476 2681
3 1043 1070 1042
3 4782 4941 3238
3 2258 4252 1707
3 4398 5149 5140
3 361 362 360
3 3023 3063 3062
3 294 4647 78
3 2287 4190 1428
3 3026 3445 3444
3 2134 2377 1819
3 3586 4969 2738
3 1534 1789 1535
3 3435 3437 3436
3 4458 5287 4066
3 4691 5049 2168
3 1662 1671 1670
3 1071 1235 1070
3 4222 4223 1359
3 437 438 436
3 2979 4067 2294
3 1239 4354 1054
3 1419 4081 4048
3 1358 4266 151
3 1623 1624 1610
3 3118 4486 4218
3 1195 1197 1196
3 707 4107 799
3 3026 3444 3025
3 4032 4034 2919
3 2742 2932 2931
3 3252 3253 2591
3 2114 2606 1965
3 508 510 506
3 1412 1723 1599
3 4318 4721 1747
3 1008 1009 990
3 1236 1347 1235
3 1513 1593 1469
3 1349 1469 1347
3 2119 4095 2722
3 1193 1194 1192
3 3874 3875 2455
3 671 4165 4085
3 3603 3606 3604
3 1934 4399 2409
3 1111 4677 1078
3 1641 1991 1639
3 3251 3280 3250
3 577 1331 581
3 5547 5704 1786
3 2856 4734 3061
3 1595 3787 1915
3 2237 2857 2856
3 4181 4339 3034
3 2057 4184 1282
3 2138 3304 2731
3 3860 3862 3861
3 1867 4161 1654
3 2218 4338 4239
3 2854 3164 2989
3 2813 3157 2452
3 581 3892 580
3 2710 2979 2294
3 4220 4221 2960
3 4001 4002 2494
3 2938 3502 2937
3 2150 4670 3964
3 2421 3929 254
3 4261 4763 4334
3 4179 4581 1997
3 3535 4478 2298
3 1941 3868 1939
3 722 2719 1031
3 40 1609 483
3 4000 4004 4003
3 1400 1958 1682
3 1023 4163 981
3 1765 4288 4207
3 4209 4412 1052
3 2325 2790 2212
3 3937 3940 3939
3 2199 2916 2690
3 100 1829 99
3 2834 2871 2835
3 1505 4254 1380
3 597 611 610
3 89 953 315
3 1998 4179 1997
3 3000 3523 3001
3 852 889 888
3 803 3964 698
3 2916 5685 3099
3 270 1851 269
3 482 1055 478
3 728 4011 101
3 743 4303 1784
3 813 2654 841
3 2234 2235 2233
3 1667 2119 1896
3 3610 3611 2373
3 2567 4172 2751
3 3907 4265 502
3 2816 4280 2358
3 1081 4337 2349
3 2538 3891 3054
3 1349 1513 1469
3 1392 1651 1650
3 2239 2494 2050
3 1116 1117 1115
3 4439 5484 1764
3 435 436 434
3 1949 4014 861
3 2786 4089 3082
3 1236 1349 1347
3 2775 4251 864
3 2034 4212 3006
3 4487 4625 4041
3 2477 2478 1105
3 3253 4000 3999
3 2164 3896 2752
3 94 3534 325
3 3826 4228 2780
3 54 1732 249
3 4236 4237 4234
3 3651 5850 1988
3 1712 2602 2115
3 3135 3885 2233
3 1946 4185 2284
3 2920 5055 3788
3 2156 3883 1643
3 2685 4062 2684
3 103 4261 102
3 1043 1071 1070
3 1071 1236 1235
3 3437 3466 3438
3 1707 4252 1499
3 4283 4284 3305
3 253 3193 252
3 829 3952 2150
3 3634 5008 4695
3 765 1733 796
3 3026 4009 3931
3 3345 3435 3434
3 2082 2083 2017
3 2425 4357 3222
3 2178 2884 2697
3 2386 4256 1625
3 392 4656 1758
3 446 4170 444
3 1046 4211 3930
3 514 515 510
3 1150 4065 1370
3 4244 4245 2757
3 2531 4174 3947
3 1673 1674 1672
3 2636 4088 2700
3 112 1213 111
3 959 4085 2419
3 2051 4045 2485
3 1645 2616 1646
3 2049 2703 1943
3 4232 4233 1267
3 3251 3281 3280
3 154 3992 153
3 1680 4048 2544
3 3821 5858 3326
3 2912 3900 2911
3 4199 4200 4198
3 1682 3933 2080
3 2873 4196 4195
3 2845 4473 4322
3 2255 4287 1383
3 2987 4384 4383
3 2411 2684 2410
3 1455 5091 3597
3 210 2534 209
3 641 1516 608
3 4057 4058 2479
3 1833 3998 2319
3 526 1880 524
3 2358 4280 2045
3 2594 3961 2596
3 1478 4309 1475
3 1419 4048 1680
3 476 1775 474
3 477 478 476
3 481 482 478
3 272 3902 271
3 488 489 482
3 494 495 489
3 501 502 495
3 2119 2120 1896
3 1247 4222 1359
3 475 476 474
3 1879 2050 1756
3 2212 3907 1517
3 1016 1042 1015
3 115 3747 114
3 2485 3760 3030
3 255 2421 254
3 3394 3917 3392
3 1266 4592 1410
3 1645 1646 1603
3 3473 3828 3226
3 2303 2451 2324
3 2319 3998 2940
3 3931 3932 3445
3 3445 3446 3444
3 148 1724 147
3 2932 3345 3344
3 1600 4378 1894
3 3961 3962 2596
3 2451 2813 2452
3 1881 3103 1822
3 2591 3999 2239
3 165 3955 164
3 4000 4003 4001
3 1232 1233 1231
3 4674 4870 1069
3 1593 1978 1736
3 3497 4358 2476
3 3937 3939 3938
3 961 1001 960
3 2018 4909 2019
3 667 4153 648
3 108 4217 107
3 3150 3369 2668
3 281 3781 280
3 913 1949 861
3 4035 4639 4429
3 2871 2872 2835
3 4150 4668 4227
3 1231 3341 49
3 1444 4213 1446
3 4753 4947 3978
3 4098 4105 4104
3 2425 3174 2681
3 1012 2425 2187
3 3344 3626 3343
3 3202 3961 2594
3 2742 4060 2932
3 3380 3381 3379
3 1258 4332 1402
3 1413 4191 1688
3 4284 4285 3305
3 1012 4357 2425
3 4021 4022 4020
3 47 5185 3266
3 1980 4715 1979
3 1879 2239 2050
3 2345 2742 2638
3 4677 4678 1913
3 133 3903 132
3 2111 3213 2456
3 363 367 366
3 1014 1015 1013
3 748 4150 751
3 580 583 582
3 1383 4287 1252
3 555 561 560
3 1804 2130 1802
3 4136 5554 4143
3 2701 3944 3310
3 1008 1010 1009
3 1978 2410 1986
3 2594 2596 2243
3 4277 4595 3216
3 2616 3806 3079
3 864 4251 737
3 3521 4833 3954
3 229 3714 228
3 1877 2189 1806
3 3162 4819 4540
3 2444 4311 2744
3 3935 3937 3936
3 3246 4905 3826
3 2187 2795 1870
3 2094 2636 2095
3 2684 4059 4057
3 724 4474 4454
3 483 4199 4197
3 759 4673 2879
3 2021 4291 162
3 1012 1870 1009
3 4150 4227 751
3 221 1826 220
3 3044 4091 2564
3 2527 4220 2960
3 1773 4487 4041
3 2319 2682 2488
3 2636 2700 2095
3 1859 1889 1860
3 611 624 623
3 1651 2279 1650
3 653 4598 2227
3 2871 4035 2872
3 1044 5512 5492
3 4450 4451 897
3 1627 4256 2190
3 3469 4404 2994
3 3777 5262 503
3 1261 4262 1394
3 2282 2546 2545
3 3656 4907 1557
3 1667 4095 2119
3 2518 3162 2611
3 50 3949 236
3 1016 1043 1042
3 523 2696 525
3 4232 4236 4234
3 478 3980 476
3 442 509 438
3 1042 1044 1015
3 2895 3020 3019
3 2392 4239 2959
3 522 565 521
3 2520 4248 2521
3 838 1855 836
3 2139 4339 4181
3 4197 4199 4198
3 2411 2685 2684
3 2813 3237 3157
3 997 4388 827
3 4261 4334 4333
3 881 4253 1034
3 1623 1625 1624
3 950 4076 244
3 3190 3329 2736
3 2731 3842 2137
3 762 4278 765
3 3803 3804 3718
3 107 1135 106
3 1210 1254 1211
3 3061 3835 2670
3 1394 4262 1876
3 3186 3346 3185
3 504 505 503
3 3393 3394 3392
3 4062 4063 4059
3 3253 3999 2591
3 2675 2854 2676
3 1633 4176 1631
3 1376 4167 1494
3 1324 4081 1419
3 2911 3900 3554
3 2505 2641 2358
3 1663 4208 1310
3 504 508 506
3 2351 4514 2947
3 1978 2411 2410
3 3395 3771 3394
3 3983 3987 3985
3 2488 3071 2489
3 2261 5699 4604
3 4098 4104 4096
3 347 3852 349
3 2151 2212 1517
3 1696 4215 1698
3 2410 4057 2479
3 1025 4232 1267
3 2189 3988 1806
3 1823 4238 1303
3 2631 4521 3902
3 2951 3075 2685
3 1247 1248 1233
3 1080 1500 1005
3 1391 4211 1160
3 2165 2413 2412
3 2758 4244 2757
3 2119 2722 2448
3 3208 3916 3915
3 1876 4262 2518
3 2546 3251 3250
3 4338 4442 4239
3 2546 3250 3249
3 1086 4423 1528
3 4261 4333 728
3 4186 4187 3069
3 4079 4080 4078
3 2493 4831 2249
3 3965 5524 1669
3 4134 4289 4120
3 4200 4202 4201
3 2885 3226 2408
3 2564 2939 2259
3 157 3543 19
3 1303 4238 1301
3 2932 3343 2931
3 2092 3901 2083
3 2934 3033 3032
3 3005 4087 4086
3 2887 3027 2478
3 3377 4292 2944
3 2546 4359 3251
3 4120 4289 4116
3 448 458 457
3 2196 4749 4074
3 2927 4491 1490
3 2698 4086 3908
3 2832 4195 2830
3 836 4020 834
3 4278 4279 1733
3 1939 1940 1937
3 2078 2079 1777
3 3052 5545 5301
3 1645 2617 2616
3 3076 4184 2057
3 729 3958 731
3 2464 3207 2618
3 2073 2258 1707
3 740 742 741
3 1898 4760 3004
3 2710 3068 2979
3 2506 2551 1858
3 2781 2782 2636
3 2134 2464 2377
3 712 798 797
3 3104 4393 2790
3 934 1060 1033
3 147 3879 146
3 4024 4485 1991
3 1567 5361 5181
3 2711 2749 2748
3 2416 3161 2427
3 2780 4228 2778
3 1126 1128 1127
3 2088 4314 2091
3 563 4493 593
3 1754 1755 1753
3 1837 2191 1820
3 2742 2931 2638
3 561 572 571
3 1536 4336 2220
3 3594 3667 3595
3 550 551 549
3 2744 4311 3645
3 1040 4286 773
3 2472 2598 2473
3 245 950 244
3 1460 1696 1515
3 1501 1959 1549
3 570 2356 597
3 1635 1637 1633
3 3610 4701 3613
3 1288 1460 1396
3 4089 4324 785
3 1697 1979 1696
3 2435 2944 2728
3 1841 1842 1840
3 2531 3214 2264
3 1662 4854 2639
3 333 335 334
3 1013 4357 1010
3 2567 2751 2583
3 959 1284 1030
3 2616 3079 1646
3 3483 3484 2740
3 1498 4263 807
3 2225 2226 1891
3 3388 5758 3256
3 3151 4851 4343
3 1248 1288 1283
3 753 862 755
3 3560 3567 2789
3 2786 4324 4089
3 2751 4456 3447
3 3675 3676 2712
3 474 3975 453
3 2729 4924 2987
3 3914 4932 3339
3 2046 2358 2045
3 2094 2095 2043
3 1876 2518 2223
3 2684 4062 4059
3 2377 3965 1819
3 2783 3454 2782
3 2295 4514 2085
3 2203 4323 856
3 862 1754 1753
3 4302 4304 4303
3 1410 2515 1411
3 4200 4201 4198
3 1653 4683 4608
3 1247 1359 1248
3 1997 3118 1750
3 419 4325 1962
3 2892 4172 2567
3 1392 1650 24
3 1776 1777 1512
3 795 4366 793
3 2276 2717 1845
3 2398 3147 3146
3 4234 4235 4233
3 2701 3309 2746
3 1602 1879 1756
3 678 712 711
3 2041 4585 1091
3 862 1753 755
3 26 3332 622
3 83 5521 3582
3 1680 2544 2051
3 1614 1745 1478
3 746 750 748
3 2792 4186 3069
3 2319 2488 2318
3 1704 4254 1505
3 67 2365 279
3 2689 2712 2432
3 3848 4644 3167
3 4002 4008 4007
3 4097 4099 4098
3 2005 4282 2007
3 102 728 101
3 1510 1567 1404
3 1822 4056 1098
3 2847 3243 3242
3 4303 4304 1784
3 1242 4029 1400
3 3854 5836 3853
3 2274 2538 2537
3 2226 2680 2282
3 180 4090 2160
3 4127 4295 4130
3 2680 4359 2282
3 747 4300 1045
3 2046 2505 2358
3 2641 3365 2816
3 1958 3935 3934
3 315 3691 314
3 1155 1305 1299
3 4098 4330 4105
3 2226 2282 2281
3 2824 4185 1946
3 2407 2408 2026
3 2162 2416 2161
3 4272 4274 4273
3 4232 4234 4233
3 3103 4056 1822
3 1273 1669 51
3 2890 3642 3641
3 1446 4213 1914
3 54 1953 1732
3 3893 4619 4449
3 2151 2325 2212
3 3020 4694 3808
3 1052 1501 1426
3 4300 4301 1045
3 879 4360 4253
3 1273 1819 1669
3 2284 2567 2285
3 828 829 803
3 671 4085 959
3 3937 3938 3936
3 1284 1684 1285
3 1466 4339 2139
3 3927 5619 3925
3 3055 3313 3056
3 1485 1487 1332
3 4027 4028 1758
3 1684 2046 2045
3 2416 2427 2161
3 773 4286 771
3 1856 2022 1386
3 2751 3447 2583
3 4069 4070 1906
3 2819 3264 2820
3 1232 1247 1233
3 1402 4332 1832
3 1785 4300 749
3 2007 4282 2117
3 436 2865 434
3 2261 5689 4019
3 1750 4218 1547
3 2538 2540 2539
3 745 4303 743
3 2150 3964 803
3 1684 4351 2046
3 593 4493 2201
3 263 409 262
3 1946 2284 2036
3 1960 2140 1959
3 1807 4922 3896
3 1602 1756 1391
3 671 959 958
3 3370 5668 3992
3 742 744 743
3 1290 4367 1173
3 2734 4191 1413
3 959 2419 1284
3 4224 4226 4225
3 1637 4176 1633
3 4271 4272 4268
3 2046 4351 2788
3 1305 1435 1434
3 3026 3931 3445
3 2314 2514 2140
3 3560 3568 3567
3 367 369 368
3 2847 3242 2342
3 3609 5867 3612
3 2300 2304 2302
3 1015 4162 1013
3 1701 5411 3894
3 2016 2017 1835
3 2700 3631 2810
3 2430 2432 2079
3 1347 1348 1235
3 937 1005 936
3 1020 4340 1293
3 1699 4093 2683
3 2380 3025 2502
3 438 4036 436
3 3097 3687 3261
3 3393 3395 3394
3 3839 5513 3729
3 3262 3746 3600
3 1009 4590 990
3 2419 4351 1284
3 101 4011 100
3 455 4269 156
3 2959 4268 4267
3 473 474 453
3 3454 3692 2782
3 4147 4340 4109
3 1715 2225 1891
3 96 5534 5116
3 1593 1736 1469
3 427 2287 1428
3 4000 4001 3999
3 3858 5084 3864
3 4225 5141 3578
3 1759 4298 4296
3 1014 1016 1015
3 4454 4474 4034
3 2094 2781 2636
3 1006 1080 1005
3 1775 3977 3976
3 1027 4411 1150
3 516 517 515
3 3226 4178 2408
3 1482 2807 1484
3 415 683 398
3 551 3827 549
3 4760 4761 3004
3 846 1734 1020
3 4386 4387 2519
3 534 536 535
3 934 1033 963
3 1894 4378 2333
3 434 4189 431
3 2650 3206 2514
3 343 1752 345
3 1119 4732 1116
3 1691 1905 602
3 1688 1946 1689
3 2684 4057 2410
3 3716 5233 3791
3 723 2156 1643
3 4385 4497 787
3 3875 4634 3970
3 1959 1964 1549
3 2410 2479 1986
3 3391 3392 2445
3 670 4165 671
3 1696 1698 1515
3 1957 2819 2354
3 1979 4215 1696
3 3251 4359 3430
3 2524 4220 2527
3 1978 1986 1736
3 750 4151 4150
3 4608 4683 4314
3 1931 4219 1425
3 4613 5786 3310
3 1294 4222 1247
3 3482 3507 2888
3 2969 3383 2792
3 742 743 741
3 363 1772 367
3 731 733 732
3 1377 4167 1376
3 4202 4203 4201
3 3087 5685 5232
3 1494 1790 1564
3 1398 1833 1397
3 1979 4546 4215
3 2635 3636 3340
3 1050 1052 955
3 1614 1746 1745
3 471 3421 3190
3 433 434 431
3 207 3187 39
3 162 4291 161
3 1684 2045 1825
3 2091 4314 2496
3 522 1041 566
3 3191 4672 2614
3 2757 4246 2705
3 3607 4651 3604
3 4305 4306 1884
3 2885 3473 3226
3 3735 4769 4752
3 4168 4169 3161
3 3332 3333 622
3 1435 1844 1843
3 1293 1377 1376
3 2034 3006 2375
3 254 3929 56
3 2739 2740 2417
3 2084 2295 2085
3 3662 4756 2065
3 2050 2737 1756
3 2175 2177 1980
3 2531 3947 3214
3 1715 1891 1890
3 1746 1977 1745
3 181 4090 180
3 1625 1626 1624
3 821 4719 2280
3 4345 4349 4346
3 2567 2583 2285
3 243 1743 242
3 1501 1549 1426
3 3280 3467 3250
3 1554 2042 1665
3 750 4150 748
3 4224 4225 3769
3 2155 2161 1998
3 1759 4296 384
3 2734 4192 4191
3 1386 4697 963
3 1413 1688 1526
3 1668 2792 1663
3 635 4299 644
3 3935 3936 3934
3 2352 3010 3009
3 823 3349 3348
3 1460 1515 1396
3 785 4324 782
3 1460 1697 1696
3 353 4155 365
3 2527 2960 2529
3 4296 4298 4297
3 2159 2400 1754
3 1288 1396 1283
3 2319 2940 2682
3 1953 2912 2911
3 1862 2060 2059
3 2521 4248 2524
3 4109 4340 1734
3 1605 2927 1490
3 892 4236 939
3 2284 2892 2567
3 3027 5379 5320
3 954 955 907
3 483 4197 208
3 3080 3907 2212
3 2734 4356 4193
3 2417 4168 2416
3 247 4050 246
3 2947 4514 3486
3 2649 2650 2514
3 1688 2824 1946
3 2407 2885 2408
3 3484 3563 2740
3 2496 2915 2914
3 2244 3236 2595
3 1329 4356 2734
3 1329 1413 1403
3 1613 2353 1934
3 4130 4135 4131
3 927 4771 929
3 3844 3845 3072
3 1755 3786 2821
3 3468 5835 3564
3 479 4073 4072
3 2663 2664 2222
3 226 513 225
3 1243 4373 2129
3 171 1392 24
3 217 4563 216
3 1231 4381 3341
3 4646 4741 4196
3 363 366 362
3 53 3065 241
3 879 4253 881
3 1329 2734 1413
3 1611 4159 1613
3 4108 4110 4109
3 3561 3562 2650
3 825 852 851
3 2961 3895 3452
3 1389 1438 1437
3 2953 3844 3072
3 2960 2961 2529
3 1697 1980 1979
3 1746 2414 1977
3 1832 4212 2034
3 2768 2770 2765
3 939 4232 1025
3 4108 4109 1734
3 3091 3521 2771
3 2013 4954 2457
3 939 4236 4232
3 1025 1267 1137
3 2392 2959 2958
3 2218 4239 2392
3 3692 5614 1375
3 2496 4314 2915
3 1237 4596 1611
3 2953 3072 2414
3 1718 1840 1717
3 1268 1329 1270
3 3179 4174 2531
3 2259 4386 1395
3 1248 1283 1233
3 1398 3998 1833
3 2781 2783 2782
3 771 4286 4281
3 1389 1437 1388
3 2763 2769 2761
3 1081 2349 1080
3 3267 3763 3762
3 1829 5595 3837
3 765 4278 1733
3 4110 4111 4109
3 3246 3826 2780
3 901 902 900
3 1306 4350 1823
3 611 626 624
3 2952 3185 2951
3 2795 3267 3042
3 2792 3069 1663
3 1438 2113 1437
3 2047 4280 2622
3 527 529 528
3 4161 4790 1654
3 3011 4761 4760
3 1725 3479 3034
3 2778 4228 3096
3 2791 3104 2790
3 1069 4870 4474
3 1370 1603 1496
3 4976 5014 3179
3 1102 1902 1242
3 3383 4186 2792
3 1594 1858 1393
3 2475 2778 2474
3 1399 1591 1590
3 2370 2847 2342
3 847 858 829
3 2653 2708 2471
3 854 4312 2203
3 639 4305 1884
3 2959 4271 4268
3 163 2021 162
3 180 2160 179
3 784 786 785
3 1373 1725 1462
3 2157 4241 3599
3 2577 2626 2192
3 1591 3766 1590
3 4126 4295 4127
3 881 1034 892
3 929 960 928
3 4116 4289 4115
3 3008 3200 3199
3 2992 4441 1736
3 3977 3978 3976
3 2221 2222 1605
3 2401 2704 2400
3 1216 4446 3013
3 1751 1997 1750
3 562 563 517
3 1470 1663 1310
3 846 1020 969
3 903 904 902
3 796 825 824
3 1732 4257 249
3 4106 5161 3636
3 1644 2743 59
3 1581 1972 1708
3 790 791 789
3 1243 1324 1323
3 2132 2904 2902
3 73 2800 288
3 1564 1715 1714
3 1501 1960 1959
3 2125 4313 2124
3 1174 2623 909
3 765 796 766
3 3245 5213 5171
3 3755 3756 2977
3 590 4664 4493
3 772 774 773
3 2327 2329 2328
3 786 4414 785
3 2996 2998 2997
3 2524 4248 4220
3 774 776 775
3 4154 4155 353
3 772 773 771
3 3118 4218 1750
3 1494 1564 1563
3 1313 4337 1090
3 2783 3576 3454
3 784 785 782
3 1376 1494 1457
3 4112 4113 4111
3 804 936 763
3 1347 4441 1348
3 4110 4112 4111
3 906 907 864
3 2284 2285 2036
3 774 775 773
3 1628 1629 1626
3 799 4107 846
3 3217 3517 2900
3 4317 4550 4316
3 4437 5141 1781
3 3162 3163 2611
3 3151 4343 3143
3 1499 4252 1422
3 2129 2264 1324
3 2162 2417 2416
3 1293 1376 1337
3 4127 4130 4129
3 4028 4721 4318
3 2109 4277 2108
3 3245 3246 2780
3 1179 4026 1177
3 2161 4179 1998
3 663 4329 664
3 3987 4327 3985
3 737 4251 713
3 4107 4108 1734
3 1020 1293 1056
3 2481 3306 3084
3 4099 4330 4098
3 889 900 888
3 740 1453 742
3 801 803 698
3 2779 2780 2778
3 1052 1426 955
3 3802 3803 3718
3 1128 1130 1129
3 770 772 771
3 4114 4115 4113
3 959 1030 958
3 1074 3628 669
3 753 755 754
3 751 753 752
3 3133 4881 4364
3 1446 1914 1521
3 954 1050 955
3 748 751 749
3 4409 4947 2498
3 2996 4404 3000
3 4056 4809 4163
3 4296 4297 600
3 776 777 775
3 869 934 887
3 1134 1313 1090
3 367 4352 369
3 2342 4161 1867
3 2840 4177 678
3 731 3958 1520
3 3020 3021 3019
3 1946 2036 1689
3 1668 2969 2792
3 1960 2314 2140
3 1736 4441 1469
3 2739 3483 2740
3 1267 1268 1137
3 746 748 747
3 788 789 786
3 250 3529 54
3 1972 3646 1973
3 4035 4429 1773
3 885 4936 4827
3 1832 4332 4212
3 1426 4379 955
3 2129 4373 3137
3 1230 1232 1231
3 1338 4589 2666
3 1432 4652 2850
3 2915 2975 2914
3 1768 2380 2064
3 2778 3096 2474
3 1011 1013 1010
3 2518 2611 2223
3 4272 4273 4268
3 4714 4946 3711
3 442 4276 2808
3 799 846 844
3 490 4423 1086
3 4752 4769 911
3 2455 3968 2079
3 4595 5240 3216
3 1351 1399 1398
3 609 4401 642
3 2444 2667 2309
3 1470 1668 1663
3 3152 4175 3151
3 3143 4343 3142
3 171 3966 1392
3 2070 4416 2866
3 788 790 789
3 1399 1590 1398
3 583 585 584
3 1501 4412 1960
3 386 4296 600
3 696 4345 1808
3 1826 4704 220
3 11 3081 2202
3 1090 4337 1081
3 1956 2342 1867
3 2735 4376 2147
3 4307 4308 1752
3 907 4379 2775
3 1130 1132 1131
3 244 4076 243
3 4345 4346 1808
3 717 1072 680
3 1741 1750 1547
3 668 4312 699
3 119 3991 9
3 907 2775 864
3 4112 4114 4113
3 854 2203 856
3 1503 1721 1502
3 4115 4126 4117
3 2282 2545 2281
3 2503 3735 3734
3 1842 4713 3171
3 769 4281 1069
3 1306 1823 1303
3 2054 4706 2853
3 2416 4168 3161
3 2761 4244 2758
3 1267 4356 1268
3 3984 3988 2189
3 691 692 690
3 927 928 926
3 498 2840 678
3 2940 3668 2682
3 3660 3868 1941
3 2641 2816 2358
3 906 954 907
3 2546 3249 2545
3 4115 4289 4126
3 1748 1749 779
3 4033 4764 4349
3 613 1089 36
3 2240 2591 2239
3 151 4266 150
3 2155 2162 2161
3 2226 2281 1891
3 2099 2474 1704
3 4245 4246 2757
3 2047 2622 2437
3 1977 2745 1745
3 2788 2789 2505
3 1432 2850 1444
3 744 746 745
3 3794 3795 3793
3 423 4344 1381
3 4114 4116 4115
3 771 4281 769
3 759 2879 760
3 2530 2531 2264
3 1688 1689 1526
3 1479 1614 1478
3 3232 4690 2590
3 2346 2347 2057
3 4035 4041 2872
3 2768 2771 2770
3 2796 4328 2004
3 685 4410 675
3 2942 3269 3268
3 617 4405 2180
3 3614 5295 2899
3 408 410 407
3 411 416 410
3 699 4312 854
3 2065 4379 1426
3 827 4388 894
3 1316 1318 1317
3 4171 4947 4409
3 747 1045 745
3 406 407 405
3 842 864 737
3 1413 1526 1403
3 897 1154 529
3 1595 4406 3787
3 2122 4276 441
3 40 483 208
3 675 4410 679
3 1727 4449 1513
3 2333 2942 2941
3 1284 1285 1030
3 770 771 769
3 1324 1419 1323
3 1318 1320 1319
3 1150 1370 1330
3 2762 2763 2761
3 4181 4182 2605
3 208 4197 207
3 1624 1765 1610
3 2314 2649 2514
3 1288 4510 1460
3 1072 4574 680
3 2442 4727 1987
3 343 4307 1752
3 2593 4587 4586
3 752 4365 1785
3 757 4365 754
3 2959 4267 2958
3 1797 1871 1798
3 2415 2953 2414
3 1627 1628 1626
3 3145 3151 3143
3 4100 4101 4099
3 4346 4347 1808
3 3643 3644 3107
3 2045 4280 2047
3 1960 4412 2436
3 4135 4136 4131
3 1329 1403 1270
3 700 4307 341
3 919 920 904
3 3096 4629 4354
3 2954 3191 2614
3 731 732 730
3 3421 3548 3190
3 1723 1791 1599
3 2027 2822 2029
3 713 4165 670
3 1725 3034 1462
3 1756 4211 1391
3 5252 5515 3147
3 1363 4367 1290
3 4123 4134 4120
3 782 4324 780
3 1044 4162 1015
3 504 4265 508
3 1132 1246 1133
3 2470 2471 2347
3 2760 2761 2758
3 2879 4724 4279
3 862 2159 1754
3 1916 2345 2344
3 2100 5279 5268
3 1233 4381 1231
3 341 4307 343
3 2756 2757 2705
3 1045 4303 745
3 510 3996 506
3 2413 2644 2643
3 2754 2951 2685
3 433 435 434
3 2447 2803 2802
3 4122 4413 4112
3 2073 4566 2258
3 5400 5468 3927
3 435 437 436
3 2231 4322 2229
3 866 1498 807
3 653 2227 673
3 2345 4061 2742
3 2099 2475 2474
3 2164 2466 2313
3 2139 4181 2605
3 1542 2255 1383
3 869 4517 934
3 2958 4267 3509
3 1060 1067 1033
3 4121 4123 4120
3 397 4318 400
3 1536 2220 1363
3 4126 4127 4117
3 2986 3560 2789
3 635 644 633
3 2764 2765 2763
3 437 439 438
3 2737 4211 1756
3 2527 2529 2528
3 202 1387 201
3 2409 3375 3184
3 1528 4423 2503
3 842 906 864
3 566 569 565
3 2139 2605 2364
3 4119 4120 4116
3 265 1552 60
3 705 4345 696
3 2515 4013 2608
3 664 4305 645
3 713 4251 4165
3 2269 4283 2022
3 2067 3892 581
3 2113 3805 2869
3 2454 3142 2231
3 2159 2401 2400
3 4130 4131 4129
3 3509 5245 3049
3 693 694 692
3 2010 2447 2446
3 1810 2125 2124
3 361 4210 363
3 1884 4299 637
3 2148 2640 1749
3 2785 3703 2125
3 442 682 509
3 5014 5056 3179
3 712 797 711
3 2649 3561 2650
3 1480 2165 1726
3 663 664 645
3 2961 3452 3451
3 386 600 389
3 538 4231 3859
3 1734 4340 1020
3 4203 4205 4204
3 3339 3965 2377
3 1755 2821 1753
3 1285 1378 1030
3 1470 4395 1668
3 1878 2164 2037
3 2475 2779 2778
3 1686 2692 2404
3 1969 4336 1536
3 1764 5592 4439
3 473 475 474
3 1284 4351 1684
3 1477 1478 1475
3 3142 4755 4322
3 3142 4322 2231
3 1243 2129 1324
3 2345 2638 2637
3 4264 5290 4921
3 5109 5128 4391
3 1846 1881 1822
3 1298 1316 1315
3 2644 3541 3540
3 1625 1627 1626
3 5119 5158 3297
3 4475 4913 3703
3 1351 1398 1397
3 1775 3976 3975
3 2066 2859 1905
3 2176 2535 2175
3 2769 4244 2761
3 1958 3934 3933
3 2786 2787 2148
3 2282 4359 2546
3 249 4257 248
3 2592 3252 2591
3 2004 4328 1761
3 783 784 782
3 1715 1890 1714
3 3359 3360 3357
3 3100 3899 575
3 1682 2080 1927
3 4346 4348 4347
3 1328 2801 2507
3 2174 2175 1980
3 3447 3449 3448
3 790 4453 791
3 1668 4395 3616
3 1010 4357 1012
3 1292 1822 1098
3 502 4265 504
3 2803 4341 2802
3 1259 4523 4522
3 846 4107 1734
3 2447 2802 2446
3 2194 2733 2732
3 4409 4754 4739
3 1007 1008 990
3 1259 4522 1172
3 4124 4132 4123
3 3071 3658 2489
3 3242 4161 2342
3 4166 4876 4085
3 2565 3044 2564
3 2640 2642 1749
3 1772 4352 367
3 4115 4117 4113
3 3391 3393 3392
3 1011 1014 1013
3 400 4318 403
3 529 3836 530
3 1684 1825 1285
3 856 4323 898
3 3591 4886 3055
3 400 401 399
3 1392 3966 2405
3 2010 2446 2008
3 925 926 920
3 2687 5457 3658
3 1463 4339 1466
3 1555 1652 1438
3 989 990 945
3 3354 3513 3349
3 4060 4432 3345
3 2524 2527 2525
3 755 4315 756
3 3082 3362 2787
3 2446 4372 2008
3 2804 4372 2446
3 406 4494 408
3 2779 3245 2780
3 3602 5752 1637
3 2009 2010 2008
3 2266 4875 3832
3 4118 4119 4116
3 2801 3637 3124
3 359 614 361
3 1354 4418 1170
3 1216 3013 1228
3 863 4345 705
3 2370 3109 2847
3 3682 4025 1179
3 404 405 402
3 2952 3186 3185
3 1748 4324 2786
3 4189 4890 2018
3 261 3656 1557
3 542 556 540
3 775 1040 773
3 2718 2899 2717
3 1856 2269 2022
3 2427 4179 2161
3 2281 4445 1891
3 2500 3038 3037
3 2124 4313 2500
3 2802 4341 3849
3 2325 2791 2790
3 128 5816 127
3 1255 1837 1820
3 2533 4691 2168
3 1604 1605 1490
3 1747 1810 1809
3 1466 2139 1545
3 4110 4122 4112
3 2025 2026 1652
3 2006 4372 2796
3 506 507 505
3 3935 4319 3937
3 2406 2407 2026
3 1810 2785 2125
3 4616 5357 3800
3 2408 4183 2026
3 380 1759 384
3 2500 4313 3038
3 637 4299 635
3 615 4469 4355
3 2686 4336 1969
3 4119 4121 4120
3 611 623 610
3 2045 2047 1825
3 863 4349 4345
3 3392 4311 2445
3 679 4329 663
3 3051 4434 4033
3 2220 4367 1363
3 2790 4393 3080
3 678 711 677
3 1248 4688 1288
3 4087 5038 337
3 2007 2008 2006
3 2696 4450 525
3 419 1962 421
3 798 833 797
3 842 4370 906
3 4107 4149 4108
3 4196 4741 1378
3 791 1778 789
3 202 4326 1387
3 2138 3305 3304
3 2987 4383 2855
3 3895 5041 1769
3 597 610 596
3 639 1884 637
3 4111 4147 4109
3 1667 1896 1895
3 1737 2204 2074
3 508 514 510
3 846 969 844
3 1376 1457 1337
3 1494 1563 1457
3 1564 1714 1563
3 1020 1056 969
3 1088 4373 1243
3 2006 2796 2004
3 1844 2109 2108
3 1956 2370 2342
3 3145 3152 3151
3 3167 4457 2418
3 2936 2937 2603
3 769 1069 767
3 2893 4694 2895
3 1232 1294 1247
3 3082 3834 3362
3 988 4355 1274
3 2640 3558 2642
3 1748 2148 1749
3 752 1785 749
3 2786 3082 2787
3 2170 3088 1881
3 2839 4497 4385
3 1625 4256 1627
3 439 4276 442
3 1000 1088 1064
3 1311 1470 1310
3 2401 2705 2704
3 423 1381 426
3 750 4152 4151
3 1489 1602 1391
3 715 863 705
3 626 627 624
3 712 1026 798
3 1810 2124 1809
3 3198 4317 4316
3 3558 3593 2642
3 570 596 569
3 2454 3143 3142
3 1146 1310 1145
3 3620 5008 3634
3 2005 2006 2004
3 2521 2524 2523
3 2967 2968 2211
3 444 2122 441
3 2003 2004 1761
3 1293 1337 1056
3 3962 5379 3027
3 2474 4254 1704
3 2744 3643 3107
3 898 4323 1278
3 2934 3032 2449
3 2447 2978 2803
3 1751 1998 1997
3 1268 4356 1329
3 2113 2869 1437
3 191 3765 190
3 365 1561 375
3 9 4740 1458
3 743 1784 741
3 4144 4255 4145
3 1170 4418 2196
3 702 1327 1326
3 4100 4102 4101
3 3336 5386 3766
3 475 477 476
3 433 4316 435
3 413 4325 419
3 1511 1702 1510
3 4097 4100 4099
3 2704 4542 2400
3 1929 3373 2306
3 2605 4242 2364
3 5165 5350 5015
3 4176 4622 3572
3 1864 2520 2144
3 1761 4328 1519
3 650 670 651
3 4114 4118 4116
3 661 3036 578
3 645 4305 639
3 2279 2701 2483
3 2139 2364 1545
3 780 4324 1748
3 883 4743 2867
3 2409 4399 3375
3 1570 1571 1569
3 744 745 743
3 1834 1835 1641
3 1473 3950 1471
3 2056 2057 1282
3 178 3967 2048
3 1776 2078 1777
3 762 765 764
3 403 4318 1747
3 2054 2853 2597
3 791 1779 1778
3 413 4780 4325
3 3198 4316 1468
3 4390 4391 2428
3 3555 3782 2913
3 1609 4504 1623
3 384 4296 386
3 2070 2866 2367
3 4371 5686 3440
3 1177 1325 1175
3 3288 3296 3292
3 738 842 737
3 4121 4124 4123
3 2756 2758 2757
3 1046 3930 967
3 1405 1510 1404
3 615 4355 988
3 2333 4378 2942
3 714 737 713
3 421 4344 423
3 4040 4639 2871
3 2718 2900 2899
3 1226 4377 1224
3 392 1758 394
3 756 759 758
3 1327 1389 1388
3 3489 3490 3488
3 670 671 651
3 2477 2887 2478
3 4648 4660 1827
3 477 481 478
3 2568 4363 2136
3 3422 3655 3093
3 2229 4473 1488
3 2811 4430 2149
3 2760 2762 2761
3 1801 1802 1703
3 2046 2788 2505
3 2802 3849 2804
3 481 488 482
3 488 494 489
3 494 501 495
3 1327 1388 1326
3 5349 5374 3362
3 354 4154 351
3 1468 4316 433
3 1741 1751 1750
3 2012 3407 2372
3 2260 2564 2259
3 364 4403 350
3 725 767 724
3 1615 4375 2106
3 4301 4302 1045
3 798 4459 833
3 4187 4188 3069
3 2762 2764 2763
3 2469 2686 1969
3 2302 3890 2303
3 944 945 913
3 3577 3578 3576
3 3411 3700 3410
3 2005 2007 2006
3 1268 1270 1269
3 3361 3488 3360
3 2503 3734 3221
3 650 672 670
3 2133 2134 1819
3 3950 4395 1471
3 5493 5712 3527
3 2124 2500 2126
3 407 1992 405
3 2007 2009 2008
3 335 337 336
3 2093 5152 113
3 2515 2608 1411
3 4117 4428 4113
3 442 2808 682
3 848 4518 869
3 2003 2005 2004
3 2425 3222 3174
3 2008 4372 2006
3 894 1924 952
3 744 4602 746
3 1055 3980 478
3 1364 4338 2218
3 1746 2415 2414
3 3038 4368 3037
3 2724 2811 2149
3 2243 4092 1427
3 988 1274 1171
3 1745 4309 1478
3 2005 4484 4282
3 1225 4380 1227
3 2216 2229 1488
3 2961 3451 2529
3 648 1454 646
3 404 406 405
3 892 939 938
3 2295 4515 4514
3 498 678 677
3 2477 3255 2887
3 4122 4548 4255
3 2767 2768 2765
3 2464 4419 3207
3 2500 3037 2965
3 394 396 393
3 2809 4445 2281
3 2653 3272 2708
3 2939 4386 2259
3 3923 5490 2163
3 2424 2428 2341
3 921 941 858
3 2734 4193 4192
3 1373 1462 1374
3 2698 3908 2950
3 3287 4415 3285
3 3013 3014 1228
3 3940 3943 3942
3 955 4379 907
3 2918 2919 2917
3 585 587 586
3 592 4898 3785
3 1025 1137 1136
3 1278 1373 1279
3 1051 1145 1050
3 2136 4363 1529
3 672 713 670
3 3378 3379 3377
3 1958 3933 1682
3 1808 4410 685
3 2772 3091 2771
3 696 1808 685
3 807 4263 694
3 403 1747 414
3 2555 2568 2136
3 1491 4375 1615
3 1152 4585 1482
3 2246 2918 2917
3 1421 4377 1226
3 392 393 391
3 4118 4125 4119
3 4111 4428 4147
3 793 4453 790
3 2555 3192 2568
3 1396 1976 1283
3 507 3129 1525
3 432 2898 1468
3 881 892 891
3 1656 4854 1658
3 3053 4397 2126
3 2445 4311 2444
3 3842 4697 2137
3 2855 4013 2515
3 2245 5684 3638
3 1227 4380 1491
3 1339 1450 1085
3 1529 2315 1421
3 2230 2231 2229
3 3197 3198 1468
3 939 1025 1024
3 400 402 401
3 2086 4350 1306
3 337 339 338
3 1491 4380 4375
3 1528 2503 2384
3 3806 5311 3203
3 1171 4364 1436
3 201 3912 200
3 1615 2106 2104
3 2802 2804 2446
3 787 788 786
3 389 391 388
3 898 1278 985
3 2267 2555 2136
3 1519 4418 1354
3 1747 1809 414
3 550 552 551
3 675 679 663
3 1529 4363 2315
3 652 663 645
3 1748 2786 2148
3 640 645 639
3 2700 2810 2095
3 638 639 637
3 4127 4129 4128
3 1417 4069 1906
3 3978 3979 3976
3 4124 4133 4132
3 374 2214 364
3 1779 2571 1778
3 363 4210 1772
3 416 4421 410
3 1705 2099 1704
3 636 637 635
3 2795 3042 1870
3 1830 2136 1529
3 634 635 633
3 2424 4390 2428
3 2082 2084 2083
3 2725 2726 2172
3 339 341 340
3 2221 2663 2222
3 3986 4716 3984
3 544 3888 542
3 1513 4449 1593
3 2709 2710 2294
3 2190 4537 1630
3 392 394 393
3 4205 4206 4204
3 3396 5574 5443
3 3053 4398 4397
3 652 675 663
3 1101 1255 1053
3 632 633 631
3 1620 1704 1505
3 640 652 645
3 767 4474 724
3 298 3519 910
3 1274 4364 1171
3 341 343 342
3 2724 3134 2811
3 386 388 385
3 2898 3197 1468
3 801 828 803
3 749 4300 747
3 2010 4361 2447
3 770 885 772
3 2872 2873 2835
3 4073 4074 4072
3 4596 4597 4159
3 638 640 639
3 2315 4377 1421
3 4756 4876 4166
3 318 5305 5145
3 2126 4397 1809
3 343 345 344
3 2127 4837 1568
3 414 4408 404
3 2593 4586 980
3 2600 2739 2417
3 1334 1391 1160
3 2744 3107 2667
3 3618 3619 2842
3 2246 4427 2918
3 403 404 402
3 2002 2003 1761
3 2019 2776 2549
3 3296 3297 3292
3 2124 2126 1809
3 345 347 346
3 1627 2190 1630
3 4128 4428 4117
3 350 4403 348
3 2389 4417 3386
3 1601 5277 3699
3 3290 4415 3287
3 636 638 637
3 4173 4456 2751
3 1052 4412 1501
3 883 2867 930
3 934 4517 1060
3 384 385 383
3 1830 2267 2136
3 347 349 348
3 406 408 407
3 2689 3675 2712
3 1463 1466 1465
3 2310 2312 1893
3 894 4388 1924
3 3270 3848 3167
3 4136 4142 4137
3 2037 2114 1965
3 349 351 350
3 1088 1243 1147
3 3096 4354 4254
3 2571 3847 1778
3 3069 4208 1663
3 789 4414 786
3 2308 3093 2206
3 1775 3975 474
3 2191 4042 3275
3 3108 4660 4648
3 3293 3295 3290
3 2488 2489 2318
3 400 403 402
3 389 392 391
3 2270 2272 2271
3 4275 4373 1088
3 380 383 379
3 1638 1639 1635
3 3849 4072 2804
3 871 874 873
3 1000 4275 1088
3 1311 1471 1470
3 2129 2530 2264
3 3937 4319 3940
3 634 636 635
3 2268 2341 2267
3 2500 2965 2126
3 1710 5024 303
3 4002 4007 4005
3 4394 4955 1762
3 1902 4029 1242
3 4366 4453 793
3 1466 1545 1544
3 828 847 829
3 804 937 936
3 3267 3762 3042
3 4203 4204 4201
3 756 757 754
3 408 411 410
3 1760 1761 1519
3 367 368 366
3 879 881 880
3 1429 1830 1529
3 1665 1667 1666
3 378 379 377
3 2392 2958 2628
3 2336 3302 2359
3 2527 2528 2525
3 375 377 374
3 833 4275 1000
3 1554 1665 1664
3 1484 1554 1553
3 1967 2213 1966
3 411 417 416
3 2174 2176 2175
3 1566 2259 1395
3 628 629 627
3 2958 3509 3049
3 702 1326 1314
3 412 415 398
3 2218 2392 2254
3 2117 2118 2009
3 1697 2174 1980
3 1767 3101 2123
3 1429 1529 1421
3 746 747 745
3 1634 1635 1633
3 753 754 752
3 751 752 749
3 748 749 747
3 2557 3235 2209
3 1803 1804 1802
3 988 1171 1170
3 3046 3232 2590
3 1256 1421 1226
3 386 389 388
3 1604 2221 1605
3 156 4269 155
3 3036 4773 578
3 1632 1633 1631
3 617 2180 607
3 3447 3448 2583
3 3185 4772 2951
3 3133 3830 2815
3 417 430 416
3 606 1771 616
3 1027 1150 1149
3 365 374 364
3 2788 2986 2789
3 1171 1436 1354
3 2453 2454 2231
3 1170 2196 987
3 1879 2240 2239
3 4347 4410 1808
3 1830 2268 2267
3 3096 4254 2474
3 369 371 370
3 397 399 396
3 1518 1762 1760
3 2268 2814 2424
3 2491 2889 1812
3 4695 5008 3751
3 1429 4392 1830
3 2389 3386 3385
3 2043 4617 2132
3 1549 2065 1426
3 671 958 651
3 2745 4309 1745
3 2965 3053 2126
3 2268 2424 2341
3 1668 3616 2969
3 2744 3645 3643
3 148 4849 1724
3 408 4494 1817
3 2407 2886 2885
3 3830 4390 2815
3 4935 5661 5652
3 1630 1631 1628
3 632 634 633
3 3598 5658 1636
3 2854 2989 2676
3 630 631 629
3 1262 2519 843
3 768 770 769
3 3144 3145 3143
3 4138 4141 4125
3 4121 4139 4124
3 1462 1463 1374
3 875 879 877
3 384 386 385
3 1438 4594 2113
3 1342 1404 1341
3 2601 2828 2055
3 1331 1343 581
3 1373 1374 1279
3 379 884 377
3 2724 4394 3134
3 2814 3132 2815
3 1640 1641 1639
3 2814 2815 2424
3 759 760 758
3 2444 2744 2667
3 1992 4369 405
3 1146 1311 1310
3 403 414 404
3 351 4154 353
3 3731 3732 2632
3 4636 4714 2884
3 1364 2218 1907
3 4398 4408 4397
3 1389 1555 1438
3 394 397 396
3 1278 1279 985
3 2503 4423 3735
3 1318 1321 1320
3 2265 2724 2149
3 1227 1491 1271
3 1462 4339 1463
3 912 913 861
3 1698 2043 1742
3 1830 4392 2268
3 2120 4321 2621
3 2714 4553 1970
3 1430 1490 1276
3 2931 3382 2638
3 203 4326 202
3 1222 1493 1220
3 615 988 987
3 2002 2172 2003
3 2214 4403 364
3 1466 1544 1465
3 1256 1429 1421
3 1227 1256 1226
3 647 4164 1352
3 4397 4408 414
3 1809 4397 414
3 3860 3861 2156
3 339 700 341
3 863 4536 4349
3 860 861 838
3 2105 2149 1616
3 3631 3632 2810
3 2268 4392 2814
3 4118 4138 4125
3 380 384 383
3 1216 1228 1217
3 2430 2689 2432
3 3277 4578 2547
3 405 4369 402
3 1518 1519 1354
3 4328 4418 1519
3 26 622 177
3 458 459 457
3 1164 4400 1828
3 1492 1770 1271
3 3945 4865 1530
3 717 1328 1072
3 1066 4075 2652
3 1292 1846 1822
3 1227 1271 1256
3 1491 1615 1492
3 598 4625 4487
3 3061 5047 3835
3 852 888 851
3 2007 2117 2009
3 1189 3713 1188
3 428 454 425
3 1181 1713 1183
3 4361 4362 4243
3 2742 4061 4060
3 1150 4411 4065
3 2025 2406 2026
3 2815 4390 2424
3 4218 4486 1614
3 4178 4183 2408
3 2833 2834 2832
3 1471 4395 1470
3 1243 1323 1147
3 3132 3133 2815
3 1168 1216 1215
3 2216 2230 2229
3 2524 2525 2523
3 1164 1828 1166
3 214 3709 3404
3 3251 3430 3281
3 714 738 737
3 1086 1174 909
3 2520 2521 2144
3 4519 4550 4317
3 1890 2157 2101
3 4388 4389 1924
3 4466 5791 2021
3 378 380 379
3 5771 5845 3460
3 2411 2754 2685
3 4408 4494 406
3 1465 1509 1464
3 1162 4400 1164
3 118 4731 117
3 3288 3292 3289
3 1555 2025 1652
3 404 4408 406
3 293 4647 1945
3 755 756 754
3 2345 2637 2344
3 2538 2539 2537
3 765 766 764
3 2819 2820 2354
3 3283 3286 3285
3 1482 1484 1483
3 1620 1705 1704
3 2998 2999 2997
3 1400 1682 1548
3 1760 2002 1761
3 3286 3288 3287
3 4242 4243 2364
3 3034 4339 1462
3 2764 2767 2765
3 1038 4436 1259
3 3847 4414 1778
3 2080 2625 2252
3 375 378 377
3 2447 4361 2978
3 2791 3105 3104
3 2725 3074 2726
3 4127 4128 4117
3 3852 3854 3853
3 2003 4484 2005
3 706 715 705
3 1221 1414 1223
3 1491 1492 1271
3 1463 1465 1464
3 629 1264 627
3 365 375 374
3 1868 2151 1517
3 490 909 456
3 1705 2100 2099
3 4113 4428 4111
3 2132 2902 2901
3 2748 4663 3945
3 1477 1479 1478
3 1518 1760 1519
3 1463 1464 1374
3 4149 4548 4108
3 3693 3694 3272
3 1028 4459 798
3 3295 4415 3290
3 514 516 515
3 432 1468 433
3 3716 3791 3790
3 1171 1354 1170
3 2065 4756 4379
3 1615 2104 1616
3 988 1170 987
3 1901 5105 2552
3 4390 4447 4391
3 382 1272 376
3 1986 2992 1736
3 430 2018 558
3 3264 3460 2820
3 672 714 713
3 1256 4407 1429
3 1615 1616 1492
3 1890 4445 2157
3 2018 2019 558
3 937 1006 1005
3 2055 4479 1825
3 792 793 790
3 3249 4439 4438
3 2701 2746 2483
3 1960 2436 2314
3 2733 3094 2732
3 2755 2756 2705
3 630 632 631
3 1805 1806 1804
3 2692 2838 2693
3 796 824 766
3 754 4365 752
3 3055 3056 2540
3 1162 4502 4400
3 1285 4479 1378
3 2230 2453 2231
3 2105 2265 2149
3 4151 4788 2755
3 616 650 617
3 991 1053 941
3 1225 1227 1226
3 2157 3599 2656
3 397 400 399
3 1436 1518 1354
3 1271 4407 1256
3 825 851 824
3 1268 1269 1137
3 2285 2433 2036
3 2831 2832 2830
3 3014 3282 3015
3 395 398 390
3 1757 1867 1654
3 3797 5251 2816
3 2530 3179 2531
3 2104 2458 2105
3 1223 1224 1222
3 1036 4444 1930
3 1429 4407 4392
3 4112 4413 4114
3 1225 1226 1224
3 2336 4443 3302
3 2265 3050 2724
3 1379 1380 1239
3 2828 4479 2055
3 709 2217 683
3 974 2320 972
3 958 4405 651
3 1388 1390 1326
3 3435 3623 3437
3 799 844 800
3 2783 3577 3576
3 353 365 364
3 3401 5828 5173
3 1955 1956 1867
3 1846 2170 1881
3 2497 2721 2128
3 1008 1011 1010
3 3050 4394 2724
3 4110 4548 4122
3 402 4369 401
3 854 856 855
3 4240 4531 3400
3 2754 2952 2951
3 837 838 836
3 3602 3788 3092
3 1593 4619 1978
3 3912 4371 3913
3 716 725 724
3 653 673 654
3 2078 2430 2079
3 1545 2389 1544
3 1229 3525 1230
3 2129 3137 2530
3 1770 4407 1271
3 1369 1412 1372
3 1762 4427 1760
3 2726 4484 2172
3 1066 2652 1856
3 1088 1147 1064
3 1469 4441 1347
3 1509 2069 2068
3 2759 2760 2758
3 3291 3293 3290
3 964 965 915
3 2814 4468 3132
3 1778 4414 789
3 2104 2105 1616
3 682 702 701
3 1051 1146 1145
3 1038 1259 1172
3 898 985 899
3 886 5258 4584
3 3875 3969 3968
3 856 898 857
3 2246 2917 2725
3 440 441 439
3 2265 3051 3050
3 724 4454 715
3 606 616 607
3 532 533 531
3 2002 2246 2172
3 616 4374 650
3 2251 2294 1687
3 2246 2725 2172
3 2321 2864 2798
3 3107 3330 2667
3 756 758 757
3 1106 2490 1028
3 1891 4445 1890
3 3289 3290 3287
3 238 1273 51
3 2192 4042 2191
3 822 997 827
3 673 707 674
3 482 4824 1055
3 2817 4677 1111
3 2776 2777 2549
3 335 336 334
3 470 486 469
3 2687 5591 3897
3 697 705 696
3 854 855 802
3 875 4360 879
3 1603 1768 1496
3 1689 1690 1526
3 2434 2435 2305
3 451 469 450
3 452 615 472
3 3110 3111 3109
3 626 628 627
3 2942 3268 2941
3 650 4374 672
3 498 4352 2840
3 2304 2434 2305
3 1069 4474 767
3 2768 2772 2771
3 1223 1225 1224
3 3286 3287 3285
3 1680 2051 1681
3 707 799 708
3 1767 4464 3101
3 4118 4413 4138
3 2196 4500 987
3 2422 3216 3215
3 1093 2716 995
3 776 778 777
3 1225 4435 4380
3 1221 1222 1220
3 2149 4430 1616
3 699 854 802
3 2101 5180 5155
3 1221 1223 1222
3 538 3859 536
3 408 1817 411
3 1619 1620 1505
3 2120 2621 1896
3 1370 1496 1330
3 716 724 715
3 469 984 450
3 4002 4005 2494
3 2437 3336 2601
3 3051 4031 3050
3 2170 3889 3088
3 1509 2044 1464
3 1006 1081 1080
3 430 558 416
3 3184 5439 3370
3 2178 2697 2179
3 1936 1938 1937
3 3276 3277 2547
3 3288 3289 3287
3 2016 2082 2017
3 2051 2485 2052
3 954 1051 1050
3 825 4874 853
3 1044 5492 4162
3 3005 4086 2697
3 2485 3030 2486
3 1876 2223 2171
3 443 2195 445
3 2565 3229 3044
3 781 783 782
3 1334 1489 1391
3 2380 2502 2064
3 3014 3015 1228
3 3449 3450 3448
3 3101 3102 2123
3 2047 2437 2055
3 1492 4430 1770
3 2389 3119 1544
3 2887 3028 3027
3 892 938 891
3 1608 1654 1357
3 1620 2107 1705
3 88 3704 313
3 4114 4413 4118
3 2503 3221 2384
3 2821 4673 4315
3 401 4369 2805
3 2454 3144 3143
3 2154 2155 1998
3 3145 3751 3152
3 1514 1727 1513
3 3940 4319 3943
3 3228 3829 3227
3 3289 3291 3290
3 2364 4417 1545
3 898 899 857
3 3697 3796 2849
3 3089 3180 2176
3 3112 3227 3111
3 874 4360 875
3 1419 1680 1420
3 1920 2991 1918
3 353 364 350
3 3291 3294 3293
3 615 987 472
3 3487 4565 1858
3 2215 3131 2793
3 577 3899 1331
3 856 857 855
3 2236 4037 2235
3 524 3884 500
3 715 4454 863
3 1403 4338 1270
3 725 1769 768
3 3577 4160 3578
3 1414 4435 1223
3 1504 1505 1380
3 935 4436 1038
3 2021 5791 4291
3 587 589 588
3 2389 3385 3119
3 2519 4370 843
3 3108 4827 4249
3 2215 2216 1488
3 1825 4479 1285
3 1279 2818 985
3 1216 1217 1215
3 638 1781 640
3 1214 1488 1167
3 4136 4137 4131
3 1242 1400 1368
3 4373 4736 3137
3 794 795 793
3 1244 2270 1408
3 1465 4425 1509
3 1026 1028 798
3 449 450 83
3 1072 5399 4574
3 774 3108 776
3 2679 2849 2453
3 2889 4543 1812
3 652 676 675
3 417 432 431
3 2357 2560 2147
3 1828 4446 1166
3 682 701 509
3 816 1369 820
3 2303 3890 2451
3 640 4433 652
3 1509 2068 2044
3 784 787 786
3 1168 4446 1216
3 2906 2923 2253
3 881 891 880
3 628 630 629
3 1213 4966 111
3 3000 4404 3524
3 3166 3167 2418
3 939 1024 938
3 4243 4417 2364
3 2068 2336 2262
3 651 4405 617
3 1616 4430 1492
3 3060 3259 3258
3 4423 4645 3735
3 2516 2874 2071
3 3162 4944 3163
3 3688 5586 4867
3 1837 2192 2191
3 855 2799 802
3 3283 3285 3284
3 843 4370 842
3 636 4437 638
3 2337 2909 2262
3 3574 5604 5178
3 4407 4468 4392
3 1648 1695 1694
3 1544 4425 1465
3 432 433 431
3 2230 2679 2453
3 3283 3284 3015
3 2346 2470 2347
3 4129 4140 4128
3 676 685 675
3 768 769 767
3 4082 5892 4967
3 2945 3377 2944
3 3002 3121 2589
3 11 2202 122
3 1504 1619 1505
3 1210 1211 1208
3 2035 5215 3942
3 2865 4189 434
3 539 1062 541
3 647 1352 649
3 781 1827 783
3 2679 3697 2849
3 1326 4464 1314
3 3086 3087 2493
3 3010 3511 3009
3 1464 4452 1374
3 3245 5171 5131
3 1219 1221 1220
3 3131 3686 2793
3 3135 5062 4817
3 351 353 350
3 2552 3337 2553
3 1270 1364 1269
3 2890 3641 2891
3 634 859 636
3 2470 2653 2471
3 3366 3420 1799
3 1545 4417 2389
3 5008 5124 3152
3 349 350 348
3 3484 5669 5294
3 1305 1434 1299
3 2215 2793 2216
3 4063 5500 2214
3 2769 5802 3705
3 686 696 685
3 1760 4427 2002
3 2588 3002 2589
3 369 498 371
3 1374 4452 1279
3 1219 1220 1218
3 387 390 382
3 347 348 346
3 3520 4663 3784
3 2773 3571 3570
3 1289 1786 1361
3 2056 2346 2057
3 1025 1136 1024
3 3282 3283 3015
3 3830 4447 4390
3 2602 2603 2115
3 1878 1965 1877
3 1614 4486 1746
3 345 346 344
3 2683 4093 3726
3 558 4421 416
3 1509 4425 2069
3 4128 4549 4428
3 1733 4874 796
3 3419 3654 2968
3 686 1793 697
3 1729 1730 1524
3 2458 4434 2105
3 2773 3570 2774
3 1165 2845 1163
3 2401 2755 2705
3 1753 4315 755
3 2365 5278 4957
3 443 444 441
3 697 706 705
3 343 344 342
3 3121 3464 3122
3 2089 2090 2087
3 1728 1966 1727
3 2307 5442 3850
3 2902 2903 2901
3 2240 2592 2591
3 783 4385 784
3 2002 4427 2246
3 1435 1843 1434
3 1611 4596 4159
3 738 843 842
3 725 768 767
3 1217 1218 1215
3 1047 1162 1161
3 1983 4774 3397
3 1425 4219 1910
3 2545 2809 2281
3 3203 3204 2839
3 341 342 340
3 1223 4435 1225
3 2806 3510 3067
3 432 4509 2898
3 2453 4460 2454
3 672 4374 2848
3 369 4352 498
3 1461 1536 1363
3 417 431 430
3 2247 2469 1969
3 1770 4468 4407
3 1217 1219 1218
3 1807 1877 1806
3 1037 3535 2298
3 2105 4434 2265
3 177 4489 176
3 358 1099 356
3 179 3967 178
3 3121 3122 2589
3 1321 1341 1320
3 3023 3062 3021
3 2081 2467 1451
3 339 340 338
3 305 449 83
3 2162 2600 2417
3 1489 1950 1602
3 1240 1379 1239
3 3156 3169 1868
3 2468 3148 2467
3 1498 5089 4263
3 337 338 336
3 472 473 453
3 1730 2234 2233
3 1379 1504 1380
3 1922 1969 1536
3 758 4513 757
3 2265 4434 3051
3 1890 2101 1714
3 835 836 834
3 1721 2675 1974
3 2216 4475 2230
3 3313 3314 3056
3 2207 2309 2308
3 4468 4503 3132
3 1304 1306 1303
3 2247 5336 3771
3 445 446 444
3 4392 4468 2814
3 750 4602 4152
3 4195 4580 2830
3 2068 4443 2336
3 781 782 780
3 3119 4425 1544
3 2811 4503 4430
3 2496 2914 2910
3 2143 2839 1863
3 452 472 453
3 2392 2628 2254
3 2667 4472 2309
3 445 452 446
3 2991 4696 1918
3 452 453 446
3 2764 2773 2767
3 2958 3049 2628
3 1228 4470 1217
3 2577 3415 2626
3 3683 4965 3001
3 4188 4209 4208
3 3508 5355 2291
3 2068 2262 2044
3 1037 2298 2297
3 4315 4673 759
3 443 445 444
3 1021 1023 981
3 3464 3465 3122
3 1061 1239 1054
3 1511 1703 1702
3 3570 3572 2774
3 702 1314 701
3 4069 4926 4071
3 3015 4470 1228
3 848 869 868
3 1394 1876 1556
3 733 735 734
3 623 653 625
3 422 1764 420
3 1172 4522 1289
3 2260 2565 2564
3 2135 3996 510
3 2044 4452 1464
3 1405 1511 1510
3 778 779 777
3 1270 4338 1364
3 2047 2055 1825
3 1168 1215 1214
3 1417 1906 1532
3 2760 2766 2762
3 2796 4749 4328
3 1166 1168 1167
3 509 4036 438
3 2437 2601 2055
3 2069 4443 2068
3 4821 4998 3175
3 591 4260 606
3 1152 1482 1344
3 2624 2711 2312
3 2218 2254 1907
3 3127 5527 3767
3 2773 2774 2767
3 1627 1630 1628
3 1788 5541 5455
3 2272 2274 2273
3 1214 2215 1488
3 1307 2086 1306
3 2666 3897 1508
3 780 1748 779
3 440 443 441
3 1168 1214 1167
3 2756 2759 2758
3 4370 4528 906
3 706 716 715
3 1936 4568 3722
3 415 684 683
3 2019 2549 2316
3 1166 1167 1165
3 2250 5423 3481
3 1409 1537 1423
3 1244 4440 2270
3 1968 4800 3893
3 606 4260 1771
3 1164 1166 1165
3 1563 4467 1457
3 2799 4529 802
3 1557 4907 1737
3 1740 1741 1547
3 1047 1161 1160
3 3104 5369 5243
3 760 761 758
3 643 4164 647
3 1000 1064 1063
3 385 1763 383
3 3255 4466 2887
3 516 562 517
3 1472 1473 1471
3 2219 4402 1007
3 4034 4536 4454
3 2019 2316 558
3 369 370 368
3 2772 3092 3091
3 1283 4381 1233
3 3284 4470 3015
3 239 4424 238
3 4452 4534 2818
3 2172 4484 2003
3 2454 4460 3144
3 733 734 732
3 2710 3189 3068
3 2600 3495 2739
3 1279 4452 2818
3 2998 4965 2999
3 4302 4303 1045
3 1362 1363 1290
3 1695 1739 1738
3 562 590 563
3 1086 1357 1174
3 966 1054 964
3 1086 1528 1357
3 4247 4542 2704
3 844 845 800
3 1566 2260 2259
3 401 424 399
3 4215 4546 2781
3 4297 4933 600
3 735 2001 917
3 879 880 877
3 1864 4660 2520
3 2242 5029 4675
3 4140 4549 4128
3 2230 4475 2679
3 3800 5357 2682
3 512 591 511
3 2044 4534 4452
3 2703 4462 1943
3 2472 2473 2058
3 1623 4504 2386
3 2151 2582 2325
3 762 763 761
3 1457 1459 1337
3 686 697 696
3 2308 3422 3093
3 691 693 692
3 4375 4797 2106
3 1739 2256 1988
3 2521 2523 2522
3 2370 3110 3109
3 5118 5140 3192
3 5309 5387 3124
3 2793 4475 2216
3 460 461 459
3 1608 1757 1654
3 706 905 716
3 1757 1955 1867
3 1922 2247 1969
3 968 1047 1046
3 760 762 761
3 833 1000 999
3 1079 5508 3856
3 2091 2496 2495
3 2549 4471 2316
3 2849 4460 2453
3 868 4366 795
3 2777 3501 2549
3 4188 4208 3069
3 899 908 857
3 487 496 486
3 622 4489 177
3 2086 5827 4350
3 2134 2465 2464
3 1066 1856 1386
3 2336 2359 2337
3 1161 1334 1160
3 1291 1292 1098
3 2988 4996 3589
3 2040 2588 2587
3 2336 2337 2262
3 3720 5089 1498
3 2875 4366 868
3 2619 3045 2750
3 1166 4446 1168
3 1097 1098 1023
3 799 800 708
3 2197 4840 1582
3 2980 2981 2388
3 1047 1160 1046
3 885 5011 4221
3 490 1086 909
3 381 382 376
3 1574 3665 1575
3 833 4459 4275
3 676 686 685
3 4398 4494 4408
3 1461 1922 1536
3 1526 4442 1403
3 2759 4426 2760
3 1164 1165 1163
3 2036 4431 1689
3 567 3156 1868
3 2863 3498 3497
3 1430 1604 1490
3 764 4481 804
3 1827 1863 783
3 1555 2498 2025
3 3249 4438 2545
3 3106 3433 3105
3 1250 1467 1298
3 593 2201 609
3 2157 2656 2101
3 764 804 763
3 1770 4503 4468
3 693 695 694
3 968 1046 967
3 1206 1207 1204
3 452 4469 615
3 1269 4526 1137
3 2588 2589 2587
3 1369 1372 820
3 1379 1506 1504
3 1082 2041 1091
3 809 4480 850
3 451 470 469
3 2375 2648 2647
3 2768 4512 2772
3 2846 3367 3366
3 1528 2384 1608
3 806 967 726
3 1390 4464 1326
3 1311 1472 1471
3 3525 4508 1230
3 1546 1547 1479
3 1150 1330 1149
3 1136 2846 1799
3 3599 3648 2656
3 3366 3705 3420
3 801 4529 828
3 1039 1562 962
3 874 875 873
3 1082 1090 1081
3 2174 3089 2176
3 3105 5369 3104
3 449 451 450
3 650 651 617
3 3489 3491 3490
3 2971 3678 2197
3 831 834 688
3 2195 4469 445
3 2279 2483 1650
3 1302 1303 1301
3 1632 1636 1634
3 472 4500 473
3 1689 4431 1690
3 1976 4381 1283
3 1943 2484 1940
3 497 511 496
3 2034 2375 2374
3 1817 4509 411
3 1188 3116 1202
3 605 4520 568
3 1474 1475 1473
3 373 376 372
3 3539 5340 1731
3 1014 1744 1016
3 614 4210 361
3 4131 4461 4129
3 766 4481 764
3 1864 2144 2143
3 4377 5102 5070
3 2085 4514 2351
3 1162 1164 1163
3 475 479 477
3 791 4453 2463
3 1342 1405 1404
3 673 674 654
3 1746 4486 2415
3 437 440 439
3 2468 4264 3148
3 1572 1573 1571
3 2779 5237 5213
3 1221 4569 1414
3 1100 4926 1280
3 1832 2034 2033
3 2697 2698 2179
3 346 1360 344
3 2497 3823 2721
3 1528 1608 1357
3 3179 5056 4174
3 3089 4353 3180
3 707 708 674
3 1061 1240 1239
3 4129 4461 4140
3 788 792 790
3 672 2848 714
3 3440 5177 4371
3 2562 3212 3211
3 2909 4534 2262
3 2994 4404 2996
3 2895 3019 3018
3 2893 2895 2894
3 966 1061 1054
3 1771 4374 616
3 916 964 915
3 1827 1864 1863
3 1334 1780 1489
3 2335 3234 2127
3 3977 4680 3978
3 2450 2852 2020
3 1217 4470 1219
3 806 2238 968
3 3063 3196 3062
3 3163 4465 2611
3 1757 2368 1955
3 1460 4510 1697
3 3091 5055 4833
3 1080 4856 1500
3 1801 1803 1802
3 906 4528 954
3 2081 2468 2467
3 1057 2147 948
3 1781 4433 640
3 1795 1796 1700
3 1273 2133 1819
3 1056 2224 969
3 1428 4190 2244
3 987 4500 472
3 1767 2123 2081
3 1955 2381 1956
3 399 4575 396
3 887 2875 868
3 2321 4640 2864
3 850 915 849
3 1036 1930 1139
3 721 805 726
3 2116 5428 5296
3 1490 4491 1276
3 791 2463 1779
3 1195 1196 1194
3 2846 3366 1799
3 638 4437 1781
3 710 721 720
3 983 1345 976
3 1446 1521 1447
3 652 4433 676
3 1162 1163 1161
3 1051 2851 1146
3 2436 4527 2314
3 4055 5144 1467
3 806 968 967
3 2145 3047 2688
3 1067 4075 1033
3 980 4586 982
3 684 710 709
3 5 4568 1936
3 828 4529 2035
3 19 2477 1105
3 966 1144 1061
3 496 1773 486
3 443 4519 2195
3 1136 1799 1024
3 2490 4459 1028
3 2760 4426 2766
3 3684 4965 3683
3 1472 2121 1474
3 3221 3592 2384
3 4430 4503 1770
3 445 4469 452
3 591 598 511
3 2316 4421 558
3 2806 4552 3510
3 1484 1553 1483
3 1554 1664 1553
3 3345 4432 3435
3 2855 4530 4013
3 850 1792 916
3 3347 5084 2456
3 1314 1451 701
3 1706 1707 1499
3 2088 4608 4314
3 2467 4659 1451
3 1488 4473 1167
3 1493 4600 1220
3 2974 4811 2322
3 660 691 690
3 4570 4571 3164
3 4068 4579 4067
3 2767 4512 2768
3 859 4437 636
3 2525 2526 2523
3 2781 4546 2783
3 1402 1832 1692
3 3361 3489 3488
3 214 3404 213
3 2697 4086 2698
3 2309 4472 2308
3 3110 3112 3111
3 1916 2344 1917
3 2821 4315 1753
3 830 1983 1982
3 2215 4488 3131
3 3448 4564 2583
3 985 4507 899
3 1410 1411 1366
3 2829 2830 2828
3 1690 4442 1526
3 1415 5298 256
3 3204 4497 2839
3 2201 4401 609
3 176 1766 175
3 1314 4464 1767
3 784 4385 787
3 1165 4473 2845
3 486 4429 469
3 684 709 683
3 680 4574 661
3 388 4455 385
3 804 2880 937
3 916 966 964
3 4229 4605 849
3 2762 4476 2764
3 4618 4742 1976
3 1123 1124 1122
3 441 4276 439
3 2611 2612 2223
3 2923 4793 2253
3 591 606 598
3 3501 4471 2549
3 2433 4431 2036
3 3333 3455 622
3 1737 2205 2204
3 1338 2666 1508
3 804 4481 2880
3 616 617 607
3 1362 1461 1363
3 2854 4570 3164
3 3049 3265 2628
3 4479 4580 1378
3 2601 2829 2828
3 2521 2522 2144
3 3359 3361 3360
3 417 4509 432
3 4635 5118 3192
3 805 806 726
3 850 916 915
3 1218 4488 1215
3 2972 2973 2434
3 1419 1420 1323
3 1167 4473 1165
3 1316 4666 1318
3 1476 1477 1475
3 2883 3708 3639
3 2185 2956 2550
3 699 802 801
3 1029 1106 1028
3 4194 5606 3416
3 1403 4442 4338
3 2314 4527 2649
3 1323 4561 1147
3 882 4518 848
3 3864 5265 3217
3 1292 2541 1846
3 1314 1767 1451
3 1699 1700 1083
3 1997 4581 3118
3 4316 4550 435
3 2043 2132 1742
3 2274 2537 2536
3 1364 1907 1787
3 2818 4507 985
3 1793 4483 697
3 2528 4501 2525
3 4137 4461 4131
3 440 4519 443
3 1378 4741 1030
3 3788 5720 4485
3 536 3859 723
3 3330 4472 2667
3 762 764 763
3 3112 3228 3227
3 1266 1410 1366
3 721 726 720
3 1901 2552 2076
3 2817 4678 4677
3 240 2812 239
3 3166 3270 3167
3 1137 4526 1136
3 938 940 891
3 710 720 709
3 1979 4715 4546
3 619 1527 605
3 567 1517 501
3 238 4424 1273
3 1527 4520 605
3 3134 4609 2811
3 2143 3203 2839
3 935 4507 4436
3 2449 4321 2120
3 4108 4548 4110
3 608 4898 592
3 2772 3308 3092
3 1767 2081 1451
3 4227 4668 2159
3 462 463 461
3 2764 4476 2773
3 1215 4488 1214
3 2587 3276 2547
3 949 1244 1058
3 3305 4642 3304
3 2352 4885 3010
3 1300 1301 1156
3 1667 1895 1666
3 3555 5176 4250
3 1559 4416 1854
3 1396 4618 1976
3 401 2805 424
3 389 4656 392
3 761 4513 758
3 2872 4599 2873
3 1146 4492 1311
3 3257 5288 3822
3 1307 2087 2086
3 1060 1068 1067
3 2806 3066 424
3 4428 4549 4147
3 3871 4707 3803
3 2465 4419 2464
3 1985 2619 2440
3 989 1007 990
3 878 2460 2459
3 1900 4760 1898
3 1879 4601 2240
3 1346 1512 1345
3 1630 1632 1631
3 954 4528 1051
3 104 4763 103
3 1214 4488 2215
3 653 654 625
3 1106 4491 2490
3 2791 3106 3105
3 746 4602 750
3 498 677 371
3 3875 3968 2455
3 816 817 815
3 1097 1291 1098
3 1907 1908 1787
3 1751 2154 1998
3 2545 4438 2809
3 958 4741 4405
3 3262 3600 2542
3 1289 4522 1786
3 411 4509 417
3 1844 2108 1843
3 3308 3602 3092
3 2285 4564 2433
3 4488 4600 3131
3 1218 4600 4488
3 899 935 908
3 1091 1134 1090
3 3284 4569 4470
3 4503 4609 3132
3 567 1868 1517
3 2355 4751 1993
3 3435 4432 3623
3 944 989 945
3 835 890 837
3 1632 1634 1633
3 1364 1787 1269
3 1560 3797 1450
3 3106 3442 3433
3 2772 4512 3308
3 1818 2219 1007
3 1304 1307 1306
3 857 4482 855
3 2155 4457 2162
3 2927 4798 4491
3 1107 1276 1106
3 2947 3486 3485
3 526 4812 1880
3 3122 4495 2589
3 2583 4564 2285
3 1021 1097 1023
3 3420 4539 1799
3 3469 5557 4404
3 2839 4385 1863
3 2828 4580 4479
3 4041 4625 4599
3 1029 1811 1107
3 2779 5213 3245
3 396 1782 393
3 2773 4476 3571
3 1747 4721 1810
3 4372 4785 2796
3 706 4483 905
3 1634 1638 1635
3 2341 4689 2267
3 4415 4709 4630
3 2207 2308 2206
3 2813 4661 3237
3 464 465 463
3 697 4483 706
3 1482 1483 1344
3 448 456 447
3 3315 3316 2501
3 1649 1776 1512
3 850 4480 1792
3 2310 2624 2312
3 1678 5060 4903
3 3531 3532 3399
3 4403 4551 348
3 2806 3067 3066
3 429 447 428
3 2463 2970 1779
3 4021 5285 4783
3 721 809 805
3 1261 4572 4262
3 2665 3256 2663
3 4470 4569 1219
3 302 5254 82
3 1818 3083 2480
3 4401 4692 642
3 531 4812 528
3 1854 1995 1994
3 1950 4601 1602
3 1472 1474 1473
3 1546 1788 1740
3 2491 3114 2889
3 466 467 465
3 1680 1681 1420
3 1786 4541 1361
3 4566 5346 2258
3 912 946 944
3 606 607 598
3 2589 4495 2587
3 437 4550 440
3 468 484 467
3 485 492 484
3 1956 4560 2370
3 493 499 492
3 2051 2052 1681
3 2040 2547 1994
3 426 428 425
3 628 1375 630
3 1834 2016 1835
3 2154 2418 2155
3 4530 4999 4013
3 802 4529 801
3 1410 4592 2729
3 714 4572 738
3 3110 3113 3112
3 855 4482 2799
3 1482 4585 2807
3 4415 4630 3285
3 4797 4816 2106
3 1318 1319 1317
3 2251 2709 2294
3 1007 4402 1008
3 2485 2486 2052
3 809 850 849
3 1320 1322 1319
3 457 490 456
3 2811 4609 4503
3 362 1794 360
3 2615 2954 2614
3 1258 4562 4332
3 1444 1446 1445
3 3299 5520 5276
3 1618 3774 1108
3 969 4511 844
3 844 4511 845
3 3403 3624 3316
3 2783 4546 3577
3 1337 4490 1056
3 695 807 694
3 1521 1916 1522
3 1302 1304 1303
3 828 2035 847
3 3458 5602 5439
3 1342 1531 1405
3 1803 1805 1804
3 689 4980 659
3 552 578 551
3 1412 1592 1372
3 1316 1317 1315
3 848 868 795
3 2766 4476 2762
3 684 2232 710
3 589 595 594
3 4418 4749 2196
3 3216 3559 3215
3 1457 4467 1459
3 1864 2143 1863
3 1147 4562 1064
3 1787 4526 1269
3 3556 3557 2556
3 677 1831 371
3 1876 2171 1556
3 2040 2587 2547
3 370 373 372
3 1697 4510 2174
3 968 4502 1047
3 1321 1342 1341
3 4367 4556 1173
3 2873 4646 4196
3 1002 1003 996
3 3241 5553 4872
3 1339 1560 1450
3 3450 3573 3448
3 2183 3012 3011
3 1161 4505 1334
3 1632 4537 1636
3 1416 1712 1711
3 2333 2941 2585
3 1097 2250 1291
3 1602 4601 1879
3 851 886 824
3 77 329 76
3 2496 2910 2495
3 1995 2040 1994
3 3007 3008 2912
3 869 887 868
3 235 2277 234
3 1791 4258 2194
3 935 962 908
3 391 559 388
3 1047 4502 1162
3 1652 4594 1438
3 2914 3754 2910
3 2132 2901 1742
3 1769 5064 3895
3 2707 2974 2322
3 2280 4506 818
3 4012 5679 3062
3 738 1261 843
3 423 425 422
3 1665 1666 1664
3 1043 1253 1071
3 1016 4499 1043
3 2383 4563 217
3 2272 2273 2271
3 1082 1091 1090
3 2845 4505 1163
3 983 1346 1345
3 1407 1970 1238
3 1924 4444 952
3 4124 4684 4133
3 982 1021 981
3 3716 5577 5233
3 2869 4813 1437
3 1833 2318 2317
3 2438 2439 1970
3 2072 2073 1707
3 809 849 805
3 3286 4759 3288
3 4454 4536 863
3 4288 5100 4207
3 481 1814 488
3 1771 4540 4374
3 1232 4508 1294
3 816 820 817
3 1135 5209 5146
3 4163 4682 979
3 1894 2333 2311
3 1575 3666 1581
3 1276 4491 1106
3 1163 4505 1161
3 2810 4617 2095
3 1011 4538 1014
3 935 1038 962
3 2359 2387 2337
3 1361 1362 1290
3 470 487 486
3 1280 4069 1417
3 1477 1546 1479
3 3271 5274 3835
3 2596 4092 2243
3 370 372 368
3 3246 4948 4905
3 590 4493 563
3 3762 4331 3042
3 2980 3663 2981
3 1038 1039 962
3 778 780 779
3 1307 2088 2087
3 1152 1282 1134
3 970 1699 1083
3 1102 1242 1241
3 1546 1740 1547
3 1638 1640 1639
3 2411 4619 2754
3 348 4551 346
3 2746 5092 3721
3 2262 4534 2044
3 1026 1029 1028
3 2381 4560 1956
3 1261 1262 843
3 511 4487 496
3 4354 4629 1054
3 2495 2497 2128
3 1054 4629 964
3 497 518 512
3 3891 4607 3054
3 469 4429 984
3 1854 2070 1995
3 2613 2614 2110
3 1394 1395 1262
3 1556 1566 1395
3 2798 3254 2450
3 668 4582 4312
3 4370 4686 4528
3 2587 4495 3276
3 3378 3380 3379
3 4405 4646 2180
3 2610 3117 3052
3 3154 4991 3994
3 1006 1082 1081
3 2418 4457 2155
3 2725 4674 3074
3 1523 1524 1365
3 837 860 838
3 1800 1801 1703
3 699 801 698
3 4010 4942 3969
3 860 912 861
3 810 883 882
3 982 1022 1021
3 912 944 913
3 871 873 872
3 1060 4517 2504
3 1412 1599 1592
3 1032 2292 914
3 1346 1649 1512
3 875 877 876
3 2539 2925 2870
3 1219 4569 1221
3 2250 3481 2350
3 1349 1514 1513
3 1474 1476 1475
3 1476 4496 1477
3 2475 5237 2779
3 2774 4512 2767
3 1878 2037 1965
3 1136 4526 2846
3 1896 4477 1895
3 4041 4599 2872
3 908 4482 857
3 1649 2020 1776
3 3056 4679 2540
3 1985 4888 2619
3 1277 1430 1276
3 3608 3609 291
3 1630 4537 1632
3 1172 1173 1039
3 1289 1290 1173
3 500 722 499
3 1334 4505 1780
3 623 625 610
3 1001 1257 1148
3 1327 4754 1389
3 448 457 456
3 429 448 447
3 826 4719 821
3 702 4739 1327
3 1082 4624 2041
3 1051 4528 2851
3 847 921 858
3 2091 2128 2089
3 426 429 428
3 2851 4492 1146
3 1978 4619 2411
3 1640 1834 1641
3 1515 4618 1396
3 867 4440 949
3 1230 4508 1232
3 3504 3615 3614
3 809 4557 4480
3 1800 2893 2023
3 1740 2077 1741
3 2088 2089 2087
3 833 999 797
3 2809 4762 4241
3 647 649 648
3 899 4507 935
3 2395 2882 1982
3 423 426 425
3 2162 4457 2600
3 1260 2283 1442
3 3855 4713 1842
3 3573 4564 3448
3 1251 1252 1087
3 2805 2806 424
3 1038 1172 1039
3 908 4498 4482
3 3504 3614 3503
3 1089 3520 36
3 1983 3397 2556
3 1818 2480 2219
3 4380 4778 4375
3 668 698 667
3 978 2593 980
3 1664 1875 1553
3 998 1839 924
3 883 930 924
3 2159 4668 2401
3 1741 4516 1751
3 346 4551 1360
3 1382 1383 1252
3 646 4664 590
3 1311 4492 1472
3 2481 4558 3306
3 2250 2350 1291
3 2062 2063 2061
3 902 957 900
3 1344 2056 1282
3 2565 3414 3229
3 1302 1653 1304
3 2238 4502 968
3 2883 3095 2882
3 878 1812 876
3 2981 4658 2388
3 2709 4525 2710
3 1566 2261 2260
3 1562 4498 962
3 3668 5819 3799
3 1091 1152 1134
3 2375 2647 2374
3 3957 5452 4477
3 2370 4560 3110
3 1029 1107 1106
3 4599 4646 2873
3 1681 2513 1420
3 1172 1289 1173
3 4512 4622 3308
3 4285 4642 3305
3 3341 5501 3342
3 1289 1361 1290
3 2234 2236 2235
3 977 983 976
3 1818 4621 3083
3 2034 2374 2033
3 2321 2798 2450
3 1870 4590 1009
3 1084 1085 1022
3 2841 2842 2592
3 3981 4680 3977
3 176 4489 1766
3 440 4550 4519
3 613 1142 1089
3 2645 3652 3120
3 1649 2321 2020
3 3455 4489 622
3 1863 4385 783
3 2648 3553 2647
3 2308 4472 3422
3 2460 2920 2459
3 3592 4533 2384
3 4262 4819 2518
3 507 1525 505
3 2088 2091 2089
3 1361 1371 1362
3 4036 4787 2865
3 2798 5578 3254
3 3178 5518 5486
3 435 4550 437
3 2894 3098 2023
3 2091 2495 2128
3 421 423 422
3 1854 4416 2070
3 2525 4501 2526
3 607 4625 598
3 3530 4982 3007
3 2517 3057 2516
3 4462 4463 3073
3 1352 4582 649
3 778 781 780
3 1895 4477 2554
3 1541 1542 1383
3 3567 4927 2789
3 2505 4927 2641
3 2095 4617 2043
3 3535 4866 4478
3 1261 1394 1262
3 3132 4609 3133
3 2805 4552 2806
3 1679 1957 1912
3 2830 4580 2828
3 2443 2445 2444
3 1459 4490 1337
3 2774 4622 4512
3 4983 5181 3237
3 2848 4572 714
3 2174 4510 3089
3 3065 4803 241
3 1300 1302 1301
3 1983 2395 1982
3 3219 4727 2442
3 1288 4688 4510
3 1024 4539 938
3 2270 2271 1408
3 2274 2536 2273
3 1943 4462 2484
3 3212 3551 3211
3 3355 3356 3354
3 952 1036 1035
3 2078 2431 2430
3 2423 3064 2943
3 1220 4600 1218
3 835 837 836
3 1064 1258 1063
3 1776 4649 2078
3 894 952 951
3 1693 2935 2573
3 982 1084 1022
3 340 599 338
3 1805 1807 1806
3 2180 4625 607
3 1791 2194 1824
3 543 2926 545
3 2384 4533 1608
3 3105 5415 5369
3 2367 2516 2071
3 1768 2064 1975
3 1854 1994 1853
3 1957 2354 1993
3 2458 4893 4348
3 530 3836 2116
3 3414 5672 5657
3 487 497 496
3 1000 1063 999
3 1991 5010 1639
3 1394 1556 1395
3 1757 4533 2368
3 821 2280 818
3 174 3070 173
3 1832 2033 1692
3 2660 3995 3230
3 649 667 648
3 872 2291 870
3 2154 2868 2418
3 2443 2444 2309
3 1142 1336 1143
3 2221 2665 2663
3 1472 4492 2121
3 4090 5295 2160
3 869 4518 4517
3 3177 3178 3046
3 3298 3300 2563
3 1929 2306 2131
3 1152 1344 1282
3 490 4645 4423
3 2395 2883 2882
3 4409 4739 2808
3 2956 2957 2550
3 2300 4478 2304
3 2502 2990 2604
3 3093 4558 2206
3 2843 3618 2842
3 1574 1575 1573
3 3553 3584 2647
3 649 668 667
3 2130 5000 1802
3 2000 2590 1607
3 3901 5353 2017
3 1409 4573 1537
3 1895 2554 2388
3 4643 4710 4588
3 1999 2399 2000
3 2486 2561 2052
3 3632 4270 2810
3 971 972 918
3 633 4810 631
3 1454 4664 646
3 2843 3620 3618
3 2597 3299 3298
3 2611 4465 2612
3 2754 3893 2952
3 527 897 529
3 983 2462 1346
3 1155 1299 1156
3 831 835 834
3 849 4605 805
3 1849 1850 1542
3 1068 1332 1067
3 2874 4567 2071
3 623 4598 653
3 2258 5223 4252
3 2224 4511 969
3 2984 4691 2533
3 4285 5704 5547
3 3268 3951 2941
3 787 4720 788
3 2695 3177 3046
3 3272 4869 2708
3 2653 3693 3272
3 964 4629 965
3 4528 4686 2851
3 3874 4634 3875
3 878 2459 1812
3 3083 3248 2480
3 373 381 376
3 2467 4787 4659
3 1292 4576 2541
3 1291 4576 1292
3 962 4498 908
3 512 4620 591
3 827 894 893
3 1608 4533 1757
3 2883 3639 3095
3 2078 4649 2431
3 385 4455 1763
3 1342 4699 1531
3 1803 2385 1805
3 1008 4402 1011
3 4645 4769 3735
3 1031 1155 1032
3 4630 4709 1414
3 4924 5758 3388
3 2056 2634 2346
3 1056 4490 2224
3 1853 1925 1558
3 1420 4561 1323
3 975 977 976
3 1260 4623 2283
3 805 4605 806
3 2164 2313 2037
3 2555 4635 3192
3 1351 1397 1350
3 2812 4424 239
3 810 848 795
3 2240 2841 2592
3 1039 4556 1562
3 580 582 576
3 4827 4936 4249
3 4569 4630 1414
3 1236 4524 1349
3 497 512 511
3 2459 2491 1812
3 1004 1048 1003
3 674 1079 654
3 1799 4539 1024
3 2871 4639 4035
3 2846 4687 3367
3 197 1539 35
3 2053 2293 1850
3 1432 1444 1443
3 4374 4540 2848
3 1511 1800 1703
3 3979 4947 4171
3 2240 4601 2841
3 600 4656 389
3 2852 4649 2020
3 574 5191 3710
3 875 876 873
3 1477 4496 1546
3 1338 1339 1085
3 727 5366 145
3 624 4598 623
3 1318 4666 1321
3 1560 3800 3799
3 1176 5848 3906
3 1273 4424 2133
3 2868 3168 3166
3 160 2391 159
3 792 794 793
3 43 2015 215
3 3665 3666 1575
3 1357 4790 1174
3 916 4535 966
3 2163 5490 3904
3 1889 3946 1860
3 2554 2980 2388
3 2942 4962 3269
3 695 1153 808
3 966 4535 1144
3 1842 3171 2343
3 494 567 501
3 2689 3820 3675
3 735 736 734
3 421 422 420
3 930 1027 998
3 2054 2597 2563
3 1461 1923 1922
3 1881 5003 3103
3 1706 2072 1707
3 3194 5645 4044
3 1493 4662 4600
3 1336 1558 1495
3 1560 3799 3797
3 3285 4630 3284
3 952 4444 1036
3 1807 1878 1877
3 877 878 876
3 2868 3166 2418
3 1521 1522 1447
3 1913 4678 3629
3 3551 3552 3211
3 738 4572 1261
3 2070 2071 1995
3 518 604 568
3 4248 4936 4220
3 3031 5698 3787
3 2895 4694 3020
3 4304 5249 3057
3 5140 5149 3192
3 193 1449 192
3 479 4614 477
3 1792 4535 916
3 3964 4670 4153
3 1027 1149 1087
3 518 568 512
3 806 4605 2238
3 695 808 807
3 1849 2054 2053
3 4736 4798 3137
3 1446 1447 1445
3 2808 4739 682
3 4514 4515 3486
3 4387 4686 2519
3 668 699 698
3 1014 4538 1744
3 1984 3972 3971
3 1298 1315 1297
3 1382 1543 1541
3 1064 4562 1258
3 2575 2576 1947
3 2102 2569 2394
3 1993 4751 2158
3 2321 2450 2020
3 2204 2481 2074
3 1895 2388 1666
3 938 4539 940
3 2206 4558 2204
3 424 4575 399
3 2486 2562 2561
3 1698 1742 1515
3 3553 3717 3584
3 3655 5030 3093
3 776 4648 778
3 3248 3271 2480
3 845 871 870
3 910 4960 1351
3 2990 3321 3320
3 2097 2181 1900
3 883 924 882
3 1258 1401 1063
3 1598 4969 2369
3 1917 1918 1522
3 2244 4190 3236
3 4561 4562 1147
3 1299 1300 1156
3 1682 1927 1548
3 5185 5431 3035
3 4675 5029 4416
3 4599 4625 2180
3 2289 2511 2307
3 4270 4617 2810
3 1546 4496 1788
3 766 4584 4481
3 1538 1929 1928
3 2077 4516 1741
3 591 4620 4260
3 2374 2376 2033
3 2562 3210 2561
3 3572 4622 2774
3 808 867 866
3 4022 4783 658
3 2435 2945 2944
3 1984 3971 520
3 1995 4567 2040
3 3360 4750 3357
3 2465 4420 4419
3 1035 4737 951
3 2572 2949 2038
3 2040 4567 2588
3 867 949 948
3 2895 3018 2894
3 2539 2870 2537
3 2905 4885 4745
3 1791 1824 1599
3 1005 4997 936
3 949 1058 1057
3 1107 1277 1276
3 1538 4382 1929
3 3576 5583 859
3 2841 2843 2842
3 3155 4991 3154
3 3032 4321 2449
3 824 4584 766
3 1155 1156 1032
3 4074 4785 4072
3 4002 4908 4008
3 1447 2112 1445
3 710 4557 721
3 1916 1917 1522
3 3110 4560 3113
3 3091 4833 3521
3 2695 3046 2590
3 2613 2615 2614
3 2000 2695 2590
3 2827 3765 191
3 2211 4258 1791
3 2204 4558 2481
3 2180 4646 4599
3 989 1818 1007
3 3460 3461 2820
3 4247 5450 4542
3 2555 4689 4635
3 975 976 974
3 1692 2251 1687
3 4383 4530 2855
3 4092 5441 3841
3 3319 3581 2586
3 396 4575 1782
3 1773 4429 486
3 2945 3378 3377
3 4072 4785 2804
3 2887 4466 3028
3 2275 2907 1824
3 1423 1538 1499
3 1430 4559 1604
3 2562 3211 3210
3 3284 4630 4569
3 1833 2317 1397
3 2517 3440 3058
3 457 4645 490
3 1254 1416 1356
3 1258 1402 1401
3 1173 4556 1039
3 794 810 795
3 3781 5463 1158
3 3408 5725 3746
3 3279 4525 2709
3 4669 5109 4391
3 792 1990 794
3 3390 3391 2445
3 1361 4541 1371
3 722 1031 914
3 3108 4648 776
3 2897 3279 2709
3 1333 1886 1486
3 1768 1975 1496
3 2014 2248 2013
3 1686 4771 2692
3 1277 1432 1431
3 1060 2504 1068
3 326 956 94
3 3716 3790 2651
3 3304 5437 3846
3 2962 3429 3073
3 1443 1989 1431
3 1751 4516 2154
3 936 4950 763
3 3355 3357 3356
3 2333 2585 2311
3 519 3714 229
3 2498 4754 4409
3 2621 4477 1896
3 2710 4525 3189
3 1402 1687 1401
3 781 4648 1827
3 2071 4567 1995
3 886 4584 824
3 2797 4986 3317
3 1250 1298 1297
3 914 4738 499
3 2251 2897 2709
3 2880 4624 937
3 1847 1848 1355
3 2422 3215 2613
3 4403 4777 4551
3 1405 4547 1511
3 595 602 601
3 2247 5868 5398
3 528 4812 526
3 3131 4662 3686
3 381 387 382
3 1800 2023 1801
3 1402 1692 1687
3 3361 3492 3489
3 2108 2422 2110
3 1638 1961 1640
3 830 1982 831
3 3460 5845 3461
3 2755 4788 2756
3 973 975 974
3 604 618 605
3 3147 3494 3493
3 2112 4999 4530
3 3042 4590 1870
3 835 4657 890
3 200 3912 3318
3 1744 4499 1016
3 3973 4859 3266
3 2608 3363 2905
3 534 535 533
3 1175 4726 13
3 13 4726 2566
3 4587 4589 4586
3 540 4231 538
3 3123 4734 2856
3 2585 2586 2311
3 928 4641 926
3 2917 4674 2725
3 1251 1382 1252
3 2350 4576 1291
3 3504 5025 3615
3 4485 5720 1991
3 419 421 420
3 1925 4962 4722
3 2072 2720 2073
3 514 2278 516
3 1559 1854 1853
3 381 1836 387
3 1531 4547 1405
3 873 4543 872
3 1783 5135 3627
3 5192 5708 3426
3 1031 1032 914
3 4497 4720 787
3 2502 2604 2064
3 2754 4619 3893
3 2901 4742 4618
3 1388 4813 1390
3 2367 2517 2516
3 2665 3388 3256
3 2908 5370 3679
3 4902 5875 4606
3 4139 4684 4124
3 1452 4899 1622
3 2893 2894 2023
3 934 963 887
3 2070 2367 2071
3 2723 3923 3024
3 2921 3218 2442
3 4447 4669 4391
3 1919 1920 1918
3 618 657 619
3 1362 4545 1461
3 547 550 549
3 2137 4697 1386
3 657 687 658
3 2401 4668 2755
3 1301 4627 1156
3 5064 5168 3895
3 3397 3556 2556
3 3019 3522 3018
3 496 4487 1773
3 1254 4821 3905
3 413 419 418
3 536 723 535
3 499 4738 492
3 4314 4683 2915
3 2491 3170 3114
3 1929 2131 1928
3 358 4577 1099
3 1555 4754 2498
3 946 4621 944
3 687 830 688
3 3856 5508 3508
3 2193 2577 2192
3 2260 4604 2565
3 1382 1541 1383
3 3774 5764 2245
3 647 648 646
3 3916 5575 1543
3 3066 4575 424
3 555 560 554
3 1917 1919 1918
3 4600 4662 3131
3 2267 4689 2555
3 1999 2000 1607
3 5036 5076 1831
3 3729 5513 2569
3 2615 5199 2954
3 1635 5010 1637
3 1834 2188 2016
3 1541 1849 1542
3 980 982 981
3 885 4827 772
3 463 911 461
3 949 4440 1244
3 596 2266 569
3 2513 4561 1420
3 2205 2207 2206
3 2829 3974 2831
3 845 870 800
3 882 4626 4518
3 2441 2442 1987
3 2273 2881 2271
3 687 688 658
3 1617 1618 1108
3 1730 2429 2234
3 930 998 924
3 1983 2556 2395
3 4212 5032 3006
3 1408 1409 1245
3 1444 1445 1443
3 1257 1433 1275
3 830 831 688
3 5003 5491 2864
3 657 658 619
3 1254 1356 1211
3 814 816 815
3 481 4614 1814
3 1495 1530 1143
3 894 951 893
3 1594 2506 1858
3 618 619 605
3 2547 4578 1994
3 477 4614 481
3 559 4455 388
3 926 1159 920
3 808 866 807
3 952 1035 951
3 360 4577 358
3 2597 3298 2563
3 4343 4851 1780
3 1036 1138 1035
3 1650 4718 24
3 604 605 568
3 2470 4612 2653
3 1849 2053 1850
3 613 2242 1142
3 2882 4657 1982
3 3750 4277 2109
3 4520 4620 568
3 1027 1087 998
3 2228 3527 1735
3 2498 4753 2025
3 1149 1251 1087
3 3098 4637 2023
3 649 4582 668
3 1249 1441 1103
3 937 4624 1006
3 562 643 590
3 3809 5144 3022
3 3023 5144 4055
3 1006 4624 1082
3 1336 1559 1558
3 2108 2110 1843
3 1336 1495 1143
3 1827 4660 1864
3 2165 2412 1726
3 1259 4894 4523
3 2637 4714 2344
3 1210 4821 1254
3 218 4951 2383
3 4438 4762 2809
3 3885 4817 1265
3 1605 5014 2927
3 2054 2563 2053
3 95 4593 326
3 1800 4547 2893
3 734 1169 732
3 2540 4679 2539
3 3325 3428 2836
3 1451 4659 701
3 2585 3319 2586
3 2422 2613 2110
3 1894 2310 1893
3 822 827 826
3 598 4487 511
3 4042 4912 3275
3 1408 4573 1409
3 3846 5098 2970
3 1001 1148 960
3 2897 3459 3279
3 5374 5413 3362
3 4402 4538 1011
3 1735 4818 1618
3 1953 3007 2912
3 3248 3457 3271
3 3689 4679 3056
3 1242 1368 1241
3 827 893 826
3 2354 2355 1993
3 1994 4578 1853
3 387 395 390
3 973 4643 975
3 1142 1143 1089
3 3058 3389 3057
3 701 4659 509
3 522 3971 1041
3 4221 5041 2960
3 3167 4644 4457
3 3197 5115 3198
3 4258 4782 2733
3 1277 1431 1430
3 1483 4591 1344
3 1600 1893 1530
3 2249 2747 2248
3 1250 5078 1467
3 1344 4591 2056
3 2990 3320 2604
3 2383 5401 4563
3 4778 4797 4375
3 4347 4880 4410
3 2077 4786 4516
3 721 4557 809
3 871 872 870
3 324 1731 323
3 982 4586 1084
3 1057 2357 2147
3 2020 4649 1776
3 1304 4608 1307
3 1032 4627 2292
3 3295 4709 4415
3 2394 2723 2487
3 3992 5668 153
3 2883 4698 3708
3 4384 5050 4559
3 1433 1717 1540
3 1622 2930 2166
3 419 420 418
3 4459 4736 4275
3 1033 4075 1066
3 189 3263 188
3 1553 4613 1483
3 3562 5018 2650
3 2874 4768 4567
3 1458 4731 118
3 4510 4688 3089
3 2572 3043 2949
3 1693 2573 2075
3 2072 2933 2720
3 4434 4764 4033
3 2818 4725 4507
3 2711 4054 2749
3 980 981 979
3 371 4654 370
3 2430 4631 2689
3 2577 3416 3415
3 3633 5323 2356
3 2490 4736 4459
3 1861 5381 3496
3 4567 4768 2588
3 1592 1607 1372
3 1894 2311 2310
3 1839 4626 924
3 2907 4728 1824
3 815 4506 718
3 2232 4557 710
3 3984 4716 3988
3 3803 4707 3804
3 2836 4040 2834
3 3150 5534 5259
3 1066 1386 963
3 596 4875 2266
3 4546 4715 3577
3 2304 4478 2972
3 2178 2179 1921
3 876 4543 873
3 2298 4478 2300
3 1584 1586 1585
3 4379 4756 2775
3 1432 1443 1431
3 2096 2645 2578
3 2829 2831 2830
3 1810 4721 2785
3 2194 2732 2275
3 1853 4578 1925
3 1875 4613 1553
3 1059 1260 1151
3 1371 4545 1362
3 3171 5031 4984
3 1671 1673 1672
3 3008 3417 3200
3 4331 4590 3042
3 1414 4709 4435
3 2554 4638 2980
3 112 5152 1213
3 691 1838 693
3 3812 5550 5350
3 3089 4688 4353
3 2619 2750 2440
3 1919 2178 1921
3 1592 1999 1607
3 2056 4591 2634
3 567 4653 3156
3 4775 5480 3439
3 2261 4604 2260
3 3910 4802 1340
3 4842 5796 3747
3 2194 2275 1824
3 3314 3689 3056
3 2210 2559 2558
3 973 974 972
3 3148 4890 4787
3 1908 4687 1787
3 1307 4608 2088
3 1043 4499 1253
3 4666 4699 1321
3 4391 5128 2428
3 4322 4755 2845
3 1400 1548 1368
3 1653 4608 1304
3 4003 4908 4001
3 2600 4644 3495
3 2483 4718 1650
3 2565 4604 3414
3 1801 4637 1803
3 2205 2206 2204
3 1600 1894 1893
3 3577 4715 4160
3 4584 4795 4481
3 2154 4516 2868
3 1514 1728 1727
3 880 4838 877
3 3275 4776 2929
3 1559 4675 4416
3 1831 4654 371
3 2906 2924 2923
3 810 882 848
3 867 948 866
3 1814 4653 488
3 2080 2252 1927
3 2497 4724 3823
3 395 412 398
3 3413 3700 3411
3 509 4659 4036
3 2608 2905 1411
3 778 4648 781
3 459 4645 457
3 1957 1993 1912
3 185 4850 184
3 3747 5796 2093
3 2271 4573 1408
3 1495 1600 1530
3 3235 5039 2209
3 484 491 467
3 1937 3753 480
3 3440 3441 3058
3 3848 5419 1348
3 220 4704 219
3 3068 5076 2979
3 1847 2102 1848
3 488 4653 494
3 413 418 412
3 1811 4652 1107
3 2558 2687 2557
3 4030 4848 1851
3 2257 2629 2256
3 3148 4787 2467
3 2104 4893 2458
3 1423 4382 1538
3 4659 4787 4036
3 4722 4962 4378
3 1538 1706 1499
3 774 4827 3108
3 620 2955 665
3 2413 2643 2412
3 568 4620 512
3 4068 4934 4579
3 1588 1873 1606
3 2344 4636 1917
3 5228 5565 1253
3 4587 4804 4589
3 3536 3537 2630
3 1548 1565 1368
3 2901 4618 1742
3 4460 4933 4297
3 2519 4686 4370
3 1837 2193 2192
3 2980 3664 3663
3 2732 2876 2275
3 874 5363 3829
3 643 647 646
3 1321 4699 1342
3 2304 2972 2434
3 3969 4942 3968
3 1511 4547 1800
3 4275 4736 4373
3 275 3097 63
3 3358 3359 3357
3 3662 4876 4756
3 1487 5033 1332
3 1550 1551 1356
3 1982 4657 831
3 3234 4837 2127
3 1681 4633 2513
3 2102 2394 2103
3 2746 3443 2483
3 656 5454 167
3 2052 4633 1681
3 3630 3755 2977
3 3682 4841 4025
3 4247 5528 5450
3 3362 5413 2787
3 1308 4821 1210
3 1577 3665 1574
3 2431 4631 2430
3 682 4739 702
3 1252 4681 1087
3 3527 4818 1735
3 949 1057 948
3 3223 3225 2699
3 2909 4725 4534
3 1794 4577 360
3 604 1852 618
3 2976 2977 2371
3 1523 1729 1524
3 970 971 918
3 4507 4725 4436
3 3094 4606 2732
3 1372 4690 820
3 1036 1139 1138
3 3968 4942 1777
3 1664 4658 1875
3 817 818 815
3 1728 1967 1966
3 831 4657 835
3 5469 5714 3531
3 1095 1096 1019
3 2207 2443 2309
3 1712 2115 1981
3 3750 4595 4277
3 4505 4755 1780
3 1812 4543 876
3 4241 4762 3649
3 2675 2676 1974
3 1156 4627 1032
3 4235 5731 4193
3 808 4615 867
3 3735 4752 3734
3 4332 4915 4212
3 1333 1485 1332
3 561 571 560
3 944 4621 989
3 3062 5595 4012
3 4534 4725 2818
3 4292 5798 1887
3 1442 1847 1355
3 4265 4671 508
3 1049 1110 1048
3 1589 5872 3695
3 1084 1338 1085
3 2023 4637 1801
3 2845 4755 4505
3 1737 2074 1644
3 2614 4672 2110
3 1295 5660 1931
3 956 1885 1104
3 1022 4799 1021
3 1346 4640 1649
3 3787 5462 3031
3 2561 4633 2052
3 552 579 578
3 929 4771 1686
3 971 973 972
3 103 4763 4261
3 583 584 582
3 3288 4759 3296
3 3252 5523 3253
3 4861 5787 5482
3 4661 4983 3237
3 989 4621 1818
3 1033 1066 963
3 1742 4618 1515
3 2935 2963 2573
3 4589 4804 2666
3 2082 2794 2084
3 4471 5297 3072
3 2698 2950 2699
3 998 4681 1839
3 865 5206 222
3 1295 1425 1296
3 2539 4679 2925
3 1339 4616 1560
3 68 5244 3514
3 2131 2509 1928
3 1898 3004 1816
3 3351 3353 3352
3 2935 2964 2963
3 2962 3073 2313
3 186 2659 29
3 643 4712 4164
3 3085 3426 3425
3 3191 4822 4672
3 4328 4749 4418
3 1068 1333 1332
3 1766 4801 175
3 4980 5843 659
3 241 4803 52
3 2025 4753 2406
3 788 4720 792
3 2961 5041 3895
3 2951 4772 3075
3 1483 4613 4591
3 1467 5078 4055
3 3522 5679 4012
3 1424 1597 1343
3 2102 2103 1848
3 3806 5343 3079
3 4457 4644 2600
3 1486 1679 1678
3 1679 1912 1911
3 2395 4698 2883
3 1559 1853 1558
3 1486 1678 1485
3 1679 1911 1678
3 1557 1737 1644
3 2720 3130 2073
3 3130 4566 2073
3 2517 3058 3057
3 1461 4545 1923
3 2653 4612 3693
3 761 4950 4513
3 1018 1019 1017
3 1425 1910 1815
3 4230 4887 720
3 2689 4631 3820
3 642 4692 660
3 2692 4771 3960
3 1803 4637 2385
3 2033 4632 1692
3 1333 1486 1485
3 3203 5352 3806
3 3000 3524 3523
3 1257 1275 1148
3 1538 1928 1706
3 2881 4573 2271
3 975 978 977
3 992 4623 1059
3 1423 1499 1422
3 977 4682 983
3 1692 4632 2251
3 1540 1596 1275
3 2310 4628 2624
3 1244 1408 1245
3 978 4643 2593
3 579 2379 662
3 1097 4799 2250
3 565 1309 521
3 2660 3230 2576
3 3391 3396 3393
3 1666 4658 1664
3 44 4951 218
3 2968 4258 2211
3 2131 2510 2509
3 1649 4640 2321
3 2820 4665 2354
3 1030 4741 958
3 2692 3960 2838
3 2214 4777 4403
3 2357 3031 2560
3 395 413 412
3 508 4671 514
3 1089 4865 3520
3 1409 1423 1422
3 1586 1588 1587
3 3822 4846 2753
3 2702 5469 79
3 3584 4676 2647
3 1787 4687 4526
3 1389 4754 1555
3 1431 4559 1430
3 1319 1887 1317
3 494 4653 567
3 3665 5806 3666
3 4526 4687 2846
3 3346 5749 3185
3 4516 4786 2868
3 2723 3024 2487
3 175 4801 174
3 1919 4636 2178
3 3300 4700 2563
3 1647 1648 1440
3 924 4626 882
3 1272 4892 376
3 1260 1355 1151
3 878 4838 2460
3 1780 4851 1489
3 1286 1287 1096
3 1871 2286 1872
3 2927 4976 4798
3 3557 4698 2556
3 1439 1440 1287
3 5470 5492 3168
3 2011 2393 1642
3 2644 3540 2643
3 1537 4382 1423
3 3402 5479 3158
3 4152 5043 4788
3 1315 1904 1297
3 2588 4768 3002
3 1433 1540 1275
3 4604 5672 3414
3 2804 4785 4372
3 2952 4800 3186
3 2903 4742 2901
3 1984 3973 3972
3 2458 4764 4434
3 1703 5000 1702
3 893 895 826
3 2354 4665 2355
3 2251 4632 2897
3 370 4654 373
3 4576 4733 2541
3 1600 4722 4378
3 2916 3099 2690
3 3916 4938 3915
3 489 4824 482
3 1416 1711 1550
3 317 5174 316
3 4745 4885 1821
3 3210 5219 5148
3 978 979 977
3 921 991 941
3 1843 4672 1434
3 2462 4640 1346
3 2439 3596 2715
3 4944 5020 3163
3 1717 1722 1540
3 1244 1245 1058
3 373 4655 381
3 2914 4877 3754
3 1730 4770 2429
3 867 4615 4440
3 3844 5365 1992
3 2647 4676 2374
3 2793 4913 4475
3 723 1643 1642
3 1523 1821 1729
3 1437 4813 1388
3 3050 4955 4394
3 2087 4961 2086
3 2376 4632 2033
3 810 4743 883
3 381 4655 1836
3 4890 4909 2018
3 3678 4840 2197
3 1260 1442 1355
3 2292 4738 914
3 585 586 584
3 1550 1693 1551
3 3200 4784 3199
3 2849 4933 4460
3 2848 4819 4572
3 2388 4658 1666
3 1349 4524 1514
3 983 4682 2462
3 2372 3078 2976
3 1199 1295 1200
3 296 5892 4082
3 3433 5415 3105
3 4626 5400 5217
3 3295 4778 4709
3 2394 2487 2103
3 830 4774 1983
3 52 4803 240
3 4437 5583 5141
3 2344 4714 4636
3 1599 4728 1592
3 1679 4723 1957
3 1277 4652 1432
3 2012 2372 2371
3 1693 2075 1551
3 2435 4746 2945
3 1824 4728 1599
3 2973 4746 2434
3 219 4951 44
3 2586 4628 2311
3 1416 1550 1356
3 1643 2012 2011
3 1981 2362 1711
3 619 4783 1527
3 722 914 499
3 2075 2338 1551
3 1139 1265 1138
3 2205 4758 2207
3 643 646 590
3 2053 4700 2293
3 3733 4240 3732
3 660 4692 691
3 2990 5662 3321
3 3658 3659 2489
3 1153 4615 808
3 3154 3993 3153
3 4816 4893 2106
3 487 4610 497
3 2466 3772 2962
3 1993 2158 1912
3 4435 4778 4380
3 1598 2369 1597
3 2257 3324 2630
3 3893 4800 2952
3 2374 4676 2376
3 693 4794 695
3 1338 1508 1339
3 2311 4628 2310
3 4709 4778 4435
3 2466 2962 2313
3 3182 3585 2738
3 1138 1140 1035
3 926 4641 1159
3 657 832 687
3 770 5011 885
3 518 4611 604
3 644 4810 633
3 82 5254 301
3 2983 2984 2533
3 1266 1365 1265
3 550 1774 552
3 1849 4706 2054
3 1789 1882 1535
3 497 4610 518
3 3358 3477 3359
3 4079 5238 4080
3 4787 4890 2865
3 2504 5217 3928
3 2179 4843 1921
3 2110 4672 1843
3 1107 4652 1277
3 814 815 718
3 720 4887 709
3 4498 5427 5253
3 792 4720 1990
3 3428 4040 2836
3 2917 4870 4674
3 1143 4865 1089
3 32 5154 3041
3 1654 4790 1357
3 3293 4797 3295
3 1989 4559 1431
3 1729 4770 1730
3 1084 4589 1338
3 732 4711 730
3 4654 4655 373
3 1142 4675 1336
3 3446 5426 4222
3 4105 5161 4104
3 1299 4822 1300
3 3232 4839 4690
3 3103 4809 4056
3 2945 3653 3378
3 1062 4667 541
3 3613 5767 4691
3 587 588 586
3 1543 4706 1541
3 3725 5678 3730
3 3705 5802 2770
3 2441 3579 2921
3 658 4783 619
3 1320 4983 1322
3 978 980 979
3 2945 4746 3653
3 230 4859 45
3 516 4712 562
3 4159 4943 2353
3 2655 2906 2253
3 2674 3458 2673
3 2092 5147 3901
3 2112 4708 1445
3 911 4769 461
3 3616 4921 2969
3 1592 4728 1999
3 4240 5085 2286
3 174 4801 3070
3 2552 2553 2076
3 1797 1798 1796
3 2167 2584 2532
3 1918 4696 1522
3 4175 4917 1950
3 1139 1266 1265
3 2698 2699 2179
3 979 4682 977
3 514 4671 2278
3 917 918 736
3 4358 5081 1448
3 1873 2581 2579
3 1712 1981 1711
3 221 5206 1826
3 1447 4696 2112
3 2949 4770 2038
3 2921 3364 3218
3 2433 4940 4274
3 2441 2921 2442
3 2910 4864 2495
3 3150 5259 5045
3 3240 3241 3031
3 1842 2343 1840
3 3461 4665 2820
3 327 2741 95
3 2831 2833 2832
3 337 5038 339
3 1925 4722 1558
3 3003 4812 531
3 4632 4853 2897
3 735 917 736
3 2620 3160 3077
3 4348 5001 4347
3 2756 4788 2759
3 3981 5088 4680
3 1087 4681 998
3 1102 1241 1101
3 3171 3172 2343
3 1917 4636 1919
3 3416 5063 3415
3 3112 4878 3228
3 4702 4703 4641
3 1021 4799 1097
3 2252 2253 1927
3 2957 3090 2550
3 4481 4795 2880
3 2341 5115 4689
3 2890 2891 986
3 1059 1151 1100
3 3674 4973 3540
3 4132 5074 4123
3 1443 4708 1989
3 3337 3338 2553
3 2910 4964 4864
3 2016 4735 2082
3 1906 5404 4406
3 1560 4616 3800
3 3269 5344 3268
3 772 4827 774
3 1266 1366 1365
3 2999 3526 2997
3 541 4667 543
3 2902 3035 2903
3 2556 4698 2395
3 4818 5416 1618
3 3819 5282 599
3 2390 2738 1948
3 2366 2476 1481
3 2862 2863 2476
3 820 4839 817
3 2357 3240 3031
3 681 814 718
3 1990 4743 794
3 5236 5742 3106
3 1522 4696 1447
3 4586 4589 1084
3 992 1059 993
3 2672 2673 2146
3 4816 5001 4893
3 4076 5276 4077
3 1961 5658 3598
3 971 4710 973
3 3293 4816 4797
3 4489 4869 1766
3 3970 5211 4053
3 589 594 588
3 621 2396 603
3 5235 5673 3564
3 1407 2438 1970
3 2481 3084 2482
3 1411 4745 1366
3 138 5817 5458
3 3687 3688 3261
3 2349 4856 1080
3 2875 4757 4366
3 703 813 811
3 818 4506 815
3 3427 3439 3425
3 4530 4708 2112
3 240 4803 2812
3 4300 5090 4301
3 3172 3173 2343
3 4948 5131 4400
3 4039 5493 3527
3 2994 2996 2995
3 1771 4944 4540
3 4826 5782 3418
3 1728 1985 1967
3 3426 3427 3425
3 1796 2142 1700
3 2976 3630 2977
3 1648 1951 1695
3 2434 4746 2435
3 280 3781 1158
3 2989 3205 2676
3 2185 4860 2956
3 45 4859 1984
3 1985 2440 1987
3 2376 4853 4632
3 2996 2997 2995
3 4485 5134 2920
3 2182 2183 2181
3 2563 4700 2053
3 3688 4867 3261
3 1534 1535 1110
3 2655 3480 2906
3 960 4702 928
3 2510 3273 2509
3 570 5082 2356
3 3266 5405 232
3 4798 4976 3137
3 4724 4864 4279
3 2732 4606 2876
3 3236 5101 2595
3 3177 5518 3178
3 1399 2896 1591
3 1739 2257 2256
3 3678 5506 2658
3 3301 3312 1212
3 3357 4750 3356
3 2559 3997 2858
3 1886 4723 1486
3 1558 4722 1495
3 2530 4976 3179
3 4491 4798 2490
3 4453 4757 2463
3 306 4871 305
3 4506 4823 718
3 4572 4819 4262
3 2963 3194 2573
3 4134 5208 4289
3 4226 5388 4433
3 1921 1963 1920
3 695 4794 1153
3 1409 1422 1245
3 1541 4706 1849
3 2868 4786 3168
3 543 4667 2926
3 1919 1921 1920
3 1140 4737 1035
3 2980 4638 3664
3 2443 3390 2445
3 2257 2630 2629
3 3087 4831 2493
3 1442 2208 1847
3 2245 5764 5684
3 1445 4708 1443
3 5298 5748 3417
3 1059 1100 993
3 610 4875 596
3 3995 5681 3335
3 3012 5594 5007
3 3434 5263 3344
3 3315 3403 3316
3 1508 4616 1339
3 4583 5061 2822
3 2487 2499 2103
3 459 4769 4645
3 3524 3539 3523
3 2181 4760 1900
3 928 4702 4641
3 2188 4735 2016
3 4198 5139 3187
3 822 826 821
3 2590 4690 1607
3 4366 4757 4453
3 3048 5293 3505
3 3294 4816 3293
3 1972 1973 1708
3 4737 4779 951
3 1985 1987 1967
3 3355 3358 3357
3 956 1103 94
3 2318 4911 2317
3 2620 3029 2362
3 2064 4932 1975
3 1706 4705 2072
3 2490 4798 4736
3 329 932 931
3 4158 4876 3662
3 2278 4712 516
3 2372 2976 2371
3 503 5262 495
3 2423 4765 3064
3 562 4712 643
3 1782 4923 393
3 3004 4995 1816
3 4068 5036 4934
3 4991 5091 3502
3 2012 2371 2011
3 3278 5632 3856
3 2152 5805 5114
3 1237 1611 1406
3 255 5298 2421
3 725 5064 1769
3 1059 4623 1260
3 2497 4864 4724
3 687 4774 830
3 3295 4797 4778
3 4900 5630 2930
3 817 819 818
3 1643 2011 1642
3 368 4929 366
3 3324 3536 2630
3 3586 4987 4969
3 2440 2441 1987
3 190 5104 31
3 3126 3478 3127
3 2190 5358 4537
3 991 1101 1053
3 1772 5505 5210
3 3583 5063 2985
3 1882 4583 2027
3 4834 5377 3331
3 1821 2352 2038
3 931 992 933
3 2252 2655 2253
3 2185 2550 2186
3 391 4923 559
3 326 4593 956
3 4581 5337 3118
3 3788 5055 3092
3 2352 3009 2572
3 3861 3883 2156
3 2896 3387 1591
3 1607 4690 1372
3 1962 5718 4344
3 1769 5011 768
3 1834 4832 2188
3 5497 5572 2203
3 3316 5077 2501
3 3759 4906 3758
3 2956 5212 4928
3 2385 4922 1805
3 1880 3884 524
3 1595 1915 1813
3 4502 4948 4400
3 4377 5070 1224
3 2032 2145 2031
3 2909 4894 4725
3 1961 4832 1640
3 4605 4905 2238
3 992 993 933
3 1493 5070 4368
3 664 5119 4305
3 2145 4693 3047
3 1058 4747 1057
3 1148 4702 960
3 691 4692 1838
3 3774 5416 3995
3 2907 4891 4728
3 233 5260 3239
3 5116 5534 3138
3 3620 5124 5008
3 2030 2031 2028
3 4759 5299 3296
3 2438 4815 2439
3 2826 3153 2331
3 595 601 594
3 4018 5846 4180
3 1120 1123 1122
3 1950 4917 4601
3 382 5028 1272
3 4476 4884 3571
3 1373 5179 1725
3 3286 5279 4759
3 4467 5229 1459
3 1333 4792 1886
3 1328 3128 2801
3 794 4743 810
3 333 1234 335
3 1486 4723 1679
3 3443 4718 2483
3 1921 4843 1963
3 1647 4651 4650
3 3952 4855 2150
3 533 3003 531
3 812 1017 704
3 329 612 76
3 1222 5070 1493
3 1169 4711 732
3 4083 5037 564
3 1915 4872 2167
3 2603 3165 2115
3 796 4874 825
3 1838 4794 693
3 1366 1523 1365
3 1821 2038 1729
3 723 1642 535
3 3507 5147 2888
3 3085 3424 2482
3 3861 5306 3883
3 4043 4912 4042
3 1158 5849 5278
3 1836 4780 387
3 1018 1095 1019
3 554 3815 548
3 3766 5815 3336
3 2975 4877 2914
3 305 4871 449
3 2926 4781 545
3 911 5773 4173
3 1495 4722 1600
3 3400 5482 3398
3 2645 3120 2578
3 2936 4990 2938
3 4979 5198 4597
3 3842 5057 4757
3 461 4769 459
3 2049 5274 2703
3 1439 1647 1440
3 1647 4650 1648
3 2905 4745 1411
3 2479 5137 1986
3 4725 4894 4436
3 1835 5353 4024
3 991 1102 1101
3 4822 5019 1300
3 579 661 578
3 4795 4873 2880
3 152 5668 1358
3 999 4934 797
3 4330 5258 886
3 1208 4396 1207
3 4624 4873 2041
3 1067 5033 4075
3 2387 4985 2337
3 3427 4775 3439
3 3951 4975 2941
3 142 2610 16
3 3117 5545 3052
3 2409 3184 2694
3 2167 4872 2584
3 1945 4647 3531
3 1095 1286 1096
3 1286 1439 1287
3 2406 5088 2407
3 975 4643 978
3 5229 5304 1459
3 1434 4822 1299
3 333 4956 1234
3 1934 2409 2263
3 3055 4886 3313
3 1467 5108 1298
3 3564 5673 3565
3 2919 4870 2917
3 1613 1934 1932
3 951 4779 893
3 2241 4850 185
3 2060 2062 2061
3 1640 4832 1834
3 2478 5132 1105
3 1113 2817 1111
3 817 4839 819
3 4540 4819 2848
3 1611 1613 1612
3 1404 5181 1341
3 4609 4881 3133
3 3856 5632 1079
3 1932 1933 1612
3 123 5526 1952
3 578 4773 551
3 3760 4902 3030
3 2236 5539 3412
3 819 822 821
3 1981 2620 2362
3 4229 4905 4605
3 4579 4934 999
3 3134 4910 4881
3 2097 2182 2181
3 4280 5251 2622
3 4279 4964 1733
3 4564 4940 2433
3 4323 5179 1278
3 970 1083 971
3 579 662 661
3 1928 4705 1706
3 3323 4920 1141
3 4847 5306 3861
3 1149 4938 1251
3 1948 4969 1598
3 547 4781 550
3 4610 4611 518
3 2833 2836 2834
3 1336 4675 1559
3 4686 4862 2851
3 917 970 918
3 5726 5847 4718
3 2258 5346 5223
3 3289 5075 3291
3 2940 5316 3668
3 877 4838 878
3 2072 4705 2933
3 1489 4851 1950
3 4689 5115 3197
3 3654 4782 2968
3 4126 5208 4295
3 3504 5073 5025
3 1693 4806 2935
3 3059 3060 2397
3 3378 4767 3380
3 1234 4956 3908
3 4690 4839 820
3 2210 2558 2557
3 4786 5470 3168
3 1721 1974 1502
3 2096 2097 1900
3 2495 4864 2497
3 1312 1393 1246
3 2504 4792 1068
3 895 4719 826
3 149 4849 148
3 2726 5017 4484
3 3147 3493 3146
3 1237 1238 1093
3 681 718 717
3 2925 4855 2870
3 376 4892 372
3 997 5360 4388
3 2082 4735 2794
3 2847 5229 3243
3 2366 3322 2862
3 3981 5166 5088
3 4542 5393 2400
3 4252 4748 1422
3 4181 5269 4182
3 3350 3355 3354
3 1211 4396 1208
3 2904 5193 2902
3 2880 4873 4624
3 2694 3408 2263
3 4410 4880 679
3 2481 2482 2074
3 662 681 680
3 1104 1250 1249
3 3541 5284 3625
3 2608 5189 3363
3 395 4780 413
3 4728 4891 1999
3 823 3350 3349
3 884 5325 4064
3 4683 5121 2915
3 4341 4992 1814
3 2634 4974 2346
3 1092 1093 995
3 2378 2397 2141
3 3326 5487 3327
3 4344 5812 1381
3 1184 3682 1180
3 268 5412 3368
3 709 4887 2217
3 5363 5424 3829
3 905 5064 716
3 2242 4675 1142
3 3826 4905 4229
3 2256 4847 2363
3 604 4611 1852
3 4492 4862 2121
3 3455 4869 4489
3 1196 1199 1198
3 1188 1202 1186
3 2863 3499 3498
3 3225 4843 2699
3 2950 3224 3223
3 625 4875 610
3 1250 1297 1249
3 2841 4917 2843
3 1406 1407 1238
3 1351 4960 1399
3 4894 4985 4523
3 2759 5043 4426
3 973 4710 4643
3 618 4744 657
3 2186 2322 2184
3 677 5036 1831
3 1356 4796 1211
3 2851 4862 4492
3 1947 4583 1882
3 2983 4023 2984
3 994 995 922
3 4026 5633 1325
3 2106 4893 2104
3 1516 4898 608
3 4713 4815 3017
3 328 4730 327
3 2489 4911 2318
3 3998 5386 2940
3 3682 4949 4841
3 3350 3354 3349
3 2360 3888 544
3 161 5093 21
3 2362 4806 1711
3 931 933 612
3 3353 5234 4504
3 3113 4878 3112
3 2950 3223 2699
3 4001 4908 4002
3 2629 4847 2256
3 3084 3085 2482
3 2207 4758 2443
3 2340 4984 2543
3 3186 5433 3346
3 3431 5848 3432
3 1302 5019 1653
3 449 4852 451
3 4082 4967 4084
3 1774 5721 3870
3 5 1936 480
3 3243 5229 4467
3 5070 5102 4368
3 2620 3077 3029
3 2024 2141 1621
3 4091 4968 2939
3 3134 4881 4609
3 1945 3531 3399
3 3085 3425 3424
3 3693 5451 2405
3 2933 4958 4957
3 956 1104 1103
3 1648 4650 1951
3 2253 4793 1927
3 4738 4883 492
3 4665 5580 2355
3 2672 3405 2674
3 2637 4946 4714
3 1331 1424 1343
3 2470 4974 4612
3 956 4593 1885
3 1548 4793 1565
3 571 1480 1448
3 4387 4862 4686
3 4915 5032 4212
3 166 5454 2844
3 2338 5077 4796
3 4540 4944 3162
3 4796 5077 4396
3 2766 4884 4476
3 329 931 612
3 3409 3411 3410
3 2675 5606 4194
3 2431 5464 3828
3 2801 4814 3637
3 1286 1456 1439
3 1840 4791 1717
3 550 4781 1774
3 4282 5017 3594
3 4672 4822 1434
3 393 4923 391
3 2994 2995 1335
3 1717 4791 1722
3 1452 1594 1393
3 4253 5769 1034
3 3962 5650 5163
3 1622 4899 2930
3 3309 5092 2746
3 1480 1726 1481
3 258 5480 257
3 4204 5139 4201
3 4561 4915 4562
3 2616 5311 3806
3 3700 4889 2566
3 2585 4975 3319
3 1041 5082 566
3 2283 4807 1442
3 2865 4890 4189
3 2956 4928 2957
3 2992 5281 4441
3 3594 5017 3667
3 4899 4900 2930
3 2977 4820 2371
3 4650 4651 3607
3 1068 4792 1333
3 2032 2671 2146
3 2102 5004 2569
3 3376 4882 2859
3 2075 2339 2338
3 2550 4765 2186
3 1828 5171 4446
3 1104 1249 1103
3 1018 2173 1095
3 1851 5412 269
3 2439 4815 3596
3 492 4883 484
3 2784 5157 140
3 3072 5297 2414
3 4398 5140 4494
3 4806 5040 2935
3 812 1018 1017
3 1523 4745 1821
3 4249 4936 4248
3 3001 4965 2998
3 387 4780 395
3 903 5563 919
3 2897 4853 3459
3 2672 2674 2673
3 2366 2862 2476
3 893 4779 895
3 4478 4866 2972
3 4291 5093 161
3 556 4231 540
3 1280 4926 4069
3 4394 4910 3134
3 2676 4717 1974
3 1905 1971 602
3 2789 4927 2505
3 2509 4705 1928
3 283 4977 68
3 1057 4747 2357
3 2326 2327 2063
3 819 821 818
3 2671 5372 3882
3 287 5522 72
3 3008 4982 3417
3 1265 4817 1138
3 2870 5054 2537
3 3202 5409 4805
3 3265 5393 4542
3 1552 5467 4971
3 634 5127 859
3 1651 5451 3149
3 2562 5151 3212
3 1083 4710 971
3 484 4883 491
3 1927 4793 1548
3 4436 4894 1259
3 1540 4805 1596
3 1678 4903 1485
3 2340 5132 4984
3 4899 5175 4900
3 5546 5794 3317
3 3479 5269 3034
3 2776 4921 2777
3 813 841 840
3 3686 4913 2793
3 3611 3617 2373
3 1530 4865 1143
3 4456 5861 3447
3 3897 5591 4959
3 3075 5500 4062
3 1316 5108 4666
3 1295 1296 1200
3 3246 5131 4948
3 3016 3865 3017
3 4099 5258 4330
3 3713 5647 3116
3 4402 5047 4538
3 3666 5806 5015
3 4575 4857 1782
3 4325 5570 1962
3 3477 5034 3359
3 5012 5711 4259
3 1425 1815 1296
3 2210 2557 2209
3 3835 5274 2670
3 4044 5645 2067
3 1551 4796 1356
3 1532 1595 1533
3 2096 2578 2097
3 1999 4891 2399
3 372 4929 368
3 355 5740 357
3 662 680 661
3 3540 4973 2643
3 1077 1617 1108
3 1722 4805 1540
3 2907 5612 4046
3 1550 4806 1693
3 109 5261 108
3 3326 3327 3325
3 3870 5782 1774
3 681 717 680
3 2185 2186 2184
3 2357 4747 3240
3 2837 3326 3325
3 3659 4911 2489
3 4892 4929 372
3 832 4774 687
3 620 4919 2955
3 4768 5641 4301
3 4984 5132 3172
3 4264 4909 3148
3 1407 3016 2438
3 2559 2858 2558
3 2352 2572 2038
3 1237 1406 1238
3 3307 5838 71
3 2933 4957 2720
3 2968 4782 4258
3 1737 4907 2205
3 4759 5279 2100
3 1711 4806 1550
3 1904 5533 3783
3 97 5597 0
3 3016 3017 2438
3 1871 1872 1798
3 2339 2501 2338
3 3711 5878 700
3 872 5067 2291
3 3786 5362 5245
3 334 943 332
3 1563 5155 4467
3 3396 4952 3393
3 2375 5219 2648
3 1673 1675 1674
3 2859 4858 1905
3 4133 4939 4132
3 841 923 922
3 2362 5040 4806
3 1424 1598 1597
3 3405 3406 2674
3 4680 5088 2406
3 1899 2096 1900
3 3275 5310 4776
3 4260 4944 1771
3 2695 5324 3947
3 797 4934 711
3 2221 5050 2665
3 491 5861 4456
3 923 996 994
3 3608 5867 3609
3 3796 4933 2849
3 3030 5151 2486
3 1882 2027 1883
3 4612 4974 3149
3 717 4823 1328
3 1485 4903 1487
3 4192 5697 4191
3 3653 4767 3378
3 2032 2146 2145
3 3204 5066 4497
3 3572 5478 4176
3 3322 3651 2862
3 4917 5124 2843
3 1092 1237 1093
3 2673 4693 2146
3 390 5028 382
3 2643 2922 2412
3 2101 5155 1714
3 1899 1900 1898
3 5155 5180 3243
3 2338 4796 1551
3 4504 5234 2386
3 3452 5168 3453
3 1330 4938 1149
3 1245 4748 1058
3 344 5150 342
3 2173 5661 4935
3 2186 2423 2322
3 470 4879 487
3 4880 4970 679
3 4713 5031 3171
3 2027 2029 2028
3 172 5264 3966
3 3766 5386 1590
3 3779 5888 5205
3 545 4781 547
3 2390 3182 2738
3 2011 4820 2393
3 4864 4964 4279
3 3993 5444 1661
3 3095 5194 2882
3 2390 3183 3182
3 1596 4931 1275
3 620 665 621
3 3086 3423 3087
3 2202 5519 5390
3 1901 2076 1948
3 665 703 666
3 3269 5406 5344
3 703 811 704
3 1611 1612 1406
3 4416 5029 2866
3 2598 3158 2599
3 3985 5436 3986
3 3361 5034 3492
3 1424 1901 1598
3 730 4980 689
3 4559 5050 1604
3 2646 5551 3963
3 2257 4828 3324
3 2423 2943 2707
3 3066 4857 4575
3 3329 4971 2736
3 1852 4744 618
3 3932 5395 3445
3 3864 5154 1449
3 2615 5793 3922
3 21 5093 160
3 822 5196 997
3 1415 5480 4775
3 2943 3409 3247
3 2963 5645 3194
3 2121 5136 1474
3 48 5260 233
3 1726 2366 1481
3 4509 5118 2898
3 1341 4983 1320
3 3149 5451 4612
3 1325 4726 1175
3 921 5187 4320
3 4450 5314 4451
3 3555 5580 5176
3 2029 2348 2030
3 4290 5028 390
3 3880 5153 727
3 5373 5424 2224
3 1040 5071 4286
3 1659 1685 1657
3 1695 4828 1739
3 1366 4745 1523
3 679 4970 4329
3 4508 5481 1294
3 1281 3125 1157
3 3318 5267 37
3 321 4897 2361
3 4 5616 3039
3 1058 4748 4747
3 2573 4844 2075
3 3184 3370 2694
3 2409 2694 2263
3 1138 4817 1140
3 3721 5092 3663
3 2116 5296 3810
3 2090 4961 2087
3 3658 5591 2687
3 1508 4959 4616
3 451 1507 470
3 4019 5689 2171
3 2671 2672 2146
3 1996 5855 3690
3 886 5242 4330
3 2393 4925 1642
3 1613 1932 1612
3 1934 2263 1932
3 571 1448 560
3 2857 4989 3123
3 4031 4955 3050
3 3060 3462 3259
3 2347 5483 3076
3 297 2548 80
3 763 4950 761
3 4883 5861 491
3 4068 5076 5036
3 1846 5190 2170
3 407 5257 1992
3 3137 4976 2530
3 2970 5201 1779
3 4703 5016 4641
3 519 4904 3714
3 4562 4915 4332
3 3783 5798 3379
3 2356 5323 597
3 2186 4765 2423
3 2030 2032 2031
3 4587 5224 4804
3 1713 2014 2013
3 3210 5148 2561
3 946 4916 4621
3 1480 1481 1448
3 552 4826 579
3 3010 5012 4259
3 2889 5067 4543
3 1192 3713 1189
3 1951 5750 3712
3 2954 5199 5121
3 2199 2690 2200
3 5050 5271 2665
3 910 1351 1350
3 4053 5211 736
3 4597 4943 4159
3 4467 5155 3243
3 3625 5709 666
3 4685 5119 3297
3 902 5123 957
3 2182 2185 2184
3 4222 5426 4223
3 1328 4823 3128
3 4601 4917 2841
3 4176 5478 1631
3 1594 4808 2506
3 3878 5843 4980
3 4621 4916 3083
3 3595 5022 3959
3 5265 5770 3201
3 2182 2184 2183
3 3786 5245 2721
3 2502 5188 2990
3 2833 2837 2836
3 1441 5133 3684
3 1042 5449 1044
3 2552 5394 3337
3 3152 5124 4175
3 2682 5357 2488
3 1617 1735 1618
3 2604 4932 2064
3 5260 5510 3239
3 2982 2983 2533
3 1754 5393 1755
3 3696 5877 1909
3 2343 4791 1840
3 2622 5316 2437
3 3024 4836 2487
3 2353 5292 4399
3 4597 5293 4943
3 5463 5688 1158
3 2797 3315 2501
3 1772 5210 4352
3 4421 5257 410
3 601 620 603
3 5350 5550 3647
3 2038 4770 1729
3 3090 4765 2550
3 657 4744 832
3 1805 4922 1807
3 4182 5335 2605
3 2146 4693 2145
3 4306 5119 4685
3 3573 4940 4564
3 3191 5019 4822
3 1644 5160 2743
3 3103 5195 4809
3 1417 1532 1418
3 611 5323 626
3 1368 5103 1241
3 1821 4885 2352
3 4578 5048 1925
3 2238 4948 4502
3 813 840 811
3 2142 5224 5164
3 3393 4952 3395
3 4353 4963 3180
3 2498 4947 4753
3 2133 5238 2134
3 5296 5428 3238
3 586 1353 584
3 3746 5725 3600
3 2889 5763 5067
3 3910 5054 4802
3 4529 5215 2035
3 2346 4974 2470
3 3205 4717 2676
3 1211 4796 4396
3 2513 4915 4561
3 4992 5006 3156
3 2339 2797 2501
3 2950 5096 3224
3 2699 4843 2179
3 2837 3325 2836
3 2985 5606 1721
3 1657 4998 1308
3 1148 4931 4702
3 3974 5815 3766
3 3140 5503 5117
3 5068 5409 3374
3 4735 5607 2794
3 994 1092 995
3 3828 5818 2431
3 3157 5883 2452
3 2941 4975 2585
3 3663 5092 2981
3 4704 4951 219
3 5337 5774 2415
3 3282 5279 3283
3 2584 4896 2532
3 1124 5072 1126
3 2423 2707 2322
3 2920 5134 2459
3 72 5522 286
3 2643 4973 2922
3 2371 4820 2011
3 25 5264 172
3 841 922 840
3 3654 4941 4782
3 579 4826 2379
3 3562 5631 5018
3 2337 4985 2909
3 718 4823 717
3 923 994 922
3 1500 4997 1005
3 3281 5730 3280
3 4378 4962 2942
3 4804 5596 2666
3 1802 5000 1703
3 2334 2658 2657
3 2934 5628 3033
3 4592 4924 2729
3 3194 4844 2573
3 2208 5004 1847
3 3712 5696 1951
3 3754 4964 2910
3 192 5154 32
3 4554 5186 4555
3 2582 5236 2325
3 2962 5209 3429
3 4711 4980 730
3 3242 5130 4161
3 1048 1065 1003
3 2797 3317 3315
3 3387 5246 3974
3 5150 5749 3346
3 744 5625 4602
3 3057 5249 2516
3 1196 1198 1194
3 3007 4982 3008
3 3365 5423 3798
3 3415 5854 2626
3 2366 4914 3322
3 263 5574 409
3 4312 5497 2203
3 1275 4931 1148
3 2955 4829 665
3 1872 2209 1798
3 4744 5789 5615
3 1977 5636 2745
3 3897 4959 1508
3 3173 4791 2343
3 2991 4999 4696
3 2076 2390 1948
3 2943 3247 2707
3 871 5363 874
3 3433 5497 5415
3 641 5843 1516
3 3017 4815 2438
3 2508 5597 97
3 2993 3469 2994
3 2649 5312 3561
3 925 5659 1094
3 2886 5166 3475
3 1901 1948 1598
3 1123 1212 1124
3 2510 4867 3273
3 3965 5588 3320
3 2443 4758 3390
3 2222 5014 1605
3 1951 4828 1695
3 5019 5069 1653
3 1739 4828 2257
3 3088 5003 1881
3 4238 5332 4627
3 4702 4931 4703
3 4802 5054 2870
3 2029 2030 2028
3 1872 2210 2209
3 1199 1200 1198
3 4626 5217 4518
3 2898 5118 4635
3 3126 3127 2426
3 1847 5004 2102
3 3354 5358 3513
3 2491 5134 3170
3 4574 5241 3036
3 1639 5010 1635
3 2896 3821 3387
3 4779 4928 895
3 1719 1944 1859
3 1159 5086 920
3 4594 5578 2113
3 336 5009 334
3 259 3764 57
3 2749 5073 3775
3 601 603 594
3 4705 5023 2933
3 2027 2028 1883
3 3277 5048 4578
3 2222 5056 5014
3 2014 2249 2248
3 3252 5634 5523
3 2620 4901 3160
3 3077 5112 3029
3 3128 4814 2801
3 2183 4811 3012
3 1144 5716 5554
3 4940 5751 4350
3 703 4829 813
3 2286 5085 4294
3 1728 4888 1985
3 2369 4986 3136
3 330 4842 3747
3 84 2296 306
3 1915 2167 1813
3 4962 5048 3269
3 1705 5299 2100
3 811 812 704
3 2650 5018 3206
3 665 666 621
3 703 704 666
3 2074 5160 1644
3 3253 5448 4000
3 3409 3410 3247
3 1092 4979 4596
3 3944 5420 3310
3 3746 5664 3408
3 2269 5514 4283
3 4761 5107 3004
3 1815 1816 1296
3 1 5667 1909
3 1348 5419 1235
3 4054 5025 2749
3 1099 5634 4157
3 4333 5231 3018
3 1577 5230 3665
3 566 5082 570
3 5700 5730 3281
3 4706 5162 2853
3 3169 5322 1868
3 1309 4904 521
3 5718 5812 4344
3 3299 5797 4420
3 1079 5182 654
3 620 621 603
3 4593 4834 1885
3 768 5011 770
3 3701 5561 2930
3 2681 5657 2187
3 2379 4830 662
3 1117 1385 1384
3 4078 5621 1743
3 2398 3146 2402
3 1912 5192 1911
3 4869 5785 2708
3 1253 5202 1071
3 379 5325 884
3 1379 5283 1506
3 851 5242 886
3 2571 5216 3834
3 2909 4985 4894
3 4175 5124 4917
3 681 4830 814
3 3156 5006 3169
3 3254 5578 4594
3 2487 4836 2499
3 4639 4981 984
3 4666 5108 3809
3 602 4919 601
3 4246 5579 4247
3 489 5262 4824
3 2115 4901 1981
3 1897 1899 1898
3 2987 5271 4384
3 2378 3059 2397
3 2738 4969 1948
3 1882 1883 1535
3 4055 5319 3063
3 5556 5753 3313
3 1774 4826 552
3 3751 5008 3152
3 3377 5798 4292
3 957 5214 900
3 2791 5236 3106
3 2396 4972 603
3 274 5275 273
3 4568 4966 3722
3 4063 5741 884
3 1308 4998 4821
3 3044 5227 4091
3 2532 2982 2533
3 37 5267 199
3 3301 3963 3312
3 3326 5858 5487
3 4180 5846 5560
3 2492 5385 3431
3 1866 2398 2290
3 487 4879 4610
3 5033 5434 4075
3 1442 4807 2208
3 1984 4859 3973
3 3165 4901 2115
3 1933 5664 3746
3 4524 4888 1514
3 5032 5148 3006
3 4878 5769 4253
3 3099 4789 2690
3 2329 2331 2330
3 2822 5712 5493
3 3524 4897 3539
3 1873 2579 1606
3 1595 1813 1533
3 4895 5232 2916
3 1575 1581 1580
3 3799 5251 3797
3 1709 2199 2198
3 3514 5418 3515
3 1814 4992 4653
3 412 5248 415
3 4905 4948 2238
3 1992 5365 4369
3 1675 1865 1674
3 2509 5023 4705
3 2513 5032 4915
3 4308 5836 1752
3 3949 5143 3321
3 662 4830 681
3 4653 4992 3156
3 1399 4960 2896
3 2024 2378 2141
3 3083 5376 3248
3 1514 4888 1728
3 4934 5036 711
3 1533 1869 1418
3 2925 5027 4670
3 3258 5781 3898
3 2151 5322 2582
3 1132 1312 1246
3 4484 5017 4282
3 3649 5080 3773
3 4679 5027 2925
3 4008 5028 4290
3 2691 2908 2200
3 2894 5231 3098
3 3245 5131 3246
3 1897 1898 1816
3 2960 5041 2961
3 3148 4909 4890
3 3154 3994 3993
3 3963 5681 2660
3 1763 5325 383
3 4893 5001 4348
3 3312 5072 1212
3 576 5191 574
3 1452 1622 1621
3 4757 5057 2463
3 1628 5478 1629
3 1200 2461 1198
3 1332 5033 1067
3 1385 1569 1568
3 4486 5337 2415
3 1588 1606 1587
3 711 5036 677
3 4286 5071 3074
3 3552 5250 3211
3 4334 5231 4333
3 3580 5460 3579
3 5169 5170 2429
3 3017 5031 4713
3 4664 5852 4493
3 4302 5249 4304
3 4602 5625 4206
3 4511 5363 845
3 3587 5270 3601
3 2652 5471 1856
3 1815 1897 1816
3 1584 1585 1579
3 53 5621 3065
3 4940 5827 4274
3 3227 5424 5373
3 4563 5401 3350
3 4260 5020 4944
3 5067 5763 3507
3 3291 5075 4970
3 3410 5633 3247
3 5146 5209 3772
3 2412 4914 1726
3 3413 4889 3700
3 5629 5890 3659
3 2989 4994 3205
3 2576 4583 1947
3 3548 5398 3190
3 1452 1621 1594
3 1913 3628 1074
3 4886 5556 3313
3 2367 5177 2517
3 339 5038 700
3 2826 3154 3153
3 3093 5030 4558
3 2624 5255 2711
3 943 5853 5717
3 4519 5109 2195
3 847 5187 921
3 1236 5202 4524
3 2690 2691 2200
3 332 4842 330
3 5105 5394 2552
3 1312 1452 1393
3 5304 5373 4490
3 2805 5365 4552
3 1532 1533 1418
3 3359 5034 3361
3 2664 5056 2222
3 4295 5710 4130
3 2713 3086 2493
3 2492 3431 2713
3 1764 5384 420
3 5148 5219 3006
3 626 5359 628
3 3479 5742 5236
3 1709 2197 1582
3 5347 5703 3583
3 2609 2928 2228
3 2142 5164 1700
3 5344 5777 3268
3 1249 5133 1441
3 3178 5273 3046
3 1300 5019 1302
3 4237 5761 4234
3 3424 5160 2482
3 1255 5204 1837
3 686 5388 1793
3 3229 5300 3044
3 3872 5111 1883
3 169 5303 168
3 2720 3334 3130
3 4560 5172 3113
3 2553 4863 2076
3 303 5024 302
3 2219 5047 4402
3 1126 5072 1903
3 4025 4026 1179
3 1955 5326 2381
3 1126 1903 1128
3 3581 5785 5587
3 1567 5799 5042
3 279 5396 278
3 3195 5408 5226
3 96 5828 5259
3 1604 5050 2221
3 1922 5336 2247
3 4696 4999 2112
3 665 4829 703
3 3153 5200 2331
3 1459 5304 4490
3 4498 5253 4482
3 3068 5097 5076
3 2522 5352 2144
3 5481 5844 1294
3 1453 5625 742
3 1510 5799 1567
3 4244 5705 4245
3 5100 5766 4207
3 3171 4984 3172
3 3028 5494 3027
3 1647 4918 4651
3 330 3747 115
3 2456 5084 3858
3 2061 5600 3528
3 173 5264 25
3 2899 5295 2717
3 1910 4993 1815
3 3467 5484 3250
3 535 4925 533
3 1913 3629 3628
3 3353 5035 3352
3 2361 5113 320
3 4419 5797 2853
3 1581 1708 1582
3 3043 5159 2949
3 5455 5541 3476
3 3107 5410 3330
3 4520 5020 4620
3 4023 4937 2984
3 2000 5324 2695
3 5358 5822 4537
3 4620 5020 4260
3 2141 4808 1621
3 736 5211 734
3 1904 5133 1297
3 533 4925 3003
3 4382 5642 3373
3 1422 4748 1245
3 594 4972 588
3 3708 5799 1702
3 3896 5611 2752
3 2100 5299 4759
3 800 5355 708
3 3313 5753 3314
3 3462 5053 3259
3 2167 2168 1813
3 2075 4844 2339
3 3161 5623 4857
3 1990 5066 4458
3 2763 5802 2769
3 3092 5055 3091
3 4929 5382 366
3 3813 5112 655
3 1848 5122 1355
3 1629 5100 4288
3 1971 4919 602
3 2195 5109 4669
3 2330 5200 2669
3 1653 5069 4683
3 2800 5418 3869
3 1925 5048 4962
3 1915 5698 4872
3 2770 5802 2765
3 3812 5746 2747
3 1280 1417 1281
3 1622 2166 2024
3 3249 5484 4439
3 4425 5374 2069
3 242 5621 53
3 4777 5500 3075
3 2205 4907 4758
3 4317 5128 5109
3 1726 4914 2366
3 3963 5551 3312
3 5253 5427 3941
3 3231 5565 3045
3 3771 5868 2247
3 1935 2228 1735
3 2062 2326 2063
3 5226 5407 3195
3 4367 5530 4556
3 2143 5352 3203
3 897 5635 1154
3 933 1888 612
3 5212 5392 4928
3 1933 4930 1612
3 4968 5136 2121
3 4381 5501 3341
3 599 5282 338
3 2935 5040 2964
3 3441 5114 3058
3 1255 5548 5204
3 1123 2948 1212
3 2511 5002 2307
3 1620 5453 2107
3 2596 5494 4092
3 449 4871 4852
3 1954 2127 1568
3 4969 4987 2369
3 2463 5057 2970
3 4956 5096 3908
3 4433 5388 676
3 716 5064 725
3 3465 5445 3122
3 2537 5054 2536
3 4558 5030 3306
3 2654 5778 3736
3 362 5382 1794
3 2937 5272 2603
3 4472 5307 3422
3 5068 5795 5409
3 4789 4845 2691
3 1981 4901 2620
3 2315 5102 4377
3 31 5104 189
3 2979 5076 4068
3 3972 5184 3971
3 3949 5662 1229
3 4307 5878 4308
3 4641 5016 1159
3 2037 5425 2114
3 1061 5397 1240
3 2198 2971 2197
3 1622 2024 1621
3 2690 4789 2691
3 3533 5110 1661
3 234 5260 48
3 1642 4925 535
3 3155 5091 4991
3 4123 5074 4134
3 1439 4918 1647
3 3334 3463 3130
3 3689 5027 4679
3 3997 5037 2858
3 1104 5078 1250
3 1197 5576 1196
3 3079 5343 3932
3 2532 4896 2982
3 3615 5549 3967
3 3294 5001 4816
3 2291 5355 870
3 3243 5180 3242
3 4839 5196 819
3 2097 4860 2182
3 3997 5714 2702
3 4633 5032 2513
3 3 3257 105
3 1796 5039 2142
3 3321 5662 3949
3 4180 5560 2612
3 2568 5138 4363
3 1785 5090 4300
3 314 3691 1497
3 3957 5341 4190
3 2315 5125 5102
3 4520 5220 5020
3 1586 1587 1585
3 454 5592 425
3 1224 5070 1222
3 4654 5097 4655
3 4363 5125 2315
3 2933 5023 4958
3 1100 1157 993
3 3679 5370 3115
3 1298 5108 1316
3 2536 5310 2273
3 134 5535 14
3 3705 5881 2769
3 1617 1935 1735
3 3458 5860 2673
3 2954 5069 3191
3 2578 4860 2097
3 5189 5313 3363
3 4775 5734 3200
3 3883 5306 3407
3 4422 5245 3509
3 327 4730 2741
3 3292 5075 3289
3 3223 5079 3225
3 2184 4811 2183
3 3506 5817 5157
3 2794 5233 2084
3 3397 5886 3556
3 2989 5142 4994
3 2739 5747 3483
3 2010 5826 4361
3 5382 5448 1794
3 3024 5089 4836
3 4698 5042 3708
3 5333 5553 4566
3 3192 5149 2568
3 4906 5690 3758
3 2852 5589 4178
3 5570 5718 1962
3 3029 5040 2362
3 4250 5176 2293
3 1923 5841 3917
3 4363 5138 5125
3 1406 4930 1407
3 4361 5826 4362
3 1910 5776 5309
3 1661 5444 1659
3 2948 3335 3301
3 2390 4863 3183
3 2609 3159 2928
3 4911 5813 2317
3 2326 2512 2327
3 1100 1280 1157
3 2568 5149 5138
3 4517 5217 2504
3 1963 5313 1920
3 601 4919 620
3 3265 5450 2628
3 3974 5246 2831
3 4329 5158 664
3 2532 2533 2168
3 625 5182 4875
3 3428 4981 4040
3 1905 4858 1971
3 342 5432 340
3 1456 4918 1439
3 2922 4914 2412
3 3121 5536 3464
3 1892 4956 331
3 4389 5644 1924
3 4657 5194 890
3 1911 5060 1678
3 1417 1418 1281
3 2118 5826 2009
3 4733 5375 3568
3 3273 5023 2509
3 953 5674 4767
3 5025 5073 2749
3 1621 4808 1594
3 2948 3301 1212
3 2492 2493 2249
3 4202 5637 4203
3 1407 4930 3016
3 2076 4863 2390
3 4223 5426 4501
3 3180 5737 2176
3 4691 5537 3613
3 2736 5467 61
3 3865 5031 3017
3 4012 5595 1829
3 3011 5007 4761
3 1449 5154 192
3 4555 5186 840
3 4543 5067 872
3 1309 5059 4904
3 3125 4978 1157
3 170 5847 5726
3 1542 5771 2255
3 3022 5144 3023
3 5217 5400 3928
3 1117 1384 1115
3 2167 2532 2168
3 1708 1709 1582
3 5396 5784 278
3 4497 5066 4720
3 3455 5785 4869
3 5075 5158 4329
3 3833 5862 2266
3 2407 5088 2886
3 149 5371 4849
3 4932 5588 3339
3 3302 5216 5201
3 3241 5698 3031
3 1662 2639 1671
3 1095 4935 1286
3 3492 5351 3489
3 4809 5195 2462
3 5210 5505 3438
3 1504 5542 1619
3 920 5086 904
3 1935 2609 2228
3 1848 5475 5122
3 3990 5296 4941
3 3408 5821 5725
3 2660 5681 3995
3 4293 4835 1350
3 3557 5042 4698
3 3961 5650 3962
3 4926 5122 4071
3 1892 5096 4956
3 60 5443 264
3 374 5741 2214
3 2973 5544 5509
3 1571 4825 1569
3 1286 4935 1456
3 2523 5529 2522
3 3382 5885 2638
3 4720 5066 1990
3 2595 5101 3374
3 4058 5669 2479
3 2462 5195 4640
3 884 5741 377
3 3715 5577 3716
3 3191 5069 5019
3 422 5592 1764
3 324 5342 1731
3 4499 5663 1253
3 4788 5043 2759
3 1456 5652 5564
3 2199 2200 2198
3 4542 5450 3265
3 2797 5356 4986
3 2322 4811 2184
3 2334 2335 2127
3 1685 4998 1657
3 3242 5180 5130
3 4091 5227 5136
3 1907 5528 1908
3 613 5267 2242
3 4776 5310 2536
3 3987 5744 4327
3 2826 3155 3154
3 1782 5623 4923
3 1350 4835 81
3 2721 5245 4422
3 3302 5098 2359
3 1788 5455 1740
3 2637 5885 4946
3 4943 5292 2353
3 39 5707 740
3 2669 5200 3141
3 2915 5121 2975
3 942 5848 1176
3 996 4979 994
3 2081 5540 2468
3 4954 5746 3384
3 1709 2198 2197
3 4083 5890 5629
3 3123 5663 4734
3 1309 5862 3833
3 2202 5390 122
3 3031 5462 2560
3 4368 5102 3037
3 1575 1580 1573
3 4173 5866 911
3 359 5738 614
3 2173 4935 1095
3 3556 5886 5883
3 1105 5132 2340
3 2280 5338 4506
3 2441 5321 3579
3 4731 5569 117
3 3534 5342 325
3 2888 5147 2092
3 5020 5220 3163
3 4305 5119 4306
3 3073 5425 2313
3 4327 5744 860
3 2096 5638 2645
3 521 4904 519
3 3571 5100 3570
3 2369 4987 4986
3 2468 5290 4264
3 160 5093 2391
3 5765 5789 1852
3 3292 5158 5075
3 428 5760 454
3 5551 5630 5368
3 14 5535 133
3 2978 5884 5006
3 3066 5291 4857
3 2825 5604 3840
3 2100 5268 2099
3 2597 5797 3299
3 2428 5115 2341
3 5102 5125 3037
3 3081 5159 2202
3 2349 5406 4856
3 4846 5146 3772
3 4040 4981 4639
3 5394 5584 3337
3 4424 5499 2133
3 2193 5204 4570
3 5089 5665 4263
3 1612 4930 1406
3 3750 5807 2838
3 3528 5600 5045
3 3336 5815 2601
3 1691 5205 2066
3 451 4852 1507
3 2612 5560 2223
3 5018 5631 3889
3 1507 4879 470
3 4463 5425 3073
3 2720 4957 3334
3 1569 1954 1568
3 2750 5321 2440
3 4157 5634 3252
3 2329 2825 2331
3 1973 4895 1708
3 4043 5466 4912
3 632 5127 634
3 992 5331 4623
3 3037 5125 2965
3 5201 5216 2571
3 4738 5207 4883
3 2973 5065 4746
3 187 5489 186
3 3198 5128 4317
3 2450 5589 2852
3 3764 5779 2743
3 4566 5553 5346
3 1385 1568 1384
3 189 5104 3263
3 5700 5739 4480
3 2182 4860 2185
3 3065 5197 4803
3 708 5508 674
3 4446 5171 3013
3 588 4988 586
3 2334 5026 2658
3 5309 5776 3585
3 2372 5495 3078
3 904 5123 902
3 3232 5196 4839
3 3537 5440 2630
3 4817 5062 1140
3 4201 5139 4198
3 4104 5161 4106
3 1885 5078 1104
3 1497 3233 3040
3 316 5174 1677
3 5196 5273 997
3 4762 5080 3649
3 3033 5628 5016
3 2655 5736 3480
3 4393 5243 2278
3 3044 5300 5227
3 2296 4871 306
3 3908 5096 2950
3 2702 5714 5469
3 1565 5103 1368
3 4384 5271 5050
3 79 5469 294
3 5125 5138 2965
3 1673 1926 1675
3 3081 5532 5170
3 4719 5702 2280
3 415 5775 684
3 1375 5614 630
3 4740 5330 3009
3 1817 5118 4509
3 1083 5164 4710
3 2965 5138 3053
3 4902 5635 3030
3 4780 5430 4325
3 3895 5168 3452
3 1986 5137 2992
3 5171 5213 3013
3 4551 5874 1360
3 3166 5512 3270
3 994 4979 1092
3 1118 5051 1120
3 5163 5379 3962
3 1390 5687 4464
3 4400 5131 1828
3 1636 5658 1634
3 5326 5731 4235
3 3352 5676 3709
3 4064 5573 4058
3 3655 5434 5033
3 4647 5469 3531
3 2378 4996 3059
3 1798 5039 1796
3 3326 5754 3821
3 2348 5493 4039
3 4046 5834 4045
3 3187 5707 39
3 3060 5135 3462
3 3019 5679 3522
3 4522 5547 1786
3 4524 5202 3231
3 3338 5094 2553
3 250 5654 3529
3 2457 4954 4448
3 4576 5375 4733
3 2558 5457 2687
3 4044 5624 3194
3 2829 5815 3974
3 5138 5149 3053
3 1581 1582 1580
3 3053 5149 4398
3 1539 3470 35
3 1817 5140 5118
3 2099 5268 2475
3 5086 5123 904
3 4426 5637 2766
3 3773 5760 447
3 1954 2334 2127
3 1204 5391 1197
3 4256 5683 3513
3 3825 5511 2922
3 4317 5109 4519
3 2586 5587 4628
3 1831 5097 4654
3 1075 4953 1077
3 3648 5130 2656
3 3058 5114 3389
3 2163 5665 3923
3 2209 5039 1798
3 1714 5155 1563
3 4946 5885 4308
3 2843 5124 3620
3 4866 5544 2972
3 4043 5642 5466
3 1566 5689 2261
3 2569 5513 2394
3 2838 5156 2693
3 4494 5140 1817
3 1360 5150 344
3 4533 5447 2368
3 4308 5878 4946
3 2827 5380 3673
3 3164 5142 2989
3 3350 5401 3355
3 3414 5648 3229
3 1567 5181 1404
3 2579 3384 2580
3 1113 5221 2817
3 4080 5499 5197
3 2657 3303 2335
3 3163 5220 4465
3 1186 4949 1184
3 3297 5158 3292
3 839 5472 3789
3 3256 5543 2663
3 1859 5021 1889
3 603 4972 594
3 4999 5189 4013
3 454 5760 5080
3 3422 5434 3655
3 2609 5545 3159
3 1731 5340 323
3 1202 4949 1186
3 450 5521 83
3 2825 2826 2331
3 3513 5683 3811
3 1815 4993 1897
3 4746 5065 3653
3 4091 5136 4968
3 1709 4895 2199
3 3196 5477 3837
3 4988 5005 1353
3 2579 2580 1606
3 2306 5703 2131
3 4860 5212 2956
3 2645 5638 4814
3 1975 5531 1496
3 2459 5134 2491
3 1154 5635 4902
3 3158 5479 5002
3 5164 5224 4588
3 1474 5136 1476
3 4439 5724 4438
3 2981 5383 4658
3 4939 5453 4132
3 2058 5381 1861
3 1638 5658 1961
3 3783 5435 1904
3 993 4978 933
3 565 5862 1309
3 4837 5221 1384
3 4840 5106 1580
3 4613 5420 4591
3 3431 3432 2713
3 3048 5292 4943
3 3084 5496 3085
3 860 5744 912
3 4013 5189 2608
3 3159 5545 5367
3 1184 4949 3682
3 113 5152 112
3 106 5616 4
3 1360 5874 4772
3 2334 2657 2335
3 2171 5689 1556
3 4945 5261 3753
3 4875 5182 3832
3 5219 5250 2648
3 3342 5510 2277
3 2486 5151 2562
3 669 5280 141
3 4004 5382 4929
3 1278 5179 1373
3 117 5569 3471
3 81 4835 297
3 2307 5479 5442
3 2840 5218 4177
3 3810 5296 3990
3 5554 5716 4143
3 2866 5177 2367
3 4710 5164 4588
3 5097 5364 4655
3 3612 5646 4701
3 3025 5188 2502
3 3235 5378 5039
3 3400 5085 4240
3 2107 5453 4939
3 4649 5464 2431
3 4921 5290 2969
3 1280 1281 1157
3 2148 5456 2640
3 2492 2713 2493
3 3308 5752 3602
3 5170 5539 2429
3 5098 5201 2970
3 3113 5769 4878
3 5510 5613 5431
3 5317 5649 3259
3 1071 5202 1236
3 1869 5044 1418
3 5088 5166 2886
3 1637 5752 4176
3 1296 4995 1200
3 3062 5679 3021
3 4938 5531 3915
3 2669 3141 3139
3 4965 5239 2999
3 4970 5075 4329
3 2381 5172 4560
3 77 4861 329
3 3328 5561 3701
3 2606 5376 3989
3 4640 5195 2864
3 5753 5852 3314
3 3701 5630 5551
3 586 4988 1353
3 1077 4953 1617
3 4742 5501 1976
3 61 5467 265
3 5130 5180 2656
3 3946 5429 2060
3 1763 5573 5325
3 3899 5105 1331
3 5465 5733 719
3 2982 5129 2983
3 2508 5477 5377
3 4176 5752 4622
3 3903 5535 3115
3 3384 3812 2580
3 3059 5135 3060
3 2833 5246 2837
3 3372 5328 3818
3 3200 5748 4775
3 3841 5441 2021
3 3846 5437 5098
3 4997 5445 3465
3 2501 5077 2338
3 654 5182 625
3 2402 3176 2290
3 840 5186 811
3 4681 5468 1839
3 2656 5180 2101
3 2014 2492 2249
3 2035 5187 847
3 1281 5044 3125
3 5387 5399 2507
3 3049 5362 3265
3 3695 5872 5473
3 1779 5201 2571
3 1700 5164 1083
3 1448 5081 560
3 5220 5285 4465
3 4930 5247 3016
3 4177 5218 4603
3 2541 5190 1846
3 1094 5659 5240
3 3248 5610 3457
3 463 5773 911
3 1355 5122 1151
3 1424 5105 1901
3 3646 5459 1973
3 3814 5656 1701
3 4289 5208 4126
3 4770 5169 2429
3 1552 5443 60
3 2275 5612 2907
3 3201 5770 33
3 2529 5414 2528
3 3364 5567 3218
3 4222 5844 3446
3 1312 5175 4899
3 4570 5204 4571
3 3206 5728 3948
3 5225 5226 2581
3 1535 5111 1110
3 334 5009 943
3 2553 5094 4863
3 4568 5620 110
3 33 5770 193
3 5016 5628 1159
3 2993 2994 1335
3 2469 5755 2686
3 1708 4895 1709
3 4456 5833 491
3 2561 5148 4633
3 4174 5518 3177
3 3146 3195 2402
3 5503 5855 3650
3 2398 2402 2290
3 3215 5793 2613
3 1816 4995 1296
3 4633 5148 5032
3 3101 5312 3102
3 2391 5719 159
3 4443 5216 3302
3 4884 5637 4202
3 1120 5051 1123
3 1297 5133 1249
3 943 4842 332
3 1933 5247 4930
3 5060 5496 3084
3 4352 5210 2840
3 1315 5533 1904
3 2640 5504 3558
3 3850 5442 3851
3 2693 5832 2404
3 3958 5490 3839
3 1909 5877 2890
3 3013 5213 3014
3 3807 5693 1874
3 1887 5533 1317
3 140 5157 139
3 5368 5630 1903
3 3994 5444 3993
3 4879 5871 5820
3 560 5081 554
3 301 5254 3867
3 4490 5373 2224
3 5235 5835 2512
3 1194 5058 1192
3 222 5206 221
3 4923 5623 4169
3 2203 5572 4323
3 4588 5224 4587
3 1883 5111 1535
3 1569 4825 1954
3 4084 5813 4911
3 932 5331 931
3 3139 5099 3690
3 2799 5215 4529
3 3009 5330 2572
3 3545 5598 3544
3 4972 4988 588
3 5456 5504 2640
3 4217 5727 1135
3 3159 5153 2928
3 5047 5599 4538
3 2029 5493 2348
3 2624 5502 5255
3 4644 5859 3495
3 4849 5840 1724
3 5239 5757 2999
3 3230 5061 2576
3 2499 5475 2103
3 3253 5523 5448
3 3189 5364 3068
3 2882 5194 4657
3 3006 5219 2375
3 1200 4995 2461
3 2032 5372 2671
3 1866 2289 1865
3 3497 5421 4358
3 1873 5225 2581
3 2077 5516 4786
3 3811 5234 3351
3 1944 5021 1859
3 2158 5192 1912
3 336 5282 5009
3 5136 5227 1476
3 5472 5473 3423
3 491 5833 467
3 2816 5251 4280
3 1212 5072 1124
3 2658 5506 4335
3 1192 5058 3713
3 5213 5237 3014
3 2084 5233 2295
3 1837 5204 2193
3 3510 5774 5337
3 3834 5349 3362
3 3109 5229 2847
3 1151 5122 4926
3 2548 5892 80
3 4557 5700 4480
3 3906 5385 1713
3 1936 1937 480
3 2991 5189 4999
3 1353 5203 584
3 1587 2420 1585
3 1543 5162 4706
3 900 5214 888
3 3590 5831 4854
3 2431 5818 4631
3 2672 5403 3405
3 4733 5728 2541
3 3776 5584 3100
3 3491 5759 3490
3 1065 5198 1003
3 3034 5269 4181
3 3628 5280 669
3 895 5392 4719
3 2903 5613 4742
3 409 5640 5318
3 3579 5460 2921
3 2717 5295 4090
3 2278 5243 4712
3 5172 5761 4237
3 5205 5627 2066
3 996 5198 4979
3 559 5626 4455
3 582 5191 576
3 495 5262 489
3 3971 5184 1041
3 5615 5789 3742
3 3102 5312 4527
3 3174 5516 3476
3 4046 5863 2907
3 230 5405 4859
3 3660 5856 4989
3 3805 5491 3088
3 1875 5786 4613
3 8 3471 116
3 3772 5209 2962
3 4263 5665 2163
3 3351 5234 3353
3 2906 5571 2924
3 3463 5333 3130
3 3014 5237 3282
3 2799 5253 5215
3 3140 5117 5116
3 3815 5421 2360
3 2581 5788 4448
3 2997 5617 2995
3 2266 5862 569
3 554 5081 3815
3 2657 3506 3303
3 3867 5487 2288
3 2908 5087 2200
3 1130 5175 1132
3 5338 5809 3128
3 2881 5466 4573
3 4803 5197 2812
3 5233 5577 2295
3 199 5267 613
3 3344 5263 3626
3 5447 5697 4192
3 3408 5664 2263
3 410 5257 407
3 11 5532 3081
3 1048 5222 1065
3 819 5196 822
3 3439 5733 3425
3 3992 5821 3370
3 4358 5421 5081
3 3837 5477 2508
3 734 5211 1169
3 108 5261 4217
3 1675 1866 1865
3 584 5203 582
3 4266 5602 3406
3 2747 5746 2248
3 4406 5462 3787
3 2325 5236 2791
3 4518 5217 4517
3 17 4766 142
3 3483 5747 5137
3 2234 5539 2236
3 4066 5287 2617
3 4846 5288 3039
3 2949 5169 4770
3 2166 5618 5517
3 1476 5227 4496
3 3391 5640 3396
3 5210 5218 2840
3 3118 5337 4486
3 3043 5330 3991
3 1330 5531 4938
3 4101 5258 4099
3 4441 5281 1348
3 3216 5240 3559
3 5312 5687 3561
3 4869 5639 1766
3 3582 5521 4981
3 4162 5492 3222
3 5005 5354 3542
3 67 5278 2365
3 5214 5242 888
3 5122 5475 4071
3 5408 5788 5226
3 4791 5163 1722
3 2670 5274 2049
3 950 5276 4076
3 888 5242 851
3 2134 5238 2465
3 2339 5356 2797
3 1115 5221 1113
3 3239 5510 5431
3 3217 5265 3517
3 3933 5722 3550
3 2427 5790 4179
3 5076 5097 1831
3 4603 5218 3466
3 3045 5565 5228
3 4825 5026 1954
3 5083 5270 3587
3 3039 5146 4846
3 3412 5289 3413
3 3040 5183 3244
3 1527 5220 4520
3 2902 5193 3035
3 2168 5049 1813
3 1003 5198 996
3 4420 5797 4419
3 3018 5231 2894
3 3109 5304 5229
3 2924 5571 4848
3 1785 5536 5090
3 2516 5249 2874
3 3172 5320 3173
3 1974 5275 1502
3 4448 5701 2581
3 2283 5603 4807
3 3928 5400 3927
3 4611 5765 1852
3 4823 5338 3128
3 3438 5505 3436
3 2277 5260 234
3 3506 5157 3303
3 3068 5364 5097
3 3124 5387 2507
3 1619 5542 5074
3 2277 5510 5260
3 1866 2290 2289
3 1123 5051 2948
3 4217 5261 4945
3 811 5186 812
3 329 4861 932
3 3247 5345 2707
3 5642 5854 3373
3 1527 5285 5220
3 3543 5837 19
3 5715 5716 4535
3 5 5620 4568
3 319 5305 318
3 3911 5286 2706
3 5515 5823 3545
3 1018 5498 2173
3 2482 5160 2074
3 1132 5175 1312
3 1866 5252 2398
3 1331 5105 1424
3 2062 2332 2326
3 4207 5766 4202
3 5117 5503 3851
3 2292 5207 4738
3 2578 5212 4860
3 1617 4953 1935
3 3189 5430 5364
3 5129 5463 3781
3 2473 5381 2058
3 4482 5253 2799
3 1533 5049 1869
3 2289 5013 2511
3 3196 5595 3062
3 5376 5610 3248
3 5283 5710 4295
3 1722 5650 4805
3 1813 5049 1533
3 2576 5061 4583
3 2557 5857 3235
3 2969 5290 3383
3 1241 5548 1101
3 2507 5399 1072
3 3211 5250 3210
3 4602 5743 4152
3 4912 5466 2881
3 2348 5372 2030
3 3966 5266 2405
3 3544 5831 3590
3 3283 5279 3286
3 3673 5891 2659
3 4891 5863 4047
3 2414 5297 1977
3 597 5323 611
3 3894 5411 2696
3 5295 5842 2160
3 3046 5273 3232
3 1579 5230 1577
3 418 5248 412
3 1348 5859 3848
3 1911 5496 5060
3 5410 5514 2269
3 3070 5264 173
3 5287 5311 2617
3 5306 5440 3407
3 4841 5594 3012
3 5146 5616 1135
3 2292 5332 5207
3 3120 5212 2578
3 4960 5348 2896
3 5104 5334 3263
3 2554 5452 4638
3 4986 5356 3136
3 4987 5546 3317
3 4270 5870 2904
3 338 5282 336
3 2617 5311 2616
3 3436 5609 3434
3 1154 5552 3836
3 4302 5641 5249
3 4712 5243 4164
3 1885 5319 5078
3 1725 5742 3479
3 4554 5498 5186
3 2747 5550 3812
3 2461 5058 1198
3 4848 5571 1851
3 3656 5318 4907
3 1240 5283 1379
3 5243 5369 4164
3 3047 5292 3048
3 1198 5058 1194
3 4399 5558 3375
3 3135 5095 5062
3 3025 5481 5188
3 2604 5588 4932
3 5141 5583 3578
3 890 5814 837
3 5098 5437 2359
3 3316 5302 5077
3 1418 5044 1281
3 3503 5277 1601
3 2478 5320 5132
3 3789 5816 128
3 2598 2599 2473
3 4025 5651 2974
3 2711 5255 4054
3 3701 5551 2646
3 3405 5840 4849
3 1738 5850 2662
3 3111 5304 3109
3 2512 5178 2327
3 2107 5299 1705
3 839 5473 5472
3 256 5298 255
3 4748 5223 4747
3 3067 5291 3066
3 5307 5471 2652
3 1954 5026 2334
3 3115 5535 134
3 3451 5414 2529
3 1110 5222 1048
3 4337 5344 2349
3 2208 5678 5004
3 4907 5318 4758
3 2198 5087 2971
3 3045 5228 4989
3 0 5597 328
3 2991 5313 5189
3 3829 5424 3227
3 2665 5271 3388
3 3406 5602 2674
3 3433 5572 5497
3 3501 5297 4471
3 2017 5353 1835
3 5081 5421 3815
3 3568 5375 3567
3 2437 5316 3336
3 5157 5817 139
3 5227 5300 4496
3 4867 5347 3261
3 3264 5745 3460
3 1671 5120 1673
3 3564 5835 5235
3 5062 5593 1140
3 1935 5301 2609
3 621 5709 2396
3 4206 5743 4602
3 3016 5247 3865
3 383 5325 379
3 5095 5605 5062
3 3989 5376 4916
3 3478 5527 3127
3 933 4978 1888
3 4918 5564 3605
3 5564 5652 3500
3 3176 5013 2290
3 1792 5739 5715
3 4858 5781 3258
3 4455 5294 1763
3 3731 5603 3733
3 1384 5221 1115
3 5204 5548 4571
3 4252 5223 4748
3 3941 5427 3939
3 3330 5307 4472
3 323 5340 93
3 1973 5232 4895
3 4747 5223 3240
3 1590 5386 3998
3 5024 5254 302
3 4805 5409 1596
3 4443 5349 5216
3 5216 5349 3834
3 3111 5373 5304
3 1868 5322 2151
3 19 5837 2477
3 3012 5651 4841
3 1920 5313 2991
3 3173 5163 4791
3 614 5738 5263
3 5223 5346 3240
3 4527 5312 2649
3 2528 5414 4963
3 2603 5272 3165
3 5366 5367 144
3 5052 5488 3608
3 2605 5335 4242
3 3339 5588 3965
3 4691 5767 5049
3 3321 5524 3320
3 2368 5326 1955
3 4989 5228 3123
3 2200 5087 2198
3 1294 5844 4222
3 3272 5639 4869
3 1573 5106 1571
3 325 5342 324
3 5226 5788 2581
3 2696 5314 4450
3 2488 5357 3071
3 4496 5300 1788
3 2831 5246 2833
3 3571 5766 5100
3 1838 5556 4886
3 1157 4978 993
3 418 5384 5248
3 3244 5695 4544
3 2171 5846 4019
3 1792 5715 4535
3 1932 5664 1933
3 3453 5402 3770
3 2629 5440 5306
3 4638 5452 3956
3 4717 5275 1974
3 4480 5739 1792
3 4731 5825 3224
3 3327 5851 3325
3 4417 5655 3386
3 5156 5873 2693
3 3424 5733 5485
3 2691 5370 2908
3 4692 5556 1838
3 2399 5324 2000
3 1752 5836 3854
3 3899 5394 5105
3 2273 5310 2881
3 5482 5787 3398
3 1755 5362 3786
3 4783 5285 1527
3 4388 5360 4389
3 3423 5685 3087
3 632 5614 5127
3 3261 5347 3260
3 3232 5273 5196
3 3036 5241 5094
3 5221 5670 2817
3 3356 5358 3354
3 2331 5200 2330
3 4477 5452 2554
3 859 5583 4437
3 2365 5762 5396
3 2995 5617 5174
3 3207 5575 3208
3 3684 5239 4965
3 2327 5178 2329
3 5112 5888 3779
3 3939 5476 3938
3 3904 5490 3958
3 582 5203 5191
3 4287 5619 5468
3 5197 5499 2812
3 5292 5558 4399
3 3208 5575 3916
3 297 4835 2548
3 931 5331 992
3 2743 5779 59
3 89 5674 953
3 2693 5873 5832
3 2069 5349 4443
3 612 5052 76
3 3303 5422 2335
3 3255 5677 5608
3 2510 5347 4867
3 3498 5732 3497
3 845 5363 871
3 2982 5463 5129
3 4631 5818 3129
3 5025 5549 3615
3 257 5480 1415
3 5111 5222 1110
3 2837 5754 3326
3 832 5800 4774
3 4164 5369 1352
3 4628 5502 2624
3 4807 5603 3731
3 3146 5327 3195
3 3374 5409 3202
3 4957 5278 3334
3 3681 5889 3680
3 5492 5512 3168
3 5175 5538 4900
3 4627 5332 2292
3 3227 5373 3111
3 2144 5352 2143
3 3335 5764 3995
3 3307 5522 3869
3 3302 5201 5098
3 5427 5476 3939
3 145 5366 144
3 5390 5519 3472
3 18 5371 149
3 4190 5341 3236
3 1923 5336 1922
3 1571 5106 4825
3 142 4766 2610
3 3497 5732 5421
3 4420 5520 3299
3 4506 5338 4823
3 628 5359 1375
3 5369 5415 1352
3 2522 5529 5343
3 2440 5321 2441
3 5080 5724 454
3 3477 5525 4704
3 3812 5350 2580
3 5026 5772 3678
3 3315 5794 3403
3 3061 5599 5047
3 3647 5550 3646
3 3489 5351 3491
3 5224 5378 4804
3 3445 5395 3446
3 3100 5394 3899
3 4019 5846 4018
3 4021 5461 5285
3 3690 5503 3140
3 3524 5557 4897
3 2365 5396 279
3 5096 5315 3224
3 4793 5682 1565
3 3495 5859 5281
3 4004 5448 5382
3 4287 5468 4681
3 4882 5781 2859
3 3587 5882 5083
3 4369 5365 2805
3 122 5390 121
3 5056 5518 4174
3 3816 5871 1507
3 3951 5777 1313
3 2400 5393 1754
3 5505 5609 3436
3 3119 5374 4425
3 3205 5803 4521
3 4335 5691 2658
3 5708 5734 3427
3 3190 5398 3329
3 3641 5339 2891
3 4052 5706 950
3 4814 5638 3637
3 5074 5542 4134
3 3370 5821 2694
3 2572 5330 3043
3 3519 5348 4960
3 2787 5456 2148
3 2581 5701 2579
3 2021 5441 4466
3 3381 5435 3783
3 870 5355 800
3 2878 3635 2877
3 5044 5646 3125
3 1580 5106 1573
3 3 5288 3257
3 71 5838 4977
3 3638 5684 5051
3 3130 5333 4566
3 2629 5306 4847
3 5083 5882 2878
3 1903 5538 1128
3 3141 5099 3139
3 366 5382 362
3 4219 5546 3586
3 265 5467 1552
3 2290 5013 2289
3 2475 5268 5237
3 1502 5275 274
3 3041 5380 2827
3 2329 5178 2825
3 5652 5661 3274
3 676 5388 686
3 2599 2878 2877
3 3461 5845 5176
3 2639 5120 1671
3 3240 5346 3241
3 3119 5413 5374
3 231 5405 230
3 943 5717 4842
3 5045 5259 3188
3 4242 5884 2978
3 3740 5765 3741
3 5608 5791 3255
3 2707 5345 2974
3 1673 5120 1926
3 3917 5841 3645
3 5486 5518 2664
3 1606 5165 1587
3 1235 5419 1070
3 4946 5878 3711
3 3126 5566 3478
3 5132 5320 3172
3 4075 5434 2652
3 2378 5517 4996
3 4642 5507 2387
3 5419 5449 1070
3 3897 5857 2687
3 4786 5516 5470
3 5121 5199 2975
3 4637 5601 2385
3 3045 5856 2750
3 3644 5410 3107
3 3822 5288 4846
3 3297 5417 4685
3 3087 5459 4831
3 420 5384 418
3 3946 5768 5429
3 5364 5430 1836
3 5377 5477 3331
3 5039 5378 2142
3 2350 5375 4576
3 1724 5840 3881
3 3833 5585 1309
3 4781 5721 1774
3 1144 5397 1061
3 3956 5452 3957
3 269 5412 268
3 4701 5646 5044
3 1135 5616 106
3 3296 5417 3297
3 5113 5305 319
3 3224 5569 4731
3 3024 5665 5089
3 2696 5411 5314
3 3210 5250 5219
3 4834 5319 1885
3 2166 5517 2024
3 5078 5319 4055
3 3709 5676 3404
3 4396 5302 1207
3 2387 5507 4985
3 1988 5850 1738
3 3385 5413 3119
3 5004 5678 3727
3 4483 5402 905
3 3652 5809 5338
3 4765 5605 3064
3 3794 5607 5256
3 4535 5716 1144
3 3274 5661 3640
3 5183 5695 3244
3 3734 5869 5810
3 4919 5317 2955
3 2405 5451 1651
3 4655 5364 1836
3 3238 5428 3094
3 3967 5549 2048
3 4658 5383 1875
3 2580 5165 1606
3 4859 5405 3266
3 3224 5825 3223
3 2599 2877 2473
3 4734 5599 3061
3 2984 5537 4691
3 4070 5404 1906
3 1070 5449 1042
3 3323 5784 5396
3 2067 5645 3911
3 5717 5853 3575
3 4941 5296 3238
3 1585 5230 1579
3 4879 5820 4610
3 4811 5651 3012
3 3165 5308 4901
3 4327 5436 3985
3 4818 5712 5061
3 1352 5415 4582
3 4077 5520 4079
3 5176 5845 2293
3 5810 5869 2892
3 5249 5641 2874
3 3443 5726 4718
3 4071 5879 4070
3 5612 5834 4046
3 5302 5391 1207
3 2326 5235 2512
3 4920 5762 4958
3 3389 5805 4216
3 3889 5631 2869
3 5267 5692 2242
3 4000 5448 4004
3 2030 5372 2032
3 5392 5702 4719
3 1892 5315 5096
3 3493 5327 3146
3 3537 5495 5440
3 5006 5884 3169
3 5170 5532 5289
3 3836 5428 2116
3 4301 5641 4302
3 4337 5777 5344
3 1839 5400 4626
3 4758 5318 3390
3 4981 5521 984
3 3818 5864 3371
3 4943 5293 3048
3 4650 5750 1951
3 905 5402 5168
3 4841 5651 4025
3 1207 5391 1204
3 2066 5627 3376
3 3356 5822 5358
3 1971 5317 4919
3 1562 5476 5427
3 4845 5370 2691
3 4169 5623 3161
3 5094 5241 4863
3 5190 5728 3206
3 5139 5707 3187
3 3268 5777 3951
3 3120 5392 5212
3 3869 5522 287
3 167 5454 166
3 59 5779 260
3 3995 5416 3230
3 2224 5424 4511
3 5256 5759 3491
3 2471 5483 2347
3 2904 5870 5193
3 4863 5241 3183
3 1562 5427 4498
3 5581 5793 3215
3 4901 5308 3160
3 1631 5478 1628
3 2560 5462 3209
3 340 5432 599
3 5308 5627 3160
3 3355 5401 3358
3 3691 5509 1497
3 2896 5348 3821
3 4531 5482 3400
3 3222 5470 3174
3 3922 5581 1655
3 3222 5492 5470
3 3444 5481 3025
3 2396 5709 5284
3 1619 5453 1620
3 4591 5420 2634
3 5325 5573 4064
3 4687 5713 3367
3 5225 5407 5226
3 3332 5502 3333
3 2359 5437 2387
3 5255 5502 3332
3 3250 5484 3249
3 2628 5450 2254
3 3122 5445 4495
3 4062 5500 4063
3 5320 5379 3173
3 1910 5309 4993
3 5654 5880 3529
3 3071 5591 3658
3 3100 5584 5394
3 4466 5441 3028
3 2877 5381 2473
3 66 5784 65
3 3331 5477 3196
3 3301 5681 3963
3 4704 5525 4951
3 3592 5447 4533
3 4362 5655 4243
3 3934 5722 3933
3 3832 5632 3278
3 3281 5739 5700
3 3529 5880 3530
3 3418 5782 3870
3 3159 5367 5366
3 3484 5626 3563
3 1856 5471 2269
3 2974 5651 4811
3 1721 5606 2675
3 3565 5673 5328
3 2727 5886 3744
3 4243 5655 4417
3 1852 5789 4744
3 3532 5714 3997
3 1587 5165 2420
3 1740 5455 2077
3 2511 5083 5002
3 2313 5425 2037
3 4772 5874 3075
3 3741 5871 3816
3 2214 5500 4777
3 1565 5682 5142
3 3575 5853 3670
3 5395 5426 3446
3 3441 5686 4326
3 1926 5252 1675
3 4762 5724 5080
3 4989 5856 3045
3 3670 5853 5009
3 4951 5525 2383
3 4179 5790 4581
3 3259 5649 3258
3 3385 5504 5456
3 3229 5541 5300
3 3085 5496 3426
3 133 5535 3903
3 2663 5543 2664
3 2048 5549 4054
3 5184 5870 4270
3 5186 5498 812
3 2852 5464 4649
3 2822 5493 2029
3 5291 5790 2427
3 3386 5504 3385
3 5259 5828 3188
3 278 5784 66
3 3075 5874 4777
3 3962 5494 2596
3 4967 5813 4084
3 5137 5747 2992
3 5328 5673 5329
3 1655 5581 5563
3 5077 5302 4396
3 3136 5624 4044
3 4465 5461 2612
3 3500 5652 3274
3 5168 5402 3453
3 3792 5607 3794
3 4897 5557 2361
3 1677 5674 89
3 1889 5864 5768
3 1655 5563 903
3 3386 5655 5046
3 4210 5505 1772
3 5576 5660 1199
3 5143 5524 3321
3 3554 5580 3555
3 4916 5376 3083
3 2404 5832 2860
3 3220 5717 3575
3 2869 5631 4813
3 2220 5555 5530
3 3035 5431 2903
3 3407 5495 2372
3 5430 5570 4325
3 4573 5466 1537
3 5421 5732 2360
3 3848 5859 4644
3 1976 5501 4381
3 5450 5528 2254
3 4283 5514 4284
3 4556 5476 1562
3 90 5145 2993
3 5274 5792 2703
3 5375 5829 3567
3 5272 5562 3165
3 5820 5871 3741
3 3742 5789 3740
3 4365 5536 1785
3 3003 5690 4906
3 5507 5547 4523
3 2220 5530 4367
3 3047 5558 5292
3 65 5784 3323
3 2671 5403 2672
3 4146 5715 3430
3 5042 5799 3708
3 4336 5555 2220
3 1618 5416 3774
3 2630 5440 2629
3 3836 5552 5428
3 3310 5786 3309
3 2394 5513 2723
3 23 5847 170
3 186 5489 2659
3 4844 5356 2339
3 1744 5599 4734
3 4949 5594 4841
3 91 5145 90
3 3033 5735 3032
3 984 5521 450
3 4612 5451 3693
3 5237 5268 3282
3 1836 5430 4780
3 3913 5692 3318
3 5251 5819 2622
3 4224 5824 1793
3 1449 5770 5265
3 4537 5822 1636
3 3727 5678 3725
3 3567 5829 4927
3 3213 5694 3347
3 2103 5475 1848
3 5072 5368 1903
3 4521 5803 2924
3 5428 5552 3094
3 1675 5252 1866
3 919 5659 925
3 4767 5446 3380
3 3367 5881 3366
3 2972 5544 2973
3 3643 5729 3644
3 2420 5230 1585
3 1659 5444 1685
3 2921 5460 3364
3 2350 5829 5375
3 3340 5628 2934
3 2254 5528 1907
3 3235 5857 5596
3 2971 5506 3678
3 1034 5769 4237
3 1135 5727 5209
3 5402 5824 3770
3 2812 5499 4424
3 4538 5599 1744
3 1991 5720 5010
3 1458 5825 4731
3 1908 5713 4687
3 674 5508 1079
3 4582 5497 4312
3 3925 5745 3264
3 3168 5512 3166
3 3176 5407 5225
3 2526 5529 2523
3 2396 5354 4972
3 4730 5377 2741
3 4336 5622 5555
3 3098 5601 4637
3 2506 5671 2551
3 1951 5696 4828
3 1196 5576 1199
3 4837 5670 5221
3 1130 5538 5175
3 1888 5052 612
3 4202 5766 4884
3 139 5817 138
3 294 5469 4647
3 2114 5610 2606
3 5381 5808 3496
3 3444 5844 5481
3 2014 5385 2492
3 4996 5517 3589
3 2666 5596 3897
3 4963 5414 3180
3 3273 5586 4920
3 3770 5824 4224
3 1496 5531 1330
3 2123 5540 2081
3 2335 5422 3234
3 2113 5578 3805
3 264 5574 263
3 2255 5619 4287
3 4291 5608 5093
3 3366 5881 3705
3 4245 5579 4246
3 1786 5704 4541
3 2645 5809 3652
3 3312 5368 5072
3 3578 5583 3576
3 4988 5354 5005
3 5051 5684 2948
3 3101 5687 5312
3 4928 5392 895
3 4191 5697 2824
3 3064 5605 5095
3 5007 5594 1202
3 4523 5547 4522
3 2657 5691 3506
3 1743 5621 242
3 1636 5822 4750
3 3200 5734 4784
3 4451 5635 897
3 1506 5542 1504
3 2745 5636 4310
3 3424 5485 5160
3 3116 5647 5107
3 4401 5753 5556
3 2187 5657 2795
3 4143 5716 4146
3 3645 5783 3643
3 5517 5618 3589
3 3694 5639 3272
3 5558 5860 3375
3 29 5891 2241
3 3185 5749 4772
3 5318 5640 3390
3 4483 5824 5402
3 1199 5660 1295
3 3476 5648 2681
3 4404 5557 3524
3 5657 5672 2795
3 4856 5811 1500
3 2922 5511 4914
3 2332 5235 2326
3 5142 5682 4994
3 742 5625 744
3 2452 5883 2727
3 2386 5683 4256
3 3280 5730 3538
3 3740 5789 5765
3 3586 5546 4987
3 5684 5764 3335
3 5672 5699 3267
3 1766 5639 4801
3 1794 5523 4577
3 4185 5810 2892
3 2429 5539 2234
3 1317 5533 1315
3 1375 5359 5126
3 3440 5686 3441
3 4146 5716 5715
3 5126 5359 3633
3 5466 5642 1537
3 2890 5877 3642
3 2415 5774 2953
3 2402 5407 3176
3 4084 5890 4083
3 5666 5751 3573
3 5015 5806 2420
3 2223 5560 2171
3 2858 5457 2558
3 5415 5497 4582
3 4935 5652 1456
3 4401 5556 4692
3 2795 5672 3267
3 357 5738 359
3 5209 5727 3429
3 2923 5682 4793
3 2242 5692 5029
3 2381 5761 5172
3 1823 5666 4238
3 3507 5763 5147
3 3195 5407 2402
3 2686 5622 4336
3 4045 5834 3760
3 5511 5680 3322
3 4952 5443 1552
3 659 5843 641
3 425 5592 422
3 4210 5609 5505
3 1683 5740 355
3 5509 5544 3233
3 153 5668 152
3 2295 5577 4515
3 3442 5572 3433
3 3483 5669 3484
3 24 5847 23
3 3487 5590 4565
3 4581 5790 3067
3 3602 5720 3788
3 3581 5587 2586
3 812 5498 1018
3 7 5568 1892
3 3169 5884 5335
3 1713 5385 2014
3 3267 5699 3763
3 5329 5673 2332
3 5866 5869 4752
3 3254 5589 2450
3 4678 5670 3234
3 3463 5688 4896
3 3853 5801 1683
3 4448 5788 3622
3 630 5614 632
3 5106 5772 4825
3 4047 5863 4046
3 5436 5814 890
3 3432 5643 2713
3 5445 5811 4495
3 3233 5474 3040
3 3531 5714 3532
3 614 5609 4210
3 896 5458 4335
3 3218 5567 3220
3 3379 5798 3377
3 3417 5748 3200
3 5015 5350 3647
3 860 5814 4327
3 3450 5666 3573
3 105 5559 2
3 1963 5711 5313
3 1683 5801 5740
3 5345 5633 4026
3 4350 5751 1823
3 1500 5445 4997
3 1101 5548 1255
3 286 5522 3307
3 4130 5710 4135
3 3613 5537 3611
3 4152 5743 5043
3 4525 5570 3189
3 3094 5552 4606
3 4326 5686 1387
3 4972 5354 4988
3 5107 5647 2461
3 3764 5465 57
3 2953 5774 4552
3 4931 5795 4703
3 1500 5811 5445
3 5768 5864 3818
3 4284 5704 4285
3 251 5654 250
3 2824 5756 4185
3 3476 5516 5455
3 2769 5705 4244
3 2817 5670 4678
3 5013 5270 2511
3 5285 5461 4465
3 2317 5813 4293
3 3643 5783 5729
3 5083 5653 5002
3 1924 5644 4444
3 4219 5776 1910
3 1823 5751 5666
3 5160 5485 2743
3 2580 5350 5165
3 3606 5830 3607
3 5080 5760 3773
3 170 5726 169
3 3173 5379 5163
3 1202 5594 4949
3 3320 5588 2604
3 2142 5378 5224
3 3395 5893 3771
3 2876 5612 2275
3 4464 5687 3101
3 4971 5467 2736
3 4925 5690 3003
3 2232 5730 5700
3 4234 5761 4235
3 2477 5837 3255
3 3749 5807 3750
3 3585 5776 3586
3 1309 5585 5059
3 4172 5869 5866
3 3787 5698 1915
3 116 5568 7
3 1253 5565 5202
3 4954 5701 4448
3 4703 5795 5068
3 2024 5517 2378
3 5162 5575 3207
3 740 5707 1453
3 3086 5472 3423
3 2878 5653 5083
3 4914 5511 3322
3 4193 5731 4192
3 4813 5631 3562
3 4953 5301 1935
3 3021 5679 3019
3 4205 5743 4206
3 3811 5683 5234
3 1702 5799 1510
3 4693 5558 3047
3 4774 5800 3397
3 4172 5866 4173
3 4920 5586 1141
3 4083 5629 5037
3 3480 5571 2906
3 3430 5739 3281
3 3607 5830 5750
3 4577 5634 1099
3 2176 5737 2535
3 4444 5758 1930
3 1313 5777 4337
3 1874 5693 5408
3 3447 5861 3449
3 1229 5662 3525
3 377 5741 374
3 1634 5658 1638
3 2626 5854 4043
3 2765 5802 2763
3 2892 5869 4172
3 4784 5708 2158
3 2510 5703 5347
3 4959 5591 3071
3 4274 5827 4273
3 3257 5559 105
3 5389 5422 3303
3 2752 5611 3696
3 912 5744 946
3 3495 5747 2739
3 3551 5656 3552
3 4801 5639 3694
3 5488 5582 3612
3 5360 5486 4389
3 2060 5429 2062
3 1971 5649 5317
3 3323 5762 4920
3 159 5719 158
3 700 5878 4307
3 5473 5872 3099
3 5058 5647 3713
3 3446 5844 3444
3 4896 5463 2982
3 2131 5703 2510
3 4043 5854 5642
3 5715 5739 3430
3 1079 5632 5182
3 1128 5538 1130
3 3088 5491 5003
3 4967 5892 2548
3 1556 5689 1566
3 5068 5735 3033
3 2926 5894 5721
3 3390 5640 3391
3 3645 5841 5783
3 5367 5545 3117
3 447 5760 428
3 1850 5771 1542
3 3471 5568 116
3 3337 5675 3338
3 5174 5617 1677
3 5294 5573 1763
3 3114 5763 2889
3 5315 5568 3471
3 5043 5743 4205
3 4493 5852 2201
3 5246 5754 2837
3 5448 5523 1794
3 2009 5826 2010
3 4882 5671 2506
3 2062 5429 2332
3 1537 5642 4382
3 2606 5610 5376
3 1850 5845 5771
3 5523 5634 4577
3 2511 5270 5083
3 5696 5780 3324
3 3923 5665 3024
3 2674 5602 3458
3 3221 5756 3592
3 3106 5742 3442
3 2241 5891 5865
3 5328 5329 3818
3 3586 5776 4219
3 4552 5774 3510
3 5234 5683 2386
3 2853 5797 2597
3 4525 5718 5570
3 3734 5810 3221
3 3526 5617 2997
3 5582 5646 3612
3 4985 5507 4523
3 4840 5772 5106
3 4814 5809 2645
3 5756 5810 4185
3 2638 5885 2637
3 4777 5874 4551
3 3221 5810 5756
3 2293 5845 1850
3 1904 5723 5133
3 1899 5638 2096
3 2930 5561 2166
3 1140 5593 4737
3 684 5775 2232
3 2687 5857 2557
3 5002 5479 2307
3 837 5814 860
3 3374 5735 5068
3 2332 5673 5235
3 2874 5641 4768
3 5240 5659 3559
3 4622 5752 3308
3 1973 5459 5232
3 1497 5509 3233
3 2858 5629 5457
3 5303 5726 3443
3 3592 5756 5697
3 2232 5700 4557
3 2461 5647 5058
3 5584 5675 3337
3 3279 5718 4525
3 4438 5724 4762
3 3043 5519 5159
3 3255 5791 4466
3 5087 5889 3681
3 6 5620 5
3 328 5597 4730
3 5644 5758 4444
3 3652 5702 3120
3 1793 5824 4483
3 3429 5727 4945
3 3279 5812 5718
3 5729 5783 1371
3 4541 5729 1371
3 2601 5815 2829
3 2201 5753 4401
3 1889 5768 3946
3 5697 5756 2824
3 4994 5682 2923
3 3220 5796 5717
3 4850 5694 3213
3 950 5706 5276
3 911 5866 4752
3 4495 5811 3276
3 3462 5778 5053
3 2613 5793 2615
3 3481 5829 2350
3 2999 5757 3526
3 5193 5870 3972
3 4927 5829 3481
3 4772 5749 1360
3 4857 5623 1782
3 2664 5518 5056
3 3125 5582 4978
3 5346 5553 3241
3 1453 5707 5139
3 4216 5805 3719
3 3427 5734 4775
3 3760 5875 4902
3 4740 5839 1458
3 2766 5637 4884
3 3120 5702 5392
3 2659 5891 29
3 5263 5738 3626
3 3090 5605 4765
3 2263 5664 1932
3 3318 5692 5267
3 3457 5792 3271
3 2241 5694 4850
3 4867 5586 3273
3 2926 5721 4781
3 5409 5795 1596
3 1371 5783 4545
3 2393 5690 4925
3 3258 5649 4858
3 3459 5812 3279
3 5002 5653 3158
3 3376 5671 4882
3 193 5770 1449
3 4832 5759 2188
3 3322 5680 3651
3 4844 5624 5356
3 3384 5701 4954
3 5010 5720 3602
3 5865 5891 3673
3 3086 5643 5472
3 3276 5811 4856
3 4978 5582 1888
3 4744 5615 832
3 4752 5869 3734
3 465 5773 463
3 3194 5624 4844
3 3363 5711 5012
3 4750 5822 3356
3 2908 5889 5087
3 2948 5684 3335
3 5883 5886 2727
3 4884 5766 3571
3 5335 5884 4242
3 3425 5733 3424
3 3324 5780 3536
3 1240 5710 5283
3 5443 5574 264
3 2579 5701 3384
3 5344 5406 2349
3 3678 5772 4840
3 5244 5418 3514
3 5029 5692 3913
3 2201 5852 5753
3 5079 5825 1458
3 569 5862 565
3 4054 5549 5025
3 4945 5727 4217
3 666 5709 621
3 2499 5879 5475
3 3387 5754 5246
3 4545 5841 1923
3 5432 5433 599
3 465 5833 5773
3 3330 5471 5307
3 5159 5519 2202
3 4828 5696 3324
3 3629 5422 5389
3 2662 5850 5680
3 3189 5570 5430
3 1456 5564 4918
3 2599 5653 2878
3 3247 5633 5345
3 5783 5841 4545
3 467 5833 465
3 169 5726 5303
3 3615 5842 3614
3 5413 5456 2787
3 3527 5712 4818
3 3346 5433 5432
3 5486 5543 4389
3 5053 5778 2654
3 2360 5732 3888
3 3471 5569 5315
3 3536 5873 3537
3 3821 5754 3387
3 3234 5670 4837
3 5035 5676 3352
3 3032 5735 5101
3 5239 5723 5435
3 3334 5849 3463
3 5334 5489 3263
3 5300 5541 1788
3 5037 5629 2858
3 5301 5545 2609
3 4667 5894 2926
3 4718 5847 24
3 4610 5820 4611
3 2859 5781 4858
3 5230 5806 3665
3 3325 5851 3428
3 2713 5643 3086
3 5834 5875 3760
3 4606 5875 2876
3 3506 5691 5458
3 5114 5805 3389
3 3490 5759 4832
3 5442 5479 3402
3 5093 5608 2391
3 1596 5795 4931
3 5356 5624 3136
3 5281 5859 1348
3 3573 5751 4940
3 5440 5495 3407
3 3335 5681 3301
3 2876 5875 5834
3 4994 5803 3205
3 5046 5655 4362
3 4775 5748 1415
3 3328 5618 5561
3 5832 5873 3536
3 2694 5821 3408
3 3040 5474 5183
3 3317 5794 3315
3 1543 5575 5162
3 5704 5876 4541
3 3659 5890 4911
3 5315 5569 3224
3 4858 5649 1971
3 5182 5632 3832
3 3432 5816 5643
3 2658 5691 2657
3 5470 5516 3174
3 2659 5489 5334
3 68 5838 5244
3 3478 5887 5527
3 1507 5871 4879
3 3635 5808 2877
3 4971 5893 3395
3 5294 5626 3484
3 3039 5616 5146
3 3607 5750 4650
3 3178 5486 5360
3 5488 5867 3608
3 4693 5860 5558
3 1926 5515 5252
3 5403 5840 3405
3 2838 5807 5156
3 2368 5731 5326
3 3972 5870 5184
3 5061 5712 2822
3 3684 5723 5239
3 1944 5566 5021
3 3385 5456 5413
3 5339 5601 3098
3 4889 5526 3456
3 2907 5863 4891
3 1888 5488 5052
3 5398 5868 3329
3 5343 5529 3932
3 2673 5860 4693
3 5009 5853 943
3 1144 5554 5397
3 3644 5514 5410
3 4854 5831 2639
3 3099 5872 4789
3 5079 5839 3511
3 5284 5709 3625
3 3329 5893 4971
3 5289 5532 1952
3 1774 5782 4826
3 4977 5838 68
3 3128 5809 4814
3 5313 5711 3363
3 3384 5746 3812
3 3371 5864 5021
3 5163 5650 1722
3 1892 5568 5315
3 3881 5840 5403
3 5101 5735 3374
3 5202 5565 3231
3 4784 5734 5708
3 4825 5772 5026
3 1926 5823 5515
3 3165 5562 5308
3 5228 5663 3123
3 5147 5763 3114
3 5021 5864 1889
3 4284 5876 5704
3 77 5787 4861
3 3158 5653 2599
3 4070 5879 5438
3 4455 5626 5294
3 4911 5890 4084
3 3223 5825 5079
3 5133 5723 3684
3 1360 5749 5150
3 5455 5516 2077
3 2639 5598 5120
3 2541 5728 5190
3 2158 5708 5192
3 3641 5601 5339
3 2664 5543 5486
3 5472 5643 3789
3 5178 5604 2825
3 3799 5819 5251
3 5205 5888 3077
3 5622 5722 3934
3 5579 5713 1908
3 3312 5551 5368
3 2188 5759 5256
3 3309 5786 5383
3 3342 5613 5510
3 5049 5767 1869
3 3614 5842 5295
3 5677 5837 3543
3 3690 5855 5503
3 5431 5613 2903
3 3257 5667 5559
3 1888 5582 5488
3 5232 5685 2916
3 5527 5887 3512
3 3463 5849 5688
3 3229 5648 5541
3 5446 5674 1677
3 5541 5648 3476
3 5705 5881 3367
3 3077 5888 5112
3 3271 5792 5274
3 5435 5723 1904
3 5619 5745 3925
3 1458 5839 5079
3 5458 5691 4335
3 3067 5790 5291
3 3545 5823 5598
3 4896 5688 5463
3 4767 5674 5446
3 2878 5882 3635
3 3592 5697 5447
3 5643 5816 3789
3 2639 5831 5598
3 5383 5786 1875
3 5329 5768 3818
3 5120 5823 1926
3 3125 5646 5582
3 5561 5618 2166
3 5396 5762 3323
3 3193 5880 5654
3 2093 5796 5567
3 5608 5677 2391
3 5244 5838 3307
3 3347 5865 5380
3 5278 5849 3334
3 5380 5865 3673
3 4541 5876 5729
3 5729 5876 3644
3 3922 5793 5581
3 5514 5876 4284
3 5348 5858 3821
3 4327 5814 5436
3 5475 5879 4071
3 5487 5858 2288
3 4245 5713 5579
3 3644 5876 5514
3 2420 5806 5230
3 3255 5837 5677
3 5438 5879 2499
3 5458 5817 3506
3 2686 5722 5622
3 3642 5877 5611
3 2860 5832 5780
3 5567 5796 3220
3 2255 5745 5619
3 2241 5865 5694
3 5598 5831 3544
3 5598 5823 5120
3 5804 5808 3635
3 5868 5893 3329
3 3771 5893 5868
3 4291 5791 5608
3 2877 5808 5381
3 5560 5846 2171
3 5559 5667 1
3 2232 5775 5730
3 2876 5834 5612
3 5730 5775 3538
3 5694 5865 3347
3 5611 5877 3696
3 3744 5886 5800
3 5596 5857 3897
3 5680 5850 3651
3 4611 5820 5765
3 3496 5808 5804
3 5780 5832 3536
3 5688 5849 1158
3 5765 5820 3741
3 2769 5881 5705
3 3612 5867 5488
3 5800 5886 3397

CELL_TYPES 11885
1
1
1
1
1
1
1
1
1
1
1
1
1
1
1
1
1
1
1
1
1
1
1
1
1
1
1
1
1
1
1
1
1
1
1
1
1
1
1
1
1
1
1
1
1
1
1
1
1
1
1
1
1
1
1
1
1
1
1
1
1
1
1
1
1
1
1
1
1
1
1
1
1
1
1
1
1
1
1
1
1
1
1
1
1
1
1
1
1
1
1
1
1
1
1
1
1
3
3
3
3
3
3
3
3
3
3
3
3
3
3
3
3
3
3
3
3
3
3
3
3
3
3
3
3
3
3
3
3
3
3
3
3
3
3
3
3
3
3
3
3
3
3
3
3
3
3
3
3
3
3
3
3
3
3
3
3
3
3
3
3
3
3
3
3
3
3
3
3
3
3
3
3
3
3
3
3
3
3
3
3
3
3
3
3
3
3
3
3
3
3
3
3
3
3
3
3
3
3
3
3
3
3
3
3
3
3
3
3
3
3
3
3
3
3
3
3
3
3
3
3
3
3
3
3
3
3
3
3
3
3
3
3
3
3
3
3
3
3
3
3
3
3
3
3
3
3
3
3
3
3
3
3
3
3
3
3
3
3
3
3
3
3
3
3
3
3
3
3
3
3
3
3
3
3
3
3
3
3
3
3
3
3
3
3
3
3
3
3
3
3
3
3
3
3
3
3
3
3
3
3
3
3
3
3
3
3
3
3
3
3
3
3
3
3
3
3
3
3
3
3
3
3
3
3
3
3
3
3
3
3
3
3
3
3
3
3
3
3
3
3
3
3
3
3
3
3
3
3
3
3
3
3
3
3
3
3
3
3
3
3
3
3
3
3
3
3
3
3
3
3
3
3
3
3
3
3
3
3
3
3
3
3
3
3
3
3
3
3
3
3
3
3
3
3
3
3
3
3
3
3
3
3
3
3
3
3
3
3
3
3
3
3
3
3
3
3
3
3
3
3
3
3
3
3
5
5
5
5
5
5
5
5
5
5
5
5
5
5
5
5
5
5
5
5
5
5
5
5
5
5
5
5
5
5
5
5
5
5
5
5
5
5
5
5
5
5
5
5
5
5
5
5
5
5
5
5
5
5
5
5
5
5
5
5
5
5
5
5
5
5
5
5
5
5
5
5
5
5
5
5
5
5
5
5
5
5
5
5
5
5
5
5
5
5
5
5
5
5
5
5
5
5
5
5
5
5
5
5
5
5
5
5
5
5
5
5
5
5
5
5
5
5
5
5
5
5
5
5
5
5
5
5
5
5
5
5
5
5
5
5
5
5
5
5
5
5
5
5
5
5
5
5
5
5
5
5
5
5
5
5
5
5
5
5
5
5
5
5
5
5
5
5
5
5
5
5
5
5
5
5
5
5
5
5
5
5
5
5
5
5
5
5
5
5
5
5
5
5
5
5
5
5
5
5
5
5
5
5
5
5
5
5
5
5
5
5
5
5
5
5
5
5
5
5
5
5
5
5
5
5
5
5
5
5
5
5
5
5
5
5
5
5
5
5
5
5
5
5
5
5
5
5
5
5
5
5
5
5
5
5
5
5
5
5
5
5
5
5
5
5
5
5
5
5
5
5
5
5
5
5
5
5
5
5
5
5
5
5
5
5
5
5
5
5
5
5
5
5
5
5
5
5
5
5
5
5
5
5
5
5
5
5
5
5
5
5
5
5
5
5
5
5
5
5
5
5
5
5
5
5
5
5
5
5
5
5
5
5
5
5
5
5
5
5
5
5
5
5
5
5
5
5
5
5
5
5
5
5
5
5
5
5
5
5
5
5
5
5
5
5
5
5
5
5
5
5
5
5
5
5
5
5
5
5
5
5
5
5
5
5
5
5
5
5
5
5
5
5
5
5
5
5
5
5
5
5
5
5
5
5
5
5
5
5
5
5
5
5
5
5
5
5
5
5
5
5
5
5
5
5
5
5
5
5
5
5
5
5
5
5
5
5
5
5
5
5
5
5
5
5
5
5
5
5
5
5
5
5
5
5
5
5
5
5
5
5
5
5
5
5
5
5
5
5
5
5
5
5
5
5
5
5
5
5
5
5
5
5
5
5
5
5
5
5
5
5
5
5
5
5
5
5
5
5
5
5
5
5
5
5
5
5
5
5
5
5
5
5
5
5
5
5
5
5
5
5
5
5
5
5
5
5
5
5
5
5
5
5
5
5
5
5
5
5
5
5
5
5
5
5
5
5
5
5
5
5
5
5
5
5
5
5
5
5
5
5
5
5
5
5
5
5
5
5
5
5
5
5
5
5
5
5
5
5
5
5
5
5
5
5
5
5
5
5
5
5
5
5
5
5
5
5
5
5
5
5
5
5
5
5
5
5
5
5
5
5
5
5
5
5
5
5
5
5
5
5
5
5
5
5
5
5
5
5
5
5
5
5
5
5
5
5
5
5
5
5
5
5
5
5
5
5
5
5
5
5
5
5
5
5
5
5
5
5
5
5
5
5
5
5
5
5
5
5
5
5
5
5
5
5
5
5
5
5
5
5
5
5
5
5
5
5
5
5
5
5
5
5
5
5
5
5
5
5
5
5
5
5
5
5
5
5
5
5
5
5
5
5
5
5
5
5
5
5
5
5
5
5
5
5
5
5
5
5
5
5
5
5
5
5
5
5
5
5
5
5
5
5
5
5
5
5
5
5
5
5
5
5
5
5
5
5
5
5
5
5
5
5
5
5
5
5
5
5
5
5
5
5
5
5
5
5
5
5
5
5
5
5
5
5
5
5
5
5
5
5
5
5
5
5
5
5
5
5
5
5
5
5
5
5
5
5
5
5
5
5
5
5
5
5
5
5
5
5
5
5
5
5
5
5
5
5
5
5
5
5
5
5
5
5
5
5
5
5
5
5
5
5
5
5
5
5
5
5
5
5
5
5
5
5
5
5
5
5
5
5
5
5
5
5
5
5
5
5
5
5
5
5
5
5
5
5
5
5
5
5
5
5
5
5
5
5
5
5
5
5
5
5
5
5
5
5
5
5
5
5
5
5
5
5
5
5
5
5
5
5
5
5
5
5
5
5
5
5
5
5
5
5
5
5
5
5
5
5
5
5
5
5
5
5
5
5
5
5
5
5
5
5
5
5
5
5
5
5
5
5
5
5
5
5
5
5
5
5
5
5
5
5
5
5
5
5
5
5
5
5
5
5
5
5
5
5
5
5
5
5
5
5
5
5
5
5
5
5
5
5
5
5
5
5
5
5
5
5
5
5
5
5
5
5
5
5
5
5
5
5
5
5
5
5
5
5
5
5
5
5
5
5
5
5
5
5
5
5
5
5
5
5
5
5
5
5
5
5
5
5
5
5
5
5
5
5
5
5
5
5
5
5
5
5
5
5
5
5
5
5
5
5
5
5
5
5
5
5
5
5
5
5
5
5
5
5
5
5
5
5
5
5
5
5
5
5
5
5
5
5
5
5
5
5
5
5
5
5
5
5
5
5
5
5
5
5
5
5
5
5
5
5
5
5
5
5
5
5
5
5
5
5
5
5
5
5
5
5
5
5
5
5
5
5
5
5
5
5
5
5
5
5
5
5
5
5
5
5
5
5
5
5
5
5
5
5
5
5
5
5
5
5
5
5
5
5
5
5
5
5
5
5
5
5
5
5
5
5
5
5
5
5
5
5
5
5
5
5
5
5
5
5
5
5
5
5
5
5
5
5
5
5
5
5
5
5
5
5
5
5
5
5
5
5
5
5
5
5
5
5
5
5
5
5
5
5
5
5
5
5
5
5
5
5
5
5
5
5
5
5
5
5
5
5
5
5
5
5
5
5
5
5
5
5
5
5
5
5
5
5
5
5
5
5
5
5
5
5
5
5
5
5
5
5
5
5
5
5
5
5
5
5
5
5
5
5
5
5
5
5
5
5
5
5
5
5
5
5
5
5
5
5
5
5
5
5
5
5
5
5
5
5
5
5
5
5
5
5
5
5
5
5
5
5
5
5
5
5
5
5
5
5
5
5
5
5
5
5
5
5
5
5
5
5
5
5
5
5
5
5
5
5
5
5
5
5
5
5
5
5
5
5
5
5
5
5
5
5
5
5
5
5
5
5
5
5
5
5
5
5
5
5
5
5
5
5
5
5
5
5
5
5
5
5
5
5
5
5
5
5
5
5
5
5
5
5
5
5
5
5
5
5
5
5
5
5
5
5
5
5
5
5
5
5
5
5
5
5
5
5
5
5
5
5
5
5
5
5
5
5
5
5
5
5
5
5
5
5
5
5
5
5
5
5
5
5
5
5
5
5
5
5
5
5
5
5
5
5
5
5
5
5
5
5
5
5
5
5
5
5
5
5
5
5
5
5
5
5
5
5
5
5
5
5
5
5
5
5
5
5
5
5
5
5
5
5
5
5
5
5
5
5
5
5
5
5
5
5
5
5
5
5
5
5
5
5
5
5
5
5
5
5
5
5
5
5
5
5
5
5
5
5
5
5
5
5
5
5
5
5
5
5
5
5
5
5
5
5
5
5
5
5
5
5
5
5
5
5
5
5
5
5
5
5
5
5
5
5
5
5
5
5
5
5
5
5
5
5
5
5
5
5
5
5
5
5
5
5
5
5
5
5
5
5
5
5
5
5
5
5
5
5
5
5
5
5
5
5
5
5
5
5
5
5
5
5
5
5
5
5
5
5
5
5
5
5
5
5
5
5
5
5
5
5
5
5
5
5
5
5
5
5
5
5
5
5
5
5
5
5
5
5
5
5
5
5
5
5
5
5
5
5
5
5
5
5
5
5
5
5
5
5
5
5
5
5
5
5
5
5
5
5
5
5
5
5
5
5
5
5
5
5
5
5
5
5
5
5
5
5
5
5
5
5
5
5
5
5
5
5
5
5
5
5
5
5
5
5
5
5
5
5
5
5
5
5
5
5
5
5
5
5
5
5
5
5
5
5
5
5
5
5
5
5
5
5
5
5
5
5
5
5
5
5
5
5
5
5
5
5
5
5
5
5
5
5
5
5
5
5
5
5
5
5
5
5
5
5
5
5
5
5
5
5
5
5
5
5
5
5
5
5
5
5
5
5
5
5
5
5
5
5
5
5
5
5
5
5
5
5
5
5
5
5
5
5
5
5
5
5
5
5
5
5
5
5
5
5
5
5
5
5
5
5
5
5
5
5
5
5
5
5
5
5
5
5
5
5
5
5
5
5
5
5
5
5
5
5
5
5
5
5
5
5
5
5
5
5
5
5
5
5
5
5
5
5
5
5
5
5
5
5
5
5
5
5
5
5
5
5
5
5
5
5
5
5
5
5
5
5
5
5
5
5
5
5
5
5
5
5
5
5
5
5
5
5
5
5
5
5
5
5
5
5
5
5
5
5
5
5
5
5
5
5
5
5
5
5
5
5
5
5
5
5
5
5
5
5
5
5
5
5
5
5
5
5
5
5
5
5
5
5
5
5
5
5
5
5
5
5
5
5
5
5
5
5
5
5
5
5
5
5
5
5
5
5
5
5
5
5
5
5
5
5
5
5
5
5
5
5
5
5
5
5
5
5
5
5
5
5
5
5
5
5
5
5
5
5
5
5
5
5
5
5
5
5
5
5
5
5
5
5
5
5
5
5
5
5
5
5
5
5
5
5
5
5
5
5
5
5
5
5
5
5
5
5
5
5
5
5
5
5
5
5
5
5
5
5
5
5
5
5
5
5
5
5
5
5
5
5
5
5
5
5
5
5
5
5
5
5
5
5
5
5
5
5
5
5
5
5
5
5
5
5
5
5
5
5
5
5
5
5
5
5
5
5
5
5
5
5
5
5
5
5
5
5
5
5
5
5
5
5
5
5
5
5
5
5
5
5
5
5
5
5
5
5
5
5
5
5
5
5
5
5
5
5
5
5
5
5
5
5
5
5
5
5
5
5
5
5
5
5
5
5
5
5
5
5
5
5
5
5
5
5
5
5
5
5
5
5
5
5
5
5
5
5
5
5
5
5
5
5
5
5
5
5
5
5
5
5
5
5
5
5
5
5
5
5
5
5
5
5
5
5
5
5
5
5
5
5
5
5
5
5
5
5
5
5
5
5
5
5
5
5
5
5
5
5
5
5
5
5
5
5
5
5
5
5
5
5
5
5
5
5
5
5
5
5
5
5
5
5
5
5
5
5
5
5
5
5
5
5
5
5
5
5
5
5
5
5
5
5
5
5
5
5
5
5
5
5
5
5
5
5
5
5
5
5
5
5
5
5
5
5
5
5
5
5
5
5
5
5
5
5
5
5
5
5
5
5
5
5
5
5
5
5
5
5
5
5
5
5
5
5
5
5
5
5
5
5
5
5
5
5
5
5
5
5
5
5
5
5
5
5
5
5
5
5
5
5
5
5
5
5
5
5
5
5
5
5
5
5
5
5
5
5
5
5
5
5
5
5
5
5
5
5
5
5
5
5
5
5
5
5
5
5
5
5
5
5
5
5
5
5
5
5
5
5
5
5
5
5
5
5
5
5
5
5
5
5
5
5
5
5
5
5
5
5
5
5
5
5
5
5
5
5
5
5
5
5
5
5
5
5
5
5
5
5
5
5
5
5
5
5
5
5
5
5
5
5
5
5
5
5
5
5
5
5
5
5
5
5
5
5
5
5
5
5
5
5
5
5
5
5
5
5
5
5
5
5
5
5
5
5
5
5
5
5
5
5
5
5
5
5
5
5
5
5
5
5
5
5
5
5
5
5
5
5
5
5
5
5
5
5
5
5
5
5
5
5
5
5
5
5
5
5
5
5
5
5
5
5
5
5
5
5
5
5
5
5
5
5
5
5
5
5
5
5
5
5
5
5
5
5
5
5
5
5
5
5
5
5
5
5
5
5
5
5
5
5
5
5
5
5
5
5
5
5
5
5
5
5
5
5
5
5
5
5
5
5
5
5
5
5
5
5
5
5
5
5
5
5
5
5
5
5
5
5
5
5
5
5
5
5
5
5
5
5
5
5
5
5
5
5
5
5
5
5
5
5
5
5
5
5
5
5
5
5
5
5
5
5
5
5
5
5
5
5
5
5
5
5
5
5
5
5
5
5
5
5
5
5
5
5
5
5
5
5
5
5
5
5
5
5
5
5
5
5
5
5
5
5
5
5
5
5
5
5
5
5
5
5
5
5
5
5
5
5
5
5
5
5
5
5
5
5
5
5
5
5
5
5
5
5
5
5
5
5
5
5
5
5
5
5
5
5
5
5
5
5
5
5
5
5
5
5
5
5
5
5
5
5
5
5
5
5
5
5
5
5
5
5
5
5
5
5
5
5
5
5
5
5
5
5
5
5
5
5
5
5
5
5
5
5
5
5
5
5
5
5
5
5
5
5
5
5
5
5
5
5
5
5
5
5
5
5
5
5
5
5
5
5
5
5
5
5
5
5
5
5
5
5
5
5
5
5
5
5
5
5
5
5
5
5
5
5
5
5
5
5
5
5
5
5
5
5
5
5
5
5
5
5
5
5
5
5
5
5
5
5
5
5
5
5
5
5
5
5
5
5
5
5
5
5
5
5
5
5
5
5
5
5
5
5
5
5
5
5
5
5
5
5
5
5
5
5
5
5
5
5
5
5
5
5
5
5
5
5
5
5
5
5
5
5
5
5
5
5
5
5
5
5
5
5
5
5
5
5
5
5
5
5
5
5
5
5
5
5
5
5
5
5
5
5
5
5
5
5
5
5
5
5
5
5
5
5
5
5
5
5
5
5
5
5
5
5
5
5
5
5
5
5
5
5
5
5
5
5
5
5
5
5
5
5
5
5
5
5
5
5
5
5
5
5
5
5
5
5
5
5
5
5
5
5
5
5
5
5
5
5
5
5
5
5
5
5
5
5
5
5
5
5
5
5
5
5
5
5
5
5
5
5
5
5
5
5
5
5
5
5
5
5
5
5
5
5
5
5
5
5
5
5
5
5
5
5
5
5
5
5
5
5
5
5
5
5
5
5
5
5
5
5
5
5
5
5
5
5
5
5
5
5
5
5
5
5
5
5
5
5
5
5
5
5
5
5
5
5
5
5
5
5
5
5
5
5
5
5
5
5
5
5
5
5
5
5
5
5
5
5
5
5
5
5
5
5
5
5
5
5
5
5
5
5
5
5
5
5
5
5
5
5
5
5
5
5
5
5
5
5
5
5
5
5
5
5
5
5
5
5
5
5
5
5
5
5
5
5
5
5
5
5
5
5
5
5
5
5
5
5
5
5
5
5
5
5
5
5
5
5
5
5
5
5
5
5
5
5
5
5
5
5
5
5
5
5
5
5
5
5
5
5
5
5
5
5
5
5
5
5
5
5
5
5
5
5
5
5
5
5
5
5
5
5
5
5
5
5
5
5
5
5
5
5
5
5
5
5
5
5
5
5
5
5
5
5
5
5
5
5
5
5
5
5
5
5
5
5
5
5
5
5
5
5
5
5
5
5
5
5
5
5
5
5
5
5
5
5
5
5
5
5
5
5
5
5
5
5
5
5
5
5
5
5
5
5
5
5
5
5
5
5
5
5
5
5
5
5
5
5
5
5
5
5
5
5
5
5
5
5
5
5
5
5
5
5
5
5
5
5
5
5
5
5
5
5
5
5
5
5
5
5
5
5
5
5
5
5
5
5
5
5
5
5
5
5
5
5
5
5
5
5
5
5
5
5
5
5
5
5
5
5
5
5
5
5
5
5
5
5
5
5
5
5
5
5
5
5
5
5
5
5
5
5
5
5
5
5
5
5
5
5
5
5
5
5
5
5
5
5
5
5
5
5
5
5
5
5
5
5
5
5
5
5
5
5
5
5
5
5
5
5
5
5
5
5
5
5
5
5
5
5
5
5
5
5
5
5
5
5
5
5
5
5
5
5
5
5
5
5
5
5
5
5
5
5
5
5
5
5
5
5
5
5
5
5
5
5
5
5
5
5
5
5
5
5
5
5
5
5
5
5
5
5
5
5
5
5
5
5
5
5
5
5
5
5
5
5
5
5
5
5
5
5
5
5
5
5
5
5
5
5
5
5
5
5
5
5
5
5
5
5
5
5
5
5
5
5
5
5
5
5
5
5
5
5
5
5
5
5
5
5
5
5
5
5
5
5
5
5
5
5
5
5
5
5
5
5
5
5
5
5
5
5
5
5
5
5
5
5
5
5
5
5
5
5
5
5
5
5
5
5
5
5
5
5
5
5
5
5
5
5
5
5
5
5
5
5
5
5
5
5
5
5
5
5
5
5
5
5
5
5
5
5
5
5
5
5
5
5
5
5
5
5
5
5
5
5
5
5
5
5
5
5
5
5
5
5
5
5
5
5
5
5
5
5
5
5
5
5
5
5
5
5
5
5
5
5
5
5
5
5
5
5
5
5
5
5
5
5
5
5
5
5
5
5
5
5
5
5
5
5
5
5
5
5
5
5
5
5
5
5
5
5
5
5
5
5
5
5
5
5
5
5
5
5
5
5
5
5
5
5
5
5
5
5
5
5
5
5
5
5
5
5
5
5
5
5
5
5
5
5
5
5
5
5
5
5
5
5
5
5
5
5
5
5
5
5
5
5
5
5
5
5
5
5
5
5
5
5
5
5
5
5
5
5
5
5
5
5
5
5
5
5
5
5
5
5
5
5
5
5
5
5
5
5
5
5
5
5
5
5
5
5
5
5
5
5
5
5
5
5
5
5
5
5
5
5
5
5
5
5
5
5
5
5
5
5
5
5
5
5
5
5
5
5
5
5
5
5
5
5
5
5
5
5
5
5
5
5
5
5
5
5
5
5
5
5
5
5
5
5
5
5
5
5
5
5
5
5
5
5
5
5
5
5
5
5
5
5
5
5
5
5
5
5
5
5
5
5
5
5
5
5
5
5
5
5
5
5
5
5
5
5
5
5
5
5
5
5
5
5
5
5
5
5
5
5
5
5
5
5
5
5
5
5
5
5
5
5
5
5
5
5
5
5
5
5
5
5
5
5
5
5
5
5
5
5
5
5
5
5
5
5
5
5
5
5
5
5
5
5
5
5
5
5
5
5
5
5
5
5
5
5
5
5
5
5
5
5
5
5
5
5
5
5
5
5
5
5
5
5
5
5
5
5
5
5
5
5
5
5
5
5
5
5
5
5
5
5
5
5
5
5
5
5
5
5
5
5
5
5
5
5
5
5
5
5
5
5
5
5
5
5
5
5
5
5
5
5
5
5
5
5
5
5
5
5
5
5
5
5
5
5
5
5
5
5
5
5
5
5
5
5
5
5
5
5
5
5
5
5
5
5
5
5
5
5
5
5
5
5
5
5
5
5
5
5
5
5
5
5
5
5
5
5
5
5
5
5
5
5
5
5
5
5
5
5
5
5
5
5
5
5
5
5
5
5
5
5
5
5
5
5
5
5
5
5
5
5
5
5
5
5
5
5
5
5
5
5
5
5
5
5
5
5
5
5
5
5
5
5
5
5
5
5
5
5
5
5
5
5
5
5
5
5
5
5
5
5
5
5
5
5
5
5
5
5
5
5
5
5
5
5
5
5
5
5
5
5
5
5
5
5
5
5
5
5
5
5
5
5
5
5
5
5
5
5
5
5
5
5
5
5
5
5
5
5
5
5
5
5
5
5
5
5
5
5
5
5
5
5
5
5
5
5
5
5
5
5
5
5
5
5
5
5
5
5
5
5
5
5
5
5
5
5
5
5
5
5
5
5
5
5
5
5
5
5
5
5
5
5
5
5
5
5
5
5
5
5
5
5
5
5
5
5
5
5
5
5
5
5
5
5
5
5
5
5
5
5
5
5
5
5
5
5
5
5
5
5
5
5
5
5
5
5
5
5
5
5
5
5
5
5
5
5
5
5
5
5
5
5
5
5
5
5
5
5
5
5
5
5
5
5
5
5
5
5
5
5
5
5
5
5
5
5
5
5
5
5
5
5
5
5
5
5
5
5
5
5
5
5
5
5
5
5
5
5
5
5
5
5
5
5
5
5
5
5
5
5
5
5
5
5
5
5
5
5
5
5
5
5
5
5
5
5
5
5
5
5
5
5
5
5
5
5
5
5
5
5
5
5
5
5
5
5
5
5
5
5
5
5
5
5
5
5
5
5
5
5
5
5
5
5
5
5
5
5
5
5
5
5
5
5
5
5
5
5
5
5
5
5
5
5
5
5
5
5
5
5
5
5
5
5
5
5
5
5
5
5
5
5
5
5
5
5
5
5
5
5
5
5
5
5
5
5
5
5
5
5
5
5
5
5
5
5
5
5
5
5
5
5
5
5
5
5
5
5
5
5
5
5
5
5
5
5
5
5
5
5
5
5
5
5
5
5
5
5
5
5
5
5
5
5
5
5
5
5
5
5
5
5
5
5
5
5
5
5
5
5
5
5
5
5
5
5
5
5
5
5
5
5
5
5
5
5
5
5
5
5
5
5
5
5
5
5
5
5
5
5
5
5
5
5
5
5
5
5
5
5
5
5
5
5
5
5
5
5
5
5
5
5
5
5
5
5
5
5
5
5
5
5
5
5
5
5
5
5
5
5
5
5
5
5
5
5
5
5
5
5
5
5
5
5
5
5
5
5
5
5
5
5
5
5
5
5
5
5
5
5
5
5
5
5
5
5
5
5
5
5
5
5
5
5
5
5
5
5
5
5
5
5
5
5
5
5
5
5
5
5
5
5
5
5
5
5
5
5
5
5
5
5
5
5
5
5
5
5
5
5
5
5
5
5
5
5
5
5
5
5
5
5
5
5
5
5
5
5
5
5
5
5
5
5
5
5
5
5
5
5
5
5
5
5
5
5
5
5
5
5
5
5
5
5
5
5
5
5
5
5
5
5
5
5
5
5
5
5
5
5
5
5
5
5
5
5
5
5
5
5
5
5
5
5
5
5
5
5
5
5
5
5
5
5
5
5
5
5
5
5
5
5
5
5
5
5
5
5
5
5
5
5
5
5
5
5
5
5
5
5
5
5
5
5
5
5
5
5
5
5
5
5
5
5
5
5
5
5
5
5
5
5
5
5
5
5
5
5
5
5
5
5
5
5
5
5
5
5
5
5
5
5
5
5
5
5
5
5
5
5
5
5
5
5
5
5
5
5
5
5
5
5
5
5
5
5
5
5
5
5
5
5
5
5
5
5
5
5
5
5
5
5
5
5
5
5
5
5
5
5
5
5
5
5
5
5
5
5
5
5
5
5
5
5
5
5
5
5
5
5
5
5
5
5
5
5
5
5
5
5
5
5
5
5
5
5
5
5
5
5
5
5
5
5
5
5
5
5
5
5
5
5
5
5
5
5
5
5
5
5
5
5
5
5
5
5
5
5
5
5
5
5
5
5
5
5
5
5
5
5
5
5
5
5
5
5
5
5
5
5
5
5
5
5
5
5
5
5
5
5
5
5
5
5
5
5
5
5
5
5
5
5
5
5
5
5
5
5
5
5
5
5
5
5
5
5
5
5
5
5
5
5
5
5
5
5
5
5
5
5
5
5
5
5
5
5
5
5
5
5
5
5
5
5
5
5
5
5
5
5
5
5
5
5
5
5
5
5
5
5
5
5
5
5
5
5
5
5
5
5
5
5
5
5
5
5
5
5
5
5
5
5
5
5
5
5
5
5
5
5
5
5
5
5
5
5
5
5
5
5
5
5
5
5
5
5
5
5
5
5
5
5
5
5
5
5
5
5
5
5
5
5
5
5
5
5
5
5
5
5
5
5
5
5
5
5
5
5
5
5
5
5
5
5
5
5
5
5
5
5
5
5
5
5
5
5
5
5
5
5
5
5
5
5
5
5
5
5
5
5
5
5
5
5
5
5
5
5
5
5
5
5
5
5
5
5
5
5
5
5
5
5
5
5
5
5
5
5
5
5
5
5
5
5
5
5
5
5
5
5
5
5
5
5
5
5
5
5
5
5
5
5
5
5
5
5
5
5
5
5
5
5
5
5
5
5
5
5
5
5
5
5
5
5
5
5
5
5
5
5
5
5
5
5
5
5
5
5
5
5
5
5
5
5
5
5
5
5
5
5
5
5
5
5
5
5
5
5
5
5
5
5
5
5
5
5
5
5
5
5
5
5
5
5
5
5
5
5
5
5
5
5
5
5
5
5
5
5
5
5
5
5
5
5
5
5
5
5
5
5
5
5
5
5
5
5
5
5
5
5
5
5
5
5
5
5
5
5
5
5
5
5
5
5
5
5
5
5
5
5
5
5
5
5
5
5
5
5
5
5
5
5
5
5
5
5
5
5
5
5
5
5
5
5
5
5
5
5
5
5
5
5
5
5
5
5
5
5
5
5
5
5
5
5
5
5
5
5
5
5
5
5
5
5
5
5
5
5
5
5
5
5
5
5
5
5
5
5
5
5
5
5
5
5
5
5
5
5
5
5
5
5
5
5
5
5
5
5
5
5
5
5
5
5
5
5
5
5
5
5
5
5
5
5
5
5
5
5
5
5
5
5
5
5
5
5
5
5
5
5
5
5
5
5
5
5
5
5
5
5
5
5
5
5
5
5
5
5
5
5
5
5
5
5
5
5
5
5
5
5
5
5
5
5
5
5
5
5
5
5
5
5
5
5
5
5
5
5
5
5
5
5
5
5
5
5
5
5
5
5
5
5
5
5
5
5
5
5
5
5
5
5
5
5
5
5
5
5
5
5
5
5
5
5
5
5
5
5
5
5
5
5
5
5
5
5
5
5
5
5
5
5
5
5
5
5
5
5
5
5
5
5
5
5
5
5
5
5
5
5
5
5
5
5
5
5
5
5
5
5
5
5
5
5
5
5
5
5
5
5
5
5
5
5
5
5
5
5
5
5
5
5
5
5
5
5
5
5
5
5
5
5
5
5
5
5
5
5
5
5
5
5
5
5
5
5
5
5
5
5
5
5
5
5
5
5
5
5
5
5
5
5
5
5
5
5
5
5
5
5
5
5
5
5
5
5
5
5
5
5
5
5
5
5
5
5
5
5
5
5
5
5
5
5
5
5
5
5
5
5
5
5
5
5
5
5
5
5
5
5
5
5
5
5
5
5
5
5
5
5
5
5
5
5
5
5
5
5
5
5
5
5
5
5
5
5
5
5
5
5
5
5
5
5
5
5
5
5
5
5
5
5
5
5
5
5
5
5
5
5
5
5
5
5
5
5
5
5
5
5
5
5
5
5
5
5
5
5
5
5
5
5
5
5
5
5
5
5
5
5
5
5
5
5
5
5
5
5
5
5
5
5
5
5
5
5
5
5
5
5
5
5
5
5
5
5
5
5
5
5
5
5
5
5
5
5
5
5
5
5
5
5
5
5
5
5
5
5
5
5
5
5
5
5
5
5
5
5
5
5
5
5
5
5
5
5
5
5
5
5
5
5
5
5
5
5
5
5
5
5
5
5
5
5
5
5
5
5
5
5
5
5
5
5
5
5
5
5
5
5
5
5
5
5
5
5
5
5
5
5
5
5
5
5
5
5
5
5
5
5
5
5
5
5
5
5
5
5
5
5
5
5
5
5
5
5
5
5
5
5
5
5
5
5
5
5
5
5
5
5
5
5
5
5
5
5
5
5
5
5
5
5
5
5
5
5
5
5
5
5
5
5
5
5
5
5
5
5
5
5
5
5
5
5
5
5
5
5
5
5
5
5
5
5
5
5
5
5
5
5
5
5
5
5
5
5
5
5
5
5
5
5
5
5
5
5
5
5
5
5
5
5
5
5
5
5
5
5
5
5
5
5
5
5
5
5
5
5
5
5
5
5
5
5
5
5
5
5
5
5
5
5
5
5
5
5
5
5
5
5
5
5
5
5
5
5
5
5
5
5
5
5
5
5
5
5
5
5
5
5
5
5
5
5
5
5
5
5
5
5
5
5
5
5
5
5
5
5
5
5
5
5
5
5
5
5
5
5
5
5
5
5
5
5
5
5
5
5
5
5
5
5
5
5
5
5
5
5
5
5
5
5
5
5
5
5
5
5
5
5
5
5
5
5
5
5
5
5
5
5
5
5
5
5
5
5
5
5
5
5
5
5
5
5
5
5
5
5
5
5
5
5
5
5
5
5
5
5
5
5
5
5
5
5
5
5
5
5
5
5
5
5
5
5
5
5
5
5
5
5
5
5
5
5
5
5
5
5
5
5
5
5
5
5
5
5
5
5
5
5
5
5
5
5
5
5
5
5
5
5
5
5
5
5
5
5
5
5
5
5
5
5
5
5
5
5
5
5
5
5
5
5
5
5
5
5
5
5
5
5
5
5
5
5
5
5
5
5
5
5
5
5
5
5
5
5
5
5
5
5
5
5
5
5
5
5
5
5
5
5
5
5
5
5
5
5
5
5
5
5
5
5
5
5
5
5
5
5
5
5
5
5
5
5
5
5
5
5
5
5
5
5
5
5
5
5
5
5
5
5
5
5
5
5
5
5
5
5
5
5
5
5
5
5
5
5
5
5
5
5
5
5
5
5
5
5
5
5
5
5
5
5
5
5
5
5
5
5
5
5
5
5
5
5
5
5
5
5
5
5
5
5
5
5
5
5
5
5
5
5
5
5
5
5
5
5
5
5
5
5
5
5
5
5
5
5
5
5
5
5
5
5
5
5
5
5
5
5
5
5
5
5
5
5
5
5
5
5
5
5
5
5
5
5
5
5
5
5
5
5
5
5
5
5
5
5
5
5
5
5
5
5
5
5
5
5
5
5
5
5
5
5
5
5
5
5
5
5
5
5
5
5
5
5
5
5
5
5
5
5
5
5
5
5
5
5
5
5
5
5
5
5
5
5
5
5
5
5
5
5
5
5
5
5
5
5
5
5
5
5
5
5
5
5
5
5
5
5
5
5
5
5
5
5
5
5
5
5
5
5
5
5
5
5
5
5
5
5
5
5
5
5
5
5
5
5
5
5
5
5
5
5
5
5
5
5
5
5
5
5
5
5
5
5
5
5
5
5
5
5
5
5
5
5
5
5
5
5
5
5
5
5
5
5
5
5
5
5
5
5
5
5
5
5
5
5
5
5
5
5
5
5
5
5
5
5
5
5
5
5
5
5
5
5
5
5
5
5
5
5
5
5
5
5
5
5
5
5
5
5
5
5
5
5
5
5
5
5
5
5
5
5
5
5
5
5
5
5
5
5
5
5
5
5
5
5
5
5
5
5
5
5
5
5
5
5
5
5
5
5
5
5
5
5
5
5
5
5
5
5
5
5
5
5
5
5
5
5
5
5
5
5
5
5
5
5
5
5
5
5
5
5
5
5
5
5
5
5
5
5
5
5
5
5
5
5
5
5
5
5
5
5
5
5
5
5
5
5
5
5
5
5
5
5
5
5
5
5
5
5
5
5
5
5
5
5
5
5
5
5
5
5
5
5
5
5
5
5
5
5
5
5
5
5
5
5
5
5
5
5
5
5
5
5
5
5
5
5
5
5
5
5
5
5
5
5
5
5
5
5
5
5
5
5
5
5
5
5
5
5
5
5
5
5
5
5
5
5
5
5
5
5
5
5
5
5
5
5
5
5
5
5
5
5
5
5
5
5
5
5
5
5
5
5
5
5
5
5
5
5
5
5
5
5
5
5
5
5
5
5
5
5
5
5
5
5
5
5
5
5
5
5
5
5
5
5
5
5
5
5
5
5
5
5
5
5
5
5
5
5
5
5
5
5
5
5
5
5
5
5
5
5
5
5
5
5
5
5
5
5
5
5
5
5
5
5
5
5
5
5
5
5
5
5
5
5
5
5
5
5
5
5
5
5
5
5
5
5
5
5
5
5
5
5
5
5
5
5
5
5
5
5
5
5
5
5
5
5
5
5
5
5
5
5
5
5
5
5
5
5
5
5
5
5
5
5
5
5
5
5
5
5
5
5
5
5
5
5
5
5
5
5
5
5
5
5
5
5
5
5
5
5
5
5
5
5
5
5
5
5
5
5
5
5
5
5
5
5
5
5
5
5
5
5
5
5
5
5
5
5
5
5
5
5
5
5
5
5
5
5
5
5
5
5
5
5
5
5
5
5
5
5
5
5
5
5
5
5
5
5
5
5
5
5
5
5
5
5
5
5
5
5
5
5
5
5
5
5
5
5
5
5
5
5
5
5
5
5
5
5
5
5
5
5
5
5
5
5
5
5
5
5
5
5
5
5
5
5
5
5
5
5
5
5
5
5
5
5
5
5
5
5
5
5
5
5
5
5
5
5
5
5
5
5
5
5
5
5
5
5
5
5
5
5
5
5
5
5
5
5
5
5
5
5
5
5
5
5
5
5
5
5
5
5
5
5
5
5
5
5
5
5
5
5
5
5
5
5
5
5
5
5
5
5
5
5
5
5
5
5
5
5
5
5
5
5
5
5
5
5
5
5
5
5
5
5
5
5
5
5
5
5
5
5
5
5
5
5
5
5
5
5
5
5
5
5
5
5
5
5
5
5
5
5
5
5
5
5
5
5
5
5
5
5
5
5
5
5
5
5
5
5
5
5
5
5
5
5
5
5
5
5
5
5
5
5
5
5
5
5
5
5
5
5
5
5
5
5
5
5
5
5
5
5
5
5
5
5
5
5
5
5
5
5
5
5
5
5
5
5
5
5
5
5
5
5
5
5
5
5
5
5
5
5
5
5
5
5
5
5
5
5
5
5
5
5
5
5
5
5
5
5
5
5
5
5
5
5
5
5
5
5
5
5
5
5
5
5
5
5
5
5
5
5
5
5
5
5
5
5
5
5
5
5
5
5
5
5
5
5
5
5
5
5
5
5
5
5
5
5
5
5
5
5
5
5
5
5
5
5
5
5
5
5
5
5
5
5
5
5
5
5
5
5
5
5
5
5
5
5
5
5
5
5
5
5
5
5
5
5
5
5
5
5
5
5
5
5
5
5
5
5
5
5
5
5
5
5
5
5
5
5
5
5
5
5
5
5
5
5
5
5
5
5
5
5
5
5
5
5
5
5
5
5
5
5
5
5
5
5
5
5
5
5
5
5
5
5
5
5
5
5
5
5
5
5
5
5
5
5
5
5
5
5
5
5
5
5
5
5
5
5
5
5
5
5
5
5
5
5
5
5
5
5
5
5
5
5
5
5
5
5
5
5
5
5
5
5
5
5
5
5
5
5
5
5
5
5
5
5
5
5
5
5
5
5
5
5
5
5
5
5
5
5
5
5
5
5
5
5
5
5
5
5
5
5
5
5
5
5
5
5
5
5
5
5
5
5
5
5
5
5
5
5
5
5
5
5
5
5
5
5
5
5
5
5
5
5
5
5
5
5
5
5
5
5
5
5
5
5
5
5
5
5
5
5
5
5
5
5
5
5
5
5
5
5
5
5
5
5
5
5
5
5
5
5
5
5
5
5
5
5
5
5
5
5
5
5
5
5
5
5
5
5
5
5
5
5
5
5
5
5
5
5
5
5
5
5
5
5
5
5
5
5
5
5
5
5
5
5
5
5
5
5
5
5
5
5
5
5
5
5
5
5
5
5
5
5
5
5
5
5
5
5
5
5
5
5
5
5
5
5
5
5
5
5
5
5
5
5
5
5
5
5
5
5
5
5
5
5
5
5
5
5
5
5
5
5
5
5
5
5
5
5
5
5
5
5
5
5
5
5
5
5
5
5
5
5
5
5
5
5
5
5
5
5
5
5
5
5
5
5
5
5
5
5
5
5
5
5
5
5
5
5
5
5
5
5
5
5
5
5
5
5
5
5
5
5
5
5
5
5
5
5
5
5
5
5
5
5
5
5
5
5
5
5
5
5
5
5
5
5
5
5
5
5
5
5
5
5
5
5
5
5
5
5
5
5
5
5
5
5
5
5
5
5
5
5
5
5
5
5
5
5
5
5
5
5
5
5
5
5
5
5
5
5
5
5
5
5
5
5
5
5
5
5
5
5
5
5
5
5
5
5
5
5
5
5
5
5
5
5
5
5
5
5
5
5
5
5
5
5
5
5
5
5
5
5
5
5
5
5
5
5
5
5
5
5
5
5
5
5
5
5
5
5
5
5
5
5
5
5
5
5
5
5
5
5
5
5
5
5
5
5
5
5
5
5
5
5
5
5
5
5
5
5
5
5
5
5
5
5
5
5
5
5
5
5
5
5
5
5
5
5
5
5
5
5
5
5
5
5
5
5
5
5
5
5
5
5
5
5
5
5
5
5
5
5
5
5
5
5
5
5
5
5
5
5
5
5
5
5
5
5
5
5
5
5
5
5
5
5
5
5
5
5
5
5
5
5
5
5
5
5
5
5
5
5
5
5
5
5
5
5
5
5
5
5
5
5
5
5
5
5
5
5
5
5
5
5
5
5
5
5
5
5
5
5
5
5
5
5
5
5
5
5
5
5
5
5
5
5
5
5
5
5
5
5
5
5
5
5
5
5
5
5
5
5
5
5
5
5
5
5
5
5
5
5
5
5
5
5
5
5
5
5
5
5
5
5
5
5
5
5
5
5
5
5
5
5
5
5
5
5
5
5
5
5
5
5
5
5
5
5
5
5
5
5
5
5
5
5
5
5
5
5
5
5
5
5
5
5
5
5
5
5
5
5
5
5
5
5
5
5
5
5
5
5
5
5
5
5
5
5
5
5
5
5
5
5
5
5
5
5
5
5
5
5
5
5
5
5
5
5
5
5
5
5
5
5
5
5
5
5
5
5
5
5
5
5
5
5
5
5
5
5
5
5
5
5
5
5
5
5
5
5
5
5
5
5
5
5
5
5
5
5
5
5
5
5
5
5
5
5
5
5
5
5
5
5
5
5
5
5
5
5
5
5
5
5
5
5
5
5
5
5
5
5
5
5
5
5
5
5
5
5
5
5
5
5
5
5
5
5
5
5
5
5
5
5
5
5
5
5
5
5
5
5
5
5
5
5
5
5
5
5
5
5
5
5
5
5
5
5
5
5
5
5
5
5
5
5
5
5
5
5
5
5
5
5
5
5
5
5
5
5
5
5
5
5
5
5
5
5
5
5
5
5
5
5
5
5
5
5
5
5
5
5
5
5
5
5
5
5
5
5
5
5
5
5
5
5
5
5
5
5
5
5
5
5
5
5
5
5
5
5
5
5
5
5
5
5
5
5
5
5
5
5
5
5
5
5
5
5
5
5
5
5
5
5
5
5
5
5
5
5
5
5
5
5
5
5
5
5
5
5
5
5
5
5
5
5
5
5
5
5
5
5
5
5
5
5
5
5
5
5
5
5
5
5
5
5
5
5
5
5
5
5
5
5
5
5
5
5
5
5
5
5
5
5
5
5
5
5
5
5
5
5
5
5
5
5
5
5
5
5
5
5
5
5
5
5
5
5
5
5
5
5
5
5
5
5
5
5
5
5
5
5
5
5
5
5
5
5
5
5
5
5
5
5
5
5
5
5
5
5
5
5
5
5
5
5
5
5
5
5
5
5
5
5
5
5
5
5
5
5
5
5
5
5
5
5
5
5
5
5
5
5
5
5
5
5
5
5
5
5
5
5
5
5
5
5
5
5
5
5
5
5
5
5
5
5
5
5
5
5
5
5
5
5
5
5
5
5
5
5
5
5
5
5
5
5
5
5
5
5
5
5
5
5
5
5
5
5
5
5
5
5
5
5
5
5
5
5
5
5
5
5
5
5
5
5
5
5
5
5
5
5
5
5
5
5
5
5
5
5
5
5
5
5
5
5
5
5
5
5
5
5
5
5
5
5
5
5
5
5
5
5
5
5
5
5
5
5
5
5
5
5
5
5
5
5
5
5
5
5
5
5
5
5
5
5
5
5
5
5
5
5
5
5
5
5
5
5
5
5
5
5
5
5
5
5
5
5
5
5
5
5
5
5
5
5
5
5
5
5
5
5
5
5
5
5
5
5
5
5
5
5
5
5
5
5
5
5
5
5
5
5
5
5
5
5
5
5
5
5
5
5
5
5
5
5
5
5
5
5
5
5
5
5
5
5
5
5
5
5
5
5
5
5
5
5
5
5
5
5
5
5
5
5
5
5
5
5
5
5
5
5
5
5
5
5
5
5
5
5
5
5
5
5
5
5
5
5
5
5
5
5
5
5
5
5
5
5
5
5
5
5
5
5
5
5
5
5
5
5
5
5
5
5
5
5
5
5
5
5
5
5
5
5
5
5
5
5
5
5
5
5
5
5
5
5
5
5
5
5
5
5
5
5
5
5
5
5
5
5
5
5
5
5
5
5
5
5
5
5
5
5
5
5
5
5
5
5
5
5
5
5
5
5
5
5
5
5
5
5
5
5
5
5
5
5
5
5
5
5
5
5
5
5
5
5
5
5
5
5
5
5
5
5
5
5
5
5
5
5
5
5
5
5
5
5
5
5
5
5
5
5
5
5
5
5
5
5
5
5
5
5
5
5
5
5
5
5
5
5
5
5
5
5
5
5
5
5
5
5
5
5
5
5
5
5
5
5
5
5
5
5
5
5
5
5
5
5
5
5
5
5
5
5
5
5
5
5
5
5
5
5
5
5
5
5
5
5
5
5
5
5
5
5
5
5
5
5
5
5
5
5
5
5
5
5
5
5
5
5
5
5
5
5
5
5
5
5
5
5
5
5
5
5
5
5
5
5
5
5
5
5
5
5
5
5
5
5
5
5
5
5
5
5
5
5
5
5
5
5
5
5
5
5
5
5
5
5
5
5
5
5
5
5
5
5
5
5
5
5
5
5
5
5
5
5
5
5
5
5
5
5
5
5
5
5
5
5
5
5
5
5
5
5
5
5
5
5
5
5
5
5
5
5
5
5
5
5
5
5
5
5
5
5
5
5
5
5
5
5
5
5
5
5
5
5
5
5
5
5
5
5
5
5
5
5
5
5
5
5
5
5
5
5
5
5
5
5
5
5
5
5
5
5
5
5
5
5
5
5
5
5
5
5
5
5
5
5
5
5
5
5
5
5
5
5
5
5
5
5
5
5
5
5
5
5
5
5
5
5
5
5
5
5
5
5
5
5
5
5
5
5
5
5
5
5
5
5
5
5
5
5
5
5
5
5
5
5
5
5
5
5
5
5
5
5
5
5
5
5
5
5
5
5
5
5
5
5
5
5
5
5
5
5
5
5
5
5
5
5
5
5
5
5
5
5
5
5
5
5
5
5
5
5
5
5
5
5
5
5
5
5
5
5
5
5
5
5
5
5
5
5
5
5
5
5
5
5
5
5
5
5
5
5
5
5
5
5
5
5
5
5
5
5
5
5
5
5
5
5
5
5
5
5
5
5
5
5
5
5
5
5
5
5
5
5
5
5
5
5
5
5
5
5
5
5
5
5
5
5
5
5
5
5
5
5
5
5
5
5
5
5
5
5
5
5
5
5
5
5
5
5
5
5
5
5
5
5
5
5
5
5
5
5
5
5
5
5
5
5
5
5
5
5
5
5
5
5
5
5
5
5
5
5
5
5
5
5
5
5
5
5
5
5
5
5
5
5
5
5
5
5
5
5
5
5
5
5
5
5
5
5
5
5
5
5
5
5
5
5
5
5
5
5
5
5
5
5
5
5
5
5
5
5
5
5
5
5
5
5
5
5
5
5
5
5
5
5
5
5
5
5
5
5
5
5
5
5
5
5
5
5
5
5
5
5
5
5
5
5
5
5
5
5
5
5
5
5
5
5
5
5
5
5
5
5
5
5
5
5
5
5
5
5
5
5
5
5
5
5
5
5
5
5
5
5
5
5
5
5
5
5
5
5
5
5
5
5
5
5
5
5
5
5
5
5
5
5
5
5
5
5
5
5
5
5
5
5
5
5
5
5
5
5
5
5
5
5
5
5
5
5
5
5
5
5
5
5
5
5
5
5
5
5
5
5
5
5
5
5
5
5
5
5
5
5
5
5
5
5
5
5
5
5
5
5
5
5
5
5
5
5
5
5
5
5
5
5
5
5
5
5
5
5
5
5
5
5
5
5
5
5
5
5
5
5
5
5
5
5
5
5
5
5
5
5
5
5
5
5
5
5
5
5
5
5
5
5
5
5
5
5
5
5
5
5
5
5
5
5
5
5
5
5
5
5
5
5
5
5
5
5
5
5
5
5
5
5
5
5
5
5
5
5
5
5
5
5
5
5
5
5
5
5
5
5
5
5
5
5
5
5
5
5
5
5
5
5
5
5
5
5
5
5
5
5
5
5
5
5
5
5
5
5
5
5
5
5
5
5
5
5
5
5
5
5
5
5
5
5
5
5
5
5
5
5
5
5
5
5
5
5
5
5
5
5
5
5
5
5
5
5
5
5
5
5
5
5
5
5
5
5
5
5
5
5
5
5
5
5
5
5
5
5
5
5
5
5
5
5
5
5
5
5
5
5
5
5
5
5
5
5
5
5
5
5
5
5
5
5
5
5
5
5
5
5
5
5
5
5
5
5
5
5
5
5
5
5
5
5
5
5
5
5
5
5
5
5
5
5
5
5
5
5
5
5
5
5
5
5
5
5
5
5
5
5
5
5
5
5
5
5
5
5
5
5
5
5
5
5
5
5
5
5
5
5
5
5
5
5
5
5
5
5
5
5
5
5
5
5
5
5
5
5
5
5
5
5
5
5
5
5
5
5
5
5
5
5
5
5
5
5
5
5
5
5
5
5
5
5
5
5
5
5
5
5
5
5
5
5
5
5
5
5
5
5
5
5
5
5
5
5
5
5
5
5
5
5
5
5
5
5
5
5
5
5
5
5
5
5
5
5
5
5
5
5
5
5
5
5
5
5
5
5
5
5
5
5
5
5
5
5
5
5
5
5
5
5
5
5
5
5
5
5
5
5
5
5
5
5
5
5
5
5
5
5
5
5
5
5
5
5
5
5
5
5
5
5
5
5
5
5
5
5
5
5
5
5
5
5
5
5
5
5
5
5
5
5
5
5
5
5
5
5
5
5
5
5
5
5
5
5
5
5
5
5
5
5
5
5
5
5
5
5
5
5
5
5
5
5
5
5
5
5
5
5
5
5
5
5
5
5
5
5
5
5
5
5
5
5
5
5
5
5
5
5
5
5
5
5
5
5
5
5
5
5
5
5
5
5
5
5
5
5
5
5
5
5
5
5
5
5
5
5
5
5
5
5
5
5
5
5
5
5
5
5
5
5
5
5
5
5
5
5
5
5
5
5
5
5
5
5
5
5
5
5
5
5
5
5
5
5
5
5
5
5
5
5
5
5
5
5
5
5
5
5
5
5
5
5
5
5
5
5
5
5
5
5
5
5
5
5
5
5
5
5
5
5
5
5
5
5
5
5
5
5
5
5
5
5
5
5
5
5
5
5
5
5
5
5
5
5
5
5
5
5
5
5
5
5
5
5
5
5
5
5
5
5
5
5
5
5
5
5
5
5
5
5
5
5
5
5
5
5
5
5
5
5
5
5
5
5
5
5
5
5
5
5
5
5
5
5
5
5
5
5
5
5
5
5
5
5
5
5
5
5
5
5
5
5
5
5
5
5
5
5
5
5
5
5
5
5
5
5
5
5
5
5
5
5
5
5
5
5
5
5
5
5
5
5
5
5
5
5
5
5
5
5
5
5
5
5
5
5
5
5
5
5
5
5
5
5
5
5
5
5
5
5
5
5
5
5
5
5
5
5
5
5
5
5
5
5
5
5
5
5
5
5
5
5
5
5
5
5
5
5
5
5
5
5
5
5
5
5
5
5
5
5
5
5
5
5
5
5
5
5
5
5
5
5
5
5
5
5
5
5
5
5
5
5
5
5
5
5
5
5
5
5
5
5
5
5
5
5
5
5
5
5
5
5
5
5
5
5
5
5
5
5
5
5
5
5
5
5
5
5
5
5
5
5
5
5
5
5
5
5
5
5
5
5
5
5
5
5
5
5
5
5
5
5
5
5
5
5
5
5
5
5
5
5
5
5
5
5
5
5
5
5
5
5
5
5
5
5
5
5
5
5
5
5
5
5
5
5
5
5
5
5
5
5
5
5
5
5
5
5
5
5
5
5
5
5
5
5
5
5
5
5
5
5
5
5
5
5
5
5
5
5
5
5
5
5
5
5
5
5
5
5
5
5
5
5
5
5
5
5
5
5
5
5
5
5
5
5
5
5
5
5
5
5
5
5
5
5
5
5
5
5
5
5
5
5
5
5
5
5
5
5
5
5
5
5
5
5
5
5
5
5
5
5
5
5
5
5
5
5
5
5
5
5
5
5
5
5
5
5
5
5
5
5
5
5
5
5
5
5
5
5
5
5
5
5
5
5
5
5
5
5
5
5
5
5
5
5
5
5
5
5
5
5
5
5
5
5
5
5
5
5
5
5
5
5
5
5
5
5
5
5
5
5
5
5
5
5
5
5
5
5
5
5
5
5
5
5
5
5
5
5
5
5
5
5
5
5
5
5
5
5
5
5
5
5
5
5
5
5
5
5
5
5
5
5
5
5
5
5
5
5
5
5
5
5
5
5
5
5
5
5
5
5
5
5
5
5
5
5
5
5
5
5
5
5
5
5
5
5
5
5
5
5
5
5
5
5
5
5
5
5
5
5
5
5
5
5
5
5
5
5
5
5
5
5
5
5
5
5
5
5
5
5
5
5
5
5
5
5
5
5
5
5
5
5
5
5
5
5
5
5
5
5
5
5
5
5
5
5
5
5
5
5
5
5
5
5
5
5
5
5
5
5
5
5
5
5
5
5
5
5
5
5
5
5
5
5
5
5
5
5
5
5
5
5
5
5
5
5
5
5
5
5
5
5
5
5
5
5
5
5
5
5
5
5
5
5
5
5
5
5
5
5
5
5
5
5
5
5
5
5
5
5
5
5
5
5
5
5
5
5
5
5
5
5
5
5
5
5
5
5
5
5
5
5
5
5
5
5
5
5
5
5
5
5
5
5
5
5
5
5
5
5
5
5
5
5
5
5
5
5
5
5
5
5
5
5
5
5
5
5
5
5
5
5
5
5
5
5
5
5
5
5
5
5
5
5
5
5
5
5
5
5
5
5
5
5
5
5
5
5
5
5
5
5
5
5
5
5
5
5
5
5
5
5
5
5
5
5
5
5
5
5
5
5
5
5
5
5
5
5
5
5
5
5
5
5
5
5
5
5
5
5
5
5
5
5
5
5
5
5
5
5
5
5
5
5
5
5
5
5
5
5
5
5
5
5
5
5
5
5
5
5
5
5
5
5
5
5
5
5
5
5
5
5
5
5
5
5
5
5
5
5
5
5
5
5
5
5
5
5
5
5
5
5
5
5
5
5
5
5
5
5
5
5
5
5
5
5
5
5
5
5
5
5
5
5
5
5
5
5
5
5
5
5
5
5
5
5
5
5
5
5
5
5
5
5
5
5
5
5
5
5
5
5
5
5
5
5
5
5
5
5
5
5
5
5
5
5
5
5
5
5
5
5
5
5
5
5
5
5
5
5
5
5
5
5
5
5
5
5
5
5
5
5
5
5
5
5
5
5
5
5
5
5
5
5
5
5
5
5
5
5
5
5
5
5
5
5
5
5
5
5
5
5
5
5
5
5
5
5
5
5
5
5
5
5
5
5
5
5
5
5
5
5
5
5
5
5
5
5
5
5
5
5
5
5
5
5
5
5
5
5
5
5
5
5
5
5
5
5
5
5
5
5
5
5
5
5
5
5
5
5
5
5
5
5
5
5
5
5
5
5
5
5
5
5
5
5
5
5
5
5
5
5
5
5
5
5
5
5
5
5
5
5
5
5
5
5
5
5
5
5
5
5
5
5
5
5
5
5
5
5
5
5
5
5
5
5
5
5
5
5
5
5
5
5
5
5
5
5
5
5
5
5
5
5
5
5
5
5
5
5
5
5
5
5
5
5
5
5
5
5
5
5
5
5
5
5
5
5
5
5
5
5
5
5
5
5
5
5
5
5
5
5
5
5
5
5
5
5
5
5
5
5
5
5
5
5
5
5
5
5
5
5
5
5
5
5
5
5
5
5
5
5
