# vtk DataFile Version 2.0
mosreg_mesh, Created by Gmsh 4.15.2 
ASCII
DATASET UNSTRUCTURED_GRID
POINTS 5348 double
2.231718898385573 199.9810066476734 0
10.51282051282052 188.7226970560304 0
29.16429249762584 183.2051282051283 0
35.10921177587845 191.1206077872745 0
54.43494776828113 198.3618233618234 0
60.21842355175691 197.2364672364673 0
76.98955365622035 211.4197530864199 0
91.13960113960118 203.8224121557456 0
96.63817663817669 211.7426400759735 0
92.99145299145303 232.5261158594493 0
103.7606837606838 235.6030389363724 0
118.0436847103514 235.4510921177589 0
123.6119977606604 247.5659747869111 0
121.752598396117 251.9465548169253 0
132.4097962318127 257.9896027516913 0
147.9307431442206 247.0507471304797 0
149.2176673349514 234.7242116879464 0
166.199570890929 233.2609651436813 0
171.1594957968416 209.608580862439 0
165.8652453894224 202.4824098988195 0
175.4461898983505 184.4242530160741 0
173.8249402061131 165.9722332137457 0
180.1725449333475 159.7482831240548 0
185.7141046158537 132.498464850574 0
191.0449934343968 129.6200596766441 0
199.5267856096046 122.3473350685286 0
213.151694746345 125.7936356148806 0
216.2018424724187 115.7570008675977 0
226.7124866636184 113.593044710586 0
233.0005539727763 104.0349992086104 0
253.0921426729041 107.925540489841 0
263.0806895055867 112.6931137373525 0
266.565918363758 102.9083680665472 0
279.3481440446462 83.27704940616471 0
277.4658456731503 74.3189578863448 0
284.3263881561207 72.70686779688845 0
286.5338524263423 63.70526816385882 0
283.2272358224005 59.37964575053061 0
286.8681779278488 46.25851476674529 0
284.7523096854374 36.27683763614843 0
264.6103431700141 29.56513869836922 0
256.2247268240068 18.11105542072625 0
265.8835279565734 16.46919662223166 0
263.4882918293414 2.899245102177247 0
249.1122952645587 5.617357227439584 0
241.9082676773007 -12.0057185232082 0
236.5727990573671 -21.44010938764023 0
233.5913483521509 -31.66909579332417 0
231.7777470015126 -36.78015414512322 0
226.4056399704549 -36.2099688720059 0
226.8590403081145 -46.98853144454989 0
213.7241699201576 -47.10531638000771 0
208.461978122472 -52.43620519855085 0
199.2565773275651 -49.51658181210649 0
195.0111014385706 -70.24934270690437 0
206.7811910121581 -74.22232041316408 0
206.24993405086 -79.86005592487078 0
190.8480619746053 -86.36566380007736 0
190.0007987173626 -97.64342472418605 0
177.5803773463239 -93.92004619370874 0
178.7024286869966 -79.31047975801067 0
170.2343759159603 -71.26834851629093 0
169.5153470976517 -63.3086536996002 0
178.2719273562896 -55.19324563563248 0
174.1409465020577 -45.40163026274138 0
161.2579651905784 -43.46895407594991 0
147.83456731502 -35.63062399610754 0
143.9829543456087 -22.25073423375892 0
129.8084690420082 -20.30431864279603 0
128.4665872345914 -35.16806405566695 0
115.9912082468667 -34.52231205960629 0
111.5030028841758 -20.62261483943581 0
92.39607148300568 -17.59765602100993 0
89.37340256527503 6.034119153975126 0
90.83435920884484 15.50972823092167 0
79.30699910895387 33.07555646418817 0
68.69559928716309 29.59719730810266 0
69.24517545402321 36.26080833128159 0
58.97268093512952 39.70481897693833 0
58.04298125285781 47.92327257219233 0
46.08969962365026 41.63749516372974 0
36.33014286049266 25.58071148863328 0
27.31709372398674 27.21570058504213 0
17.32396708991359 34.24798562015638 0
8.924611339734795 34.08082286940311 0
5.214972213429007 43.3549206851676 0
-7.077214718675627 42.20310063545659 0
-20.52351160118651 36.70275916546493 0
-26.31696036017025 49.84678915620273 0
-20.75250167071155 60.04829675354367 0
-22.75845467975098 80.33452701276775 0
-15.80173636757999 84.10828335854055 0
-28.52900443178222 130.9298828743273 0
-17.21231519585429 149.7917949011056 0
-18.84730429226314 154.6830227861607 0
-16.88256949573822 168.2575541076056 0
-6.326127290633462 168.6582867292744 0
-4.246897459346012 188.6445399974207 0
-10.05408562250126 188.9628361940605 0
-8.845018055409 196.3889841487579 0
71 180 0
4.992086103197219 196.2282367837924 0
7.752453308008866 192.4754669199114 0
15.17568850902186 187.3433048433049 0
19.83855650522319 185.9639126305794 0
24.50142450142452 184.5845204178538 0
32.13675213675214 187.1628679962014 0
38.97435897435899 192.5688509021843 0
42.83950617283953 194.0170940170941 0
46.70465337132006 195.4653371320039 0
50.5698005698006 196.9135802469137 0
57.32668566001902 197.7991452991454 0
63.5726495726496 200.0731244064578 0
66.92687559354226 202.9097815764483 0
70.28110161443496 205.7464387464388 0
73.63532763532766 208.5830959164294 0
80.52706552706556 209.5204178537513 0
84.06457739791077 207.6210826210827 0
87.60208926875598 205.7217473884141 0
93.88888888888894 207.7825261158596 0
95.90883190883196 215.8993352326686 0
95.17948717948723 220.0560303893638 0
94.45014245014249 224.2127255460589 0
93.72079772079776 228.3694207027541 0
96.58119658119664 233.5517568850903 0
100.1709401709402 234.5773979107313 0
108.5216840772397 235.5523899968345 0
113.2826843937955 235.5017410572967 0
119.8997890604544 239.4893863408096 0
121.7558934105574 243.5276805638604 0
125.3049976746822 253.960904128514 0
128.8573969532475 255.9752534401026 0
136.2900329599147 255.2548888463884 0
140.1702696880166 252.5201749410855 0
144.0505064161186 249.7854610357826 0
148.3597178744642 242.9419019829686 0
148.7886926047078 238.8330568354575 0
153.4631432239458 234.3584000518801 0
157.7086191129402 233.9925884158138 0
161.9540950019346 233.6267767797476 0
167.1915558721115 228.5304882874329 0
168.183540853294 223.8000114311844 0
169.1755258344765 219.0695345749359 0
170.167510815659 214.3390577186875 0
168.512370593132 206.0454953806292 0
167.781434291208 198.8707785222704 0
169.6976231929936 195.2591471457213 0
171.6138120947792 191.6475157691723 0
173.5300009965649 188.0358843926232 0
175.0408774752911 179.811248065492 0
174.6355650522318 175.1982431149099 0
174.2302526291725 170.5852381643278 0
176.9987425697303 162.8602581689002 0
181.0961382137652 155.2066467451413 0
182.0197314941829 150.6650103662278 0
182.9433247746006 146.1233739873144 0
183.8669180550183 141.5817376084009 0
184.790511335436 137.0401012294874 0
188.3795490251252 131.059262263609 0
193.8722574927994 127.1958181406056 0
196.699521551202 124.7715766045671 0
204.0684219885181 123.4961019173126 0
208.6100583674316 124.6448687660966 0
214.1684106550362 122.4480906991196 0
215.1851265637275 119.1025457833586 0
219.7053905361519 115.0356821485938 0
223.2089385998852 114.3143634295899 0
228.8085091000044 110.4070295432608 0
230.9045315363903 107.2210143759356 0
237.0188717128018 104.8131074648565 0
241.0371894528274 105.5912157211027 0
245.055507192853 106.3693239773488 0
249.0738249328785 107.1474322335949 0
256.4216582837983 109.5147315723448 0
259.7511738946925 111.1039226548487 0
264.2424324583105 109.4315318470841 0
265.4041754110343 106.1699499568156 0
269.1223634999357 98.98210433447068 0
271.6788086361133 95.05584060239418 0
274.2352537722909 91.12957687031769 0
276.7916989084686 87.2033131382412 0
278.4069948588983 78.79800364625476 0
280.8961169146355 73.51291284161663 0
285.4301202912315 68.20606798037363 0
284.8805441243714 61.54245695719472 0
284.4408831908833 55.00593542260216 0
285.654530559366 50.63222509467371 0
286.1628885137117 42.93128905654634 0
285.4575990995745 39.60406334634738 0
280.7239163823527 34.93449784859259 0
276.695523079268 33.59215806103675 0
272.6671297761834 32.2498182734809 0
268.6387364730987 30.90747848592507 0
261.815137721345 25.74711093915489 0
259.0199322726759 21.92908317994057 0
261.0541273902901 17.29012602147895 0
265.0851159141627 11.94587944888019 0
264.2867038717521 7.422562275528707 0
258.6962929744138 3.805282477264694 0
253.9042941194863 4.711319852352141 0
247.3112883677442 1.211588289777644 0
245.5102814709297 -3.194180647884306 0
243.7092745741152 -7.599949585546254 0
240.1297781373228 -15.15051547801888 0
238.3512885973449 -18.29531243282955 0
235.5789821556284 -24.84977152286821 0
234.5851652538896 -28.2594336580962 0
232.6845476768317 -34.2246249692237 0
229.0916934859837 -36.49506150856456 0
226.5567734163414 -39.80282306285389 0
226.707906862228 -43.39567725370189 0
222.4807501787955 -47.02745975636916 0
218.1024600494766 -47.06638806818844 0
211.0930740213148 -49.77076078927929 0
203.8592777250185 -50.97639350532867 0
198.4074821497662 -53.66313399106607 0
197.5583869719673 -57.80968617002564 0
196.7092917941684 -61.95623834898521 0
195.8601966163695 -66.10279052794479 0
198.9344646297665 -71.57366860899094 0
202.8578278209623 -72.89799451107751 0
206.5155625315091 -77.04118816901743 0
202.3994660317964 -81.48645789367242 0
198.5489980127326 -83.11285986247408 0
194.698529993669 -84.73926183127571 0
190.5656408888577 -90.12491744144693 0
190.2832198031101 -93.88417108281649 0
185.8606582603497 -96.40229854736027 0
181.7205178033368 -95.16117237053452 0
177.9543944598815 -89.05019071514272 0
178.328411573439 -84.1803352365767 0
175.8797444299845 -76.62976934410409 0
173.0570601729724 -73.94905893019751 0
169.874861506806 -67.28850110794556 0
172.4342071838643 -60.60351767827763 0
175.3530672700769 -57.89838165695505 0
176.8949337382122 -51.92937384466877 0
175.517940120135 -48.66550205370508 0
169.8466193982312 -44.75740486714422 0
165.5522922944049 -44.11317947154707 0
157.9021157216888 -41.50937155598932 0
154.5462662527992 -39.54978903602871 0
151.1904167839096 -37.59020651606813 0
146.5506963252163 -31.17066074199134 0
145.2668253354125 -26.71069748787513 0
139.2581259110752 -21.60192903677129 0
134.5332974765417 -20.95312383978366 0
129.3611751062026 -25.25890044708635 0
128.913881170397 -30.21348225137665 0
124.3081275720165 -34.95281339031339 0
120.1496679094416 -34.73756272495984 0
114.4951397926364 -29.8890796528828 0
112.9990713384061 -25.25584724615931 0
106.7262700338833 -19.86637513482934 0
101.9495371835907 -19.11013543022286 0
97.17280433329822 -18.3538957256164 0
91.79153769945955 -12.87130098601291 0
91.18700391591342 -8.144945951015904 0
90.58247013236729 -3.418590916018895 0
89.97793634882116 1.307764118978117 0
90.10388088705994 10.77192369244841 0
88.52888718886665 19.02289387757497 0
86.22341516888844 22.53605952422829 0
83.91794314891025 26.04922517088158 0
81.61247112893206 29.56239081753488 0
75.76986583502361 31.91610341215967 0
72.23273256109334 30.75665036013116 0
68.97038737059314 32.92900281969212 0
65.82101061439199 37.40881187983383 0
62.39684577476076 38.55681542838608 0
58.50783109399367 43.81404577456532 0
54.05855404312197 45.82801343603814 0
50.07412683338612 43.73275429988394 0
43.64981043286086 37.62329924495563 0
41.20992124207147 33.60910332618153 0
38.77003205128206 29.5949074074074 0
31.8236182922397 26.39820603683771 0
23.98605151262903 29.55979559674688 0
20.65500930127131 31.90389060845163 0
13.12428921482419 34.16440424477975 0
7.069791776581901 38.71787177728535 0
1.117576569394141 42.97098066859726 0
-2.979819074640741 42.58704065202693 0
-11.55931367951258 40.36965347879271 0
-16.04141264034955 38.53620632212881 0
-22.45466118751442 41.08410249571086 0
-24.38581077384233 45.46544582595679 0
-24.46214079701735 53.24729168864971 0
-22.60732123386445 56.6477942210967 0
-21.15369227251944 64.1055428053885 0
-21.55488287432733 68.16278885723331 0
-21.95607347613521 72.22003490907812 0
-22.3572640779431 76.27728096092294 0
-19.28009552366549 82.22140518565415 0
-17.07446317400021 88.79044331011923 0
-18.34718998042044 93.47260326169791 0
-19.61991678684066 98.1547632132766 0
-20.89264359326088 102.8369231648553 0
-22.16537039968111 107.519083116434 0
-23.43809720610133 112.2012430680126 0
-24.71082401252155 116.8834030195913 0
-25.98355081894177 121.56556297117 0
-27.256277625362 126.2477229227487 0
-26.26566658459663 134.702265279683 0
-24.00232873741103 138.4746476850387 0
-21.73899089022545 142.2470300903943 0
-19.47565304303988 146.01941249575 0
-18.02980974405872 152.2374088436331 0
-18.1923926934215 159.2078665599757 0
-17.53748109457986 163.7327103337906 0
-13.36375542736997 168.3911316481619 0
-9.844941359001719 168.5247091887182 0
-5.910281324375973 172.6555373829037 0
-5.494435358118484 176.6527880365329 0
-5.078589391860994 180.6500386901622 0
-4.662743425603503 184.6472893437914 0
-7.150491540923634 188.8036880957406 0
-9.449551838955131 192.6759101714092 0
-5.152772404144145 197.5863249817297 0
-1.460526752879292 198.7836658147015 0
180.3411365250393 138.8864715647048 0
85.80769783662569 29.80240533122357 0
196.0034364584815 121.1312177572274 0
142.160440648934 -17.92004297346124 0
-14.66942581191796 97.57855578231964 0
236.4726128452012 -15.40792273257772 0
244.4039255104309 4.99230951072019 0
254.3077242690533 22.4172072610924 0
-15.89385157745298 146.6911393052957 0
165.5213637947505 195.4250691196654 0
54.28233428660829 50.13075186247209 0
57.9939649879046 52.13973822402359 0
54.50984239511583 54.27329660004998 0
58.10481655304933 56.17305249361998 0
54.71854358794653 58.30357521399225 0
58.2089497986606 60.13137813982054 0
54.91474235525894 62.20562100443254 0
58.29211987046908 64.00057368789129 0
55.10309126284864 66.02016978013357 0
58.40338014905242 67.75044857629958 0
55.27473863686828 69.74356567737975 0
58.49823054425649 71.40856828400663 0
55.45317911635986 73.31886338533333 0
58.5249434035066 74.86526346188693 0
55.63304653093877 76.83439467089197 0
59.12065258123472 78.45092418218658 0
55.89267699551175 80.26143352303387 0
58.78069237429281 81.83299292723953 0
55.96042359860945 83.59349160885813 0
58.85393469035395 85.09748905933598 0
61.61119848865435 83.39834605348311 0
61.66789337633448 86.64249469722486 0
64.34122292179238 85.0130999657276 0
64.46980184198637 88.10939121206374 0
67.1109536961951 86.48832404389731 0
67.25204168236763 89.53652991040839 0
69.85361713866214 87.96002384975975 0
69.98405444124276 90.99074230298433 0
72.61240322503319 89.36573247433637 0
72.75708700957665 92.50822977095426 0
70.08011381264376 94.02284510722401 0
72.80669742112437 95.55871391123898 0
70.22391855124971 97.00351035659678 0
72.80386176217544 98.42013727756635 0
70.50608398780142 99.88833405529043 0
72.86220415088576 101.156465684244 0
70.5916523204198 102.6978649132052 0
72.87686946034421 103.9606082748602 0
70.74158221823411 105.4129794736966 0
72.96348344884115 106.7300213094523 0
70.82519271884054 108.0787994724421 0
72.96556563034576 109.3121984490642 0
70.90870559079789 110.6630943009834 0
72.97244736434735 111.8530649003931 0
75.40437338809126 90.91149918044319 0
71.00920364255236 113.1634008729871 0
73.09816158464035 114.3241502778972 0
71.0928585124129 115.6015869533573 0
73.18652274435267 116.7290678659946 0
71.20110319592271 117.9722205269237 0
73.23541126718231 119.0693812660039 0
75.37724901098882 108.2187357238579 0
71.31358432893983 120.2771313671644 0
73.28680117795633 121.3483835259266 0
71.41621600457638 122.5192050577024 0
73.34915511583746 123.5729226835069 0
75.23123152618059 122.4236671776776 0
75.28104176810879 124.6403235865823 0
71.49243259587976 124.7114936480073 0
69.59040873895003 123.6851976192873 0
69.66797231480922 125.8377004458989 0
67.78536360851373 124.8365645091842 0
67.89441958260547 127.0146088112645 0
65.99107750800965 125.9791114896015 0
66.09911344346547 128.15738371162 0
77.18698891306406 123.4861396385911 0
77.2346989280863 125.713413183218 0
64.19401915773472 127.1135865470393 0
64.27134938855727 129.2279869355255 0
79.16128978816417 124.5550547004106 0
79.20676492866988 126.8180881398171 0
62.38998238446464 128.2356739515571 0
62.47309712085838 130.3541887884479 0
81.1688753401663 125.6436929424848 0
81.21658361297642 127.9598638155643 0
60.58046472545567 129.3663890952026 0
83.27766233952222 126.6514325701216 0
83.27427981553882 129.1043820295385 0
85.38096100957672 127.7664561210835 0
85.34584250003911 130.2877020699803 0
87.46027828581583 129.0259843006516 0
87.48646157503757 131.5440234550987 0
89.64201048748616 130.2372704474759 0
89.67795952850679 132.7581204364359 0
91.88474144051276 131.4522837679381 0
87.51384473307786 134.0738874055374 0
89.72528261961853 135.2901743822579 0
87.51450000433586 136.5943995941617 0
89.6548098966678 137.8305177857636 0
87.55467566281118 139.1477920566652 0
89.705444116423 140.3898188079462 0
87.61280789351176 141.7608290933539 0
89.78731253081456 142.9888687336338 0
91.82171263514257 128.874498458584 0
94.12261138701389 130.109701896025 0
94.05288468263839 127.4534942912049 0
96.42991470891957 128.7255207338864 0
96.3915448688942 126.0540808761892 0
98.77100454748704 127.2731742282594 0
98.75158057087867 124.5682440535555 0
101.1919686874874 125.8555869423874 0
101.0257881867541 122.9039656555687 0
103.6733957726767 124.3635229264493 0
103.3755655892498 121.3053825066884 0
106.1570747070523 122.7444231621311 0
105.9917067184379 119.7583440298713 0
106.0573615850282 125.7662771165444 0
108.7705738718509 121.1689375682659 0
108.7257084996905 118.1250163693438 0
87.66621176708212 144.3849848815595 0
89.87802218003517 145.6247403051614 0
111.5089438657804 119.6495964230123 0
111.4328345077681 116.453821596754 0
114.2538485982053 117.9974698117973 0
114.163687768346 114.7044294050086 0
60.71248080105121 131.5518945328956 0
58.74621353739553 130.5240397987531 0
68.69756037204337 106.5412544223521 0
53.03039606582327 82.07171200025076 0
117.0188276720249 116.20016191697 0
116.9567893464691 112.9104972721068 0
87.72955754883728 146.9873637777049 0
90.07571559599475 148.2916869471351 0
146.7515429528267 -18.5195908139476 0
145.0152448401471 -14.30393971819259 0
149.4676492912629 -14.94248360207924 0
147.8033369701355 -10.76537777750146 0
152.2268957614868 -11.35497227832953 0
150.563870063116 -7.253734141040042 0
154.9246729340988 -7.806127010727707 0
153.2696297635564 -3.796758066907699 0
157.6592793064255 -4.374831992038736 0
155.9645834612386 -0.3596860133590098 0
160.3900596397227 -0.9372862887032767 0
158.6477890813879 3.07030156898783 0
163.0065555488713 2.476276128721693 0
161.3129402929961 6.494071007327648 0
165.5975056238088 5.902639284043047 0
163.9628416783615 9.910381532564855 0
159.8516833958904 10.57158552799557 0
162.3617549667977 13.91899525702323 0
166.5811882521343 13.35231270019838 0
164.9713105819111 17.3130347765099 0
160.8516569503108 17.93739316153476 0
163.3706782817737 21.27543672998715 0
167.583416941093 20.70030569666503 0
165.9565853013557 24.64089476427645 0
161.7466436626113 25.21059031783157 0
164.3323650926042 28.56562031621608 0
160.1406122733876 29.13677801163826 0
162.7245821583417 32.47271686779116 0
166.9041455215287 31.91241437559047 0
165.2920766791868 35.80230767517577 0
161.1354991494809 36.3559175523025 0
169.4645502530909 35.25211167999359 0
163.707768520128 39.66940202485959 0
159.5727698426278 40.21142618832437 0
162.1191659710648 43.49812182027081 0
158.0204894273799 44.0395620980312 0
160.5737170077894 47.30798571145022 0
156.4673073925078 47.83342323868188 0
159.0113433356706 51.0730796573401 0
155.0736406512004 51.54415230576228 0
157.4740097813101 54.67814482200012 0
161.4768502359594 54.29292181971157 0
159.6365622593418 58.40605356035756 0
163.8067505315304 57.56067884267523 0
153.1461665537709 55.32540352040778 0
162.4504927596386 61.32464413459165 0
166.2735412007794 60.68544476794811 0
119.9360112047489 114.5725133383828 0
119.9998012415297 117.9932239494998 0
58.89007076061536 132.7694244579798 0
56.86563152675207 131.7052698963794 0
56.76954418388164 129.4996050275881 0
54.85420005550006 130.6483700198376 0
54.77174461890834 128.3914617949169 0
52.87196923325111 129.4627536944403 0
52.69851954053202 127.3297784019569 0
50.79819071990869 128.3539518343958 0
50.61580308668289 126.1872329453354 0
48.63732172018855 127.3327797380994 0
48.60028529164001 124.8185374353428 0
46.46802031211053 126.164693359857 0
46.44978749216635 123.5789081810555 0
44.25533973943109 124.9796733054218 0
44.18508034798208 122.437042336189 0
41.98145072089797 123.7908349241897 0
41.90847645329734 121.1921133202933 0
39.7111980162434 122.6487795804491 0
39.21901206095716 119.9239960611138 0
95.5313742989493 203.6311877612051 0
119.8436308026137 111.1541768370809 0
122.8725935019913 112.7966419687292 0
39.70941832774153 125.1420440563466 0
37.43491626487027 124.0688854990885 0
235.697721511247 101.1002121813348 0
231.7683790696192 100.4257638952993 0
234.3614035572391 97.47545459831903 0
230.5997156895316 96.74669900856806 0
233.11519888517 93.84717402638888 0
229.3554823903704 93.11165108982523 0
231.8805519794757 90.20639998334551 0
228.0624575194363 89.48148327362073 0
56.95657466991902 133.9335804175213 0
49.1713024154558 129.5610189806369 0
87.77417066699229 149.6981327477407 0
90.16246544650814 151.0117221542308 0
164.7463530008286 64.35632654019241 0
37.44219308197462 126.6112714235282 0
35.08951034713255 125.4587003711113 0
122.7731137842301 109.3590274203489 0
125.8191452722046 111.0071136874722 0
119.7275479682202 107.7229479827698 0
152.5215840144067 48.56151856785721 0
75.26948285674356 87.72307317449993 0
35.18952616748895 128.1552469083578 0
32.76371109638002 126.930383212248 0
32.86662662724382 129.6665776667084 0
30.40549355696562 128.3913125751958 0
30.26824082073327 125.7272471215236 0
27.91289008755021 127.113662351662 0
30.5131518741623 131.1686670457085 0
230.6370743815627 86.54818750820479 0
226.7657635491381 85.82531051678581 0
87.77894497136236 152.288026526242 0
90.14152457633445 153.5594530542611 0
92.71564850094975 152.3035141978587 0
122.6647856341995 105.9013373689455 0
119.7059893122249 104.260508101032 0
170.1436499562463 168.6461022469055 0
92.74004376962677 155.1459364652698 0
95.39890226204125 153.7399534997741 0
229.385038755434 82.85744236952347 0
225.5026474583459 82.11749683391628 0
27.76848186791418 124.3628800742642 0
25.39730022090636 125.7761794598306 0
51.97313304301284 68.02576738961559 0
95.45337254981774 156.7984162325775 0
98.0839435536339 155.3279826611257 0
167.3150501393376 1.90099642215587 0
122.5698523709834 102.4228141950628 0
119.597125284962 100.7771884335248 0
85.55103296544729 151.0498812195353 0
85.46039892486823 153.5329747808491 0
83.37573662499683 152.4313955344352 0
83.33930696673987 154.8279066521467 0
81.33482579628405 153.70780271693 0
81.32426553454879 156.0107152399489 0
79.39273144580861 154.8078555108531 0
79.35671168030331 156.9904177783108 0
77.58159582116764 155.9621014571166 0
77.59691787722151 158.0032968944739 0
79.20848458486955 159.0059970295699 0
75.96420644161263 157.0890668560844 0
75.92801511719742 158.9230768316823 0
74.3606008213102 158.0666052434381 0
74.28307411790881 159.8137444886863 0
72.72751589237117 158.8914476168823 0
72.69259667565174 160.6878084085406 0
71.1387458191258 159.7493652068563 0
61.36553541029758 61.99803899068019 0
71.17492449323765 161.4791362168964 0
69.53855194694943 160.6501552071212 0
72.74824973024273 162.2825652405919 0
98.17911672688957 158.4044802845899 0
100.8641946509862 156.8801283740771 0
100.9058968180932 159.9017770508019 0
103.7515329636884 158.3285829659389 0
98.02777429688652 161.3622803367038 0
103.6596731448855 161.9736750226766 0
106.6440274177121 159.9776164027667 0
106.7105200059432 163.2496000447107 0
109.6170068633584 161.5339286128089 0
109.6565591038343 164.996338105543 0
112.6414299001279 163.2044679328196 0
112.6738974834604 166.7298168500686 0
228.1066819784622 79.13361106965968 0
224.2244696439765 78.38028686586171 0
149.0318611204171 -3.225560591951577 0
221.6253305805898 81.37889829069017 0
220.3356875814655 77.63263927391384 0
217.7527574766635 80.64283124771127 0
222.9359655472806 74.61829104889037 0
218.995552863113 73.88117337691531 0
221.6482118999429 70.81825463924621 0
217.6557972045576 70.08079329056521 0
25.2906643857969 122.8756599684468 0
122.4637532230202 98.92965720649073 0
119.370381350299 97.27971573808482 0
69.81550106073675 162.6164226402304 0
67.84784238762191 161.612692775046 0
220.3377010367568 66.99072963666578 0
115.7105421266862 164.8985491934772 0
115.658272800538 168.43942837529 0
67.81278917227034 163.5733282603478 0
65.94527975302724 162.5304644488964 0
65.88262240053268 164.7089338359749 0
63.9272548955707 163.5414700376099 0
63.89299342867155 165.8810828577993 0
73.05054455037826 157.1903394724424 0
122.3099973100012 95.41889265810988 0
119.2203311813986 93.76548457424238 0
125.3494034861758 97.01615936934668 0
105.8681260971623 116.7143423787182 0
216.3296351439647 66.23755150639032 0
218.9965702256247 63.13626221016654 0
223.0327555695224 63.90450744728558 0
64.34382689770487 131.3353406709396 0
115.6459936329128 161.3736050885962 0
118.747359040723 163.0654054425437 0
22.72263837135364 124.4583027258618 0
22.63421548586609 121.3778222858586 0
122.1890744250915 91.8859718163063 0
119.0883582821373 90.22223330383309 0
61.81978704423135 164.6336380592211 0
61.86955066660813 166.9598178484765 0
41.81973532073295 118.5174405442023 0
39.51411338359291 117.1985239382313 0
221.6746288160758 60.07841125065643 0
217.6220593615214 59.24567365694681 0
118.6793177091435 159.5047803318132 0
220.3038481399736 56.12147545151295 0
121.8217009987989 161.2262330948141 0
121.7547325859668 157.6181540822801 0
216.2346556758692 55.30594413851095 0
218.9482016635091 52.09876588251338 0
122.1073639443379 88.32892138299701 0
118.9474523912118 86.64389620207371 0
225.652027286252 60.95099536239252 0
265.4283748131509 33.69090973531156 0
168.6758467211633 63.82436781384087 0
167.1373034288594 67.48789454647044 0
78.04147671056143 89.22463865174169 0
77.93457549515151 86.04940405304336 0
65.98099246673382 160.2428905655343 0
20.03257881548623 123.0191524396916 0
20.13229895620688 126.1110429443556 0
231.9901324333556 79.89602863926498 0
19.91625960038591 119.8873412529479 0
214.8827184439758 51.35357602806907 0
217.5633767864518 48.18345887048032 0
171.0802273650556 66.97547083207014 0
169.5440620334191 70.6351283222897 0
165.7961067439016 71.21043477263964 0
168.0573648659658 74.28315593281434 0
124.9283527194127 159.3666582375066 0
124.8552341668645 155.7228357807699 0
172.1121825056019 73.83295039081878 0
170.6348452430296 77.46708417076866 0
166.5671249448922 77.89944524031826 0
168.942247190365 81.00005830400163 0
172.7630296015206 80.5038260190091 0
171.2340080330733 84.09581836044369 0
167.4115190173056 84.57193962293297 0
169.7300943077174 87.62669513912721 0
173.658542943968 87.13092696765018 0
165.9474513109099 88.11263689169832 0
168.2541721471348 91.15815676602145 0
121.9994301872529 84.72444511649205 0
118.8022248390409 83.02084210220524 0
79.35590335042322 152.4817513815842 0
41.87282636169523 115.7583597386322 0
39.46590776246401 114.4705473547992 0
164.4983846876729 91.63040775263909 0
166.7625634746786 94.61565600982888 0
59.66336420378907 165.816988412744 0
213.5296142508554 47.41990146623832 0
216.134122646609 44.133765843575 0
17.41063084170582 124.6756925420231 0
17.55359401103206 127.7799949616911 0
25.63826980152243 179.8566621722873 0
116.236534294153 95.63889553978504 0
121.8870358117124 81.08878743526131 0
118.6414483141199 79.36324144904306 0
212.0827944073978 43.3668620907461 0
214.7934073776407 40.01892074654303 0
128.1323186602647 157.6149366780726 0
128.1253839351017 161.1659533968819 0
127.999755363403 153.83111694622 0
163.0797437214705 95.07951222507334 0
165.3174952583485 98.02076656198462 0
80.74393905213185 87.57139674448862 0
80.6477753217108 84.36059041550651 0
33.01474772969591 132.4785761076498 0
30.60241796836642 134.014418386071 0
33.16460129624313 135.3512475156458 0
30.68727952723694 136.9056574070526 0
33.2980031804386 138.285786760999 0
30.58146987001285 139.8536626351327 0
33.39804820145545 141.2976556808714 0
210.6245161168079 39.23841298724787 0
213.4486339214209 35.96950504427431 0
125.0160388327573 82.81646014273417 0
121.780347296867 77.41526672059963 0
118.4912394200125 75.67053021372229 0
14.8010615575007 126.3415364403207 0
14.93816659830648 129.4431035392099 0
12.19529232644146 128.0080731993667 0
12.32963200992388 131.0943949230742 0
9.617392549868185 129.6939071697803 0
9.733845803267798 132.7393261853577 0
172.3563358954858 -41.68441851922974 0
161.6726340559952 98.49020547271108 0
-17.75714558960081 67.01441325150952 0
121.6731899266429 73.70229953358833 0
118.3528781503824 71.94227066294957 0
131.3093240134639 155.7526207431707 0
131.1697788068228 151.9081091035926 0
172.6168822004168 63.30224468897447 0
209.2109285927378 35.15077466863069 0
212.0422672210074 31.88478188341953 0
41.84580372253654 112.921314920925 0
38.89257706038295 111.5608525293026 0
163.8929447891298 101.4061950294109 0
30.5454166463947 142.8544909817282 0
33.53038899578988 144.402770178596 0
121.5445838694869 69.95158837712881 0
118.2124239524382 68.17972455316617 0
115.0303407048702 70.20034260525411 0
114.8681376252788 66.41985581749903 0
118.0802689308929 64.38095386718514 0
114.692192601456 62.59597846034349 0
117.9401561636657 60.54081197617781 0
111.6496168128377 64.6569756821426 0
93.17899674975001 200.0001919656472 0
83.1563361343764 124.4020645830188 0
185.7881888249004 129.4161195394963 0
160.2961174466293 101.8929532441442 0
207.8031156707293 31.06333380194054 0
210.5421307109854 27.83485278072149 0
134.4406311363049 153.7266350067039 0
134.3497154878761 149.9402379924161 0
169.7204009498178 164.215422843453 0
64.07415597426987 124.7037104397996 0
83.46779078670457 85.89084836748653 0
83.39914240760966 82.64747338535577 0
114.5155160545466 58.74183674095487 0
117.798368053876 56.66641533345229 0
206.3978964697448 26.99026771450497 0
209.1046640993517 23.79165231239936 0
7.034249720434474 131.3456786382411 0
9.301829018219323 126.6686785616738 0
106.8302588866994 166.6306785863103 0
83.55537484773458 89.11136294153594 0
162.2065092367829 88.72144178602241 0
7.15060597263836 134.3694338359677 0
162.4971732092218 104.8127487403016 0
159.0497114456099 105.3790349802476 0
97.25221473384968 199.87958800143 0
204.8671396522369 23.01231107007388 0
207.7930095715772 19.73888857878459 0
213.6668479793903 69.33189145296197 0
168.9594819847945 97.38578408901905 0
221.4826027772994 49.01206124406864 0
50.87690361289336 123.5584624057818 0
92.23145404802668 141.6026028616709 0
67.70877068220662 165.8266744546067 0
103.5570537668317 154.8241611107715 0
208.0235193746424 42.66683061940399 0
58.83421139710572 88.45063688846925 0
235.5275225773651 90.57474471083846 0
85.51402762906517 140.6544813030459 0
161.1247716728133 108.2595231258426 0
157.5987127933506 108.8141542907887 0
114.3385597461714 54.85356127432646 0
117.655414317056 52.75420311937621 0
203.483140590613 19.0133672033171 0
206.3450852849421 15.78856817464658 0
159.371332528334 -8.3328913959933 0
98.5750668958855 121.6448255755085 0
86.29405902019857 87.43759484828067 0
86.37795601735876 90.66315771932854 0
30.87617259877658 146.0917314522814 0
33.67637043061281 147.5514412401614 0
59.01409911693031 135.0119619699885 0
57.05345980632961 136.2482750567208 0
59.15724524856077 137.3663260074539 0
57.16379958798075 138.5641252238881 0
59.24704735080209 139.6728367321069 0
57.25210135328638 140.9498544993313 0
159.7030891622387 111.7247954711934 0
155.9593762252978 112.2112416670929 0
158.234592113446 115.2030348453533 0
154.4491867503253 115.6778518323648 0
156.7669406608529 118.7110551014416 0
152.9853482992198 119.1981251971252 0
155.2880335102585 122.2340826925122 0
128.1242233952397 150.0529953437174 0
59.99665888293794 168.5840139888543 0
57.27125588829615 167.0585103862752 0
57.30723247391987 164.3517642986768 0
54.84502533837723 165.6042032608162 0
58.41612674826598 195.0834658886027 0
158.3504295625893 99.03829699013571 0
124.8736209461825 71.72930762129647 0
54.88119008151598 162.8378835587099 0
52.37266967767539 164.1137695547975 0
41.75184873764532 110.0010172077036 0
39.2400336512741 108.5832600855239 0
202.0943783162801 15.05521456699024 0
205.0043672217072 11.82179493302415 0
114.1724869351985 50.93296438951455 0
117.5101500749787 48.81254921191028 0
110.3748072719104 52.76371685689435 0
4.478926461999606 132.9961660883434 0
94.97535510174433 196.6336462204554 0
91.10698042019658 196.6241665477766 0
92.80555412366314 193.5523777305411 0
89.25055325603732 193.7668555213937 0
90.79165818335166 190.8008119953841 0
137.6335453424454 151.7468836497172 0
137.7250913909207 155.5537640872944 0
164.7547873891004 107.7718195063323 0
98.92249534765122 196.3181964663884 0
101.2431311372543 199.5509081340377 0
4.607181577048152 135.9987012381656 0
7.276018633885542 137.3721677544094 0
4.702591841812833 138.9776954449103 0
7.43361486938069 140.37178612456 0
4.826996680343257 142.005577609499 0
7.60085264679887 143.4147083504606 0
200.7520527975168 11.12231395205639 0
203.5756685718571 7.932432773951106 0
87.60979686862024 191.0217924535835 0
88.94336615064654 188.2949659922338 0
199.5726779700726 7.184929532802897 0
202.2669741712652 4.124725558001771 0
206.1757214563055 4.845233249315697 0
204.8396026155461 1.121665347974798 0
201.0056680212751 0.3892577567262236 0
203.5268244439092 -2.55144757452257 0
199.7444614726398 -3.279633189634922 0
202.246943436303 -6.180855773823808 0
198.4838730656962 -6.896347721235912 0
200.9910622916676 -9.798061394716882 0
197.2237225940087 -10.51221286946854 0
199.7258720486068 -13.41365104254346 0
195.9555688472094 -14.13732622764404 0
203.4941844423611 -12.70456630323763 0
280.934370085921 56.32056663449363 0
151.5120061873965 122.730084046944 0
153.8231537832048 125.7732389828671 0
113.9752025752387 46.95537654645833 0
117.3752794137063 44.82042467969374 0
214.4514251546268 28.77400955352284 0
102.8917133664278 195.9593295681493 0
105.1965297254291 199.1137119490175 0
106.8435324948742 195.5887305858885 0
109.1405439051188 198.7306997599175 0
110.806039908215 195.2761289156154 0
113.0799169619999 198.3860819425501 0
114.7402334867213 194.9245289034822 0
117.0101777126472 198.0268134980656 0
118.6776786932825 194.6485222341978 0
120.9467449119971 197.7368095730469 0
122.6148867268311 194.307916284691 0
124.8835474630513 197.3905148295318 0
126.5396974653717 193.7997039495318 0
128.8274420071959 197.0085606839367 0
130.4736179353301 193.3995782524858 0
127.164236222448 200.599710079179 0
131.1481235112998 200.2428085338382 0
269.7844190094016 91.02849497153839 0
61.08109966395075 194.4864708695924 0
59.29176514036637 192.4191371617883 0
57.30533018422992 169.8426681916311 0
79.21824489983041 129.1239071234521 0
202.2282443473172 -16.32105019590132 0
129.4529262559102 203.8985674403326 0
133.4917788413833 203.5217063469274 0
113.8126127742761 42.95490533052821 0
117.2131176700989 40.79692695431119 0
3.013114547457292 46.62473485842897 0
7.028656041560694 46.86889724163571 0
4.552001760623796 50.43001195950866 0
8.623320404376329 50.76344726051295 0
6.265039569410774 54.10027514645493 0
10.28064103388382 54.47378340354845 0
7.951165634583845 57.75827336839427 0
11.94208229333562 58.14053178311064 0
9.603450084073415 61.41472687788337 0
13.61825407546561 61.79221930059052 0
11.26258031832859 65.07019825878398 0
15.28547424267271 65.44967166095961 0
12.95046815861122 68.72076097624283 0
16.97231095943511 69.10678368925521 0
14.63744212206532 72.36669323076565 0
18.58850367593551 72.76743384625222 0
16.30365489388473 75.98374501304821 0
20.21925638309007 76.34404321374626 0
17.95075328396982 79.49516388372521 0
21.78315532947616 79.87446548546426 0
19.58684653461586 82.95554578731304 0
19.07981070485023 65.95565337687472 0
23.32118268073604 83.31950073772771 0
21.17641391469921 86.34952763186939 0
15.77709554373611 82.64247077711718 0
208.7192869759288 1.822694327980898 0
151.0284366659057 230.920712383163 0
89.13288118977644 88.98351557962351 0
89.213917589007 92.22352933511381 0
41.78184075747249 107.0384743135476 0
131.7891168887392 207.2064482811043 0
59.35859788141533 141.998180243183 0
85.95066373051741 188.5030955012314 0
87.25719439037977 186.0211927211491 0
109.7806962873483 -16.11312044261554 0
30.99255642941621 149.3771895695832 0
233.118055743492 -22.66206752092164 0
44.30811003203502 108.3687031636645 0
-15.51856196340449 151.721892947053 0
92.15086739689568 187.7060469467975 0
153.7683041237587 108.8600665405563 0
61.30447694328268 140.7429258585749 0
61.43244859991404 143.0280330328368 0
63.33821342449095 141.7699671014913 0
68.99845891956382 114.3645623646406 0
52.42067087533286 161.2793191306523 0
49.79680720390664 162.4620960721132 0
39.21783966657679 105.6842236028596 0
203.7177932677498 30.18983724494944 0
210.3795811476306 16.47528704725741 0
120.8093308874702 42.69335441059552 0
120.6329522500195 38.64026802929212 0
117.0526362362868 36.75950333152247 0
120.4871045957595 34.5818144214225 0
124.0952992130323 36.47981582742264 0
123.9385475910652 32.38887726608537 0
120.3369123461236 30.48506128682622 0
123.7976706792924 28.27191148083074 0
120.1401529416254 26.33748958808295 0
123.6588902047549 24.10170332583914 0
119.879889129071 22.14260155568414 0
123.506383393838 19.86624057781931 0
119.6488407770412 17.88949919574578 0
121.0259885902848 54.59820856909566 0
1.89374522741447 134.625229104234 0
1.67624973963332 131.6933488417307 0
140.9846980719531 153.5861833168959 0
141.0643549781788 157.4476046350098 0
4.994809722522774 145.0947166912718 0
7.798143085289183 146.5288245743484 0
115.5531735726612 81.3304110967773 0
80.50691359137571 81.11473589047303 0
83.31409689051648 79.35486696323846 0
123.3560510520034 15.59578091006347 0
84.60662359645298 186.1342380899007 0
85.71915781518088 183.8706365919029 0
61.84873959096828 191.8519698416921 0
157.9212392303418 -37.62332940467412 0
14.13494281333089 54.94049277372113 0
127.2472455499436 21.877542473331 0
127.5544264501624 34.30538972432991 0
217.3412772410277 112.3930846270216 0
41.74750587223272 104.005714794176 0
-2.894947231924561 170.3848933870099 0
135.84125672433 206.8317591783824 0
36.65350104876173 107.2891687586591 0
212.2109900656377 54.6007901088238 0
-0.8921777720970852 133.2459513770502 0
51.15639471665659 56.48783613939097 0
25.52931594808661 80.30323698502728 0
55.11877216875141 139.8401040240585 0
146.8655329940424 231.2646115170364 0
-1.169835165587784 130.1585861091814 0
150.0388074517678 126.2612362414175 0
152.3612880161172 129.3208682186128 0
225.5276125836859 92.3766912669445 0
199.1087985949636 18.44014183721302 0
59.66927753929475 171.3218179196724 0
57.28978346968418 172.5731112399419 0
49.75415995759673 165.5534206801378 0
47.06121462218874 163.7837792147663 0
176.2308143470737 -42.26142695551368 0
174.8430001627928 -38.70387170460661 0
59.57885875616638 173.9755571805715 0
160.5336560609552 118.1285829720029 0
178.5552428835938 -39.21253658106345 0
177.2499830202574 -35.69655055288656 0
180.9812785920436 -36.23201861805317 0
127.7321851042935 207.573817860105 0
98.67809926256867 130.0466427775543 0
55.22182055407575 142.2910436044367 0
92.01282742772909 90.56472036813388 0
92.05931722123947 93.82155369217254 0
91.91933937662878 87.26973318444631 0
39.21508509043241 102.6381488822044 0
63.47636738081113 144.0478100997053 0
65.36551459906241 142.8011986496841 0
137.5364381944215 203.1319325828466 0
205.9859986177757 -15.60851910546337 0
204.7289436957113 -19.21149630972043 0
198.838626452078 118.6870236928916 0
195.3293732490263 117.4597385960726 0
198.1169258283193 115.0303460908882 0
194.6384826729065 113.7959964194222 0
197.4282037257859 111.3665426511751 0
193.8190054763052 110.1576819845287 0
196.7705807414123 107.6868863069168 0
190.9769005625565 112.7473599541349 0
83.28239843320533 184.1220070177145 0
82.21670971959996 186.1379349196904 0
84.02003997151826 181.7338054869363 0
86.67973171162342 181.5847121441729 0
85.32115350324879 179.6140958746528 0
87.77628291814199 179.3110775237058 0
86.30311303528984 177.3384743707811 0
83.65068045921176 177.6648677615672 0
84.80850906597399 175.4500416285644 0
82.51808967312971 175.6159042866681 0
57.30835483339632 175.2305026273182 0
59.64384815234899 176.3838585846959 0
130.0951437688844 210.9094429772503 0
99.87330787499006 214.4526187180498 0
139.8968581033977 206.4511455554216 0
195.9641961771272 -4.020233004937438 0
8.923246199673997 68.35843566097448 0
61.5673946755781 145.2862593971483 0
80.33686533144864 77.78871493353708 0
83.23123322103129 75.99081793747082 0
179.6584564237044 -32.70188669925639 0
193.1055294056605 106.481464215109 0
196.0898216821672 103.9942362653865 0
53.0254306447886 141.1386549291665 0
83.47841792309148 173.6164224308204 0
81.35227153964698 173.9019384614219 0
21.01953402461312 35.9607052904181 0
175.8659985048257 -32.12874670843111 0
178.2857246748247 -29.13128490383272 0
80.46543243081368 175.6942703282204 0
79.37699508657226 174.1257162421119 0
50.23475614060729 159.9910612520471 0
5.056063712649973 148.2839796611714 0
7.986655270590774 149.7289965426044 0
119.4817260166916 13.57692682772667 0
123.2186881235282 11.23823219159611 0
128.2669812664502 190.2190853513596 0
132.125159319868 189.817109651247 0
126.0034278787245 211.2757262691551 0
88.8712157941534 177.0471171175379 0
144.3876998504087 155.4383962580188 0
144.4645476845379 159.3585432357636 0
41.71247530608343 100.9141759177658 0
147.7554020621754 123.3527238662817 0
146.2641659058309 126.7410950081349 0
80.95110844963281 184.2515875762248 0
80.03101113506411 186.1915552590869 0
39.06162478805875 99.40738895419588 0
80.13527933597837 172.3185170959273 0
-19.00568228941469 110.8947840935596 0
80.23150572480972 74.38208519680158 0
83.15684770641165 72.55379104778872 0
86.19058138994001 74.20455991721414 0
85.95978806792598 70.71765672820803 0
83.00462703954759 69.04420848547257 0
86.41750984325361 66.89064219782347 0
82.95498388147999 65.42396886381847 0
85.95315700715537 63.50363886117476 0
82.79410548957438 61.84006297546745 0
85.86767568306527 59.95117397158313 0
82.67531373965133 58.21295611287568 0
85.82424856916379 56.33780782312115 0
68.4903541892815 39.69004517315186 0
108.499819089663 192.1711133373389 0
183.0787398855619 -33.0190176550831 0
208.4738194730235 -18.50288411512436 0
207.218434703262 -22.09783532784381 0
116.360363840251 24.43031919063696 0
88.76589297791993 72.22432561667134 0
94.84567689253234 88.88378000340015 0
251.6318668437769 104.1304731167965 0
10.27140549666014 141.7935732458691 0
63.61140056938922 146.3244768825543 0
75.55978743297186 115.2889511289291 0
78.23506363426236 172.6154844251075 0
129.9310925878976 186.642735255852 0
133.7702780826033 186.2433710519632 0
94.37334676820612 -0.5318717845235312 0
61.7042531783103 147.5553211002542 0
47.02541057539111 167.1169271141937 0
44.22205627296724 165.3266497188595 0
192.5291816409074 102.7470502041276 0
195.4211600132795 100.2818330373226 0
198.9899477952773 101.5359012463814 0
198.3341022261082 97.70065319241689 0
194.7225396023331 96.52179937179449 0
197.6188716388157 93.88220198944495 0
89.30121834719793 95.4541135182603 0
92.08443144523156 97.00481650954842 0
202.389918217951 98.93413721363532 0
78.6358424385736 175.8365772854441 0
61.96307025087619 175.2256375342293 0
61.82849476080017 177.4521959533403 0
156.1236205636245 128.880660240382 0
154.691940098879 132.4381114912063 0
141.5936637284714 202.7426337185381 0
174.4637256834497 -28.53574602431425 0
176.909304467951 -25.48949113896519 0
68.20705418783243 99.12638190057648 0
194.0070030934834 92.74188857056753 0
196.9255144217604 90.26271156960016 0
78.90976772532794 170.8238172296607 0
57.28803207940931 177.9331842533156 0
193.2965269602641 88.97501319682053 0
196.0198909305429 86.51028914260898 0
41.52017099269354 41.68365102081749 0
143.9593459319424 206.0662772805933 0
53.14258427432482 143.6474867058541 0
50.84809104089172 142.4936604911422 0
144.0110906604303 123.8857232310783 0
142.5476704245409 127.2160021939993 0
89.36391605548212 98.64452818767674 0
92.08122673959053 100.1513574328418 0
94.75233385386974 98.54196910436309 0
89.47621573704993 101.7865009926331 0
92.11002645617529 103.2582937161739 0
89.54234543603519 104.8429515945341 0
210.9444701938236 -21.382477917942 0
212.1934634299948 -17.80965055385668 0
128.3852016009786 214.6469029825811 0
118.7389245810533 155.8990735163396 0
88.95261712468213 61.6479317142192 0
78.82453096839765 184.5276137648133 0
77.90342769155342 186.2619583149865 0
79.06603101814383 188.1420576100541 0
76.47910576460572 187.9477350746579 0
78.0820207104607 190.2949710298991 0
75.64274239095019 190.2260028185362 0
2.277994721124273 143.6505913244828 0
192.5478394847171 85.17411334657298 0
195.5525316166533 82.65112981445398 0
74.13614518756577 188.3583069849164 0
27.97225072212166 147.77705275359 0
28.12682820571068 151.2000194560697 0
119.3325942459243 9.207300258210509 0
123.0571633482207 6.849390494686446 0
126.9581773394605 8.902113882545663 0
203.4811535857139 -22.81262754921337 0
205.9713824029623 -25.69199979448425 0
41.6928643451291 97.75311660337462 0
44.42975663149521 99.3073964348429 0
38.73790282323922 96.21067135151873 0
36.04101461508553 98.03334305824066 0
280.1233839519467 59.4644414842351 0
277.9356120086999 57.23372257295411 0
5.2207244758646 151.5194750573809 0
8.206742426315969 153.0166101163275 0
191.8755557933438 81.33928279577626 0
194.9800426511686 78.89549189716156 0
69.88678879007558 128.0290635013955 0
22.59479076858163 118.215565389507 0
19.77898971677138 116.6706240592158 0
28.07980875499818 138.436764012812 0
63.7414088063356 148.5884375863758 0
191.1688701734895 77.48700006943714 0
194.1458997900984 75.02201691277237 0
2.221184008108949 53.74713008531265 0
122.3868264959303 235.8202558241328 0
42.34926709371567 189.8506469738451 0
63.62626912576251 176.603803840204 0
63.61664750261656 178.4041137947765 0
-3.867524916480448 131.8243071647396 0
-4.049234792706386 128.424940206989 0
137.5592209513674 147.9748641299136 0
61.83167493220358 149.8327896280225 0
147.8424150762581 157.3077046541562 0
147.9186286784283 161.2652847714029 0
144.5097370374006 163.3020412513725 0
147.9799272394262 165.2410112643682 0
115.5920976414867 11.56094210262275 0
124.2377596017069 215.0109620516232 0
126.7961957731735 4.496020415702716 0
131.5070122096811 183.1043426835082 0
82.55389993528151 54.52725953087877 0
85.77983213401271 52.62397665178996 0
35.8982098087733 136.7931538270465 0
77.04104415663087 171.1228864925777 0
164.2312083959906 206.4793789943109 0
94.7481983476232 85.524037654168 0
140.2964184816417 124.2730158835521 0
138.861465321658 127.6550621071462 0
141.7652880888159 120.4523724197137 0
135.3900226338053 182.661869328169 0
137.6877257897744 185.8782758407747 0
147.7675468162682 153.367736017182 0
50.98479010865819 145.1346125352971 0
92.1928454125761 106.3023364461158 0
89.63828776644706 107.8466872779482 0
22.56575113473555 114.8323469670885 0
19.78185208567147 113.1891513016936 0
16.87066989898275 115.0874689425605 0
16.79811693547261 111.7215214109275 0
13.87749489808716 113.5254909910862 0
13.75512800281408 110.1516092907574 0
10.78840753917191 111.9160933596888 0
10.67702304205923 108.424073590746 0
7.607536210006074 110.2508243680763 0
7.544575098792393 106.5752682000539 0
19.60034245088572 109.5073502548184 0
4.311916611661843 108.5154492054453 0
4.224260993278136 104.6929295568707 0
10.55295433376853 105.0663593662642 0
97.7008274349773 87.14397305854317 0
97.61610771980895 83.74834667526621 0
158.5329087212401 131.9880983292084 0
157.201411076759 135.5060832438443 0
202.2409316988551 -26.40901787911405 0
277.158786367504 60.26776425978647 0
274.8786420595659 58.07298876996632 0
275.7025563466635 54.91720092569933 0
272.522465831373 55.78212267733413 0
271.6949763515664 58.97583364333404 0
269.250036854028 56.68103509317395 0
268.3982517558588 59.97704666523315 0
265.8902898250011 57.61991256881489 0
265.0611798116801 61.04532234279588 0
262.4875432182076 58.6020846016234 0
261.6328222257287 62.06706849886616 0
259.033851145929 59.5839181754267 0
258.1665484179405 63.09704564570598 0
255.5339703711955 60.57786978926566 0
256.4248782579389 57.01441464917988 0
254.6674399579616 64.13047196679841 0
252.8465190462238 58.01967034747879 0
253.7720933999343 54.35517134919332 0
250.0722564146802 55.40249697288525 0
251.0354959199732 51.66971309419941 0
257.3361406585603 66.67785119653679 0
253.753343509506 67.74754060820541 0
247.2622479179307 52.72140780318727 0
248.2675832092602 48.87125095971032 0
256.4903145527771 70.3219803793462 0
252.8233091299471 71.44881469120615 0
250.0954465993131 68.77996783610253 0
266.8449978260344 54.29644701152549 0
244.4282818426616 49.96465787288342 0
245.4236083621423 46.00297264058753 0
255.6327159826161 74.08182594986506 0
251.9048659883235 75.21588683330039 0
127.965524894584 183.6667534730343 0
144.9717004438007 240.4582527464854 0
-8.130231594850045 166.2224160585052 0
115.4192582543364 7.14861688333356 0
204.734228673092 -29.27466230825304 0
76.88790762695469 184.524247827486 0
44.16494432676276 168.723775040135 0
41.21762499414874 166.9415023736437 0
151.2372462927867 155.2456542220997 0
61.89494070185617 72.95485498889475 0
190.4221539077182 73.59995265035401 0
193.4478653024032 71.00938130835102 0
142.2639556047509 209.7903369880393 0
173.0231817114466 -24.894992954627 0
175.4858152094509 -21.82205483197131 0
111.0538539736216 201.8764310352695 0
177.6124394555769 151.7495373621077 0
145.4388513861301 202.3275726766664 0
48.61561725214955 143.9021884529105 0
41.62651874422892 94.53297927637598 0
38.60333245658474 92.96518533917343 0
254.7685161093913 77.9274560465919 0
48.73901188194854 146.5863156653522 0
51.15884309085234 147.8285465423135 0
73.31977227103391 190.275895925534 0
72.05646756920804 188.5023007285517 0
79.38290352113529 56.45061178097303 0
258.1689678936317 76.65194440386475 0
139.3415825404682 182.2709584519084 0
141.6396154924287 185.5142783270005 0
41.3719453409532 163.4652687170441 0
38.29065564598497 165.0640154099848 0
65.17296561796162 177.4884893717007 0
65.11993235157743 179.1249378154341 0
65.2039208198774 175.8811552717924 0
63.71457071919117 180.1843383981482 0
65.50682975794814 180.8535541121667 0
66.52692497215935 176.6014421605191 0
66.55934093772589 175.1456772649418 0
67.75429291565166 175.893821213601 0
67.82902858260572 174.4969478281756 0
68.96880808255557 175.2420014373246 0
69.03886429900142 173.8814776816661 0
70.19241356001423 174.6008500631415 0
70.16867275050895 173.2731757954365 0
151.2317006172594 -18.81842934000677 0
201.002505530826 -30.00034486327817 0
-6.999043170614272 130.3076273974616 0
77.69847086772131 169.3549051440442 0
79.56476603003541 169.0509451612076 0
198.5061686504403 -27.12910324562492 0
214.5393769872014 -20.76645153847015 0
216.4322305160125 -17.39564326311685 0
180.4385164994254 -52.33569331812335 0
14.85291386572948 132.4879907894763 0
143.3221084115538 182.0449912122516 0
145.6203149295641 185.1813846786064 0
147.3150692903483 181.6856641043658 0
63.87252555026305 181.9825842940927 0
130.6978519885729 6.568483786666079 0
11.6557420949889 184.1438717778202 0
25.1103059510788 149.5911757712794 0
25.20861513209508 153.0550411540507 0
82.43644702835927 50.80425091072726 0
85.65946381798663 48.81820785895645 0
89.06144794892734 50.67689690949601 0
88.93041742938063 46.7999502159486 0
76.85053034704683 192.8446473222128 0
153.2994062584122 136.6664931371083 0
5.406992458934823 154.8240158246594 0
8.430173134873954 156.3803183484409 0
2.427225648241631 153.3032585121589 0
66.60250100339614 83.35261681428368 0
136.6344832572965 124.7402565888258 0
135.2174032740592 128.0975372327367 0
130.5421291828988 2.157694203680322 0
126.6185317977509 0.0550305572179326 0
92.35858828000472 48.66678105422336 0
92.33213504360053 44.88139689479777 0
243.6230056423831 53.67966164332019 0
133.1098069292337 179.8996961641165 0
189.692313315668 69.66801605602581 0
192.6907351058953 67.0038060634798 0
199.1397185871126 87.50870068306068 0
254.5892366835215 50.7483594158854 0
215.7768610008405 -43.66902783608182 0
111.2859629658979 231.424882386973 0
-18.72760960133391 56.785834444984 0
176.6668869098203 -72.55944787009862 0
4.67552618691812 112.1197433023664 0
182.6509117298552 -39.98151793011743 0
250.9245687021663 79.07587744970725 0
253.8711361950081 81.82952325023474 0
179.0168241256079 -58.60576395769353 0
189.0911683454682 65.68081581571458 0
192.0352861809667 63.09401082406838 0
188.3786539937389 61.70914722871144 0
191.2523108395136 59.12416564105961 0
187.4782217615094 57.7375607773646 0
190.4993141424288 55.10160283914691 0
186.6964826273577 53.70826967998578 0
189.6194010021482 51.0767605978916 0
185.9094073790082 49.65361925847907 0
188.8472566189749 46.99951122548478 0
67.97301125645443 173.1272938099502 0
241.4653581611518 47.1558224265897 0
242.4040148490876 43.11116498560092 0
246.489309311521 41.98074360665171 0
243.4559252326465 39.02259935595756 0
239.3412170697596 40.16759807729096 0
240.4209774377337 35.99254189966206 0
236.3212411271684 37.06971341583523 0
237.3552057917387 32.91289715917922 0
48.50736346064875 141.246575933027 0
141.2409514423259 130.6337661010111 0
195.5979853840212 64.46611913540593 0
85.49969415230075 145.7918309450014 0
-7.230680171663579 126.7088656232724 0
212.1166678404683 -43.69786154465241 0
0.9130144831158873 106.7113932677378 0
231.4845609307788 -29.20536344394202 0
146.3548991985314 209.3970815885208 0
83.21197018816696 157.3380545949124 0
94.3159570234034 12.57347721975837 0
95.12258448091995 16.87259961574191 0
161.0315232853336 135.0755410774466 0
159.6490911001188 138.6865867053179 0
162.4388471081142 131.4964656437355 0
190.5073318051685 91.46580149041583 0
54.77935753361163 176.5962561934914 0
54.58030695191303 179.5790831980062 0
52.06371733549283 178.0765900811844 0
75.31826704631249 99.76789636455592 0
36.99442154058893 115.8785721668816 0
75.85549069400304 169.6215445549297 0
149.6298101385516 184.8265168779974 0
151.3183516254872 181.1421519328168 0
-12.86687120207537 87.42222670049253 0
-11.72304710693501 83.40268468260469 0
-8.929053595853901 86.28890490425034 0
-7.898485080422347 82.4693889680549 0
-5.222917346514691 85.22965162749516 0
179.3858689508517 -22.43560957342189 0
177.966355866354 -18.74734609542968 0
-6.672814673842339 133.5614669947589 0
164.197392080509 220.9334913030073 0
0.8014317400536868 102.6406234811139 0
264.6086306415368 99.33003441932482 0
92.25205181928931 109.283815786766 0
94.83303351845998 107.7709867069286 0
89.71491852864598 110.7962017637477 0
65.52079186794471 182.6953628961064 0
41.565406840533 91.26706747529195 0
38.66666805269355 89.6599388797239 0
65.23956180013286 140.5270151453737 0
67.25026988657117 141.5561478446205 0
67.12509125262767 139.305303075337 0
69.13314471209191 140.323354695901 0
69.25974213741135 142.5793636665941 0
71.15560344330873 141.3439436989714 0
71.001642435657 139.088824965738 0
71.27108977078875 143.5927923991936 0
73.17769858921058 142.3671275891803 0
213.8513635763842 113.1581484743173 0
214.9681393295149 109.7304220665314 0
75.83154595959714 160.7159578682002 0
-4.078887208303684 81.44685749314262 0
185.1369635628525 45.56961851971357 0
188.3121874327605 42.85924184872577 0
182.7846301846785 48.16785883106921 0
61.16032948051554 53.97581793840473 0
-1.636359712060539 84.55447869878962 0
85.29819763453793 135.3174277576992 0
55.04199154059839 159.9766802753471 0
277.5614462736212 37.80038762673659 0
100.596644615815 85.37773017786863 0
100.5289522889807 81.94645159785652 0
100.6621548397293 88.78630668054596 0
213.8910896783182 -40.48668057007143 0
22.48975603972858 73.53368191694543 0
170.8913293054264 177.8998755660585 0
53.17019443507468 85.37295934904185 0
213.419579986585 -24.22237573285912 0
73.253491671787 144.6442229991772 0
75.20564224978905 143.4053173734495 0
273.3993995479696 52.51359370150853 0
248.1820417540339 76.33968935904743 0
95.70130494050751 46.6567077206459 0
95.69911323664118 43.01674091061989 0
95.78057791607753 50.55142409148787 0
52.60656357954414 75.24691558526487 0
79.72559290036507 63.7570298025642 0
46.23247045225587 142.6541663072987 0
46.12190202853586 139.9442459401299 0
134.2579989490632 146.1695519662424 0
63.87155832994925 150.8575786349511 0
116.8272686149633 106.2256878423078 0
144.6794752417592 213.1304590732799 0
155.4876630070113 40.78853097842426 0
161.1754541760634 64.78846577316463 0
116.3922466667373 191.081680770617 0
217.4574189051897 36.82304627063284 0
169.8906665330053 5.288417347133191 0
171.539997710615 1.340086500680272 0
174.1266562307635 4.698697622358068 0
175.7377589172225 0.7656084749231979 0
178.314740545977 4.122912409282037 0
176.6675673737481 8.059228575984591 0
180.8537176301668 7.480306834951847 0
179.2497724853503 11.39290535173065 0
92.31984099954249 158.2868806968126 0
-6.852939706220269 78.64143886553137 0
170.1755875064367 24.06657066444925 0
125.9237713559791 243.7935964596144 0
197.991784388539 76.5244696564878 0
65.75737855520737 149.6089787510213 0
267.6013561015329 63.28783933478816 0
164.7158418835085 46.80480876471275 0
207.2533222519244 -12.02087222478475 0
127.7087673454519 38.39237462005639 0
131.1692023197089 36.22198884053832 0
131.3176576240844 40.30334681501193 0
134.7783529916432 38.13670469781226 0
134.9119959968126 42.21226432879312 0
134.6386511170156 34.03940307789395 0
138.2634786904401 35.96641896508673 0
138.1257105630211 31.8498580328455 0
240.9363047494553 -4.122084717347107 0
154.3112724767943 3.504092760096327 0
44.16371324699436 114.3175196903952 0
193.5613084583441 52.24585026837866 0
157.5528548597746 25.81029239509881 0
67.74120991177931 177.2385779175646 0
189.6400412330142 105.3867170931415 0
98.36962218614038 152.0822232062867 0
216.9371677891618 -23.62443201175354 0
125.9408420166977 114.3705108308847 0
128.8681817174605 112.6609702669607 0
128.791806377799 109.203109049701 0
131.8603441263567 110.8793954114274 0
131.7938308689346 107.3637396756945 0
134.8910809704028 109.0741812283856 0
134.8256602487153 105.5070596680952 0
137.952148017018 107.2427308375561 0
137.8832585584437 103.6476098294658 0
121.1342705486149 62.35596965015945 0
166.1654155706995 166.7144038035854 0
230.7095805438727 76.15439718829145 0
126.627634541097 218.4168783483378 0
228.1174526610409 99.61866963130211 0
116.0123427521099 88.38327944303521 0
4.25676792361628 100.6623084665008 0
171.5602993194878 -21.20799906971624 0
169.076473448887 -24.34096146695553 0
41.06311281457519 170.3987291618069 0
173.1708522780467 -2.560356432917274 0
177.3087673121121 -3.101728435049893 0
112.6674568979168 170.2583240976231 0
115.6851554630891 172.010542944551 0
112.6451121061852 173.847278901213 0
75.08961863356349 141.1127820898255 0
193.4593847807425 -11.22580649294912 0
2.578598889606297 156.6167646446453 0
-0.3370879348335336 155.0372548525413 0
121.8902045511889 164.8287893165406 0
-1.267313506693512 126.8649731831515 0
111.2995993552425 113.1967671772591 0
33.75033871825363 150.6235869176893 0
125.1597759599231 89.96947922089402 0
41.54991808613865 87.93132262000282 0
38.60211251550993 86.29182174203299 0
41.46403451754475 84.52579242243638 0
38.57724479609857 82.85552660435056 0
243.7202098396437 102.5003046058859 0
87.11402040636405 109.3366047427496 0
87.2126669019783 112.1946662646866 0
111.288102320929 122.9606414908167 0
140.6507976880638 -13.78521275657729 0
60.246805330782 189.9651749500044 0
57.67391127714782 190.0331092434834 0
90.56233215382485 179.5362572972671 0
91.63091534840852 176.7556704376787 0
93.29567125403807 178.9313276532044 0
94.43069858446711 176.3114206085841 0
96.2043134244242 178.6830076621143 0
92.74167842522652 174.0740200989704 0
89.73854883870308 113.6314545849261 0
44.16302075996357 127.9391648856791 0
130.8037954892603 218.0387616412933 0
35.75211348274942 91.44446717178086 0
196.7880001252769 10.25689035885416 0
54.75490754549504 135.2278275371852 0
87.45841871305075 126.2140044648914 0
94.15263123719333 124.8182715989311 0
71.0898661914086 190.288560611678 0
86.89978489143667 103.3971329021253 0
249.9703896852122 82.98753276790339 0
252.9615610236171 85.77674227187343 0
10.63105144804183 147.9437430426053 0
5.583553122203583 61.34202319218182 0
77.71742221459722 182.9888418452263 0
76.02881976313753 183.0444529367108 0
60.37995879656638 127.1018431962275 0
54.44015977823258 126.0276514090893 0
69.32532344356895 119.2264421212951 0
163.5833300443297 138.2432293616743 0
162.1071978238352 141.9457019788977 0
61.9488996179125 152.149490255087 0
70.11043187535321 175.9259241293463 0
71.26652598147241 175.3157696451051 0
95.58905833087617 173.6499296771055 0
65.90317347748839 151.8392970781152 0
67.74191228320726 150.6055648083095 0
75.66323941675758 154.98823617114 0
165.8041591813422 162.3742117178767 0
-10.34183654159139 128.720439160861 0
184.4046646905002 41.45430357859605 0
187.6163639886379 38.73902439350198 0
79.00873613794744 122.3308788859213 0
12.39639757742 75.5186952914265 0
167.8781113715811 57.05865125186138 0
153.8345394393269 184.4086468844012 0
151.9919555039658 188.1099840672117 0
44.46287707458832 92.88266190181375 0
77.32489703820201 76.21554522470811 0
28.29019421425684 154.7101089915459 0
25.28584550259548 156.6031996798624 0
25.52474098821563 128.6350852634079 0
141.1099137857788 178.2816062151247 0
191.9120147069247 -67.47252628832997 0
48.87770039954356 149.3252393667436 0
46.392978958345 148.0713593142687 0
274.5037367396832 77.27976549499409 0
200.0894652543462 108.8144780704433 0
169.3618795390473 188.3968531132 0
46.54134955442284 150.9069014046232 0
115.6919550907317 175.6252950649951 0
118.5406441297769 174.2396437630354 0
112.6632712313584 177.4430387410479 0
109.5354264470038 175.6765979314108 0
148.9552873450445 212.6285473920265 0
141.7760967408713 33.78333681059544 0
141.6353822151116 29.64306199235046 0
188.8698070293525 83.95657933710076 0
63.60179496517819 193.7944856957782 0
76.51256526433355 167.89976294027 0
192.4893140995507 119.9393842956597 0
133.0192738082891 125.2187944485778 0
131.6181352150824 128.5659645852054 0
133.7474914873683 131.8245584952543 0
129.9610758312538 131.8344972500228 0
128.0400429441156 129.0055271296972 0
126.5790763051524 132.2625806336634 0
124.5201834617706 129.4448577198115 0
123.1478185547847 132.6754898924513 0
125.2446024980612 135.5690809800319 0
121.7852915818324 135.900551355054 0
119.7113140739023 133.1543928450459 0
118.364018698296 136.315028750807 0
120.4039949962932 139.0584922095866 0
116.9979922799496 139.414525335512 0
114.9876546673961 136.7094042967755 0
113.6396278063189 139.7667459968714 0
111.6852560584934 137.0844283196839 0
110.3568185231979 140.1069711095452 0
112.2837438612324 142.7845499379297 0
109.0117176068388 143.1171203987898 0
107.1209422191719 140.471954081402 0
110.9345682457602 145.7965886549694 0
183.6658048982909 37.32463871446979 0
186.8601264001408 34.59709816262608 0
197.2576061439447 -30.73150612933107 0
199.643993086055 -33.57589542051986 0
94.06325781426207 132.6145916797351 0
52.08362286154372 181.2135696336771 0
49.28202756268401 179.6433822656146 0
11.30284450694474 154.5137753858984 0
11.54619645519594 157.9862655373035 0
8.572442435029757 159.9365170472893 0
11.80178080065198 161.5991339740058 0
8.745983860448874 163.6241639004695 0
12.05987247809564 165.302464239713 0
9.045629367670315 167.4107621451003 0
12.29333051967561 169.0642470142685 0
15.58484972324356 166.899802768407 0
191.5651143843446 39.88983158315867 0
114.220680555581 145.4629145527769 0
161.6470431570636 203.0749192668557 0
98.34740722657472 14.26216575582747 0
99.0777878247595 18.38501521689956 0
247.5450335306687 37.90262745917457 0
11.29812263150876 47.40993221162769 0
194.7619721530845 -27.84967444762037 0
41.42958329518444 81.05752706072809 0
38.49225763101299 79.35506051144611 0
41.51251042779111 77.51736355404984 0
38.33048041469279 75.78947159068416 0
122.4383813984493 218.8033686076415 0
120.0338577551145 215.3473572551894 0
129.0477297128095 221.8363947375635 0
133.231559797598 221.4481591735409 0
131.4831380614957 225.2637301757418 0
74.70617340776523 168.1693872692881 0
80.77124379745626 205.7095307137238 0
28.27821893455781 121.4738004895614 0
134.4307515558033 4.237586826541914 0
134.5768815664866 8.613746489624276 0
172.0379010701033 -31.63232884462646 0
-6.111053938074519 89.07929115569975 0
195.9761666572743 -34.35541004137205 0
93.85998399027999 171.3462167790308 0
155.4586094412068 180.7580174578901 0
94.87887960726697 110.763376694551 0
97.48191370356344 109.2359681474305 0
59.8337787049648 151.0929458483732 0
82.31111795360894 47.03225675177264 0
79.13000240871926 49.00515391383389 0
-10.55553751633875 124.9439934644815 0
-7.340923865432529 122.9104284196376 0
71.21397854612992 176.5810541837515 0
72.30076994198748 176.0151333963147 0
72.24918893163908 177.2237877530665 0
72.41959577632721 174.7615748417678 0
73.30968685531505 176.6790529193095 0
73.2482836825376 177.8835917194963 0
76.76683570394502 181.6145115883349 0
75.14296356022294 181.5671851016977 0
74.51923867444013 182.9860148575279 0
187.6279034019133 76.43154581074387 0
215.8588336545295 -27.00433021177929 0
86.66187513202628 97.18781505243336 0
192.1791361160691 -14.84889755978625 0
189.648369404914 -11.9207093718737 0
87.30666538323108 115.0528783688554 0
195.2863290280854 -50.90599579328604 0
283.6340712316232 45.2057004613088 0
65.39960650468011 174.3201184777082 0
183.0092500694289 3.195852791323091 0
137.4675601245328 144.2094263179965 0
30.5039325852588 30.22964907464134 0
72.23619741321122 192.2600331267713 0
-2.607185789334977 104.8266214478419 0
185.6770454345767 68.19694886023055 0
166.0692075683934 141.4996332457043 0
164.5888197700378 145.80590284482 0
-3.029470740098759 77.60735632865422 0
-5.848988245253906 74.78857378688518 0
233.1560036828908 34.09521931365353 0
234.2934898941644 29.86553683253638 0
238.5687752860787 28.67820977669874 0
235.2877537125298 25.55494419600993 0
231.038497862538 26.73486076425293 0
232.101900863871 22.42954091763259 0
236.4055075907558 21.22008927485142 0
233.1837271299975 18.10382698331485 0
228.9105541956756 19.31191340282375 0
229.9718918926201 15.03403905031769 0
249.0649659930993 86.94283389668885 0
182.903315832152 33.18323465758082 0
186.1009814327172 30.44958374790765 0
138.2853924211585 6.302624992402983 0
138.2782987701213 10.72792205802233 0
84.88847487444778 113.7698572581518 0
182.9737955092776 130.9503553780631 0
183.0683635047292 127.6362780626033 0
180.0986383164845 129.2766713385573 0
180.1910621705679 125.8036105597861 0
177.1075396372671 127.4696935886258 0
177.2246415950918 123.9569931010352 0
180.2725114218101 122.2924022689703 0
177.3323387949391 120.4131797934509 0
174.2018212961196 122.0961338547722 0
174.3109579469165 118.5238148879852 0
177.4805074559245 116.8369645470985 0
191.0221968422096 -71.28469856897006 0
141.0314731721511 105.3748023697663 0
140.9563631411038 101.7772203903051 0
137.7987228125664 100.0493027510986 0
140.8787678364567 98.171378896219 0
137.6987341085365 96.43039411174499 0
140.8042011940028 94.54480236499826 0
137.6153912902346 92.79995154042331 0
140.73079133326 90.89595729297901 0
143.9366821338894 92.65683921699477 0
143.866280625886 88.9886776214521 0
140.6371104503814 87.21358138967356 0
143.7861668604988 85.28591888833689 0
140.5379401230206 83.50020108270107 0
143.7179388848704 81.55748594661679 0
140.441304085179 79.75563358318122 0
143.6538901257633 77.80212460733308 0
140.3251547383366 75.98072160749821 0
143.5806239026911 74.01109000369405 0
140.2166973738452 72.17890858488069 0
146.942258376737 79.62167178697101 0
143.5689583949367 70.17058097481883 0
140.1415302123336 68.34477695763395 0
146.9379184986447 71.89364436316177 0
147.0937223358752 90.76034096281937 0
144.0477742370767 99.92061816109219 0
143.4914046555717 66.31574251380972 0
140.045742623663 64.50537870422406 0
131.4713757079949 44.37644658828335 0
135.0861319469555 46.20945872293284 0
138.4932308399717 44.11211314374536 0
138.6282980461241 48.15134505759756 0
135.2805603524058 50.28018215653521 0
-1.962429869409931 178.2209784021214 0
-2.598696686784365 108.7449491520948 0
105.8121881063213 143.4176597648518 0
103.9670819906786 140.8189952056259 0
110.4159538634873 45.10362753053104 0
110.2479246104045 41.09391018670189 0
157.8975561375165 142.5443678759237 0
246.0953398275229 84.1535855030846 0
105.2057771825361 137.9451680414234 0
193.5728871897825 -59.25824613991814 0
251.4102199982483 18.4424589933755 0
235.5331774701021 40.93275983229275 0
43.80015323938791 141.3844905926429 0
51.3383729920813 150.5269456776636 0
86.07810388151444 193.705051962811 0
167.5898393652847 -20.59940079536595 0
165.0624795832704 -23.7905564281692 0
170.3445865044135 -17.24114977538622 0
69.89715103699717 188.4799022752877 0
77.13814309670327 142.1483937261339 0
77.01443168642572 139.846921882986 0
77.25809689582957 144.451003598337 0
109.5589667390857 179.247428579361 0
41.48460240960901 73.91474433150238 0
38.23571444883267 72.15231435664788 0
41.550365401828 70.25447094707462 0
38.14785633169959 68.44073082822194 0
41.563748990242 66.50618842262855 0
38.07310884943783 64.6367571602658 0
34.76748897530004 66.63597855008777 0
34.63677538270186 62.77457248237188 0
37.98926404750416 60.74680325932808 0
34.51875391403135 58.84478501049075 0
37.91430781729875 56.78796620469458 0
34.40352182222607 54.86027428789917 0
30.9908970682971 56.94832024501366 0
30.86159800422084 52.92555690616253 0
98.1494195573995 222.6087678817865 0
252.0364947448035 89.75609964453629 0
114.3987570153963 -16.76046204656491 0
112.7723449498644 -12.44856863487699 0
117.3626348380727 -13.02154469003686 0
107.4249625310313 -11.28572805643429 0
225.7409245528945 16.23394027653026 0
226.8239701856006 11.99305202467038 0
137.1074853200724 77.98077148501918 0
167.6559972124829 137.70652233211 0
103.5774959505202 87.0267270605306 0
103.6800246059603 90.38085731190826 0
88.94989295973966 43.24302669751216 0
261.4566165098739 32.46900864985795 0
262.3193856421702 36.44129012802717 0
69.35688015324673 158.7348017122328 0
66.98847818421528 181.8022754725949 0
219.4035955909085 -26.32069218567709 0
220.8093912729032 -22.6038456206719 0
218.1863015779439 -29.48859212527591 0
146.8883232597084 216.5519337582527 0
136.7463391037075 66.51099286161627 0
218.3526462326362 109.116289529405 0
216.0921600131923 106.316663313659 0
212.5495201813526 107.041802083856 0
213.6925727845274 103.5782473392277 0
79.03851491769349 45.33436733234154 0
75.89671706942593 47.3193042113647 0
100.3963212959139 192.3702754017642 0
234.5963956026459 76.9112498584699 0
233.313058464688 73.16040853173301 0
78.42668289103588 181.4591070567925 0
174.4269014218411 114.9220734180759 0
177.6266941596331 113.2251534747109 0
141.0977150661124 108.9919892291617 0
112.9980704448978 134.0727214426796 0
96.77291857908038 170.940230880153 0
98.57821220523687 173.2939720929911 0
151.4168888651643 163.2107524948245 0
151.4914166740612 167.2327673976812 0
9.458939215953251 170.4914111752798 0
115.8556062619308 -8.941966420133411 0
29.23278692637093 158.4988326423819 0
201.4749557513074 116.4521205738461 0
43.69282366646314 138.6407746342209 0
137.3991664267272 85.46572639610039 0
11.06446890003879 115.363947168273 0
266.1516846610209 37.75698373337882 0
115.87991329954 179.2716491697603 0
-10.7384498792627 44.82443763724849 0
130.4102468263166 -2.309473649185378 0
263.1408128043086 40.41759657096443 0
65.13970206939715 138.2905734137726 0
67.00148662411736 137.0851960069521 0
139.9665091284217 189.0801948013697 0
64.62726071815418 91.15561497930503 0
62.49790305776249 189.5198107802138 0
74.31945392322442 177.341717234298 0
74.37027988308886 176.1537630414157 0
24.85976811593848 86.71501579032555 0
22.72233134908488 89.71773642037506 0
19.06660008841209 89.3722701643359 0
20.63007587804455 92.67708014024983 0
16.97476284666514 92.37802091831661 0
24.22439704537135 93.0169062757538 0
22.16992123993808 95.93474680916671 0
118.2099571504861 219.1740606699299 0
115.7733513154665 215.6779103360763 0
230.8656680909193 10.92542104253791 0
227.8178573585349 7.834412361875991 0
223.7155515310869 8.996141283260201 0
224.8365824071186 4.769465769487013 0
145.2010291071003 31.59627165314294 0
145.0498604032662 27.43147006759534 0
141.4538662887437 25.46978417907929 0
145.0029854741815 23.23734006419546 0
228.8174341197679 3.651025790945184 0
225.7313562403454 0.7541914036214621 0
214.732603066199 -30.37565069590399 0
-0.4821120225051061 151.7920445086028 0
-3.173972238563124 153.4861657082764 0
-3.294642082074574 150.3572728027684 0
183.4340967678697 10.80435204990646 0
181.9147628643986 14.67466518847559 0
89.74645534886058 116.4339420603715 0
210.2352185937711 -40.56237563933544 0
35.2619937879696 73.86710715575983 0
38.48415334320329 161.570461801123 0
73.75375910215999 181.8796675986752 0
73.19117786450147 183.0305097635205 0
90.6691174242257 171.8396311207807 0
92.06160995161538 169.1368221334009 0
89.39047754207883 169.2522059321949 0
90.42641855194728 166.9566764403266 0
87.84804401528703 167.1618644404471 0
97.55170943360301 80.40124051691456 0
100.4444424624097 78.47588191405238 0
103.4501016072017 80.15070298009373 0
103.3450200648049 76.62553873257306 0
100.3009378847212 74.92499842027405 0
256.8124738470231 84.57693010558917 0
136.6309681190803 62.66849674901481 0
139.635424678903 60.45791397639554 0
33.72412880974433 182.6151706434676 0
266.8819471164726 41.7210052260574 0
102.1503463342185 138.2833587537966 0
183.7403544210146 56.401783197529 0
97.53016154627034 112.2795230462654 0
25.4911213044402 160.2791266982235 0
210.0817090299965 5.538438646983664 0
212.6268424072491 2.505789290767922 0
174.5455993974804 111.2912102948684 0
177.7715339985757 109.5769659759599 0
43.94325521746661 149.599266110773 0
44.11769482436478 152.5474757399733 0
22.16917735084303 151.3976019319752 0
22.09025832935603 147.9910137657414 0
-19.78973698105506 138.6458548236338 0
150.7555059562242 116.1229309607152 0
78.25315023871055 92.54552983943012 0
-5.951899441244421 152.0134164537919 0
-6.07541730905271 148.9443878673053 0
-5.834949835011429 155.105920291763 0
25.68746998485786 96.24151901203672 0
23.68925166499487 99.10454483435096 0
111.6727388966688 9.528017069092598 0
111.4856536299973 5.084781057203216 0
27.42666747103284 55.0479805285655 0
27.29356651075008 50.99841204975409 0
30.76424470501645 48.86054011349148 0
109.5532520032264 158.1474949332314 0
-0.2235625375222696 158.3666619332645 0
219.0429723666171 84.36607425639859 0
215.1874529743093 83.63550084913877 0
216.4866987541795 87.33493787001916 0
212.6557325115327 86.60589480016304 0
211.3440481273927 82.921322910808 0
213.9390166378037 90.26730623247666 0
100.1639178335295 110.7221000546607 0
100.1160213839115 107.6240169560625 0
111.8654809746259 13.93158639371563 0
61.93327821292219 162.1833593600072 0
181.9329680261119 28.90850368975905 0
103.2247676294731 73.05531708778716 0
100.1541368264716 71.33444601685012 0
212.3328930350141 65.48639018624881 0
209.6852414166005 68.57262968815647 0
208.3357501551727 64.73526694747888 0
188.0305972173391 -68.73155432409341 0
189.2627504668949 101.6709125526318 0
102.6717422051973 143.6989918987621 0
75.36463572732404 126.7935126391071 0
77.20235903615958 72.77754852031715 0
74.25851361849701 74.62193584859148 0
74.13307602951316 71.15463443816955 0
88.82528139608948 164.8992093126724 0
86.30390745023351 165.2237580119993 0
61.11810462216457 187.2538089405257 0
217.2852244754137 102.8320431039821 0
185.302361195136 26.28173427747834 0
189.3087702912688 27.71244134123977 0
188.4787112104638 23.73520593439194 0
151.4164050781425 216.0048393230624 0
163.5646573275017 -19.97827261792631 0
195.3794302937808 6.33927827967797 0
211.260046943842 -1.201969212293719 0
133.493632025823 64.65827294689888 0
278.4829258085637 70.94523332698333 0
275.052758729721 72.02418519632812 0
84.95256002036102 116.4568519015474 0
131.9119487686071 114.4752500607629 0
46.48703816409616 120.9624834863543 0
140.7919363295914 146.0096187691187 0
140.6897934027966 142.220497160298 0
144.0233081744436 144.0001690741826 0
123.6254944863467 207.8894368154948 0
37.82447084562848 129.3311330906515 0
43.34074567868483 45.78087038733274 0
113.9527029907473 219.527848521861 0
27.15830082328492 99.41680902104902 0
137.7527535816652 159.3844295211971 0
-9.710382166492735 75.82943843890104 0
-1.471538997848029 186.3355549602805 0
28.83237083594369 162.2567928900382 0
25.49992359650321 164.0309529726597 0
28.82067038067837 166.053611162736 0
248.1213931705818 90.92903590811781 0
196.2011853155552 -47.00142057045545 0
192.2399327055691 -48.17394468013093 0
48.42985606753439 138.519245313928 0
59.9597245468736 153.481709033571 0
54.88826233112248 171.1556108943603 0
180.5223611684115 39.82485238570055 0
174.6610785569221 107.6282912180378 0
177.9078223384033 105.897819825796 0
133.241164392221 60.77986271809905 0
-13.84306140258897 127.0427925925855 0
15.59230165954503 171.4614883265396 0
-6.126105509638506 106.9384885772115 0
103.4657151720727 202.6671129518417 0
63.96264338532552 168.0078640530676 0
86.22893064864328 80.9698071870512 0
102.8521312347869 109.1477165711771 0
102.8002601004714 105.9782347770976 0
125.9017148153892 126.217558086733 0
122.4298788030762 126.6405198331853 0
-1.989597811422243 73.75836418214273 0
-4.82609687651123 70.91006459706726 0
95.88854375154526 21.05720000197775 0
99.76031002231468 22.54196406716127 0
96.53382338001244 25.20717517541687 0
100.3989057188496 26.62842965299325 0
97.22059583534394 29.31439599635755 0
100.8286229543722 30.76327498984512 0
260.0348714337294 69.38459223046729 0
34.92294190467074 122.4458485945314 0
142.0900877876485 8.367001171719764 0
87.26900107723969 162.9209798370422 0
84.86677193376565 163.2472577815238 0
75.14301597638168 84.54843623942486 0
250.5669738975041 40.86963357634655 0
223.8009177106458 -38.08448586438865 0
135.6716369319389 224.8637731646591 0
133.7570388696816 228.6243060880859 0
20.18155331837339 98.84415020539214 0
134.1733516026526 142.4378208533467 0
35.79220734316726 84.11482519952193 0
-2.684390298379839 100.3861386178597 0
31.32005189452343 64.81760726694736 0
59.64996452372452 146.5341962276241 0
27.36745742775338 46.90453611125223 0
30.59602442716593 44.75395720534873 0
120.625529462752 222.6798421624206 0
-10.76146046777282 121.0469894090615 0
156.0225632037591 187.7221838556184 0
154.3184678609248 191.4274394871158 0
104.1031690009429 24.39598074946278 0
150.2553148333526 191.8012246328165 0
237.2101449161403 73.92042745530367 0
235.9246373298294 70.1608380987748 0
249.360542511177 58.93819600866911 0
99.11743150013126 48.53181653564074 0
99.23208740982076 52.43067703800711 0
138.1592128841839 1.930191997668274 0
150.4919973768835 208.9522203784005 0
-0.7743357345262609 136.3137395650849 0
237.2937679440295 16.77979263718809 0
92.16655927240348 146.4978910986566 0
67.06653411187997 183.4009076545106 0
68.34299647827747 182.4707105204885 0
68.45908598746034 181.0702707154036 0
221.5978368596457 -28.81885749089382 0
144.5517384368945 167.2695883740483 0
79.18692634583417 143.194165964383 0
79.27532250965871 145.4941238625311 0
77.32194460445095 146.7476733832263 0
0.7263240727200753 76.41639002217023 0
25.17828413943727 102.2231443373536 0
180.6978678165442 115.1673338640548 0
25.55054278038342 167.7851961081387 0
28.97160146150209 169.8010336548165 0
200.1922890733925 -45.69296840476851 0
263.9335880039557 44.33831689003785 0
112.8569549715386 148.5068351280652 0
71.68452583890711 38.60944536585488 0
174.7775556494602 -6.400179852460909 0
178.8682221009069 -6.941147139550111 0
152.5831673935908 194.922255735 0
171.1401701091023 120.214152538982 0
171.0256976727907 123.8032420941268 0
102.8855483443749 231.7495425004911 0
62.13438101750798 154.5443159805015 0
67.91272200790185 152.8025012652812 0
69.72269164799488 151.5896516678055 0
145.4015792538079 35.72473371165932 0
229.726299438546 -0.4487179130666306 0
226.7140717242471 -3.269582075270691 0
230.4522110127005 -4.527989449071555 0
227.6259912859886 -7.263667980938848 0
223.7891324126671 -6.08477665772179 0
224.7482303205921 -9.988172753739747 0
105.5912803309418 107.543826342727 0
105.5574303789335 104.3310371002925 0
102.722878645718 102.7592722454122 0
105.482462732352 101.1315129124211 0
102.6151799244025 99.57363174079164 0
161.0182318032796 -23.18871737647069 0
24.19790164266739 49.05729639222598 0
75.36581140401447 166.4837050287113 0
77.1565427022966 166.2138120365394 0
73.58184445408716 166.7587339921492 0
72.91238466373123 168.4185151687433 0
162.5300945115023 -27.01492760635884 0
158.4589252991757 -26.41491379118879 0
61.61158098010424 46.24197648906462 0
224.6788694448419 20.49151494242422 0
143.879132659958 140.2999038130014 0
221.0158301710528 -8.71573119906914 0
186.0728485203843 14.07946547551815 0
188.5121476730886 -15.43384301893045 0
36.30366050628439 145.8314383888265 0
22.13692492924963 158.4731944345966 0
205.6928910960421 67.81872513931759 0
207.0407835491146 71.63703344611187 0
49.31929924386981 182.9664731436538 0
46.33960373638743 181.3137459443818 0
62.11905727258868 181.1959003000224 0
210.1356098660615 89.55090956133841 0
211.4040560392666 93.18278857309129 0
82.56376419442722 115.0905791552659 0
82.31677672957191 112.2273779884594 0
65.7427655883308 184.5208874213675 0
139.7420563379928 247.7924344092003 0
148.7218755808498 33.36920618558666 0
28.55864777341158 102.5051397464922 0
26.63574937649457 105.2624645293077 0
111.515301670547 216.0382263613802 0
235.867326206684 80.65076863591052 0
71.2471678910899 177.6850411164779 0
17.76387590243657 38.43257116484785 0
193.0383120231549 -44.47626530362719 0
191.433873462789 -82.3814118200455 0
116.1632134708622 148.0752032911469 0
72.53643288090385 181.9883148699271 0
73.03642209647234 180.9921701326637 0
71.93567830045633 183.0864511714351 0
74.24224047769827 178.5476012667119 0
75.35963215800733 178.0471321337706 0
108.3704855582842 102.675460141864 0
108.3914621370122 99.57852823062069 0
54.60503903307315 182.7016068626966 0
107.7101735684083 7.48392138187053 0
107.5199988942663 2.993819256637593 0
106.4868327026663 177.4499008576741 0
106.4756279942837 180.9845799215877 0
181.3962763566614 24.78140589534939 0
175.0330616529518 66.47177941894142 0
109.6801687981294 219.8941882371269 0
170.6484030921909 -5.891543917227793 0
-7.409118752487444 118.9748074432001 0
106.4859968449223 74.56066219912275 0
104.4976690923248 146.3092278387172 0
69.58130924324297 149.4012246464036 0
71.51054763074698 150.3946468228804 0
85.46312905233856 167.3830328130109 0
249.6427382140422 22.8769704470663 0
252.1772591938795 26.41133146784306 0
103.1334916274323 69.43755058498726 0
100.024102799313 67.69342781564312 0
103.0035345434849 65.77136933120991 0
99.9056119272407 64.02608182319169 0
102.9413789087564 62.04750808273705 0
71.20720686987606 73.02043692685365 0
71.03580978844562 69.71637144982931 0
126.4914353223198 -4.357343568814159 0
130.2837512672398 -6.813004326493271 0
276.6503394737887 51.55461211532999 0
274.3315719103733 49.16775718445771 0
151.1773021581643 151.245706168318 0
154.639700314293 153.1748063123374 0
148.6215894939298 177.6880186602253 0
134.3149900253765 12.99432416363879 0
109.5593389269912 182.8269181715322 0
170.1223701012763 140.9689378874202 0
177.6529509044282 15.40191450464748 0
279.2904963499369 62.47012056792038 0
276.3440456517745 63.33539689793379 0
47.17855332013001 170.9910299959622 0
70.95266466049819 201.3003867756296 0
187.0790088366231 -72.45901012051731 0
-1.065677456194976 70.00599072121754 0
-3.799556083520258 67.05041624771052 0
154.9832853733766 165.1638897235256 0
155.0514171458139 169.2581482527267 0
133.5320055671787 68.52247941590888 0
5.566376809057601 166.0454615180263 0
144.2011461157872 107.1103054580721 0
95.37720993328017 -9.500081198747836 0
142.0579828051004 46.0346273012611 0
142.1699197171056 50.07005007551066 0
239.8219887860256 70.92910539212278 0
238.5389344973433 67.16818169735109 0
106.5762572459691 88.68092823657327 0
71.4771956529253 181.9771930765077 0
185.5670033099736 126.6556515281895 0
232.6114145346553 2.667664472886528 0
196.002733243388 -24.25023752293039 0
192.2484281289128 -24.9667135926138 0
215.0216109234167 93.73895789297518 0
210.1045964968954 104.3310976203849 0
169.1956925105841 159.8907743497763 0
165.3970517354317 158.0635222637821 0
57.74853023282181 152.0791601463541 0
44.47836480245758 79.07244099186481 0
96.02076445816222 54.47456711775072 0
148.6541121455444 227.5166236853251 0
152.6998127772053 227.3044067956515 0
97.49322778272492 10.13462455179015 0
251.5462634110023 36.88386188383495 0
134.5094899431539 94.69133936468467 0
177.0705994061979 130.9309456937572 0
50.09441868037754 193.3002516762025 0
75.02106567351504 171.5681254125545 0
215.570145353304 -0.5087793129644069 0
232.0233967690921 69.40050256043858 0
19.23517175853165 149.6311113908435 0
19.11797918866182 146.357988612664 0
21.95822569067113 144.6568768712003 0
19.08194513013935 143.1009787589903 0
140.6411329074453 213.4973140727498 0
44.48112877827427 86.57480017539224 0
143.245524056685 199.0522621560559 0
131.692407685725 103.8107666197096 0
141.8648848094408 12.77867630396833 0
145.8370699930356 10.44362849052183 0
14.63520634805302 123.1917293239625 0
125.4977531150699 -22.40312220885515 0
115.2504615602869 2.729528913820374 0
134.4659782845286 29.92766705430735 0
226.8206069028898 107.1761574506558 0
221.5616184075675 17.43049839844057 0
80.38790889036997 190.274270108196 0
60.10537936753332 155.9028830485512 0
100.7165094211906 92.18831499270176 0
91.4232352855532 164.4740673262419 0
208.9751436007215 107.8160746033646 0
251.0649873732276 93.63343378191449 0
255.0560889119911 92.73863842318585 0
68.84961777812927 190.2888088675946 0
214.0182206520673 6.253612819919923 0
103.3609833775066 135.4945502371978 0
-7.672708540410696 68.06226160400402 0
-6.624118903088117 64.18088692745923 0
96.80404812444078 65.96952948195795 0
-8.557591045588936 153.6330716379363 0
-8.460033484994995 156.7787513257159 0
260.2412584742968 43.15272705234441 0
79.64693188402785 177.2059536172397 0
171.2508442848895 112.9420648628012 0
106.9647414793457 43.04367005155076 0
213.8772598424788 -4.362341681982912 0
41.40864097464353 58.71870586631721 0
41.24298770232636 139.9798987916909 0
192.5221517476479 25.0085148397015 0
193.2953932911001 29.1488395106974 0
181.0320954763588 107.8647536447075 0
113.3366857725026 212.201559270698 0
68.50300592547219 183.9343515345703 0
246.4228595287141 9.236271640026601 0
106.7511006795074 39.28395826489497 0
109.1276329163033 212.5553294145669 0
217.3505756687344 -32.89763498669024 0
99.79558984912218 170.5392900855472 0
181.1795179874604 104.1691970968878 0
178.0340964939214 102.1942290208871 0
181.3252997446002 100.4528585764617 0
178.2843780006289 98.47252032734264 0
181.4985841942727 96.71242180232619 0
44.7602890287706 72.06236113853072 0
41.56405669017096 160.1258370392214 0
38.79327316969018 158.3553241955896 0
147.3049638970503 142.0258100179011 0
27.74152567967651 93.40000310967996 0
95.04500603686648 181.3570660661812 0
97.97592626874204 181.1594358421076 0
207.6269127013983 92.47090049339484 0
111.1544718110166 101.0170447159986 0
72.57621368510692 184.2593113754859 0
228.4989332378862 -11.12414203453311 0
225.6737511003119 -13.76472163781587 0
21.79472230625926 141.4093512538613 0
19.01425358735146 139.9077305022492 0
21.66920333109289 138.2453629335665 0
178.9119746593285 31.77856905430472 0
160.1913529096204 207.1243322358941 0
157.0957133856009 203.8698849854536 0
168.8139753080623 155.5774733796053 0
100.3660787316553 135.8304641513776 0
99.15421197375849 138.5632941764281 0
71.3356226775845 76.46589678608095 0
-3.226048800475382 166.5406521712923 0
-3.467523976353618 147.2727587710033 0
-6.212272964560839 145.9046425424225 0
-8.789004234950198 147.5297564303484 0
-8.921393274602423 144.4997811874501 0
-6.336480723941492 142.827897682312 0
-9.121843756282686 141.3979863499594 0
204.3294791393364 63.978760357515 0
41.4303214936491 151.2119959063824 0
-10.74936181835679 117.0312194075339 0
-14.13347405478339 119.3539708265226 0
83.36497244517398 149.8993144995679 0
106.6415839542175 184.6140612766723 0
97.85371532188464 33.39912313777113 0
176.5855568935486 62.83545266715167 0
-13.69122157684913 130.7859666839672 0
-17.44931727935497 128.9730412651889 0
178.4304930543967 94.71658847960073 0
181.656524431609 92.93603074366794 0
71.81534798874996 167.0214987070733 0
71.15641151829682 168.6702249684738 0
71.66241576253552 152.5394174338048 0
73.41723883236942 151.3691708314268 0
144.4332576914973 110.8521235885572 0
141.1815670177873 112.6438334486525 0
190.9941586447648 -28.57545559469159 0
188.5436480165237 -25.77762770452554 0
168.0657683551029 121.9608049437989 0
64.95870921096248 136.0034267912741 0
66.68977797983084 134.7351943686032 0
189.2221688455368 -45.44200287586982 0
189.9182056357747 -41.77427376419158 0
188.5737319725877 -49.324829356211 0
129.9426006854473 229.0507845513678 0
132.2859779005385 232.5448728033934 0
136.0336386489398 231.9836863803778 0
134.6111312362683 236.0003722615238 0
194.1179913235101 -74.26181820088594 0
185.9958230692405 -12.7891672142605 0
186.7521144665787 -8.681303835442208 0
76.00981292246183 164.7982678671708 0
77.7073526500256 164.4575069158917 0
46.32655877076161 177.8534656507973 0
43.20200943930448 179.5955197484343 0
41.34799949865047 54.70075511234172 0
128.6964302596023 251.8764288027298 0
82.67504704311946 117.8244866615475 0
84.96458741788776 119.0903074734369 0
102.4103159766705 50.5683840251225 0
96.65587898168985 184.0199153538318 0
41.17665177161851 137.1214790438943 0
43.57867654847951 135.8439558113763 0
162.6248023518378 210.5265543606032 0
191.4003902333366 20.47507607435971 0
-2.879325094810241 63.29092701350695 0
-5.737732499436817 60.4623730397564 0
-9.393854393915404 61.38048018933439 0
-8.479376376223172 57.04299870870948 0
53.48342369479109 149.0097444964436 0
145.7328783981929 6.40446840481485 0
14.41470906273518 156.0438727257023 0
208.532108299414 95.95315516831477 0
208.4068092970801 -43.7917382213556 0
206.4858485607932 -40.57183527583675 0
208.3906051500929 -37.44275125548084 0
72.22504970325798 170.0356366262573 0
156.7180459238951 194.4863078190305 0
185.0601998616212 -46.82025256168552 0
100.1813223911602 113.7811067604134 0
97.50196021951133 115.2635601366419 0
97.20733012685236 73.28585827393816 0
144.4955532651996 227.8358040900224 0
106.6835499206631 92.03697821898868 0
166.5072396568351 171.0440958215036 0
41.15486594170817 134.5650224155953 0
187.6214121847287 -87.70261038176098 0
140.5732202594299 138.4351743758235 0
106.5915199863275 173.9793307266186 0
-18.6429906267374 74.5960991879257 0
102.2115930471653 16.29707063122788 0
188.8358493195161 -64.82247892592274 0
185.0444842956454 -66.09060756184557 0
126.5848750371551 -8.761751045755219 0
130.3309617290854 62.99228698671235 0
129.8853333771488 58.94168342703916 0
141.2999913215302 21.26394438373725 0
185.8586083818811 -62.31144898732278 0
27.23813308739723 42.78383103649345 0
30.48901500715323 40.60198530743557 0
46.73571310693531 153.7812280758628 0
20.49050256909265 129.1838599171339 0
145.8100191812527 14.71655607524341 0
149.6425238341283 12.46376522917292 0
149.6019215907071 16.71816861792902 0
83.27956084079743 131.5796544192852 0
134.4104904837159 121.8631902869801 0
164.1719299029793 -40.17508341671297 0
-0.9705255619329023 189.7602220747362 0
133.3177648199682 -16.74081150623512 0
176.4547261880393 -10.73638699063798 0
238.206994881596 98.42661768701282 0
34.76674261183787 46.2237749234226 0
206.0813825360963 104.6986723043621 0
75.97252063326232 50.97883740999089 0
72.70991210087301 49.20372651401114 0
72.80450821695732 52.9320753545355 0
69.51452715804713 51.15499419110849 0
69.63363494179941 54.89445027214826 0
69.46749558022896 47.47789997711195 0
247.6102914701689 26.92162911439068 0
109.725779917514 134.5061133884076 0
111.0284162971166 131.4758999686678 0
107.7889596433896 132.001943284216 0
131.011712272951 144.3674777213207 0
96.6724807255583 62.2795685129492 0
69.38068701268405 144.8362504312834 0
29.9323931767138 105.5566465399722 0
28.06066531735816 108.2440069424275 0
181.3886373229106 -3.695636951093206 0
130.8256926495001 122.3858943334535 0
85.74085364148627 173.2939603822571 0
67.66121889689302 188.3799709291613 0
83.65404535229402 92.34712897126776 0
130.9216901006306 140.6717895951265 0
127.8829270147539 142.6679932923751 0
43.48666094381252 133.1346033918315 0
45.87745079338202 134.4131770413303 0
73.31969898382822 149.202138925353 0
75.35335929956625 150.2393429307778 0
241.5605901482581 8.678421015487714 0
72.91544262924081 56.65192113930937 0
69.76551127524297 58.61546106412049 0
73.0405995474474 60.3545399960866 0
69.89099453003989 62.4549679228456 0
-4.829170306918996 163.1871982034772 0
229.2974519321875 -14.83254892241163 0
226.5740997079369 -17.4544676654543 0
62.28759745571729 156.9683986093488 0
64.23157101489809 155.5488452060733 0
187.50876170194 10.35073547025419 0
-10.98645289540696 155.257910761441 0
-11.0667924211134 158.5680031573738 0
97.93938979173753 168.1103670036359 0
141.1082172858748 165.3427155986105 0
141.1372199866467 169.2807794931152 0
137.7243060952686 167.3577918915311 0
137.7454241898309 171.2571916738972 0
134.3749927712779 169.3316352693846 0
114.248643422749 131.0708983510922 0
94.03808513711741 31.96264636328878 0
-4.040017196446541 120.8600943389047 0
109.5677012038288 148.7856249421515 0
68.81371777033822 135.8584384492432 0
68.71573485393483 133.6926546559152 0
70.67151581132453 134.6740040178792 0
70.55115311891305 132.4883261642032 0
72.51361113927771 133.4763782091803 0
72.29615549596184 131.2304460723807 0
74.36409979256248 132.2701890798246 0
74.50820384337622 134.4584986201391 0
76.37512231012613 133.2758280807648 0
213.532749635463 -14.28676170700297 0
101.3556669271606 146.5644192736847 0
99.59764935318135 143.953418013411 0
82.17911473534673 43.27999785567852 0
78.841169400588 41.53438920462125 0
82.48542483144094 39.59543879931964 0
102.6294973152525 54.33290688975939 0
171.0015690405467 -38.06196166004939 0
246.6371598917459 19.20582756493094 0
198.2100890062832 -37.12798711017356 0
27.6034820151209 59.04390773865509 0
24.0181696702746 57.16587584465966 0
228.1867282321367 -33.62490158496612 0
134.0772470618836 138.713894480231 0
206.0590117390622 -5.506610930577367 0
80.39400834508362 116.5788486374858 0
223.544962144157 -35.10227959138267 0
-3.854062518107554 116.8236111154108 0
-0.6513624812694445 118.8174230102214 0
111.475180740752 151.5398879911801 0
25.67227054752851 116.4665295461193 0
120.5023435939417 231.8603637258348 0
148.164991389402 25.27138977245804 0
134.2468957258611 -4.681489711897385 0
147.1572269121584 94.43229041023143 0
150.3516796477089 92.55540521371191 0
150.2597166121811 88.84562008155373 0
150.3865618878874 96.22351094074904 0
153.4088008037707 90.68361474015821 0
153.2504844941358 86.92646494142818 0
134.4210787138607 91.06364503610861 0
159.3348138070186 230.3216563925657 0
165.0594442762067 153.8359937421634 0
159.5383373618692 -19.3732510689665 0
89.18268720735284 75.8654536158961 0
182.0273306276625 -82.08138774225141 0
41.40140815189025 142.8439862642387 0
267.7811260302183 45.38407457492276 0
270.5850038334671 42.58449536686214 0
7.382831007431335 185.0816693228439 0
8.36354200863839 180.9928905728181 0
12.62204775732212 179.7332053563611 0
31.56215962955403 68.56338384042563 0
28.03404327595598 66.84823457695784 0
110.0794246591924 37.06537341921026 0
137.7350658136631 23.51538696296991 0
247.1276856295977 94.76506447976332 0
244.1981963803756 92.11393445270696 0
31.80297938568191 155.9363869854784 0
31.85677517939698 102.8669973163543 0
137.40353024494 221.0464415464373 0
174.2844985123948 59.74269326601375 0
206.9676444660873 60.88806909875824 0
202.9581363692725 60.12520070465256 0
77.39535574179574 180.1892342615611 0
260.3165652651775 10.51956905770649 0
167.8359571738809 125.5996805799407 0
165.0472555746358 123.5673490908675 0
171.8280865886138 137.0950293209514 0
168.9775769780101 133.3935179915246 0
134.4375184915104 165.4354684454604 0
131.0481973270404 167.4561801303714 0
131.0685512211168 171.2648551175709 0
127.7662796370771 169.4018171862386 0
127.7934275851614 173.1784173480304 0
161.9647310187389 160.5894019386142 0
119.1300453538584 201.2166415477482 0
220.4769447477368 21.65410986989037 0
223.5099365453236 24.43716481481599 0
16.22270513604826 144.7416058035262 0
15.3848105905154 89.05079828438599 0
13.2668814613933 92.09494253785338 0
11.66208035269548 88.71859790737177 0
9.546011813201801 91.78253651817884 0
7.901253250576843 88.37161957517606 0
5.90284879131498 91.28364490923158 0
11.36847250654206 95.07999749315834 0
134.4155676855479 193.0070133130403 0
67.45805863974527 122.4734474644794 0
167.8397805427051 117.945158960397 0
62.24420220400441 183.1637523293631 0
60.15461791429783 182.4001289876142 0
197.3563669018947 26.3758187901543 0
154.7695509040261 157.2175253248813 0
106.9294005672633 84.87063424487992 0
242.4140673372176 67.94748049316497 0
241.1463771509651 64.17990468529496 0
237.2432880091328 63.40317365707486 0
119.0000303868139 142.1495609313576 0
85.77324316695351 161.0189790083369 0
83.43961870606384 161.3737360904261 0
82.80847724606072 163.4343551246565 0
68.29868688614026 74.88476655998413 0
171.061356718537 31.3406659347744 0
217.4071122659415 -40.2466118740729 0
253.7265119382397 97.51484547974664 0
122.7602818957992 -2.096662978909478 0
168.4322339995333 151.3541267198087 0
-6.888145894486797 46.69716022517242 0
-10.1810277223594 49.09818570271055 0
-14.10143914841061 47.50780087052066 0
-6.42576931789975 50.52433324350965 0
253.4323067532628 14.31856499323695 0
207.4201561348438 120.630628148688 0
162.0942941690452 -16.0889669895214 0
123.7803796055415 123.4660432481062 0
120.356216008931 123.928266589459 0
158.3537569233809 211.252846712484 0
122.4153102851067 -31.24385634923391 0
52.5431727736398 131.8238917375592 0
261.0352440794271 46.93872456846938 0
73.99881909429479 67.65799867455881 0
149.7712023083241 -27.82881422258123 0
189.9984443762542 13.42616225434904 0
70.50325660628675 170.244962321333 0
69.45763149012075 168.901565867624 0
205.6356394670423 57.00884448045302 0
201.5816926698809 56.24285488797767 0
204.2489331244784 53.10401032825223 0
130.57384538842 236.30839554451 0
132.7302903159827 240.7325559714529 0
100.5980742011844 210.3013891893181 0
68.35680023326915 131.4020313650481 0
79.36445609466287 147.7867984480963 0
52.99394372632736 138.6900781186004 0
10.04812694360578 85.29787856232724 0
6.274384886079872 84.92021915568998 0
74.93472964036006 138.8446961846558 0
76.81527109609409 137.604900724854 0
78.9378554434952 138.5937467180343 0
78.69938237770494 136.3511885302598 0
80.8546785010397 137.3612923345507 0
81.42869961603216 139.8595188373187 0
91.87034672825774 84.04352097908701 0
144.5804910539131 171.238369910434 0
173.993644284968 129.1723092527352 0
78.9601069479788 165.923643735686 0
55.40406291121931 144.7899670228886 0
144.4952257164872 114.5540810853051 0
98.38498330966183 146.747233990066 0
81.25255916405547 144.1578977887532 0
105.5493595388287 110.6490076906237 0
28.13476995559884 132.6721088383522 0
-15.98003822724851 59.68192291109835 0
143.620047318126 136.8659024538366 0
277.6974924774427 48.20210036613852 0
103.2852058405778 41.40208905896553 0
25.82828297062424 171.6973163921294 0
29.36158471917972 173.8451088291158 0
32.47737933255252 171.7427336392202 0
99.88364605800649 183.6457616947976 0
24.65214379631365 142.9000042065816 0
88.20109395551788 160.6528873579567 0
66.27172074869438 190.394122518347 0
67.68411977808195 192.033216357601 0
8.421037345650234 81.79883003108198 0
259.2787885807526 107.5346490950005 0
124.749162632451 67.95371264249536 0
131.3553649240614 93.00117094105923 0
131.2787291472498 89.46262692521923 0
131.4411994048204 96.62960140964717 0
100.2152201369015 116.7650406021337 0
203.1140567426773 70.87402524553085 0
204.4732023058064 74.6657671137237 0
208.3585844345164 75.43555071034578 0
205.7455416453937 78.45247413481697 0
31.31105027247852 108.5414674283004 0
29.4616785470256 111.157487751682 0
32.59889638393355 111.4854651873309 0
30.81331897582731 114.0212925372835 0
283.5476769117056 64.50149710797277 0
99.06693846646064 178.3183452294926 0
181.8649466242539 -19.37481248213537 0
156.0759436723185 29.61415668160321 0
60.27113535228314 158.341872171021 0
92.05883622586805 136.6322917869675 0
23.27383231253069 105.0334263887596 0
160.0163950442242 -30.22860750954281 0
164.0360407950143 -30.79402535052961 0
125.8011247813551 -17.56770757380528 0
110.1549446945826 89.96667187726783 0
18.44328243261215 136.4039137405847 0
16.04016458043824 138.4309884478926 0
21.47706049904215 135.0888390813372 0
50.25392255603087 83.86451415506831 0
50.44736476320517 87.15039804386367 0
53.30447415602855 88.63504138450398 0
50.61666700936566 90.38997907084267 0
53.46740128403459 91.8577684009113 0
50.80402417995282 93.57324850405121 0
53.58448552113026 95.01971772102353 0
50.97931775015378 96.69280310225017 0
53.73444029662744 98.07390918665521 0
56.29325465094004 96.44947355700229 0
56.42878349254153 99.45288080102593 0
53.92051066121232 101.0673062580797 0
56.55738049492869 102.4100102976383 0
54.11317465195668 103.9962377172531 0
56.75069764553811 105.2623890638893 0
54.31321583239411 106.8453302389186 0
56.9814462291494 108.0243379669717 0
54.51072469680102 109.6262679478693 0
57.04074184425326 110.8138184246629 0
54.66166741770157 112.3524272786027 0
57.06772264883617 113.5531399665276 0
59.47003203955262 111.9746119454368 0
59.44523375664114 114.6574560194672 0
57.21842291356361 116.1486990099641 0
59.27625040366406 103.645527714643 0
59.5044164465962 117.3234282890204 0
57.3806487169293 118.6982432805772 0
55.06434316782624 117.5686115517377 0
58.95340335164408 97.84322731502391 0
52.19916286380534 111.1573357278634 0
61.63546066031499 115.9504981055118 0
61.73392099103575 118.4509808877527 0
51.85232715710656 105.5884379607799 0
63.6862070229698 117.1614142125442 0
63.71424539899439 114.6813336341768 0
55.26079455154982 120.0999481809906 0
57.55888152849944 121.1667757858232 0
52.97387333563265 118.9914738131734 0
58.83876484120408 94.85087232675401 0
61.59259484702275 96.16141676454683 0
61.59979051701407 99.18528469174268 0
63.86767519628211 119.564286820316 0
61.87713488903663 120.8535325946715 0
52.39922724858297 113.8382373128056 0
49.95190652205341 112.591210847761 0
49.81214471952312 115.3424036632308 0
49.62825903744331 110.0357316955521 0
241.578458553609 74.85773802871287 0
223.0090600388204 -16.45779929732781 0
239.8684638436196 60.42306000974192 0
235.9495773144286 59.60211852159831 0
233.3687218678456 62.61907654530162 0
231.9862347145124 58.82469556602805 0
234.6671993807041 55.74670707294774 0
230.6914920090019 54.93317861874547 0
233.5888040773611 51.78442918681225 0
229.4073299504694 50.99188545283107 0
138.7307062602614 235.3855078121132 0
245.0355805985259 64.94464936742553 0
-14.47593492328699 80.49238710525876 0
118.9829558840383 127.2324806866358 0
-17.46844971655506 125.1368166476808 0
41.32218659867898 148.2201501765387 0
92.24227677965155 115.0770181879954 0
92.19036888766647 117.8646903135938 0
89.73355448097709 119.1815406909158 0
35.33349073525491 163.1186647126901 0
103.150577981393 149.1532169711424 0
109.6487532932901 93.78494240518873 0
-6.441068900776429 139.7231308274264 0
-3.612894051034942 141.0793110655664 0
-9.303224308516945 138.2936707212019 0
-12.12783352817235 140.0438594780897 0
100.972449363418 167.6935975055484 0
38.68281020321395 141.2712489772953 0
99.91369306932791 101.2833685200748 0
99.82193907313736 98.02937606319966 0
63.20227158092776 137.2540637982913 0
63.03016436393695 135.0007758431145 0
80.66814966084377 134.8663490500701 0
179.006034344757 65.96772016115834 0
177.3483924499887 69.53613142845971 0
-13.49233130858045 51.73088927328077 0
-18.10004889523287 49.84928521886165 0
154.5889421632333 149.1384762218045 0
146.5105298819595 224.0498050440944 0
111.2361795916158 104.2665775065693 0
263.1612755954171 103.3398472301499 0
171.8012229984944 20.13391267756144 0
158.0547100809912 151.0008564270045 0
49.84682945709757 80.24419134339389 0
112.050515619648 223.4703980186893 0
107.7734757451371 223.77052585832 0
105.5513583153821 220.321516880637 0
68.85385273583262 170.4377908824327 0
67.77147460215755 169.172834525178 0
67.22108824489979 170.651874356423 0
98.52342158163425 186.7127609054621 0
184.8558298310618 95.20382880331891 0
86.92932069260951 202.0905931008185 0
149.015015376652 38.14958378897817 0
36.75135421358449 33.77267485052435 0
182.5502549292655 -77.96881534436157 0
86.68789630406349 158.9084453500627 0
158.6850444997075 167.0977818779609 0
158.7436223217127 171.2722129482709 0
154.9170114586746 173.8497955894346 0
84.29459611556179 171.5648054646034 0
46.44638371265582 184.8054352422964 0
49.52321371568135 186.2732159674615 0
112.2910514385157 128.4802838344746 0
174.5879330703978 99.94590401557787 0
154.0024179644 14.69352100425093 0
152.6506444684581 19.46819033040452 0
57.66340071174598 149.917500509284 0
73.09589884096179 179.1661312092018 0
74.16237123405203 179.6887072582819 0
71.19627601426828 184.2895962909179 0
2.684122036129281 160.0799523617052 0
260.7675037063373 99.97345111300046 0
262.0238628563046 95.85604379450511 0
208.4631153407295 -28.5613953677677 0
211.4867784167068 9.374899031064771 0
215.7636926354019 10.1551262631543 0
220.3113742617206 88.06266662401467 0
108.321883984411 108.8227331171965 0
206.3457646450678 88.84705037591323 0
51.80158966541372 174.8131762029302 0
158.9799580783072 175.6024341351505 0
132.8572632621886 56.77148065905638 0
129.632574869532 54.99069067185329 0
141.9357584982285 41.9847723242239 0
145.3024856634918 43.92222003174682 0
198.2576421386878 -76.01999266916432 0
213.6171932297354 -33.71788355077264 0
96.61961869731047 144.2185564594025 0
180.441516776426 -15.77413299048902 0
78.10606367637547 177.3196779821417 0
76.80098512601326 176.0272852298798 0
134.5228673033115 -9.476708699515555 0
137.7666998819943 -6.359419152314572 0
222.0512346202304 1.514510063389338 0
-3.830480942072683 56.64388034468445 0
176.5085100466761 158.6583793802607 0
26.31980952314501 110.8818730015388 0
105.9700993624704 35.09989182732519 0
109.8259319503239 32.97203506518024 0
194.7161394851165 -17.75091363251413 0
125.6209627782358 104.0546029253021 0
232.0514702660271 47.90081222460985 0
228.0255879928426 46.93459854120178 0
103.7804169798152 5.27409624354344 0
103.5082063674948 0.843119104201449 0
107.3663846221123 -1.57551769209222 0
103.2955453021862 -3.728702230926729 0
72.42067831571623 165.4009788009494 0
116.9325282447081 124.6049478295662 0
4.475694228081721 182.2372459507993 0
5.152341949768712 177.5337036914048 0
14.0550012686497 152.5981668578841 0
94.7738711161599 35.88895704591923 0
90.92297693727815 34.60789984415509 0
203.9829259027546 91.88158578299766 0
24.2901380786509 61.05890840952529 0
20.1069828214769 58.96121424445951 0
20.41293379936714 54.63785129956502 0
147.3917528098907 108.8531853220731 0
147.2996953995732 105.2296102535923 0
117.4269377948445 -26.70458591411314 0
189.3746081873837 -21.73491313609789 0
152.3607217506458 35.11875680378895 0
97.55217699639826 136.20111090539 0
96.28940429834685 138.8868161543695 0
184.3317484266973 18.46419643893491 0
53.72831909608016 151.7097300663842 0
51.53594150402941 153.2423904547878 0
54.00251972142303 154.4231630198218 0
150.1628500446514 85.11870208490566 0
153.3493949418489 83.1802839152563 0
156.7434252773591 85.504610014568 0
156.57905550614 81.24187377312494 0
153.3061860550486 79.41667641172005 0
156.4619653853898 77.40848214028645 0
159.7365557630866 83.09339588312518 0
153.2230449025751 75.61500979824166 0
156.6251361254832 73.41267176336574 0
153.2769252570506 71.59122285622121 0
160.2556766614133 75.27190988239299 0
160.0564124773833 70.88879543942349 0
28.13572633192371 70.75592211515541 0
220.1123309310712 -4.98716930374222 0
225.5852717822481 71.59582987668554 0
174.322382314676 23.46688097810197 0
217.1454371709949 18.94889988024586 0
144.1626103319325 147.7411543451613 0
82.80221877175197 120.2550116363202 0
180.5029557366842 62.22830231790059 0
226.9726305092812 64.76866583736056 0
76.4796716830684 35.52515236610257 0
22.32425464212184 166.1130517628854 0
-24.45539501802091 130.6654414415828 0
69.4277923497402 181.5620528778273 0
69.28147831369793 180.2162359356645 0
68.32420661895652 179.882178643034 0
69.22558962963967 179.2930136447233 0
63.46489648809488 187.6399058058003 0
-11.07245252211567 152.2438359138214 0
108.143207360735 151.5936749184984 0
200.3302525238838 52.27732533882698 0
202.9199572623282 49.15620073953918 0
198.9573400285451 48.32619563096503 0
201.48903738271 45.2118826704095 0
197.2440679234764 44.50980678957663 0
200.1243591703541 41.21854451088793 0
124.6467320034156 171.3219081106594 0
124.6856081189769 175.0874770149751 0
-6.454721747124836 110.7883550664037 0
-9.891660944753312 108.9685288639832 0
-9.859439980215001 104.8294798354603 0
214.8373966837842 100.0718890734198 0
218.4956531031982 99.4001375427795 0
221.4067949775668 102.1600898049816 0
222.0690917290224 98.44030470982756 0
0.02921607658305447 168.2946898668738 0
0.5189723163271651 171.937681900356 0
221.0622614704131 -36.59035814739562 0
259.1437900343897 35.07538532040699 0
110.9361556824067 208.8512962426058 0
115.1087732806342 208.505512903298 0
33.0736923496258 175.5580515536074 0
206.8989445833062 49.96320394049826 0
-3.474705559081258 192.0290425430559 0
70.75498781043453 165.6706834226662 0
44.32093863543513 155.5328425692913 0
278.5420928090427 65.35775543694309 0
275.5282241018563 66.39399141624136 0
70.21337303845948 181.015093510591 0
178.4973561792561 91.03763680240225 0
181.7713906571523 89.13757220101999 0
175.5416214262288 92.84512157935954 0
-0.7450641701592531 114.9831638097115 0
19.28063423735541 152.9388254628499 0
197.4239372118088 30.98813714510594 0
194.0112353193046 33.30569477210742 0
81.23837014064796 161.6512303283007 0
198.0568723906731 34.76691547576043 0
71.07632139734631 42.03735885793045 0
137.6076858329149 19.35433866064976 0
27.1955058670634 38.80528044468237 0
92.11008436557731 120.6525428183411 0
89.65436987797085 121.9558636924155 0
94.60744437950042 119.2541017523336 0
239.7182031986502 4.360324307717605 0
151.0489580794908 147.265438049233 0
79.11507468666943 179.8712526049239 0
80.29780420977626 181.1714029680265 0
80.77345302222417 179.7786872425197 0
158.1064554256411 -15.55756620669774 0
76.05331806661061 131.0126668298395 0
273.2062008863347 64.20674782664128 0
272.5307708472768 67.41171764064231 0
243.0995197364336 12.71322053253198 0
127.8084363923439 177.2980644176347 0
124.5483623024744 178.8651199016313 0
174.1612001024064 140.5218987236102 0
172.6586727564995 144.3427417958763 0
107.0764176055562 209.0950471523308 0
254.4865392423486 39.89710470204315 0
253.6721390483847 44.18985775840362 0
105.8533536877359 67.91654641225605 0
160.6975796509088 214.5668691139742 0
134.0561209522727 21.57246341921307 0
275.4307723728934 45.79872705377161 0
204.5791426617052 -37.3158653109554 0
47.42047450784047 111.4703023679429 0
-5.774315765304692 158.1846493749696 0
102.8604851871737 170.227060191683 0
271.0259587057626 50.18403991014141 0
109.696946809815 186.3705028660203 0
112.882034478725 184.6699411948985 0
4.529599547144898 81.41288392154945 0
6.577998056646578 78.46655438505391 0
217.4421044422787 -13.58183549403277 0
214.9012862460405 -10.85275371560516 0
21.136622971254 39.92264201741104 0
18.04993420648742 42.39493478766448 0
14.32663776066545 40.62579209997978 0
182.1728255061875 -63.6268881104955 0
181.3211427157813 -67.36220179148758 0
178.7714137234085 -64.9406056486667 0
92.57482158270088 23.75187079191583 0
78.00782215796393 132.0241676300306 0
43.32096356407249 175.909559846026 0
40.0159545769197 177.9228125520212 0
173.4488514735208 34.7205088722524 0
171.9968048970521 38.59043137399562 0
68.50771391493268 78.19647791477578 0
71.51751873527908 79.73031320204862 0
65.64236049409156 76.69848300706271 0
156.2031520642772 -29.66219005179293 0
185.2858673056969 -80.5481006393312 0
-0.1185851110343776 161.7397766677129 0
148.5924597661808 195.3586515317724 0
151.2009859188159 198.7352844878609 0
146.2655481867075 192.0242139126185 0
226.8644452438852 53.99412649411906 0
237.5425819873206 52.88325394610155 0
58.07883511022165 157.0982771632538 0
44.75467064919322 56.68641181084757 0
44.79998417816134 60.66959312551663 0
44.57433136176006 52.73051126123069 0
121.5796217287897 -19.48925022850307 0
40.14644064176716 181.5547712384933 0
151.6923065777165 -33.66476355017262 0
153.2407627304854 10.14028748954408 0
122.3484530617053 141.7867574452937 0
121.0258226083908 144.9572281016973 0
41.1517484258335 131.9412369999352 0
38.8449456482347 133.1722112466679 0
217.4315024106054 7.131809023527197 0
207.6937975127446 101.5703601143919 0
38.88607058823411 149.9328843302645 0
39.08802714219395 152.7060714192613 0
-12.02156360913759 137.234199688632 0
103.4503928899739 175.6992229063364 0
66.63041402706699 57.21930105313365 0
199.0046947301882 59.47262425546181 0
98.71585416274746 37.06284963452151 0
257.5443412217417 31.00696792076222 0
65.90477266491536 118.2774658266941 0
79.50956259444956 164.1964277171921 0
78.32266524790781 162.7764672540246 0
80.67280278602334 165.5942848920058 0
181.7255396742439 -55.71651120475563 0
183.1443651980809 -22.94448520814701 0
126.5458393948038 57.47285421508151 0
126.4453159597747 53.62042562773702 0
129.2480787106755 50.88699885269771 0
126.1319704707489 49.15925359519415 0
248.6632170622666 33.92564006199598 0
101.4283571440235 186.3531918529633 0
-13.53335147580984 107.1035148604013 0
282.2847525273182 52.40496407376025 0
194.6070449307935 -37.75950719397532 0
192.2028048253729 -34.92302810722479 0
232.0931449455542 -11.92405637336974 0
71.87316991140329 185.5801281464515 0
70.210853144922 185.5098961064832 0
73.76627194123336 185.3872191613095 0
100.4488847600346 -14.96022166505547 0
41.22894569605671 49.9580190444351 0
2.589338254440364 116.8199521708213 0
2.63509551391013 120.5306739132489 0
5.783916093744153 118.6314152651683 0
5.791694773303121 122.1466568507735 0
8.857758775361916 120.3768506398954 0
100.0467578866883 3.374529604672162 0
-11.32067123899563 146.0315363336166 0
278.6118981068194 44.85381417275577 0
84.95050712479799 121.4561930697496 0
184.2530986978517 106.1448079715198 0
184.1717611999145 109.8581981166902 0
-15.74289508522293 156.4874717213102 0
55.29573919875786 122.4643266339731 0
57.50936711311256 123.6839579088201 0
-3.263823410875915 48.44532767497824 0
183.9069337495651 -52.82138275898392 0
185.5835399977191 -56.10414229022648 0
102.9240043960041 96.55585645167919 0
48.39409415323315 95.50744148985046 0
237.8566379452608 8.227348303616409 0
-0.2570380192670143 193.2094633069508 0
82.9256278757224 138.3294229952908 0
66.61188084410448 49.67645606877626 0
131.0608429389914 137.1177933105217 0
145.1236970963327 235.1673520263606 0
112.6068659254499 92.00873111084128 0
36.26381578707131 173.3026765587251 0
68.39601724830358 178.7611370261862 0
69.37705412100293 178.3132722794525 0
70.13615317006622 178.8114844511895 0
67.3872281500292 179.1830429560044 0
127.9716813386023 69.39683888032225 0
128.0699046467604 73.14012378845605 0
101.7255140885351 133.1447510949604 0
202.8780437556236 -40.00189394085801 0
190.5719866594178 125.8712696492072 0
-17.34497173952178 45.87683550934642 0
60.26102772257657 180.1336135532427 0
69.96011413659224 179.6794826967998 0
177.8580695170184 87.02273609033709 0
181.7886129233543 85.27663969271624 0
178.587913617023 83.0072133906834 0
181.9037884243816 81.37239251857312 0
178.8314616126599 79.22278170875329 0
182.0566004245322 77.50271990318345 0
178.9811842378013 75.51711023851502 0
182.3916753988405 73.50018824115735 0
30.26057060446009 36.47471472949742 0
205.510094916692 108.6601770215529 0
207.8643605233719 111.3410933441705 0
176.5287395810133 143.8211310495424 0
93.67130581161111 64.39147060203726 0
93.67332028616916 67.91752405903337 0
106.7817540058876 46.75608822008445 0
187.5177738243897 -29.33598986154679 0
207.4103429493323 -31.87823776395699 0
243.4079635089501 95.77132237852018 0
216.332317464311 22.87337551175045 0
274.7054172293234 82.77119418910222 0
270.8056006885407 80.18302004512397 0
270.166667847039 76.01646208042635 0
267.0443379852586 78.56923682465244 0
266.5289024589326 74.50257964356489 0
267.3675713753659 82.61865272479476 0
263.8469209305688 80.97643367588043 0
264.0725573293531 84.95977790910803 0
269.5430907770612 72.37960946170966 0
266.5077160225285 70.63531620291278 0
24.08999708797641 136.2792670576467 0
23.90564217028835 133.2851110208553 0
173.4567317196318 -68.97109929871492 0
45.7430589281297 131.7956344068405 0
48.01583939186926 133.1491448586378 0
67.70522696042937 43.02715975732063 0
142.4452594274647 224.1566956295498 0
91.80133963232169 73.82255748806016 0
91.93955074105958 77.52154937610304 0
-21.00941798301429 119.52446660709 0
51.83815652025778 155.9216849176008 0
89.22882727912804 158.4305942657701 0
48.59947111277981 98.6683767153215 0
-15.02534941121993 56.83977171394931 0
219.8907628045704 95.90856547422239 0
185.7193086802014 87.24652753846253 0
224.3779831599389 110.4674681852073 0
223.1361294276198 106.973764782296 0
64.20467322330873 97.44321469616926 0
64.02574643302285 100.4986343641578 0
35.18206521223397 166.533510498864 0
2.996092407057745 124.0723411548455 0
19.13948186293081 133.6702847018802 0
104.4395711972419 9.723818912636332 0
113.9552170632334 102.1276168887802 0
240.9082966422611 19.91181704090511 0
92.62484781865311 60.69808941132158 0
64.19022419935929 122.1609916432008 0
66.59025917998974 178.0912219051423 0
158.4242358958963 200.0852658605885 0
73.65165871082486 153.581758603614 0
71.80864090574465 154.5334111610941 0
26.84911132909347 34.98244759960134 0
106.7301602364902 30.78184916163076 0
109.7464315021941 28.88195053011911 0
113.3124789178959 30.80999038637857 0
24.76965941123217 68.46908737052928 0
-17.45654360077637 132.6552107070004 0
72.06711495187832 181.0560159568045 0
194.873599937815 -78.29348060541217 0
191.4513304643093 -76.94017327706361 0
46.92510035722809 156.6940615936371 0
87.29152234376005 156.9682627540439 0
197.233392015911 -40.29237978754045 0
70.21085672376763 177.048697596933 0
161.5852586919877 -34.26114298785247 0
165.9251613951305 -34.30191901139634 0
47.66606121638732 88.82175993504359 0
2.037248095512851 187.5712167151116 0
140.6018812720984 227.9857220944115 0
62.08068341591378 123.4195706341549 0
240.776266500347 93.1516881944022 0
241.5354588668126 89.37947111479845 0
204.6361999853584 112.0230370335752 0
206.848500750321 114.5377744756743 0
124.8416311647901 232.2914667245955 0
123.2739932910878 228.4133896685262 0
119.1267826787553 227.0968946872089 0
61.69277359296956 93.04627494198043 0
71.61739720795687 171.5150773822284 0
60.52000548615395 184.5256153768299 0
262.9053340547387 72.79246940564997 0
-13.38153177588325 111.5019824409077 0
53.73297757343151 194.1924406523069 0
52.86066331215875 190.7056086699838 0
21.56695600390398 43.86218769533541 0
18.26285616382428 47.05984077452041 0
103.736912430353 224.1542855675824 0
105.8937658987892 227.5997794870122 0
58.36019912122791 181.3276294614842 0
230.1309992125497 -18.19711104327298 0
227.3855280365035 -21.26266961310607 0
132.1690267967561 118.3500194596963 0
135.7547201881034 118.5253174357992 0
128.4096021796308 119.5784382170102 0
72.48266859345205 180.1548030228426 0
69.54095746096691 182.8675922111881 0
34.25587335819344 38.16635024808955 0
106.2051761609948 95.15397701042912 0
180.5711397011855 -10.41710557949564 0
61.77560087356524 172.8897148291421 0
61.90026343841961 170.57581275694 0
63.74803534914901 172.0667721497575 0
104.384540536583 212.7124230379293 0
102.7643716534109 47.32433957917981 0
91.63416537674176 38.4893137892191 0
87.86604819530747 36.89451722786023 0
201.5908901684133 -77.57722535881932 0
144.8408860901423 220.2926713076347 0
106.1570225681782 52.62472487680126 0
105.5457962598631 56.56783489005576 0
217.7058786105352 14.35041351670439 0
149.4858943900369 219.9981687212868 0
153.7797493675005 220.1921088206661 0
86.46946586621375 171.23854353431 0
88.120986735025 173.0198621894665 0
239.4529216775209 -8.43101721913861 0
236.7724240653146 -5.049936663103637 0
238.1572564675259 -0.6929457187513748 0
111.3710360627026 98.08729999529946 0
68.98718050957697 176.6268194587913 0
141.386383827031 116.3764780011752 0
137.8336013318391 115.0011459398229 0
224.7807404355636 103.9735610212586 0
71.15906619224927 164.1107204625646 0
-13.8490949318161 102.8889404208002 0
-9.812487973099877 100.3636015086539 0
-10.11102317206331 95.12285952880539 0
93.24489471601004 184.1870949851451 0
46.46153102222198 188.2788874284159 0
82.26010446081486 159.6310937546763 0
255.6823978669104 104.9116021666018 0
-22.48588977460975 49.84637773317257 0
3.309502519546058 169.3978540843287 0
155.9953616485872 215.4809988499509 0
159.4079264881579 219.0951022232647 0
157.3722270802509 223.1663625193563 0
120.281776579283 -9.533124644668433 0
176.5318914739634 -15.04530575858341 0
47.76583660571544 82.48159205976043 0
90.31455315566785 66.48109218355341 0
230.4491941700058 43.98834309825449 0
226.5192710995885 42.9355029840471 0
229.1322491396637 40.09561474207621 0
225.1967174834372 38.95279629102541 0
222.6346680571561 41.8927658452636 0
228.7021713024588 35.51257728771985 0
223.9651600466856 34.76828536172596 0
226.4200947593307 31.93418125238802 0
222.9376987959012 30.84566874200006 0
74.39504411831673 40.94403041845826 0
215.9240090869206 -36.52263811894295 0
195.1176436649746 48.19725191631339 0
72.18587477570861 178.3446543037227 0
71.21624671541484 178.7496944796668 0
57.82805509150269 159.3381720922116 0
202.5115851956865 103.0229324180042 0
276.4400979177126 42.07585215088999 0
279.8850526734215 41.41857703688822 0
273.6123685816968 39.82968386207965 0
64.63066998007926 158.1096332838813 0
66.44589476634997 156.3772897284344 0
39.33126701055275 45.68999589379901 0
75.13559351021557 184.3277240010835 0
75.77276042478445 185.8539946502974 0
127.7797854195758 165.5272777406374 0
-14.55472882084959 149.2575852300093 0
154.0538494279456 -26.15891842524107 0
235.2617981707754 -9.186460691825218 0
99.18192363082578 165.449818182156 0
95.92226889555353 165.7018430317357 0
-22.39664237321782 126.3156028302554 0
191.9541267429919 9.353260712167923 0
191.3764469992276 5.099269120232108 0
194.3455938827808 2.387091797806178 0
190.4216188549097 1.302236623828023 0
187.4726804216785 3.980203798793312 0
186.5263171952365 0.2073210659315663 0
189.4246318924944 -2.433305010830182 0
-2.465460788514775 52.20431155733206 0
112.8358025597435 188.3824860232197 0
116.2927953761911 186.7480323054807 0
119.9753957771796 188.618779483316 0
119.71475998724 184.8114197892208 0
123.0242265046577 186.5436831099835 0
176.2522572774216 136.914819158031 0
84.78112410992898 190.8702259128016 0
82.93283906404849 193.1706492728997 0
84.35183472860656 196.3022406627904 0
81.20695457903498 195.9863540174916 0
82.56902580426572 198.9241080942982 0
79.34676791618011 198.646471380219 0
72.63336988204715 34.92198219895977 0
184.1837468563945 -92.73419698334261 0
185.5591709378675 -20.32552471049488 0
58.88114653206478 91.67232061025454 0
248.1100141682054 14.32256089596278 0
83.5498846692129 188.3062969417486 0
106.5944353732794 188.7508010043914 0
-13.82514432492982 92.07963663520002 0
78.04922111769051 195.7211115394956 0
76.1003181999347 198.3097301178153 0
77.26575984337261 201.4240691432253 0
75.07197216148148 195.3709296156244 0
220.7760454033963 -33.73947587953738 0
36.25725216798631 186.5289680182374 0
3.970981991287175 173.0406097151496 0
34.31423489497638 114.3867159729885 0
32.14233630153157 116.7818016819902 0
35.72100382074268 111.666026055018 0
29.05992811644694 116.5031191831486 0
172.6278162250476 152.6128796180251 0
62.86025916062488 196.2751041082777 0
65.79045331733707 196.0749409074019 0
85.53173766746599 143.1599174062726 0
83.21130267928169 141.9883075507747 0
252.7940280714971 32.64768708170563 0
211.6964932747121 119.832255288086 0
221.0544792609802 -39.94582089196173 0
219.3655349681399 -43.29386042704589 0
-6.226343797587333 97.75525920450478 0
107.2232792823906 -6.199288924900287 0
111.122913187503 -3.757299835625361 0
103.2943369873799 -8.295177116803231 0
99.2780382290393 -6.439828371560068 0
77.56506456236922 174.3838725371925 0
75.88714477688998 174.5942207739861 0
79.96226539218105 193.0868293304528 0
74.49404392040896 204.2515854580543 0
181.5977932450602 -86.60490450678971 0
85.50703024356771 148.4710800572964 0
83.40873400228401 147.3452278725369 0
181.4574014503015 69.24321011227165 0
84.13393254767477 165.3426397113471 0
83.23762598578944 167.5584145240349 0
234.0003783674755 -18.99169049032638 0
172.8944380271466 -64.67843161521363 0
75.33488221497839 147.9900152509967 0
65.74074686348783 166.9537070638492 0
122.9371697301086 182.3216283694227 0
77.44871269559575 149.0308113935362 0
79.34335510468946 150.1562048310668 0
77.387457942594 151.3153248665506 0
9.804825261848066 42.50137353796356 0
70.68856866568177 179.4587705846982 0
164.2464823045113 127.9354736044969 0
161.4143808547554 124.6405373805766 0
168.0773036183285 129.4112334069364 0
153.749503031998 26.47272914968333 0
144.3171343069553 245.0000742611894 0
140.8480816251349 241.9716482622193 0
136.3144123457159 243.9615555086648 0
135.0091168637986 248.5833566373415 0
132.1199240646837 245.6059982736327 0
48.21722980128479 135.7084554321551 0
50.76572923309816 134.0317989945665 0
102.8877384902984 115.2698293277461 0
73.20999717059044 171.4026616177011 0
72.56082529182396 172.9349673104319 0
81.45584960880127 177.2029350214895 0
177.5649351391973 -45.76585944475165 0
176.4392733809893 38.19421982569633 0
174.4732619479389 42.04987987111617 0
170.4211274212699 42.47787040342302 0
172.9735019698671 45.78812919375022 0
176.8150660408617 45.37162197101202 0
175.3240871585832 49.17436914065107 0
171.3927574838007 49.60926113910129 0
173.7855676668902 52.87745836867205 0
177.864532543665 52.50124860443432 0
96.51710259238784 193.1910992804665 0
182.9541117416029 -59.63421962789 0
30.37064235531814 119.1495603607517 0
33.38540896493384 119.5949429146615 0
31.60547961645921 121.722606278657 0
36.22658522295862 119.8448837111591 0
266.568442720852 94.74454922768463 0
263.1692287152585 91.75719573076849 0
119.2076821765667 181.0437466560219 0
61.70197882054831 102.0737075595502 0
64.20882727618309 103.3613873713024 0
66.63119220093984 101.879028437641 0
61.88207357242392 104.8772930208031 0
64.24003204893502 106.1406032693056 0
62.02849771291181 107.6140926505476 0
64.31703477896588 108.8473462829436 0
62.10579167248085 110.2947447722666 0
64.44901997916227 111.97302119215 0
66.61714345723976 110.4042556484673 0
59.54399773700644 109.185772351446 0
66.90926757999451 113.0169507068932 0
187.9023090211415 -83.74172635780569 0
124.7668276984952 144.6957970615783 0
122.9568610754203 148.1321260909455 0
104.6600191847345 132.5671018924133 0
102.9007130139042 130.3305739757281 0
162.6690573602502 173.4436894661875 0
162.6866062545467 177.7784981109408 0
96.19728662922626 58.42969951312507 0
74.28986079183539 161.6027907893432 0
74.14613422073418 163.2468385756268 0
118.4483083594905 121.3370667823922 0
114.6767412618441 121.57456012348 0
175.9392276673254 19.4564252942418 0
246.2413511428353 98.92061440144545 0
242.628880531342 0.5406470468152094 0
65.85446142612135 169.1050916436343 0
51.02243378423591 137.0364719752334 0
228.6118990678982 103.2736384925066 0
102.1871833001537 164.8025715632374 0
157.9548275385878 147.0097815421516 0
161.5106991867719 148.8024640188681 0
171.0729528587394 182.1733383555192 0
167.0126545827159 180.3212585699621 0
166.7180460493499 175.7719512612509 0
162.9055990060224 182.2021832113527 0
167.1359054993242 184.8062461327654 0
162.6158705179674 186.2569020448781 0
158.5036061186273 184.1690867067924 0
115.9714758950613 231.4453144250451 0
84.07093049116216 204.0508950734633 0
65.52700521103571 188.0763634653326 0
115.5981571727481 127.9152401417813 0
108.9354152506479 205.4542283050769 0
64.02721004060116 191.3184730192579 0
59.79912897076667 122.2335943778364 0
60.04763143672827 124.7605254139664 0
58.20461463661833 126.0098442601099 0
6.132480512580926 125.3942561623998 0
3.591196831415715 127.2834637871034 0
173.3544290642802 16.1323249075613 0
174.9169756587112 12.11095486804071 0
175.1270168839056 77.23429234462154 0
140.0022707877728 134.3525163980061 0
97.9300427081368 141.3615251093424 0
97.47255479498581 118.5250728716512 0
101.7107604460523 227.8318451162066 0
122.0908207390212 -14.02303418036331 0
-3.629897051845376 138.0136348524001 0
73.10560363666822 198.193048582874 0
76.42126042786114 172.9588086237541 0
74.7781797634993 173.468262101106 0
82.85481912363707 33.15725535314544 0
177.5359380562973 -68.83207114311206 0
180.4084452069333 -71.39979742294587 0
189.7185949472745 -60.89236532334668 0
251.996043679485 9.585127072855883 0
144.0971528001134 117.7445875258935 0
69.88168503804674 153.7052520102002 0
70.07290504413612 155.7266818092926 0
89.89738200613114 30.65767725693544 0
65.25984082213932 73.31934572725854 0
121.5607623558364 176.5658570152315 0
175.2812312983371 147.8920006007928 0
116.8629742509806 -21.46827251298173 0
46.47024681902761 174.3052019671839 0
95.38705705238668 159.8808650510963 0
92.63085033811791 161.8362335107585 0
-11.61259023809271 149.1246143299358 0
-8.715818420402059 150.5257102272287 0
66.05209976367358 80.03180998790515 0
62.99118042526547 78.48145170137826 0
212.2350191796985 -37.13612423071275 0
118.6401295106747 -4.749037735400748 0
2.276617095372558 150.0628721191356 0
173.7696475254625 133.1754449511876 0
157.4606836882426 -33.37458707181638 0
201.878123988762 77.6497670733168 0
203.1714329865219 81.39981635704646 0
207.1213451277242 82.19048181454616 0
67.8179262185153 199.0899379295877 0
69.34610834189522 195.9048361898776 0
-20.52129571159767 115.2354957638811 0
223.4412377060044 -31.89648460308509 0
39.07415069380357 37.79475094724398 0
61.54743168156743 65.78685471705101 0
64.76105712723415 63.78236869031973 0
64.79213591982142 67.59119716634363 0
67.92159932477745 65.72251869068188 0
109.4920633856007 172.1339761126688 0
104.5931464800843 192.4442151684768 0
109.6905135016932 154.7221123695595 0
113.399538532645 154.3089166473576 0
222.9556940444897 -25.72641126922387 0
225.4835588782173 -28.67247978014493 0
226.4973968666275 -24.89962132800709 0
66.10086983709868 154.110051171743 0
204.8668918037388 85.18402776272002 0
87.27651741749237 120.4211384863897 0
87.00513946114953 123.2904128043194 0
89.49708484264281 124.6530581000895 0
59.08626451339015 100.7684397299373 0
269.4080111273499 34.89042805302162 0
198.8660359451564 80.78581507974192 0
66.46928076100178 104.9203134002661 0
77.60267862644585 159.944705466331 0
67.3479544113963 92.57444365045103 0
64.47586056656834 94.32555824837873 0
61.69551457643585 89.84612222154965 0
80.56428318320981 119.022877736081 0
78.53474341830926 117.7784381068167 0
78.09592947566382 115.439235558049 0
103.7184068491853 179.2036570219051 0
103.372463536421 183.148472229157 0
65.89063785765191 120.7774042965642 0
73.28896441598818 146.9512603247249 0
86.96433948042737 106.3836776484859 0
84.3625861275892 104.924351263702 0
84.29028234115707 102.004315442042 0
81.74673538901943 103.5157113258664 0
81.48479862601161 100.4408350718042 0
81.87225804722837 106.4085594177905 0
79.33728346846206 105.0509520602971 0
79.61839570814672 107.74715521875 0
82.03929116908112 109.2108023150176 0
79.40029582562715 110.5992630295285 0
84.61249504998392 110.6666288 0
80.02574807056016 113.8107171686285 0
77.50193972179552 113.0716377529235 0
76.62715882362824 110.6661513468527 0
67.18126266214138 96.21825095067453 0
45.98632315094663 137.1783090288567 0
44.29331468250832 161.9331886138546 0
98.82217910935209 133.1006448181155 0
85.0322187859946 138.0461453687352 0
253.7477936929174 101.5722805989852 0
9.83488388200405 176.6981225442531 0
13.74645006821162 175.4944318492545 0
17.09461113285968 178.4932173877755 0
272.3662007320729 87.14286606719668 0
193.1547280979171 123.6473814298528 0
189.7904714388266 122.3306489789546 0
188.9152445924779 119.0994617802838 0
186.324107524672 121.3653397325184 0
185.6738032383223 118.0531532584761 0
188.220224880822 115.494451097419 0
184.3842880750921 114.2724152179925 0
230.8016327696992 -32.22864298916917 0
228.5449507279732 -30.24448699664434 0
12.41157641917734 134.1180404333577 0
232.1712929031339 -25.90175561957851 0
84.36333111194392 159.3298927462776 0
50.41945078043105 48.19398443324646 0
223.048967476534 -43.21309330109932 0
127.8619625824345 146.219499545658 0
103.0343834244129 118.2630893891838 0
148.5977421527717 21.00257445073748 0
82.18576111226173 171.9371973743417 0
179.9053252774291 18.74521111393998 0
61.21482704836497 58.0556624951054 0
74.22965049609986 164.9194664210444 0
76.03756404687772 162.8698301544134 0
87.58378823104735 196.4318338080085 0
61.20902743851369 136.2305007292504 0
61.06898888830747 133.9321444448422 0
106.2629870029519 170.2836064213062 0
74.3680047176878 78.00720834226556 0
77.46055142097792 79.56142976572015 0
108.412151154192 137.5428238155481 0
162.7756699818166 198.8906718113682 0
161.1677641651158 195.1128852863516 0
163.4486465371786 191.8986789317641 0
184.1971808981559 -69.92952216233148 0
75.98329521368976 180.3126939262957 0
-0.4762289280264724 123.1418778256751 0
195.9693249281718 40.4397800954445 0
85.3383044419719 132.8921463625909 0
83.08769267925587 133.9281822024428 0
182.4847629864219 -49.65575566406709 0
187.3627162895181 111.5976250019874 0
190.2740321437115 109.0790097049974 0
81.92780810546637 182.4170400372229 0
141.3404637693998 17.06544483631021 0
33.73752219465526 105.9243423487122 0
34.60993646466447 102.9819963264507 0
86.50761051050537 93.91750696798105 0
83.87194436663275 95.65396653165978 0
81.04528519165544 94.09273937504254 0
81.28105385416166 97.32391204085295 0
78.35391844353066 95.70462676036794 0
78.20821142568231 99.04966442887033 0
79.0682410397869 102.1802342785998 0
77.14955480991443 103.7836840983772 0
75.4636217117949 94.04558979454397 0
-6.36421433831012 93.33759365939062 0
-2.683994134832233 95.21073442547873 0
0.7405017908177172 98.06804694756575 0
4.355499459187797 96.77627385155543 0
7.401117534620511 99.01370958793312 0
1.35830801634819 94.28154512642132 0
-1.074048126954779 91.2010888316356 0
150.4758877226585 106.8998322750834 0
150.4205666241574 103.3285722405605 0
153.5494993645084 104.8494727498328 0
153.3535571670679 101.3050206197784 0
134.1453767731935 17.32324791230938 0
137.0790525114182 136.8088757025831 0
61.59294996271461 69.33275753752096 0
68.11012517476529 154.9697112484537 0
265.0916948594638 48.37414028196193 0
261.8958183489174 49.98960793978118 0
94.83126378636473 113.6814953396233 0
66.60410096332028 186.4484046335171 0
56.03538351075147 86.88119920069235 0
29.15027944839326 96.57523577318462 0
30.94334553846249 93.46535947443573 0
29.75561760551052 90.35103171193715 0
32.72324123017923 96.51011497619706 0
30.54550628672359 99.69453043010012 0
185.5478549646024 -4.108739918252297 0
194.4414090877691 -55.06248204663892 0
189.8827185639348 -56.57877897009259 0
191.3331330738567 -52.37509181448497 0
65.63194455052908 147.355088835172 0
65.51436045455601 145.103463108353 0
170.521013774877 173.190917695826 0
-14.39181726798665 160.0618238705221 0
-11.11395134838992 162.0723461614201 0
37.07945412784586 41.89132684929868 0
250.297980823252 100.4040435329436 0
75.29111106957119 145.7041812907579 0
154.7280021115151 200.4840331256988 0
151.695310227943 202.9221244552927 0
153.8539058047524 206.7256229654113 0
191.8037477339438 116.3432403615899 0
27.00282808970299 83.72610787040763 0
29.210393754519 80.74408269739479 0
27.77554129043807 77.33028157024603 0
31.46207410313612 77.79270798432502 0
30.43822593517508 84.23175251876307 0
29.95446139863513 74.39526145814887 0
257.5174968940371 45.63300961103934 0
152.1190903402272 30.65329568920455 0
9.837803640730741 135.7511825976243 0
12.6696181164987 137.1469929786566 0
186.0331907382464 -42.81905296253591 0
187.0778736666585 -39.15927832317685 0
182.6985126288001 -43.81868562355702 0
113.5402686969823 125.4850637829836 0
110.5232652433461 126.0778615679168 0
109.3142728471394 129.0212357874839 0
106.0910920945952 129.1412414765961 0
61.80368794285948 113.0723515935369 0
161.6324058509774 156.4578182038455 0
43.43726495636039 130.4473752388178 0
41.04255709799146 129.2218408763749 0
166.5573536716479 -27.54625014385775 0
64.03174221580915 153.1749297210785 0
168.1618400714869 -31.14947094971778 0
164.8788269891141 134.5611110824451 0
102.5851574485758 58.25609286961829 0
73.41248627545622 125.7548892076016 0
73.63070579349436 127.8246553413968 0
121.0642743545113 129.9609178905109 0
33.74985159889238 100.1850945372485 0
149.3078548122081 119.79064503239 0
62.47173061695646 159.4249100345611 0
282.2234924033489 38.55124904091077 0
127.2424364463075 122.9368284797088 0
125.0702542551744 120.5000858572599 0
209.9001518664523 -4.877566420841717 0
117.5684557020669 211.8900098208765 0
119.2278687316606 207.9822195199904 0
117.1684440165024 204.860231190403 0
257.0993670199422 26.58060430321063 0
165.2989305049058 214.0010864349027 0
76.21785959381884 58.39799116466372 0
76.3495276962001 62.07524202545592 0
231.3703932671886 -8.433540446027351 0
16.31836523232148 147.8376717201525 0
51.23031814923512 99.77748638418069 0
49.02944372568795 101.725062228717 0
26.29513890731951 90.06365128263448 0
28.40636832017461 87.09158532247837 0
31.72338282591178 87.54495174830519 0
20.88929111501122 181.4082751735536 0
21.23413599136195 176.648701510148 0
176.2514877626181 56.10249080655669 0
92.49828215370425 52.56139258121735 0
92.5590092137752 56.42087429431434 0
153.7211809106838 211.3033048185537 0
89.05911739934896 79.24960565261107 0
-15.34859575367855 138.5828742735251 0
-14.90664561145442 142.1706665300737 0
244.6057364227527 23.48325342471689 0
242.9455382211194 27.69463334211724 0
249.550844597844 44.91858861953052 0
17.87141684321506 131.2287979320251 0
36.0527733003977 133.7641464100657 0
73.55249433950988 64.10675510306098 0
245.1785990322156 88.12152271712129 0
242.2404381571334 85.41050784745886 0
243.3616762071054 81.39207783748037 0
238.2940965537058 87.18029407572544 0
124.5622449866163 167.454272877126 0
121.7028367439238 168.9369379181696 0
-21.39322419741026 134.6683881554385 0
222.8921966344876 85.09459524537533 0
179.9056525925288 0.248127026138846 0
148.6053107766733 -22.7438749423401 0
198.3021056264296 3.340869511877514 0
66.15096733019563 130.2423204206646 0
66.44683764706188 132.4739605849068 0
68.1325572817007 129.2492150194561 0
35.66924413853845 159.8061949489241 0
35.68475110567246 156.4560203058062 0
32.38801309602772 161.1332431802197 0
223.7499477743111 -19.97081021113344 0
220.2523864595129 -18.86493591040333 0
69.22663462220099 116.8601903279433 0
66.97118828666441 115.8358892922969 0
222.5233941400004 13.26826018428385 0
127.574658167742 138.7588471541431 0
131.3288169700189 163.4918502786216 0
131.4671419333324 159.6308943620545 0
35.88545113663196 94.66755929155808 0
-0.6449702461494837 148.6464274168587 0
-0.7607525259821557 145.5117683609095 0
2.199960413256349 146.875059262305 0
-0.6964791536521773 142.3464297127675 0
2.026032767974584 140.6231840116327 0
137.8327753917778 163.3814972090412 0
182.7741341419361 -7.396020052350678 0
152.274392281878 112.6926600143888 0
148.1377087193902 112.7912780369619 0
137.6865177716165 -17.33813739164444 0
97.78701931274483 90.52833514550439 0
97.58399011077853 93.77344833056681 0
79.15329123868239 161.1077185368955 0
94.99198708388519 168.6136989126332 0
53.07759556446129 121.5941973064491 0
50.84455122366417 120.5702885335297 0
53.25043893644322 124.018050431671 0
79.24645346587535 52.73725373294177 0
24.02362830497643 76.88968892440316 0
21.34358680454247 132.1345450131257 0
24.9048718018757 146.1848081848623 0
27.66990169242766 144.4202173502734 0
209.7212671300341 -24.94498505780355 0
238.4223856545355 12.2513156893362 0
74.00027401607323 169.8559334313602 0
163.947612212474 225.3606832574498 0
217.5354814421862 90.80657736261783 0
221.2095585964621 92.11499255443393 0
100.0842709027864 149.2988389338987 0
101.7679512537629 151.8908282788351 0
167.8687357902472 39.13227873269644 0
169.5921196818406 53.37910439407362 0
167.2185915017043 50.11436870927967 0
89.10691315279897 54.45868571465079 0
212.3079202845557 97.12172242904799 0
247.1257680667836 80.19157287510076 0
44.21792439830405 117.117496789484 0
46.70704185969774 115.6895127498017 0
17.51791773460855 62.25261079440877 0
131.1292319157312 148.1096452788245 0
207.3841540974568 -1.865539077046591 0
134.9666444589375 217.6433088187981 0
116.8074026004852 109.5446354502825 0
113.9310694679572 108.1766985913662 0
138.1108240833828 -2.437622339577487 0
141.7871835309481 -5.559395090420423 0
142.5058173452044 -0.1349129769225641 0
180.7276885999294 -26.05656148379754 0
221.4237995910979 -12.71097235754561 0
91.76903699583154 126.1971768419753 0
84.10032626362681 98.90511172697316 0
162.2875929222859 164.8203116353485 0
243.2308907912816 71.26286678103277 0
108.2306977504861 11.88171375910568 0
108.3241345327005 16.31246632195673 0
112.0834989826006 18.28850442749631 0
108.8284559231682 20.3770057152463 0
112.4454873889496 22.51101383855404 0
-9.550802772515254 53.09957266838383 0
80.84913510716902 90.7861604360648 0
115.3539470816858 157.4233620790028 0
130.7338111663441 10.87595451064801 0
127.0252942378929 13.18080114750924 0
124.7322557943784 151.5174580041505 0
121.7008753211301 153.9707424360127 0
118.507378898633 152.5659671274278 0
172.6848677593867 27.41230835987125 0
177.4935203348009 27.120228483752 0
163.1210538289874 68.37360728521016 0
134.6021654256943 98.31441233011078 0
131.5819206064579 100.2638926787212 0
79.52421715679083 60.12231564366667 0
115.7592583877834 15.90825858505561 0
104.8982320680101 -15.57925850758497 0
138.7927161325786 52.12534264075183 0
142.3085611601952 54.02910328319835 0
145.6811315265279 52.00653211966952 0
145.816213258812 55.93379099057452 0
139.2014593079479 56.2331529026886 0
149.1950338171352 53.90035231334969 0
149.5220883284113 57.74784217686283 0
153.1595172906467 59.58084386055953 0
149.8633200848075 61.78633036222335 0
153.4982083866154 63.46857775175918 0
150.2771253907214 65.70287525709664 0
146.2899171278569 60.0185293677907 0
153.6397581523573 67.32563129775312 0
156.4828777512588 61.10316595276303 0
146.7284950387119 64.08650025971377 0
146.9141164306832 67.91413173763895 0
281.977282657655 70.34155746949762 0
124.1725112823728 239.8292100825417 0
244.6388157307987 77.55824366805486 0
134.4446208444082 173.0921368780447 0
137.6940780928744 175.2342784912486 0
15.11820333667625 135.5103254709266 0
13.54637412135247 140.2944011242669 0
70.15014349110729 130.1983464199676 0
101.7234634744694 34.85773302398164 0
143.5406180796668 -10.20495391793688 0
71.62796529940643 126.824799756937 0
68.54859832606451 167.5292085080412 0
211.0011987237278 72.40117082174508 0
212.3371990867547 76.19859742734474 0
215.014991742225 73.13460068324181 0
158.691859962995 32.9244717252307 0
136.8313375580567 70.36256024432247 0
133.6414580871866 72.36440345677447 0
-10.44612464569164 65.22939777159436 0
-11.28192566698635 69.05296325137411 0
-13.02461632926247 62.44392459255161 0
127.9017406046534 42.39924043080528 0
184.757804486373 -16.53008368427324 0
156.6308239843998 7.432888418423786 0
224.1050915905141 88.81712495044651 0
10.64297416820092 71.91372364226392 0
5.891824936538441 71.566842153861 0
4.728397856071751 67.62925200213516 0
170.2818972051693 94.25358757837903 0
172.6633276620175 97.17442838349125 0
123.8856366775253 190.3508477277344 0
148.5502628938251 129.7636957291554 0
24.83762854259409 139.3551233276596 0
160.7633818998151 92.11614050604697 0
158.7284974527881 88.99595349009438 0
156.8648014269122 92.40169779180192 0
153.4649266656279 94.33635304809813 0
137.3592579744418 140.4749916402732 0
258.7579208641528 39.09343471262147 0
124.9399616606665 -27.63271662930859 0
35.96102095486825 139.7152948340136 0
38.66063097246226 138.4253473331071 0
44.26450581671048 102.4334594663606 0
67.51540769226274 146.0894793664087 0
222.885575134553 -2.241952560787084 0
263.6741789449027 76.88285126673402 0
209.799018906783 79.18856836534734 0
147.2095530897034 98.07907409874122 0
164.348252804854 74.85868853773853 0
162.9543627642439 78.3317039740953 0
165.2705187840953 81.34642861486905 0
163.2428095663961 84.76483482764289 0
202.355822097402 119.9227599642195 0
63.2429264106263 139.5113638985994 0
116.3751510454806 99.14337049142745 0
44.47150239994812 111.3684069635599 0
212.5511468789105 20.48017472977587 0
201.8659263703704 67.01023886599407 0
199.5957910770942 69.77940771591625 0
154.4372050325848 145.0534533403168 0
153.9454620294324 141.0082146226838 0
145.5654478918241 47.99093236056626 0
149.240743896886 45.54579603621874 0
168.2130989443601 9.325016624872646 0
77.44235399599947 153.6221906662153 0
75.48588469968527 152.5193373449541 0
93.46045176586441 3.92857637215846 0
146.1948204278533 -6.644313147569633 0
151.6571018005621 0.2071398635350477 0
147.2299408619475 0.2251529846685258 0
132.4882001639941 214.2620679819997 0
150.8622109588137 132.9765178041653 0
149.2185821992767 136.2219475853416 0
124.2621923908998 40.5668371201833 0
124.4997148643025 45.19216947537688 0
120.7290060167358 46.80989504046331 0
173.4615144876902 70.14500379911387 0
-18.26341372868961 70.5847255931252 0
-15.64019870656665 72.92439654619461 0
110.5901336023442 48.76523680909419 0
156.4127304850492 36.77327291625856 0
213.5986009787453 58.50175143631689 0
96.97438016194937 69.57310493502092 0
14.13147984859066 79.12052979828985 0
158.4601027967402 14.57152024868377 0
44.36439334284125 105.4753222790985 0
46.91995140311515 106.6144704296541 0
46.73258341266677 103.5702630910022 0
46.56597145072817 118.4293601248942 0
168.86131409177 46.30634558279344 0
163.0645108186529 50.58502600675082 0
99.96770454770474 104.4274220320543 0
97.2309335073268 102.9942860711583 0
15.77466768165307 58.62728715694379 0
77.25862249350037 127.9303128491789 0
44.35702574938708 96.09999566082959 0
226.9269049591193 95.78577464904001 0
233.1184794129304 83.55825452285252 0
134.3093298304378 -0.1609196992286996 0
207.2177479399217 -47.81904393731529 0
205.1255305289287 34.26807396637408 0
206.5236034057295 38.49864116590496 0
128.2997536230994 94.96610689076334 0
139.2265344315348 199.4425937387197 0
140.8313922036783 195.783532346529 0
135.1871996037863 199.8145779227863 0
88.76222716362625 26.12782420699581 0
153.7987503065639 44.71933647786736 0
150.8170038717389 41.77590425563535 0
76.0827910591473 54.69568449802432 0
0.5673056331841622 66.3344341211284 0
1.130675467188439 61.58995773578445 0
202.2081862439919 26.1717199535542 0
166.2823256129981 42.98147122145934 0
32.92452266997009 81.3747708974536 0
172.2947499612079 -9.688604019844888 0
168.156103478885 -9.232239912642257 0
166.4932058215463 -5.39384368433268 0
163.9864394700598 -8.764461660674726 0
165.5710713622892 -12.63347391172435 0
162.1274893454975 -4.892735666880967 0
-1.718491419848164 182.2831137836054 0
199.6626228066992 105.2248191437585 0
111.2009300727038 56.92612107229865 0
184.3589800914438 60.9483580501294 0
115.5593829916844 92.05912681925338 0
99.02847136191772 218.4627983005978 0
115.1843700552186 73.9336648042153 0
112.0151816539969 72.20909380089888 0
112.2223737069556 75.9436159608271 0
111.9142286882357 68.45015463895101 0
115.395314914339 77.65441712276829 0
112.3291230236907 79.65772681075744 0
112.6145648992142 83.13524859399436 0
109.1790225396595 81.6085072599447 0
109.2855634969568 77.38330076822402 0
51.50800882639388 60.43904898122523 0
188.57337248555 17.26549629756488 0
67.38099696375797 143.8276505111573 0
69.47325825918963 147.1197179290828 0
127.2989222265518 26.07741047282035 0
76.38221598245762 179.0019762995702 0
159.2899992679854 21.9351146687943 0
90.10880376604466 185.392507212052 0
90.72868853670029 182.4943207696276 0
95.36087389390346 187.1297689102375 0
94.24762586701993 190.355566937538 0
141.1366213242127 173.2305121357874 0
144.7499495221487 175.5555099919737 0
147.9973493352536 173.6971296182886 0
137.0077321028441 179.0684252091551 0
73.38390819261784 155.5061777413559 0
12.66312408665642 51.26904849432596 0
16.82794835785509 51.81736960763071 0
234.0183887819726 13.90984107770869 0
124.9464471208353 75.40621138848327 0
128.0493927469875 76.88454203125426 0
136.9776476271556 74.18594155640707 0
133.8489954934589 76.23331927630046 0
134.085188982781 79.99695251268371 0
36.14909719967602 142.8367930625782 0
182.2651820145998 52.13650166948008 0
151.5123934199022 171.3251451201425 0
168.0085710960536 100.8957600134919 0
107.2388019470623 216.3949827835802 0
191.236675923455 95.24366782278116 0
56.10546460064697 90.14847688208731 0
182.8374275668236 65.13352467745135 0
149.4276230456494 4.055314030305922 0
51.76139857824455 64.28799904849055 0
48.54883505185097 66.34943753807872 0
48.80885419144182 70.58015598856723 0
45.33778034856539 68.40828270422388 0
47.93335425947426 74.44490312928076 0
45.01479707624375 64.5443314707896 0
44.80806110398616 75.70438278871403 0
47.6901308326384 77.65190849914724 0
79.92125033858221 67.3714781771338 0
181.1549854898404 44.2562322919837 0
0.339123046680271 80.65069507871898 0
111.3487595129904 60.84963976370116 0
108.4516925248931 62.53949917676827 0
169.4678294588791 -13.10196389891648 0
19.15194405364527 168.632118593366 0
19.65401143490136 172.579317253031 0
52.21018329840581 71.65315011469234 0
174.7210267703748 103.8925394665319 0
171.6511938674195 105.6646273296797 0
171.5224684345133 102.2548717549092 0
169.1689467131317 16.75500322352105 0
125.3987987070078 204.2526016161963 0
186.4831112458681 72.41339444142378 0
85.57018426238716 45.06608285951951 0
238.3326000984928 77.95887254359209 0
204.8832324501726 95.46965388779964 0
80.83130162262017 170.4705088941826 0
82.83110173222755 169.9220243210139 0
147.9497107389595 188.4507350689944 0
198.4651968174524 -17.03777927123831 0
137.2773357711648 81.74423865952426 0
134.5979955295529 157.5659858291478 0
197.516122920571 55.49067357832487 0
134.7402118660227 101.9357843729499 0
188.2641864755834 80.37985622375112 0
189.6362292734092 87.68957675348803 0
192.7681390956726 -63.41744092574125 0
200.4595433516847 63.18697915557854 0
212.2363877384976 -27.70786286793616 0
54.19442936596552 157.128120353442 0
27.71535168195641 113.7630786231873 0
75.11125680616418 117.8379570403403 0
142.9062440668908 231.4832756292378 0
48.70651763337189 122.084372727805 0
249.2242671251956 72.3940614518033 0
200.9771420409662 -19.92841512126893 0
204.7682324059498 -9.108177288994142 0
81.2944829549091 130.2145703271586 0
81.23679314699731 132.4916651164752 0
14.91386113033883 95.42844745942968 0
12.98301528380685 98.36068553915952 0
16.47681898826285 98.80860051224596 0
14.60454995630289 101.6552227255961 0
18.11238689051299 101.9469799882864 0
16.01775102720742 104.7746063750068 0
19.60361872907389 105.6151351590091 0
138.0366777639348 121.3620846444177 0
125.7230436781056 107.5415001780177 0
97.7198065837034 227.0486677555293 0
1.687705658428541 72.80667404839784 0
161.9757432046169 114.6868209791967 0
164.2964610726856 117.6634921857825 0
165.5540140037158 114.4940625479853 0
163.3623797893837 111.2680335530045 0
167.6379151688334 111.1341408212169 0
159.0103792628283 191.1132388266077 0
94.84722389152181 92.16295300214803 0
215.9943771718432 32.7995376543872 0
94.46636311324389 122.0519578472101 0
137.6000000196053 131.0576845338643 0
195.8088985887441 22.08167578388137 0
194.9258314213503 17.44171495484098 0
200.1687871191729 22.45257913062545 0
197.937001828275 14.17265921039379 0
141.9763019786544 4.101275792515125 0
209.7369321256479 -14.9302999818333 0
159.5112311889552 95.56411679753741 0
127.0618330243447 17.51283763064002 0
171.3474623114606 109.3313039492906 0
44.42153518058355 89.60491776935572 0
54.8512324982125 114.9841890574558 0
68.97567568589648 138.0786453111547 0
159.0677858415694 121.6220544787843 0
-3.17150925308357 160.2962219580635 0
-18.13485667443283 78.47610794890582 0
144.8359885485907 130.1223218091505 0
147.2310020132744 133.0305633329474 0
102.7808550359405 20.31603427077656 0
181.8387619226277 -29.65807068387996 0
167.5534119148506 191.854132633736 0
59.6531268941921 119.7823348790101 0
141.1220643265725 161.3694719084991 0
162.5096620552485 169.0654159254761 0
67.62764126252068 148.3540289209454 0
168.5191513166415 27.98974573586299 0
95.29467553615643 150.6578939245947 0
138.2202698343046 210.1507578777781 0
115.7807386747756 84.89866939915287 0
112.4827196841962 86.72128613941011 0
41.47492401937211 62.63706321747431 0
21.76733248135562 101.9518362905486 0
66.72466759495298 60.66552962668782 0
238.456114697545 44.14391892799872 0
236.9315735727406 48.58932393442658 0
243.9063653355129 61.53931096346579 0
116.3171994427894 133.6567020087226 0
190.0718180424691 31.86436372543358 0
100.9118457608619 141.113263859561 0
191.8592382907662 99.03044977322698 0
44.41901405538181 158.6045549355847 0
23.87540480661742 53.13273519153186 0
24.82854286097803 107.9722750563391 0
22.81938068283473 111.0701334307856 0
219.5492844139631 25.33464632843664 0
14.05076194255662 116.9063565341167 0
-7.315326688957015 114.9505545000725 0
203.6280046540106 -33.32842444886487 0
126.9629835960413 61.45349294609589 0
137.528094875941 89.1559524398143 0
213.8089718612849 79.91679975504478 0
216.3741934352511 76.90110696069529 0
199.7399852371749 -23.52832659059628 0
251.2096691149729 65.15812325407467 0
141.8689229429695 37.88973135084716 0
107.6886026455534 146.0580957799467 0
136.7765861472086 196.209278932025 0
137.9915100041725 110.8907495234 0
214.9855359121478 62.38315089138402 0
47.49099613564215 92.18166091078056 0
83.40337762966023 179.6972151217269 0
18.55783223360382 95.67850767413348 0
170.2443067647652 60.21422876020354 0
208.744898680253 85.88328120424815 0
239.7869346459162 24.42382450921656 0
51.61428270358823 102.7415826412727 0
173.462529499946 -35.14778594127931 0
113.6456172800839 38.92646746049586 0
184.7223999920309 22.57152797307084 0
21.26371118863027 69.76596176082839 0
138.3572728909439 40.05385707489521 0
3.79195127964681 57.75394540786944 0
0.00407008464483738 57.4502665155017 0
238.2955488547017 -12.03789987862754 0
-8.508927773015415 71.98393052572517 0
97.47762706283362 77.02910603812431 0
73.03769788374954 140.0925621818815 0
134.2900879362317 25.78867865241335 0
129.4385948041741 125.7462823074925 0
169.0053547247721 -2.026293348530785 0
227.8036685522573 23.48246229664301 0
184.6497938085477 98.71668884297773 0
219.6773436387302 105.5891289795678 0
114.0849555999417 111.3768083517952 0
238.4905254487541 56.7293591424317 0
79.13325954114192 140.9308719750783 0
263.3625961368507 55.16779261923948 0
180.345862116021 118.7459308715151 0
93.17115585082202 27.83693163181839 0
148.0188860265752 169.3340019474938 0
264.227006919668 64.48416063210641 0
266.9653494109917 66.75579623776351 0
194.7280660448115 -7.655216207314737 0
241.5780786259775 31.85793741389345 0
131.0161153923768 32.13298619240903 0
190.7845402836402 35.96081063379701 0
127.399277243427 30.20952167374438 0
50.93894634880093 52.38994193142412 0
201.2560455345899 94.86325937705314 0
132.8047561483947 196.6136362730187 0
176.2536701026828 -62.13618947061296 0
226.8333097187673 75.38415267465048 0
193.5186032768796 -31.45397128276328 0
144.9793216080506 19.02568179949904 0
61.96392223853589 42.31255774859757 0
133.9708375788268 135.4319285096167 0
180.9473734543531 111.6608033823526 0
144.0057009005479 96.30083385804613 0
120.8758505277866 50.67299518618852 0
53.32596203285745 146.2916382989549 0
55.82570625967354 147.6729010148048 0
184.365943097097 102.4369890065721 0
137.95101518355 27.69907281232765 0
109.5860575777268 168.6484117126714 0
184.9655767987563 91.40843761254345 0
144.1121645363655 103.5117484466556 0
171.2654534646729 116.6324096671306 0
108.7114072152508 24.57153753499909 0
224.3150562776374 67.77506303075106 0
145.1985203186349 39.92016167718842 0
129.9479066270685 -11.19507969251485 0
234.6543481477176 66.40668326286023 0
123.163976966289 200.9705056055362 0
158.5169611564833 162.9841388551027 0
52.18167135684476 184.4114749047127 0
54.96889425608845 185.7435047757535 0
57.57365032051499 184.0953995799885 0
57.36820816911349 187.1584848365408 0
239.4271384773073 82.20414071500981 0
146.8735253273924 75.84287020339261 0
210.3799994069919 113.9020123192895 0
116.0295564176161 20.19503279886215 0
28.1109724682703 129.8780492632952 0
148.189547208164 205.4145418203402 0
72.66369488873477 45.34979567296703 0
121.0992950363055 58.49393580101538 0
106.5256117433121 135.0096167765344 0
74.16252932230731 130.0350852679221 0
239.7186942018776 101.8826872396122 0
131.0967284916346 174.865726463369 0
211.0420785151983 -11.393280025159 0
197.2317822036864 -20.64055822542613 0
128.582565132955 102.1977805298764 0
124.8449775934447 222.062671925033 0
106.6140254006521 156.6599216512807 0
99.92527164470013 44.58882334329193 0
124.9102451997842 79.0853266606869 0
121.7828106926034 211.5659519553882 0
208.9863269946242 12.59241904124106 0
112.5424923173343 159.7850348353118 0
128.7007694202925 105.6952498297169 0
121.3871156103305 66.17119994622762 0
31.19660669948532 60.91960504016077 0
147.0161794311182 87.0613810867092 0
260.7925132197796 65.56252801596716 0
183.6990915652812 124.0453412633233 0
95.28370276552781 162.8639755247989 0
114.3557014821957 227.2464740603999 0
4.134829257958472 87.95428494634353 0
74.48761465625378 81.34390504326423 0
72.03532147886349 83.01849573630594 0
86.22514699004186 84.20513430022997 0
178.9815637828283 -49.18107331930371 0
27.83976672481431 62.95631442528732 0
125.108642303147 86.42392357732682 0
128.0309888057762 84.37534304405018 0
103.5349251910977 127.3666356878261 0
43.86328151332327 146.7355734747723 0
134.3396721181435 87.48472952926083 0
134.0929296892087 83.76614689745995 0
168.4163887605742 -41.02598244052591 0
211.4345247737683 110.486712838056 0
75.11887291572471 120.1704095861951 0
92.27069044982034 112.1963686951369 0
134.1628677017166 210.5292816249657 0
119.1473799226082 4.803853462267398 0
123.0082955065595 115.9853916574336 0
136.0331268599472 189.4344139112139 0
257.2249910368065 53.49966981904365 0
126.8572352383817 225.8306449362238 0
119.5386929939482 147.8289556963797 0
216.6276149764906 3.723072053471228 0
22.20142545283707 162.2371248572081 0
18.36036479033524 160.2994833262272 0
19.18065679266971 156.3994299661753 0
118.6648752127468 166.7257862922178 0
174.2237538097445 -17.86499466285548 0
143.9505577348384 188.7378103765176 0
188.0488654959687 97.77780688005083 0
66.69709484215321 53.3785957338298 0
24.68854822396573 64.83466378569747 0
122.8973385131549 2.424038342159022 0
208.5476845560534 -8.456233717543427 0
211.0447694584821 -31.12412813033136 0
17.0512018245594 118.3773338823109 0
201.9623613395001 37.47071130252411 0
211.2722126631633 100.9461865084774 0
87.33005667813498 117.7727764969195 0
-20.56349424755959 53.34360289044363 0
70.82950078942972 136.8802995508771 0
72.85728535405772 137.8477318197623 0
193.422242343212 -21.29925282580267 0
166.1034144314452 104.3337657522146 0
246.2819842018424 69.16018463478962 0
123.8585145957358 138.6762483079846 0
61.08237861184625 50.00213099380099 0
102.8397018256094 112.2242889686661 0
210.9625820090413 61.63521312514123 0
131.1026237026047 82.21829521197313 0
98.80732752727926 -1.377287732494963 0
67.95766054865837 71.67584052657865 0
216.7948019290988 -7.341015211006393 0
61.2333326455263 138.4836380740928 0
35.00238076216908 77.80923879352474 0
257.4761275213032 80.59375826961957 0
172.4228461969109 8.730073936836575 0
23.02366777188514 127.4952190737653 0
231.5819295331447 6.806001601956581 0
180.0319022505612 132.4768529784086 0
7.200212943054325 64.72305013985554 0
246.5043091720199 56.3056501118343 0
108.3298495862803 105.8186903813937 0
197.1998687727251 -0.3947049150483366 0
103.537352950775 83.54196314824989 0
108.6859000484817 70.74827380807859 0
-13.7120326124541 153.9688715323819 0
140.8885115390337 149.7829530097396 0
52.5352262315792 135.3972469022445 0
147.6138776670987 149.4912127761916 0
-9.701226761884499 90.55508543063978 0
49.98809421827768 131.6685171071567 0
34.34837620748087 50.79670551158962 0
151.3271415021444 159.2287091658177 0
124.9674064497146 162.9647661803 0
137.3597479340507 239.3770833312917 0
170.5534126095036 -28.01662506401648 0
80.11893550538846 70.95349945243694 0
-11.62433180046273 143.1118917375759 0
104.9023891219549 151.7239660808108 0
259.8105953709375 56.18516150351874 0
204.1261093253379 -43.95001448244219 0
108.4944987710588 115.0548723401383 0
270.1236480230349 53.39932090218624 0
152.9697867097034 177.5189870563282 0
192.4226003666406 44.33125018717318 0
128.2116542691131 240.0288733208233 0
54.8740242513085 132.8380598061382 0
85.56429740576775 41.59159441720897 0
116.3868648974307 223.1992530200849 0
234.3140757089017 87.02698720751175 0
189.8931528191168 -32.06139935139154 0
179.758565010313 35.90896827824236 0
229.4385865560022 72.40189801194276 0
132.7748055445282 252.9180622905012 0
16.21265618573786 182.8476311948991 0
17.46900515092472 86.01840692117486 0
72.42265853052199 86.28815104953107 0
220.8395125913337 111.6749989023369 0
155.2158160964385 230.6469693385201 0
115.233270302158 151.3024223673108 0
113.4713165288996 34.87956256954539 0
77.83743202464831 82.88305527081981 0
94.71884680273689 82.28150608680515 0
57.3799643093121 143.3418075259223 0
166.3489332849255 -16.6775717677283 0
115.6002697438683 142.4483301812783 0
125.4926990623161 100.5856507460598 0
56.19508623833678 93.33310491633884 0
111.3115320711475 0.6284012820009792 0
179.5607193347177 -75.34463106418282 0
35.3458377603371 130.890883867804 0
50.80451978740446 139.8541144601829 0
207.5517619485329 8.684202945930096 0
95.03332064043811 141.6301074179956 0
71.42048949672028 148.1441205878225 0
0.8238146816809717 111.0378063904059 0
190.9140363601995 -8.390805005810435 0
99.59482488595209 203.1941448825777 0
98.04908844730276 207.1994814583015 0
252.0496848125916 61.57007414027917 0
190.9597628107848 -18.45218084523376 0
8.009499513288631 113.7711694430237 0
97.43657613779069 106.1986798525669 0
134.9221209857031 112.5816902011368 0
172.3014701098999 91.02388638907352 0
1.943905046146952 137.6472560705593 0
256.0038369373677 88.82069040742414 0
260.6610462353249 87.7933438439677 0
86.80353084486084 100.350729724339 0
22.21846809188702 154.8282871285819 0
205.4627646447483 45.99403155468916 0
117.6537573917897 130.4984386539648 0
59.41049388344898 106.4349021280501 0
89.03883682500746 85.76768201933916 0
64.55118328729796 133.5541503296469 0
62.69662355985949 132.6214157683144 0
99.26429955943715 230.9557682561207 0
69.48811454054888 121.4976211795545 0
138.8783060038424 217.1669504306482 0
52.87166485042171 78.74428948530998 0
49.77381179866944 168.7429594363621 0
50.19521572067765 171.9240021797636 0
16.11214229162607 141.6008560182629 0
85.57107206079584 124.9158540324821 0
86.13740002319688 77.624271176828 0
102.0431917706651 206.5450007248753 0
52.61781915675405 116.4339001000755 0
71.92621751480874 179.434105143111 0
37.81799039635274 52.68534266794817 0
146.9597434120817 83.34995660863012 0
195.2242739289944 60.18668517201426 0
121.2857713769442 204.5286060492281 0
35.01691565147213 70.25753455464589 0
280.8685976728289 46.74433536229237 0
213.0810045226369 13.2958713950777 0
71.34799677119298 145.8813941118808 0
35.21273439692796 87.79716419307734 0
15.2111749352526 163.2047493882014 0
52.01929602002951 108.4224945729503 0
112.8367651738418 181.0561177705301 0
-10.17218006970288 132.1043490345653 0
212.798692550673 116.5199834898409 0
14.52522872642498 44.73749675401866 0
106.3250245676317 148.9373010885445 0
244.552601285741 34.94522311929365 0
127.7692613395075 65.71244894626608 0
212.510543825887 -7.880531795356418 0
229.1340861674627 -27.03590457054796 0
10.34343285028297 144.7933152741589 0
13.29353030774128 146.3093692495012 0
124.261855410407 63.99633582333371 0
-3.514400565920852 144.1571346891635 0
62.19440519427962 125.8891516971241 0
41.79094322482692 126.4179569262771 0
49.05465062587353 152.0604292608001 0
55.09988572459571 137.4966003740942 0
164.7634287567022 -1.500038570056375 0
2.31800054824653 84.5423182552816 0
0.4461145083892859 87.81376446091762 0
147.2128651410157 101.6436238775047 0
96.39450140628422 131.4338234466123 0
7.494273160742182 102.8535406744619 0
184.7127960008009 -26.76230604903961 0
157.5701270983463 125.2895893287646 0
176.076055165232 73.08400958947192 0
38.91108808173638 144.3729382664083 0
116.9079604717865 32.711246642828 0
89.5763596549112 127.6500466417082 0
233.9719359368648 -1.652315408069754 0
65.84952399317399 123.7354917559502 0
63.28790962652008 173.9382618524864 0
46.87476819866157 128.6868183416188 0
161.2753683604448 -12.04073375895651 0
16.55222911448557 108.1253322017793 0
130.8543277809955 28.00791839435232 0
44.19737102252347 119.7759894335695 0
81.36057492332381 151.2498626674986 0
101.5461349352247 172.9747074856994 0
-3.073539375684362 156.6287099224131 0
10.17247247975139 138.7883506375644 0
84.49416504677902 107.8217706979576 0
46.30183014884297 145.3321491097672 0
128.9222022982453 116.1468166526204 0
74.13256610830732 180.8126351020775 0
168.437273446701 107.0040399022243 0
121.6885822251773 120.8397453416288 0
136.5595701783734 213.8749468011566 0
81.0020463976132 141.9729758665291 0
168.5381982739463 144.7981047053884 0
5.555404335131811 158.2887996917512 0
94.74807540055667 95.37265720539908 0
-11.38394464361889 165.4764186834395 0
54.81101913650089 168.4075904003745 0
52.32581216815585 167.0165375416938 0
93.06778326709781 166.6143702339915 0
59.52797482928587 144.2601193318096 0
259.8097533528628 103.9374238987056 0
-4.06739974349486 124.8185299329384 0
31.11880889987964 152.7123817360076 0
68.49809550334399 156.955519145658 0
94.74468964765433 104.7216624445094 0
72.66110860821128 135.6593796992107 0
117.5914516265774 145.1536987924395 0
144.3008240461158 151.5679392871982 0
47.47857914033798 160.0933768581006 0
174.0760080337459 125.6403208162509 0
156.9975427272177 -22.71827388793886 0
252.0155674735362 47.91811487578784 0
14.70517231889282 159.5718813886735 0
18.83336972760674 164.2488644777374 0
58.55357569404293 128.3151935838279 0
118.9962709012932 0.3824819607560102 0
115.1421004347802 -1.739486800967853 0
13.78514503806667 85.70257231406481 0
170.7607803199563 12.78109462611231 0
77.03868506598656 69.26506963559397 0
57.89864980559014 154.5239274771807 0
71.70694923280951 180.3013576748867 0
71.18459481360864 180.9235460663019 0
150.1280900242434 81.39315025972414 0
-2.451371853397831 174.2879222342844 0
271.6217892730999 46.41130560159474 0
183.3386507040874 -73.92162562729114 0
-14.71658826667488 43.21560102265568 0
229.6953637082296 -23.74990667593427 0
5.660097056216742 161.8952299237673 0
155.3277580341792 22.58077237867651 0
97.3707436714857 175.9786092569207 0
10.94341848431158 151.2019566882052 0
78.30618305991675 167.6303257327131 0
116.7204496380961 28.58760357760951 0
95.14878346227044 147.3183812030923 0
154.8786034422306 161.1427745823307 0
153.8886988579123 -15.20006653756117 0
99.63541800228802 60.22675945365317 0
157.4060443896375 65.06109010140894 0
25.20640439044347 119.7949852086245 0
150.8579336128477 143.4336910210889 0
237.2815101079346 94.36077943865263 0
80.02402924525784 36.88941145106937 0
68.55710101206243 186.5170813407108 0
209.5908746617306 57.76144588844869 0
267.9469262678647 87.05336071923 0
228.1865043122577 68.62264907957211 0
89.77142367924624 162.557977019764 0
17.24098917166215 121.5459674201762 0
150.3374039450618 99.74580726334102 0
41.69615720467104 154.1070875599423 0
93.79359146455954 144.2500651349787 0
50.58222211959466 117.9665918784865 0
76.97814710590902 121.2294827469536 0
38.16179585630047 168.5037018773914 0
11.90320714095725 124.9069522369034 0
11.65538541525027 121.7937233200743 0
103.1269364224145 216.9422225536819 0
81.0651349904663 123.4074199300046 0
70.02729068918177 171.8323413573649 0
154.5095257396607 -35.71417822666756 0
-6.219325558042556 102.5165981985887 0
26.30615068739461 73.98997147312228 0
99.51059237437073 56.32160592029773 0
116.1356584153508 182.9334844809854 0
48.28335792514213 62.49415584765795 0
247.6065057241799 103.3033299055267 0
193.2718114777799 -1.352032797178865 0
70.16128592795522 167.3062657594983 0
59.80854075488607 148.7937502911705 0
219.2706265732096 -1.42493409379658 0
138.3808049929588 192.6150814624491 0
242.7218057679041 57.47493900943168 0
83.48067673273289 144.6101437815458 0
175.0029538406356 83.74204577425455 0
85.31453868192465 155.814822040349 0
-8.31264832937552 159.8710970723948 0
-13.9860703675929 123.1784497799069 0
105.5768317786334 113.6949988089254 0
128.1230502274892 247.4150142823511 0
230.8034495286311 65.62694126092254 0
97.68066725148927 190.0331301863343 0
109.9196385247956 227.3886072391113 0
-10.86933546488419 79.5799823086939 0
185.2015406183691 83.34987420375268 0
165.5061556902114 53.83179183739205 0
86.76865114055262 33.60355469013843 0
259.0900973031195 72.98860160724284 0
150.0642663999174 77.64724708739259 0
128.4579235526375 98.60986527073577 0
49.13330788043976 176.4768383820917 0
143.1175742781943 62.2033482666948 0
81.00788721865629 202.0536793073089 0
186.0859373659831 -76.27498156768486 0
91.86562798429773 133.9168279649714 0
169.6930978515018 -34.60955218592355 0
29.92790172142409 178.8702973527413 0
67.16288168455358 158.3962464302581 0
112.8827697504396 26.63206917638288 0
263.5721318435727 68.26914378747786 0
270.0710947140286 38.73096993558889 0
258.2248575485007 49.67329666402514 0
259.178075067584 92.40747933704679 0
208.2278903753052 53.88086029890342 0
94.87591095573757 136.5697183304113 0
93.63403862279156 139.0636425344829 0
187.5880348198476 -53.04424428006966 0
89.15588526035641 58.25242715486837 0
74.70556778595304 136.6547182777891 0
76.79104504472537 65.69692785007643 0
109.4124650548625 86.91246900691834 0
81.334262350364 148.8320198731114 0
28.14803992480715 135.5537484581151 0
148.9848616480581 49.97796652934126 0
108.396977647053 58.6479077339326 0
55.13001240681595 188.6932044547015 0
52.46228740928426 187.5749402356138 0
20.82684082757979 50.47176611161959 0
47.62166680188835 85.65420779280436 0
274.0195506367385 61.1517158768814 0
166.8888601055288 210.0165088743707 0
142.7281916353182 58.14597313122376 0
219.5924215523177 10.60551560609721 0
223.2811116669396 95.2213931362742 0
34.49191795725758 29.8094805434835 0
149.4131662898541 8.371687150826403 0
153.2270573381886 97.90449490721085 0
0.6042170438506957 49.56621252144694 0
69.47447624021913 164.5388396724447 0
77.30416027464371 207.4123976922376 0
94.80764480794672 116.6109897669732 0
88.24289630631748 183.4369851024301 0
258.0760852045436 14.25580192691801 0
201.2395160141932 112.6168595765012 0
-0.7906113628228297 139.3372592130018 0
-6.005946541609859 194.1963178110151 0
32.11235433770923 164.6100159680673 0
34.47513023441721 109.1034938168661 0
71.27975736909208 179.4852192575387 0
12.11629552934377 82.23164269488981 0
175.0616838979423 30.93488514704846 0
278.9175787336734 53.77025981966375 0
2.717946552207223 163.6462959165286 0
94.93423275101426 -4.902100992393528 0
106.8425105928589 231.50317129729 0
210.8771909357433 50.67691512310904 0
142.7549028563147 216.8106696591975 0
156.6401155840415 -11.57374407933214 0
125.2321406172343 93.48817864691763 0
136.4759530529829 -13.45564513488667 0
185.0668104456805 7.122388525128471 0
142.3016857031516 192.2390623889409 0
150.4416366335192 223.8969744922528 0
159.1669681162772 179.7766580422436 0
87.30304644848749 175.1460484911256 0
65.17694173278595 40.92231025113128 0
158.2577928521889 159.0516319298326 0
156.8642152726851 69.34510254637378 0
48.07244069143411 58.62630414192358 0
76.54477533944045 135.4234513269923 0
89.05875254293437 82.52963196573876 0
-17.8045076413795 106.1179214117834 0
141.9532414924096 237.7663220246287 0
282.0452613715984 61.95206926170282 0
136.1789746057092 58.48541620193737 0
13.63190545098827 149.4561040109852 0
150.1427461651822 73.6509068942738 0
130.6835574625838 23.87068791136546 0
170.9873375024385 127.3950952202093 0
256.8522334432531 7.816609093221032 0
229.5081493388067 61.78915307925043 0
66.68906541094435 173.6465708712979 0
65.53290633216048 172.6449972406399 0
209.8599673676025 -34.38447125023723 0
59.68018850060733 163.2808950744835 0
40.00881122312839 173.9231608111735 0
201.1625636881942 84.61302512698197 0
89.97360041899645 174.7268352581463 0
12.96087104848101 143.175382145616 0
147.5019419604773 145.6595792139598 0
-3.616093905435434 134.9551135384362 0
7.578867515347937 95.08854887648276 0
188.5750419682916 -35.62914609339164 0
172.0060152933483 56.56243780789684 0
43.87946409735206 144.0718461136341 0
209.4791380327822 46.68129079911415 0
27.55575086331655 141.2907540284635 0
49.33348831168348 154.7678055987312 0
156.6116472564454 102.6020277362771 0
173.0718733759133 161.5616400311998 0
1.069823572547932 175.7856594158687 0
200.6962653290502 73.76698534170188 0
-14.1695948149769 76.45124185885705 0
43.35394410235827 183.2395357294425 0
40.2652828138732 185.8034889992788 0
79.69089280648437 182.8025988747177 0
267.7413812014489 51.07434045954305 0
56.73002530840878 193.0839659812218 0
135.7760879796362 54.47567512916288 0
128.2921679499595 91.48616610858532 0
78.32222014599007 134.1817085148093 0
222.9124781381097 52.99482127558309 0
75.49242963510336 97.09110475619059 0
57.6175089735853 145.7320001573329 0
170.8584681534533 148.1628022399477 0
258.0848206235672 96.87447790893303 0
103.7956551911996 28.73831066177078 0
112.3913492083619 191.962709343398 0
1.33028591809763 196.469191638424 0
4.432748511301241 75.43854389122092 0
-14.00175063515178 66.1214444617323 0
111.5143899178897 -7.98768365354114 0
32.58289694188171 124.2915846650031 0
49.51473110068775 107.3299241106459 0
14.34301520237975 120.078804489098 0
260.6021814568663 83.03802886739858 0
128.1980563369882 87.95196972615635 0
245.8776215010851 30.9325641155414 0
206.2395232381129 98.74553681452684 0
92.59397463571383 149.3468482542614 0
71.29302189454674 157.9829705180969 0
63.98961465571951 161.3342152995 0
228.2408031292155 57.94856029612934 0
226.3308509812849 28.02245855878074 0
209.2255489957841 117.2649757628353 0
10.33077724660774 78.66859386087056 0
129.6176784977816 180.441458974896 0
85.74749966116445 198.9902513798621 0
75.21478354540614 179.2587345203462 0
130.6523999055326 19.50782373367734 0
91.94159507207664 123.3881451498271 0
94.03163116158424 71.34518476375497 0
68.89292576876932 111.8466824403108 0
283.1043742661118 41.8412535025372 0
80.06292397877237 167.3417833768111 0
8.77110933745206 123.5158118979072 0
10.95911349377391 101.2934245188551 0
232.8727399531261 -15.28992615831444 0
178.1799820868407 59.1980938089083 0
75.08734708066417 112.6271664051745 0
70.37990062007655 177.9752846378466 0
240.7374250805048 51.06848732526061 0
131.847661700999 48.17246920827299 0
182.8938502559789 133.9651118480287 0
144.6459195286725 195.556461284286 0
46.46094335729431 191.9219326059676 0
165.3482705714048 188.7567250595978 0
192.1540110216535 -4.960017313243824 0
203.9309408862807 41.84344030396995 0
200.3334039165363 91.16438463876004 0
100.4292398124087 119.6491337662453 0
8.378786749452502 75.2621588707828 0
64.05969003990545 183.8435234828374 0
62.7075675357795 185.4201236996681 0
224.2864281736583 57.08700564715952 0
73.36699910258781 175.5006313771495 0
150.3833796095907 139.7022981767545 0
93.58792454738838 8.279433419390443 0
-14.03714352978929 115.3719669341689 0
2.935246292736025 192.1040745232921 0
5.782503955784563 188.5459945557828 0
65.46178900426649 171.0342168267758 0
21.93726137457338 107.7979059587389 0
91.11787733714186 70.11645542852564 0
202.8451912274887 106.5549738987328 0
158.0724709193321 154.9756194817891 0
52.41467786900213 169.9445908695131 0
49.64384291616972 189.6758060972742 0
80.94069757373398 158.1139127705921 0
156.4819048286747 227.0341130028297 0
71.33052909089582 173.9439478858586 0
76.16702807895179 44.09637736795056 0
128.3784690243368 46.42191923938012 0
94.65630970744687 101.6388868449066 0
111.1210478487948 110.1118230855261 0
183.1740365251941 120.3751478715307 0
100.9475739704617 180.6956941058686 0
115.031181878119 201.6468015372177 0
81.35266847562633 146.3710352710958 0
108.3938702128282 111.9217003699448 0
146.9834794184089 198.7659008880589 0
247.973078776185 62.53759549057061 0
81.38680315698556 168.6548238565646 0
76.88008947609376 38.64767561779891 0
162.7557816320838 120.8714287530164 0
120.8955777815676 150.6577156669292 0
77.36860228498256 106.4851482969972 0
73.54931853001844 174.0406057510405 0
4.163125114628713 130.156012344406 0
126.4549755759929 236.1404800872967 0
11.4218905089802 118.6402733205724 0
102.9124029174517 189.2042039250958 0
150.3365627842172 69.5013084571265 0
90.54922340663816 160.3211099883498 0
131.1738332999952 85.87651855568662 0
75.46931094025254 176.7855570471377 0
70.45222193155512 181.8955313484383 0
193.9307476919613 13.51334970829062 0
43.70110534461608 172.3752428037146 0
76.59780989558482 177.5549209688689 0
36.90101105651016 180.1875944704369 0
23.41048810852558 130.3368799656221 0
130.674088421755 15.1346881465375 0
100.3552410174491 175.6149802712364 0
44.88924035001159 82.74774265035849 0
134.5695003163096 161.4816876075871 0
270.8414194244499 62.07097647610389 0
178.2305054889951 22.69858487992327 0
41.7751439353538 157.0728380326925 0
113.038970680322 205.1990835356452 0
11.19009659739493 37.80627672535483 0
6.640045624524561 128.4236661106007 0
218.7590008497808 41.0060908191295 0
37.62154712775421 49.02458734649716 0
92.19141936397585 19.65723500077576 0
118.5642492815795 -30.84822429661149 0
71.9590480320588 129.0237327266666 0
48.68843573727591 119.526880974144 0
-16.57104229802471 53.81262815562093 0
147.3197101594778 116.3509914677144 0
103.3809869414446 93.60510005608725 0
179.9767332125037 55.73625328655984 0
56.53769235452926 127.2378256720754 0
82.97776085623238 136.3081366181315 0
77.16502613486736 161.6751993315362 0
-0.04209290689107092 165.0122175285726 0
81.31287542011293 188.2192518999549 0
225.4182448621025 49.94031451784182 0
126.2520514004968 -13.08684612572442 0
213.1358750369002 24.87419153570888 0
54.7602156486858 173.7982503204277 0
84.86004567608322 169.4638152210577 0
226.2731890836472 -31.69415951591087 0
159.8826688555937 128.4771876517487 0
193.7143807517338 56.46639078437194 0
155.5032118321922 -18.98137099800259 0
126.3850943946578 187.1698514800456 0
68.69384013766401 109.1632194928359 0
96.13591060730965 -13.97245529242169 0
34.98631242283403 117.3683156106522 0
188.2931322619102 128.0033925817443 0
137.9252833300744 15.0406589891498 0
43.58294124488839 186.6715407777513 0
99.27054417717416 40.68480415180542 0
47.86896095218225 54.59356571900204 0
25.7924635182758 175.7280116282896 0
161.5931783690658 -37.69758528559136 0
67.15966543725982 180.5018109948043 0
74.29279106928402 200.7792736964154 0
171.1611019818415 130.5095201645186 0
121.5294810443128 -24.43134636716191 0
128.5552832309415 134.9769177682137 0
41.37022238954106 145.5673336093366 0
105.7351176608813 98.15152365583819 0
61.94396831594766 179.2776310821696 0
14.71545599325391 48.45873756842468 0
32.80704934358597 90.57409135866233 0
69.83284534149428 192.9025311713458 0
1.456888316495295 179.8957631242814 0
224.0235177248557 45.99392188316907 0
107.1734658965497 202.2522249619684 0
105.8140980638768 81.70233553082704 0
128.0692801300589 80.60938736361538 0
97.25572936134996 99.95080746814129 0
-6.474297026592666 136.6927706960483 0
196.1619115219979 68.5263159285585 0
184.656057523455 -36.32612052476844 0
230.2466947229071 31.10560261128328 0
219.6738427758387 -15.77012249516433 0
161.0906393471153 223.073519562445 0
234.2581791047152 44.45122941658811 0
2.513092914931079 91.07594496450236 0
210.5116938037885 -46.43694417452205 0
173.3683030129475 -13.42505136914787 0
59.8918626710221 160.751305135261 0
67.54795772661663 185.0135226055215 0
-12.30580467595613 58.79832372292719 0
103.8824842190703 167.4325834751493 0
74.57589159542253 192.3433091288714 0
72.06963204504891 195.0358922195822 0
163.1926144431087 229.6520880616707 0
220.0995481403588 45.03701075094769 0
122.9605794971483 -6.532425754528916 0
159.5372230992679 79.34541268559295 0
224.914418595931 100.6118688101464 0
270.1534398682859 65.45732068800662 0
218.7597237366357 29.27394269712553 0
3.842029004340446 64.32374343821708 0
194.6172446054975 37.06943908261429 0
-14.02086297055158 163.5380570378633 0
64.68433763774445 185.9915347514205 0
221.3334351172518 37.8626967647831 0
64.45739724548552 44.58159954648525 0
32.1420904606716 168.0933281298676 0
198.7661790497901 -79.63653180574552 0
34.14816695242386 153.6375312074771 0
100.9987319099648 128.585450675395 0
8.507652180961031 117.2312361911238 0
187.9566137727783 93.70709098579037 0
-16.37012073948068 153.8197335661078 0
-2.503450559813956 195.3790010159795 0
72.70051241650651 163.7878157413946 0
220.0102896416801 33.73206806313178 0
58.05712617717261 147.7480525488732 0
69.4905881134366 84.70219202220899 0
71.06704659773803 187.0243596864491 0
13.53841754145965 106.9817707201564 0
73.83769913509948 183.9981558317855 0
91.93013666630685 80.94204165611416 0
36.72263581730446 101.0235851161483 0
179.1023927248094 147.0746728972026 0
63.8641811473495 170.0080480753696 0
22.5456069645364 170.042830603811 0
161.5159613156623 152.566947967013 0
68.40766085281213 171.8326158468184 0
148.2315478006701 29.41345030938017 0
21.18080916104316 63.07558133196952 0
167.431219791614 -37.47801996254621 0
-13.88218758535962 144.8004543169309 0
-18.50470153081062 41.91809168565055 0
25.01851271404003 113.4027923137439 0
75.11405485207766 105.4184265406496 0
156.1503240131351 96.46706488443783 0
97.26930125989566 96.87981304945554 0
216.2607368192322 96.85184307775539 0
-20.63022449375606 130.6555368798932 0
143.7616643107217 133.3933402403159 0
131.3446653920204 249.2797720573112 0
214.1637693309227 16.82708347104418 0
84.21223141852209 36.42924704817147 0
205.091267154759 117.3628367677157 0
38.84670148208372 147.1079457576634 0
197.0065862348638 72.43809614396464 0
181.1351353904602 -91.23969346107698 0
172.5145829690716 157.277318100444 0
36.09098741753283 81.12798860890918 0
190.9283040045291 -38.35066244353816 0
96.46527596637387 123.3800997703412 0
243.7551156324064 16.50319364194029 0
89.9477515867448 156.1134530004755 0
145.3499246572741 -3.067805764439129 0
102.8555485270298 38.0195002508285 0
70.91021417846564 66.39981699891048 0
203.8195880414549 -75.79086405933431 0
49.27721991714208 104.5949567436786 0
77.77268845245389 178.7914068014816 0
201.3448015870237 33.13196102330986 0
232.5355810527585 37.9092028443752 0
95.91528609317541 134.1122324861263 0
38.63134624053245 135.6402267127295 0
138.9053684189125 118.3477037362167 0
116.982161568136 102.7429523061978 0
27.62910634435244 118.6947597764216 0
125.7363515033962 117.5524986653178 0
66.50581525930831 107.6694987526951 0
65.83459381557861 193.0205128708615 0
230.3731326136793 -34.5218920945196 0
99.61800363209133 -10.67294866855984 0
242.0274748434607 99.07380555610479 0
134.7221890079027 115.639827186491 0
150.3766112140185 110.0461385470033 0
69.03429050159693 81.50531761292136 0
134.0234275957158 176.669929295525 0
153.1699599641129 -22.25955086260568 0
106.2599671029037 78.67184124513088 0
36.31708795760616 148.6777607048022 0
264.7126074283007 51.88163926579543 0
52.28388213931838 158.6870560631023 0
262.362899698244 106.7956941709926 0
55.46201269428624 150.244545443996 0
160.1315594592826 86.21604720029057 0
146.8933312370357 138.7484650799067 0
164.9383604912721 150.0921807774921 0
-9.584276363171028 135.2752727170221 0
220.6762004895294 5.46038676852443 0
-18.37723306529645 141.5974737016912 0
32.12628073547683 71.88569259673227 0
112.3492006791139 94.93094855750344 0
-17.44952430489036 121.4727426038916 0
184.9055862146388 79.24769789594302 0
168.7096014929633 114.6295673719062 0
57.2657794355343 161.872111386801 0
118.7150443737537 170.5962416555454 0
108.5142955296875 124.2515139158014 0
66.35278297536087 179.5509135567104 0
33.49320628569818 42.47090883559925 0
273.5571325362018 35.89864051321723 0
202.638544757234 88.1997957284056 0
280.8968000953035 64.31790397498564 0
280.9526614577274 67.41110104065045 0
32.68797762431829 33.54842313255094 0
112.107948687317 156.8773841728926 0
188.8621852943636 -5.770170684337359 0
131.2165046121108 78.31931070664659 0
250.1552418525228 30.11801716657445 0
75.07037819735301 102.3407943929626 0
-2.954581370505878 112.4431394122088 0
101.6990177287274 221.2397091947285 0
224.3411717538763 -22.94348188728439 0
156.1108491637538 57.89226149909368 0
145.5686825055538 120.7999855882313 0
179.5574221196146 -42.56667110107153 0
48.47125468811339 117.3209435032756 0
75.58264684851943 128.7588679325238 0
94.70272783920589 78.99935437104797 0
157.1159749516456 18.71550520393367 0
87.09435926029391 169.2774214594131 0
272.4552614525254 73.57511150023697 0
-3.001135584555243 88.10264673132032 0
128.4553928819855 232.7060969620927 0
95.4526842319294 39.46004994983497 0
256.9007521502263 42.36994135812663 0
236.5202606448742 2.495093414421277 0
132.4132805947865 52.69974280847588 0
49.65172456392619 157.4438817273382 0
44.59011675445743 49.04969017908562 0
80.80981435287055 121.2253340384823 0
183.1914111853656 -0.7670273318664584 0
67.6396304202506 120.0688035996222 0
61.22393285412004 75.97378978886852 0
16.52472679328849 151.0245987358408 0
47.96150185870508 113.6076061731491 0
100.3380088901367 162.8080617084267 0
277.6236231800957 67.83173727237593 0
109.7390031502627 74.16898930743027 0
249.8601515150403 96.99607142548525 0
55.63167364262539 152.9219854027633 0
187.0806217980752 107.7414374876971 0
152.8186268982195 38.52120974861705 0
121.6419379542805 172.7913442462694 0
73.3819853746491 180.1628893450135 0
202.9304002782471 -47.59100042839223 0
113.4846172217076 99.31495078452565 0
-17.1116241207491 63.235924129304 0
-13.27098769739325 151.1487425147352 0
82.62570708828682 190.2633965609535 0
175.6178004383467 96.43121980556909 0
-15.02590022902075 69.53632068199011 0
255.1086564038482 36.32425349098305 0
97.4564670794031 149.2209142515877 0
66.88092018358961 172.1562614919842 0
36.57415745654194 151.4718813487511 0
169.1445842552265 104.030612950504 0
151.519138055484 23.72020955393391 0
55.86775593346509 155.659550068591 0
78.71983327994501 120.0501937612493 0
5.311968505500545 115.5311681615295 0
155.1320692422472 33.01679076321719 0
159.4968757958411 187.7812507425564 0
186.477070231338 -32.62854042289521 0
72.8938928702154 186.9212330383232 0
47.71698194524862 50.64038902919528 0
186.8083490983213 -59.15112790457466 0
186.3805086279112 -23.3282914879688 0
89.06195981741783 199.0884151634281 0
131.2029703009716 74.42283447824509 0
69.329623797376 166.1743343634514 0
111.0438848270111 107.0652120349574 0
64.42158077973366 70.50462149253015 0
201.5320689363337 -36.54211099593955 0
100.6576288953486 7.844678645936085 0
70.83224219655359 183.0424095245604 0
161.0353862100925 145.3262336437376 0
63.8005061246012 81.84478319117187 0
260.7906653515942 78.87857918898787 0
218.6930718122794 -37.69466452976538 0
248.1191518581679 66.1161041165926 0
1.391528292267708 184.0726616821617 0
68.64887129518229 103.8057786746577 0
-10.23024562260022 112.964723548247 0
175.5644160919082 89.75504083939283 0
74.60595358199487 110.5354633650685 0
118.4589617144521 -16.95251273168996 0
116.2932228947798 154.1891017393396 0
235.1786799194547 -12.48593214089964 0
180.9882942135781 -46.73425559050645 0
179.2509417404328 72.17612992197513 0
180.1412603780497 142.5826204321691 0
36.99644916311573 109.6405602490739 0
56.12815261168129 195.70416823662 0
120.3091689083112 191.8015493001113 0
2.316189810100553 166.479303782866 0
197.0965335192637 51.30745934656179 0
193.8499584710549 -41.10866721026869 0
82.8272114547372 122.4295196947792 0
125.5414490266618 250.5433041415775 0
94.57233188455575 75.64329643692469 0
96.31734102999789 120.9712115634089 0
191.7657572416905 16.42435985788104 0
-13.45280589215008 147.1810659031576 0
88.7979863253216 181.2726705674407 0
186.0221483431783 64.21660856301753 0
68.58788028361192 177.7768661469264 0
105.3843693823565 205.886387221037 0
217.6864782633119 -20.54803321801874 0
118.6548332658606 177.6309355122153 0
105.4767019676091 71.14367001844636 0
-17.31523076137424 101.2952931193531 0
-6.18892737788417 191.3456066143135 0
47.25092004478344 46.24287745527272 0
125.256797451354 141.2002496383931 0
-0.9298748194168525 45.92341271351472 0
245.8142225399916 73.70836111374628 0
23.75914049422698 33.58444159740884 0
52.72112190752496 172.3539028565777 0
67.74926334397367 68.60394865858486 0
151.1863850866528 174.6324976897025 0
39.56191651563259 127.3448492746357 0
152.5981397376333 6.722659260598718 0
181.3518011096974 58.90255813220543 0
175.9161593312101 80.69175381740384 0
38.94513170279545 155.4303539195929 0
106.5814378303734 153.9047672261842 0
74.39684639166495 37.54490325882193 0
116.8235135834488 119.0041560565654 0
233.5657524905688 -5.770048531619494 0
272.328272678167 70.57534592534651 0
269.7011835355025 68.9096592887408 0
56.33622066989766 125.4475985908802 0
198.5457384329756 38.16734119716875 0
131.0830447317697 70.51465399446597 0
38.75799596169611 189.2212343039535 0
217.1250329258325 -3.724847920698508 0
186.8261123974703 104.1162282051769 0
73.82242515373133 172.5657868772091 0
-12.19633877367963 72.80987700544391 0
65.59260573035266 114.3170349432575 0
218.4037782887906 -10.6984236256697 0
100.223893850917 95.21273668876782 0
100.4982928491427 154.2132969949978 0
-16.67846741222851 144.1819679170533 0
151.7842573369142 51.86187864734364 0
184.7044455995253 -84.64955175064703 0
61.22524662805571 80.79513737455896 0
154.4904076564946 -32.40316738682209 0
130.8723575759084 66.77055730950369 0
178.9677352711163 48.9844719238299 0
46.56786382213319 109.3002717113339 0
236.2042232719058 84.12408903140201 0
16.63284945587155 154.3547674304403 0
3.32115864689861 78.47701345974269 0
14.74577331304695 37.05540597102372 0
89.57546154172135 22.22274724796922 0
175.4849022112898 155.00200755718 0
96.11061916782394 230.4414941319029 0
179.5130954072594 -61.92365494016165 0
145.0237261007519 179.0511580367882 0
101.4182948133977 12.24193391708882 0
200.3851172878825 29.21505233506404 0
-12.09798002025332 55.35395051926797 0
77.56283741412101 129.8393192370917 0
35.44326716337864 169.9295949042603 0
37.23511519945532 113.5386162196215 0
37.50293069394004 121.7864786892684 0
156.3706091618497 138.8252034372028 0
260.5051611285834 29.07376610227098 0
96.95409336109572 5.950180503195185 0
29.93421202837574 123.3620809490058 0
27.01281106551065 31.50869279229593 0
195.2371636585137 -81.3738511972697 0
25.90599944328076 131.4940947116522 0
104.21226735086 172.5151255981614 0
76.86924779981182 118.9599059953537 0
182.8175661594285 -13.59189502634149 0
74.53842908737707 186.7866214098323 0
270.7710718112359 83.75688399891109 0
93.66969949659739 164.389288645209 0
187.3695070797826 -91.68637365386765 0
108.8384895105052 66.46256183866129 0
113.9959635221528 105.1007908616964 0
77.99844298229058 204.2967150860092 0
92.45609708078149 41.57599415017079 0
11.3585487963979 172.8879861064586 0
7.728776078400415 173.3497316497911 0
129.3758798310682 -15.53901102338865 0
140.8614466255979 220.5792922233878 0
241.4677378134626 78.79421455857 0
79.85770387124968 162.6902180267374 0
198.5791170293811 65.88744878174532 0
70.67855722640839 180.5108082867284 0
68.91697079843516 101.4794775962742 0
182.8153504496657 117.092417530699 0
67.81350988752007 118.0537582335703 0
46.3707608928388 100.7659730891409 0
23.91038920659115 37.55454414453453 0
163.7554709117916 217.533216730017 0
257.5004687507022 100.9031581697366 0
136.4799304769983 133.8951127278649 0
2.208078478710405 113.9744426513346 0
206.684544465613 -34.9093078814047 0
225.6384910746062 -33.86566615489564 0
187.4248726739274 20.45906430818102 0
185.4816007794977 -50.11802326002042 0
204.1150881648067 -78.35115828114287 0
17.32782635170076 55.67665404537212 0
139.0113168567069 224.4089470152413 0
156.4531801756111 11.52722131441625 0
254.0766649494621 29.40972125373109 0
69.84959558346951 184.1505581193621 0
103.1368839957095 -12.15866680288755 0
67.56640434657092 178.2099639819758 0
36.8334760044888 176.5781247179405 0
188.6869554986643 7.101992968998445 0
148.7016348318924 201.6330848656438 0
70.45486636267226 180.0005630848837 0
184.3335111270682 -88.99107390749414 0
-6.150378039445144 53.90301930452389 0
177.8691400295827 42.00794745139938 0
6.537251369749299 169.8104245579235 0
139.3149642365493 -9.911059380156573 0
-17.47971846170415 117.6377355223 0
59.31336445076553 186.246403294341 0
17.02708347839143 174.9263804041041 0
37.45696491577728 118.0605405722517 0
175.7926449814161 -66.30297079732269 0
70.01120496082169 180.3772324181041 0
264.5695542607526 88.56588934887696 0
275.2577625576134 69.19703512965293 0
137.2109212336818 227.9579721122154 0
80.52267625157697 160.0392978968013 0
2.315187129196687 69.65152017925713 0
76.7823562005758 116.8270446851339 0
50.36262042850032 76.81462149544583 0
156.2326248942313 177.5704249208574 0
268.6509159007408 48.29776394686463 0
218.7261769399837 -35.30682962603417 0
273.5487116928874 43.44958973535969 0
110.0090501282601 189.4527282964193 0
39.19812078185116 131.123209047404 0
152.6648046847456 -30.10979329615273 0
105.3930119208546 14.26719557311425 0
160.4521841293531 226.7137646897937 0
280.0689280152926 50.13951011153409 0
53.2240927845456 133.7348028620387 0
63.82509655951401 59.95402323360581 0
-0.7381670296568643 54.84704098329024 0
-5.874403505526402 160.8009648790843 0
-7.745295978803512 163.088808536361 0
187.7725309486163 90.025577944465 0
183.6135269704474 -10.54782517427485 0
283.2298429890462 48.56420831171909 0
209.2091123995981 98.86739220695176 0
33.86998425180101 178.8255627348134 0
126.527977920784 229.4364958044641 0
176.8930147116056 34.34434730525201 0
260.6063443423889 52.98276882256935 0
211.0871664020037 122.8130013695731 0
167.6126563673559 147.9769599997952 0
105.3215853924663 60.10703530060756 0
188.8039513052377 -78.83655926691033 0
125.8810272537721 148.1836591909256 0
162.7547317416766 72.09213010451025 0
24.38757115653161 41.09328464057805 0
114.6872332946181 -5.293250049276509 0
123.7404669794599 60.18573891455597 0
104.7539627979298 165.0094300521815 0
79.01402613997588 178.3131530319913 0
171.3985579329037 185.6378564031226 0
281.2612423744517 43.89466616155317 0
23.01090017593997 173.3392354774818 0
165.6595333477883 120.1923805521164 0
87.583383136316 154.6148049393647 0
183.9705307043203 70.86904136305176 0
103.715985853976 209.160153922173 0
165.6360226173475 131.4179244386345 0
22.16450932962994 66.69586529744865 0
125.8087735845556 -31.84218653517991 0
139.5598646145303 231.5693336499309 0
83.66417919351201 139.943354187582 0
120.9319970952461 -28.05761847844026 0
82.03822369694286 180.6927627468438 0
224.774166206418 -45.15619043893007 0
105.4940902688576 63.97032671249008 0
74.50087351519282 174.9389899936392 0
177.3630702471277 133.8757946492602 0
37.45882309797622 183.3379986739828 0
122.9705064660524 225.1497140980509 0
160.6949951434249 -40.39750286284982 0
234.553126413387 9.808086327098806 0
159.9481687009092 67.74028974305286 0
155.7523532205731 88.85734066868777 0
-13.66558248237104 134.7133551292304 0
67.97742972782109 159.9273573380385 0
246.0932203125598 59.3591383167943 0
154.0366816230073 224.2143735077473 0
123.5653457353397 56.32480334866347 0
79.52455269106157 130.990254822706 0
65.89289748375498 99.03246564150828 0
36.79766888369274 104.5239770911933 0
136.743637373469 251.663641774296 0
69.20934553337423 172.7335297034624 0
32.95555493045829 158.3661356125621 0
67.12481038000757 167.7175032390619 0
-20.76093297320259 45.99091843263774 0
108.4527999352422 55.39608417229145 0
56.11154014925364 158.0630165648514 0
26.26069661139729 134.2360659409821 0
196.7442463401387 -43.49569083353644 0
200.1338608393825 -42.23874965912059 0
261.9707370165431 13.78915038053508 0
-14.75298225669999 165.9603822526293 0
70.40720158614286 198.1797914310506 0
92.61628235662623 181.2062401026557 0
123.5402087512111 52.17548497649211 0
110.0462854398402 84.42001111143419 0
60.12401191791268 178.2956244934877 0
24.66201583245558 44.98282896414088 0
151.400080619264 -24.74778961319201 0
260.7421566429746 6.772010411322597 0
71.25565231831247 172.7378355199808 0
113.3919487494857 89.55893824604452 0
240.5617826959773 15.21466699589499 0
187.353875458781 124.3218470243514 0
88.40238214289796 69.17803843927759 0
45.99936190679638 113.0707194410763 0
75.42048885039705 175.7002441052821 0
74.92475055056272 180.2936205848957 0
105.730500416185 18.40951238959723 0
238.682970921233 90.92939550688344 0
220.3319943684636 -31.13504919422658 0
69.66890277755321 44.79564257846771 0
63.87030464950844 55.75373024710974 0
66.85210739227063 46.39699634681111 0
224.2338089453459 -40.88838007480111 0
88.44003828517299 171.0428556071799 0
82.25088392187168 165.4541314014315 0
177.484918772786 140.5453881856115 0
67.67894981164928 194.1359592786648 0
71.58928692647237 156.3615011989534 0
255.1403291973981 47.64055294283668 0
97.43140455166844 163.7717447373145 0
-2.344896790739682 59.95381338876741 0
181.7172511083627 21.45218526024368 0
156.1987179121753 106.1919857979581 0
184.6018078262115 75.73651671311976 0
46.26098791241833 97.59221152923385 0
162.1556340763698 81.22769283312294 0
93.75578381466816 134.7691324496423 0
131.4591062134763 134.2371390667258 0
230.8050104484113 -21.04315565172251 0
88.81647512609686 39.96928415268219 0
-20.74283879842514 123.0247405657833 0
141.8757962053094 234.6198378712297 0
155.0456517607875 197.3523997063973 0
123.1967812233322 48.67722353207382 0
62.28599135006947 168.7564831827846 0
81.5707516196382 167.0354583733534 0
156.9815521979958 208.0780581085406 0
63.83715391174356 51.86795657956576 0
21.51918186396736 47.11542442239352 0
129.4217380466496 243.5152076615748 0
-2.277481275680685 163.3552133058237 0
240.6230687853733 54.36714021330915 0
37.29338585877289 131.7999769566192 0
151.0576901544358 206.0036274048612 0
159.4575806422659 62.14708568817681 0
107.8036566390185 50.04538898069941 0
260.9626606942649 75.26132790388313 0
91.57138789916789 144.1928336268203 0
191.7238140219247 48.5979791887158 0
108.9501243323325 96.61453664247993 0
76.94553555420541 101.1950560997879 0
164.3572676507304 -37.061203457546 0
-13.06429874833066 156.8278185917277 0
32.65769579942874 75.25526172937175 0
240.3400419684577 96.15684265093853 0
51.17462735380496 130.1762277649303 0
38.4324563314419 171.4016187214934 0
84.06493277357163 201.2219053911502 0
202.9112649033044 109.7698519252878 0
4.213961115815636 185.5017576453399 0
189.8312271978992 -74.18083137272491 0
235.3400855888798 5.631824064231523 0
1.366124655912088 128.678592972793 0
63.99972138583904 175.114500966238 0
221.202174311331 108.9420341225964 0
64.30679249730572 159.7507013570007 0
103.7054462749307 32.26394655197694 0
13.13455727050248 103.9542767411757 0
80.3961901821345 178.4240167060536 0
100.7344963806711 131.0922288236459 0
179.1065048229308 -13.16455873032901 0
100.6015744719941 224.8518270200811 0
145.0900042337138 2.979304014487354 0
-17.45920670929027 136.0992474008524 0
91.41645629234876 139.091358726828 0
188.0111418898139 -18.44821425824678 0
55.08743577069535 124.2916258478354 0
171.0661484654675 99.39115438470756 0
68.87518973816186 185.1399004427777 0
130.7875991132998 177.8593125672159 0
203.9607377880509 114.765753297862 0
88.53599293579131 64.30831817901921 0
65.17380382077934 116.0546275817939 0
222.278291467167 104.6138746990162 0
59.18225158909678 188.212931902263 0
192.3599837657329 -79.56509523334027 0
147.7317587732918 41.8532619206164 0
123.0756966515898 118.6922140821774 0
36.81530138257286 153.92448888706 0
222.2174988946217 27.58277622823179 0
96.56961381234505 2.18646526756261 0
69.45941556443779 177.5114262175877 0
81.40572651522939 191.8057846443476 0
149.7505067823487 -31.21059455907273 0
104.2793122015166 186.4225574403074 0
81.06463013456067 163.7192462972741 0
106.8616533067515 27.42383605033543 0
113.9887201239854 97.12262679317664 0
126.4275890343441 181.0210165666138 0
58.47715257079129 179.6232183414772 0
69.57654416851358 180.8795630224928 0
10.16761746003799 97.76233826285747 0
-15.96406403783817 109.5181339507585 0
101.573075242826 177.6649232253835 0
46.95856395542839 80.1595406308404 0
79.56128299684129 132.958765056999 0
64.31868560881283 189.4942718780055 0
125.2322563779823 184.4105340843606 0
81.97342779662227 178.8383833993778 0
4.310505042530295 93.92134151246451 0
255.7046219179095 11.43083138059525 0
67.34108789301041 63.14822955772325 0
100.0760472286468 188.8996635261864 0
-5.890091943796165 165.5578599321921 0
197.5814309076755 62.10309832608378 0
33.10001759050712 85.05732235302958 0
33.57448645078803 93.19210571107278 0
47.5052298545373 130.7976093629755 0
71.47823102917758 179.8051705188841 0
26.33137214388728 136.8246862406797 0
225.0617959224107 97.93560218731807 0
16.96280273506707 133.8845958576889 0
55.22551797559257 191.3416658003395 0
161.984008537044 189.1613591210808 0
155.4834978965375 99.55742977184298 0
53.38301971539724 136.8912407642237 0
146.3320646348131 135.8009080452216 0
103.9442689247844 44.6230020506145 0
105.9028022256355 21.6249365396592 0
69.92670097141047 157.2294264914388 0
180.1183278288144 135.5695419195166 0
-4.147134818958307 91.34573358306011 0
85.6419012752869 38.76438445431913 0
-4.070514591686674 45.34617990561 0
158.7984480991434 196.9520478411427 0
204.9832413401182 101.3943277729841 0
266.3962059577794 91.33615148705763 0
29.46288064172826 33.3487854657174 0
261.7431968275173 109.5117823010557 0
132.8854457140847 -13.2215154379877 0
48.90676608429904 173.9308649517514 0
65.68895176359814 122.2692229488429 0
16.55828723080438 157.5659920958115 0
63.58794715873719 75.11645460999604 0
199.9974909107068 -39.24062429872643 0
71.49929554399671 162.7663249475905 0
85.25169000267587 157.7863618568713 0
50.57549634284977 73.59903674854205 0
91.02499886453543 63.47014279100993 0
105.1834241686331 49.46378513637748 0
45.23831597482983 129.9245224829622 0
64.40403406107282 173.2920469469938 0
24.69427837047959 71.48524211793142 0
46.10333691486915 94.58563493534662 0
108.2893954499183 126.7909425891335 0
52.343926416828 125.5295802825589 0
56.2024361761129 181.0361459187083 0
63.93985036751842 48.21161147781419 0
232.1936970277707 41.23635308856095 0
173.164159997842 94.46931698353004 0
218.8673800002616 1.503069370281992 0
84.62800619129607 123.4167777842179 0
197.9305361819868 84.26448553525044 0
121.7518134192299 179.4665115745088 0
74.5398716981347 156.6143502480903 0
217.8807035765025 93.71099009759823 0
200.8738837255615 -74.75194733255229 0
-17.01496347499722 113.5977172176977 0
75.24423234385657 163.8228322708388 0
186.4598939071582 100.6780119210929 0
184.7250283729437 -30.28078493448893 0
150.624189256095 27.52560124164354 0
77.6783403306747 108.7432907231972 0
274.9060846533588 74.31393982780189 0
117.9374026058954 149.9310446466588 0
216.3054675195718 25.89465687510658 0
123.5117379901711 -10.79356511048184 0
1.203324922076064 125.9151735711848 0

CELLS 10795 42659
1 0
1 1
1 2
1 3
1 4
1 5
1 6
1 7
1 8
1 9
1 10
1 11
1 12
1 13
1 14
1 15
1 16
1 17
1 18
1 19
1 20
1 21
1 22
1 23
1 24
1 25
1 26
1 27
1 28
1 29
1 30
1 31
1 32
1 33
1 34
1 35
1 36
1 37
1 38
1 39
1 40
1 41
1 42
1 43
1 44
1 45
1 46
1 47
1 48
1 49
1 50
1 51
1 52
1 53
1 54
1 55
1 56
1 57
1 58
1 59
1 60
1 61
1 62
1 63
1 64
1 65
1 66
1 67
1 68
1 69
1 70
1 71
1 72
1 73
1 74
1 75
1 76
1 77
1 78
1 79
1 80
1 81
1 82
1 83
1 84
1 85
1 86
1 87
1 88
1 89
1 90
1 91
1 92
1 93
1 94
1 95
1 96
1 97
1 98
1 99
1 100
2 0 101
2 101 102
2 102 1
2 1 103
2 103 104
2 104 105
2 105 2
2 2 106
2 106 3
2 3 107
2 107 108
2 108 109
2 109 110
2 110 4
2 4 111
2 111 5
2 5 112
2 112 113
2 113 114
2 114 115
2 115 6
2 6 116
2 116 117
2 117 118
2 118 7
2 7 119
2 119 8
2 8 120
2 120 121
2 121 122
2 122 123
2 123 9
2 9 124
2 124 125
2 125 10
2 10 126
2 126 127
2 127 11
2 11 128
2 128 129
2 129 12
2 12 13
2 13 130
2 130 131
2 131 14
2 14 132
2 132 133
2 133 134
2 134 15
2 15 135
2 135 136
2 136 16
2 16 137
2 137 138
2 138 139
2 139 17
2 17 140
2 140 141
2 141 142
2 142 143
2 143 18
2 18 144
2 144 19
2 19 145
2 145 146
2 146 147
2 147 148
2 148 20
2 20 149
2 149 150
2 150 151
2 151 21
2 21 152
2 152 22
2 22 153
2 153 154
2 154 155
2 155 156
2 156 157
2 157 23
2 23 158
2 158 24
2 24 159
2 159 160
2 160 25
2 25 161
2 161 162
2 162 26
2 26 163
2 163 164
2 164 27
2 27 165
2 165 166
2 166 28
2 28 167
2 167 168
2 168 29
2 29 169
2 169 170
2 170 171
2 171 172
2 172 30
2 30 173
2 173 174
2 174 31
2 31 175
2 175 176
2 176 32
2 32 177
2 177 178
2 178 179
2 179 180
2 180 33
2 33 181
2 181 34
2 34 182
2 182 35
2 35 183
2 183 36
2 36 184
2 184 37
2 37 185
2 185 186
2 186 38
2 38 187
2 187 188
2 188 39
2 39 189
2 189 190
2 190 191
2 191 192
2 192 40
2 40 193
2 193 194
2 194 41
2 41 195
2 195 42
2 42 196
2 196 197
2 197 43
2 43 198
2 198 199
2 199 44
2 44 200
2 200 201
2 201 202
2 202 45
2 45 203
2 203 204
2 204 46
2 46 205
2 205 206
2 206 47
2 47 207
2 207 48
2 48 208
2 208 49
2 49 209
2 209 210
2 210 50
2 50 211
2 211 212
2 212 51
2 51 213
2 213 52
2 52 214
2 214 53
2 53 215
2 215 216
2 216 217
2 217 218
2 218 54
2 54 219
2 219 220
2 220 55
2 55 221
2 221 56
2 56 222
2 222 223
2 223 224
2 224 57
2 57 225
2 225 226
2 226 58
2 58 227
2 227 228
2 228 59
2 59 229
2 229 230
2 230 60
2 60 231
2 231 232
2 232 61
2 61 233
2 233 62
2 62 234
2 234 235
2 235 63
2 63 236
2 236 237
2 237 64
2 64 238
2 238 239
2 239 65
2 65 240
2 240 241
2 241 242
2 242 66
2 66 243
2 243 244
2 244 67
2 67 245
2 245 246
2 246 68
2 68 247
2 247 248
2 248 69
2 69 249
2 249 250
2 250 70
2 70 251
2 251 252
2 252 71
2 71 253
2 253 254
2 254 255
2 255 72
2 72 256
2 256 257
2 257 258
2 258 259
2 259 73
2 73 260
2 260 74
2 74 261
2 261 262
2 262 263
2 263 264
2 264 75
2 75 265
2 265 266
2 266 76
2 76 267
2 267 77
2 77 268
2 268 269
2 269 78
2 78 270
2 270 79
2 79 271
2 271 272
2 272 80
2 80 273
2 273 274
2 274 275
2 275 81
2 81 276
2 276 82
2 82 277
2 277 278
2 278 83
2 83 279
2 279 84
2 84 280
2 280 85
2 85 281
2 281 282
2 282 86
2 86 283
2 283 284
2 284 87
2 87 285
2 285 286
2 286 88
2 88 287
2 287 288
2 288 89
2 89 289
2 289 290
2 290 291
2 291 292
2 292 90
2 90 293
2 293 91
2 91 294
2 294 295
2 295 296
2 296 297
2 297 298
2 298 299
2 299 300
2 300 301
2 301 302
2 302 92
2 92 303
2 303 304
2 304 305
2 305 306
2 306 93
2 93 307
2 307 94
2 94 308
2 308 309
2 309 95
2 95 310
2 310 311
2 311 96
2 96 312
2 312 313
2 313 314
2 314 315
2 315 97
2 97 316
2 316 98
2 98 317
2 317 99
2 99 318
2 318 319
2 319 0
3 3329 5108 2135
3 3337 3489 1435
3 2970 3489 2335
3 289 4892 89
3 3897 4476 3124
3 3000 4088 3474
3 136 3014 1271
3 3163 3164 324
3 185 870 37
3 1661 4304 3281
3 3192 4599 3019
3 3856 3985 2537
3 1206 4808 3626
3 2391 4618 3106
3 1598 3891 3748
3 3968 4335 1229
3 89 4892 2598
3 3293 5092 2564
3 3234 3384 2262
3 3164 3165 324
3 3668 3669 785
3 3146 3150 1834
3 1583 3809 3088
3 4702 4800 2966
3 1794 4732 4168
3 2724 3150 3146
3 2252 3991 3977
3 2323 4276 2322
3 100 5038 4380
3 90 3997 292
3 3084 4466 1152
3 2564 4212 3293
3 2041 3524 3523
3 3076 5146 3458
3 2762 4296 3149
3 1956 3721 2287
3 1598 3892 3891
3 2824 4516 2825
3 3076 3458 3435
3 1991 3200 2989
3 267 3230 266
3 2447 3640 2323
3 3254 4897 2967
3 2472 4855 4028
3 232 3060 1358
3 3499 3978 3498
3 1602 3048 181
3 3019 3282 3192
3 3617 4466 3084
3 4393 4578 4008
3 3083 3622 2463
3 2601 4800 4702
3 2967 4897 2865
3 1442 4682 3462
3 3560 3561 2289
3 3603 5044 142
3 1557 3583 3582
3 1286 3391 3249
3 4193 4308 2254
3 1219 4025 1220
3 3640 4276 2323
3 679 3370 678
3 3202 5023 1156
3 1602 3049 3048
3 1661 3281 904
3 153 5002 2782
3 100 4380 4379
3 2333 3660 3547
3 1229 4621 3968
3 3559 3560 2289
3 755 4913 7
3 3085 3108 764
3 4053 4054 3855
3 1448 3189 2549
3 3209 4784 2310
3 3843 4222 2356
3 2557 3384 3234
3 2694 4016 2788
3 93 3204 328
3 1157 3265 2235
3 2700 3209 2310
3 3391 4563 3249
3 3850 4070 2929
3 219 2772 2331
3 2536 4108 3118
3 764 4331 3085
3 3288 3289 2126
3 266 3230 265
3 1984 4344 3130
3 112 3408 3251
3 3029 4433 686
3 3923 4319 2919
3 3335 3353 3351
3 3076 3435 2678
3 3626 4808 2957
3 1591 3356 1681
3 1569 4053 3855
3 2048 3356 1591
3 870 1174 37
3 3439 3456 1104
3 3086 4843 3020
3 2577 3640 2447
3 2987 3202 3201
3 4401 4642 2459
3 3290 4786 4235
3 153 2782 22
3 3200 3556 2395
3 2989 4874 1991
3 2832 3800 3047
3 1480 4798 3069
3 2595 4432 3253
3 3869 4836 702
3 2041 3523 3258
3 3119 4458 2028
3 3452 3453 2124
3 2885 4116 3188
3 2256 3785 2713
3 3287 3288 2126
3 2317 3662 2805
3 3325 3580 2673
3 3644 5150 1856
3 1593 4041 3992
3 1674 3312 3310
3 1562 3428 3427
3 2064 5270 2841
3 7 4913 2738
3 3065 4622 1099
3 1557 4315 3583
3 2463 4797 3083
3 1674 5016 3312
3 3517 4561 3518
3 719 4545 745
3 3409 4738 4716
3 3324 3327 2660
3 4119 4675 2451
3 3945 4292 2965
3 2891 3343 3156
3 3214 3215 1707
3 4590 4622 3065
3 3088 3895 1583
3 1044 3141 2576
3 3498 3978 2360
3 2587 4349 3253
3 1337 3265 1157
3 3639 3640 2577
3 2678 3435 3116
3 2939 5108 3329
3 3945 4693 4292
3 1787 3234 2463
3 2123 3455 2470
3 3764 4735 2598
3 3518 4561 1402
3 1578 3158 3102
3 2460 4401 2459
3 3364 4314 3108
3 4127 5297 2601
3 2233 3074 167
3 3253 4349 2595
3 2384 4660 4198
3 2751 4864 3828
3 2149 3721 1956
3 4030 4312 4307
3 3338 3489 3337
3 3474 4088 2072
3 317 4957 316
3 4432 4637 3269
3 3253 5127 2587
3 1995 4551 4442
3 4030 4307 2377
3 4116 4630 3188
3 3073 3948 1613
3 3385 4859 4678
3 3977 4839 2252
3 3116 3435 1869
3 2046 4230 3115
3 2562 3172 2909
3 3427 4285 1562
3 1303 3086 1302
3 2132 3192 3191
3 2593 3662 2317
3 3388 4070 3850
3 3010 4618 2391
3 1303 4843 3086
3 1976 3618 1610
3 1062 4873 4366
3 3625 3673 2384
3 2467 3476 3475
3 2575 3291 3289
3 36 2625 183
3 2272 3917 3915
3 2557 3234 1787
3 4678 4859 3593
3 1290 3653 1172
3 3345 4253 2579
3 308 3001 94
3 3503 4226 2851
3 3108 4314 764
3 3938 4080 1120
3 3284 4643 3995
3 143 3603 142
3 3992 4041 3105
3 4191 4502 1108
3 3395 4406 2238
3 2713 3785 3784
3 3127 4108 2536
3 1156 5023 1162
3 112 3251 3250
3 2335 3489 2334
3 4235 5148 3290
3 2832 4787 3800
3 4366 4873 3099
3 1971 4612 3118
3 4284 4537 2524
3 904 3281 85
3 2825 4516 3740
3 2660 3327 2657
3 219 2331 54
3 265 3230 2837
3 3015 4836 3869
3 3351 3352 3335
3 3547 4851 2333
3 3303 4995 3922
3 4268 4461 4269
3 1272 5096 4353
3 2601 4702 4127
3 2697 4640 4017
3 3126 3374 2084
3 2233 3075 3074
3 91 2698 293
3 3311 3312 2029
3 2752 4864 2751
3 1337 3241 3238
3 4402 4764 2986
3 3422 4309 3476
3 3328 3648 947
3 3283 4692 1397
3 999 3984 3983
3 3080 3673 3625
3 4477 4663 2224
3 1978 3210 1560
3 4716 5186 3409
3 3124 4714 3897
3 2598 4735 3071
3 785 3670 3668
3 3458 5146 1129
3 3750 4341 1102
3 2132 4599 3192
3 2950 4709 3392
3 433 4609 431
3 2698 3997 293
3 4011 4469 2635
3 3614 5071 3466
3 3926 4732 1794
3 2673 4985 3325
3 4459 4845 3430
3 3334 3352 2367
3 408 4285 406
3 2635 5169 4011
3 665 4456 3198
3 2660 3580 3324
3 3572 3750 2637
3 1360 3574 3573
3 2669 3580 2661
3 2216 3379 3378
3 2132 3191 1691
3 2625 4848 183
3 2657 3327 2655
3 1470 3219 3218
3 3613 3614 3466
3 3462 4682 3011
3 293 3997 90
3 2550 3557 3463
3 1997 3644 1856
3 3509 4554 1076
3 3177 4663 4477
3 2537 5007 3856
3 3057 4458 3119
3 4296 4787 3149
3 1802 3916 1804
3 3983 3985 999
3 3156 4871 2891
3 3922 4995 1439
3 3060 3381 1358
3 2137 3096 2197
3 3166 3887 942
3 3209 5200 301
3 4185 4961 3957
3 3130 4818 1984
3 3453 3455 2124
3 1884 4833 4481
3 3456 4598 1104
3 2029 3313 3311
3 2063 2064 1830
3 3328 4985 3648
3 2387 3484 2752
3 2611 3169 173
3 2577 3641 3639
3 1519 4743 3346
3 4590 4945 2364
3 1819 3261 3259
3 4733 4840 4533
3 2754 4289 3133
3 1869 3436 3116
3 1710 4738 4737
3 2835 3911 3868
3 3069 4652 1480
3 1179 3431 1484
3 2595 4637 4432
3 3346 4743 3161
3 682 3370 679
3 1689 3102 2132
3 4028 4855 2855
3 4269 4461 3315
3 3262 4502 4191
3 227 5026 226
3 4445 4788 3144
3 3878 4823 4720
3 1794 4246 3926
3 3220 3774 3222
3 3101 5156 4942
3 3673 4660 2384
3 2061 4578 4393
3 3258 4420 2041
3 2385 4085 2387
3 1731 4700 2227
3 2387 4085 3484
3 3014 4521 1271
3 1386 4432 3269
3 3281 4304 2925
3 3484 4902 2752
3 1545 3454 1732
3 3083 4046 3622
3 2636 3749 2637
3 1546 3576 3340
3 980 3404 3103
3 4942 5156 2134
3 227 226 58
3 4556 5292 3121
3 1311 3158 1578
3 852 3986 830
3 3572 4341 3750
3 3197 4845 4459
3 4841 4888 3633
3 1384 3982 3371
3 1613 4443 3073
3 512 3956 514
3 1271 3287 135
3 3879 4823 3878
3 2804 4476 3897
3 4353 5096 3555
3 4572 4996 2685
3 2636 5291 3749
3 1189 4604 3167
3 1572 4314 3364
3 285 5152 4778
3 3522 4211 3165
3 3279 3280 691
3 1607 4888 4841
3 2003 4253 3345
3 3457 4598 3456
3 3463 5045 2550
3 3196 3595 1444
3 204 3273 325
3 1448 3400 3189
3 3897 5053 2804
3 3288 4521 4216
3 1534 4167 3633
3 2513 3403 2514
3 3590 4675 4119
3 1000 3139 819
3 2945 4016 2694
3 2894 4554 3509
3 2344 3785 2256
3 1470 3220 3219
3 3065 4945 4590
3 3351 3354 3350
3 2550 4884 3557
3 3986 4656 3984
3 3753 5068 3699
3 3549 4911 3006
3 1219 4779 4025
3 4165 4370 4299
3 3926 4246 3863
3 3851 3852 3806
3 2981 5099 5091
3 441 3340 443
3 4640 5142 4017
3 3340 3576 2795
3 3510 4085 2385
3 1338 4615 3804
3 4289 5288 4379
3 3392 4709 2807
3 1534 3633 3632
3 3172 3173 2909
3 3153 4536 1904
3 1856 5150 2503
3 2637 3749 3572
3 2227 3510 2385
3 3289 4216 2575
3 3096 4380 2197
3 707 3652 737
3 4696 4813 3326
3 3364 3365 1572
3 2534 3975 3974
3 3236 3418 1094
3 3354 5116 3350
3 4535 4846 3425
3 16 3014 136
3 3915 3916 2272
3 3516 3518 3448
3 2922 4308 4193
3 1052 3508 1028
3 3556 4844 2395
3 2970 4683 3489
3 3573 3575 1360
3 2809 3570 2127
3 2262 3384 44
3 2224 3992 3105
3 3474 3507 3000
3 5031 5032 3464
3 3238 3265 1337
3 3164 4420 3258
3 3669 3956 785
3 2512 4643 3284
3 4656 4947 3984
3 4481 4833 2958
3 2084 4503 3126
3 2154 4883 4206
3 3746 4961 2686
3 3006 4465 3549
3 1044 4416 3141
3 3911 4950 3868
3 3198 5235 665
3 2470 3455 3439
3 3457 4930 4598
3 4699 5171 2198
3 3327 4274 2655
3 2550 5045 4564
3 4206 4955 2154
3 1120 4577 3938
3 3135 3412 2740
3 4847 4848 2625
3 1322 4727 3646
3 61 3060 232
3 3332 3579 3333
3 797 3985 780
3 5027 5131 2908
3 3170 4180 2722
3 2843 3028 3019
3 1854 5032 5031
3 4092 4828 2753
3 561 4798 1480
3 2987 5023 3202
3 1441 4319 3923
3 1353 4846 4535
3 745 4545 3675
3 579 3808 581
3 4780 4854 367
3 3220 4939 3774
3 2075 5157 4222
3 3734 3735 497
3 2063 3134 2840
3 3131 4809 3160
3 126 4503 10
3 3733 3734 497
3 3203 4215 3632
3 3284 4692 3283
3 3518 3519 3448
3 1546 3340 441
3 2655 4274 2653
3 1191 1302 1190
3 10 4503 2084
3 2131 4110 3937
3 2406 3579 3332
3 3928 5071 3614
3 4525 4651 1767
3 3165 3237 324
3 3631 4231 791
3 1392 4627 3168
3 634 3483 435
3 359 3521 374
3 3370 4326 678
3 447 4813 4696
3 2063 2840 2064
3 1717 4726 3184
3 3646 4953 1322
3 2839 3209 302
3 75 4401 3380
3 302 3209 301
3 1123 1190 1122
3 3215 4876 1707
3 1655 4226 3503
3 3115 5135 2046
3 2875 4655 4380
3 2237 4987 4679
3 3248 3953 2475
3 787 4487 625
3 3925 5131 5027
3 3632 4215 1534
3 3001 4758 94
3 244 3637 2567
3 1610 3618 2058
3 3142 5297 4127
3 2795 3576 3360
3 1187 4054 4053
3 3706 4961 4185
3 3103 4705 980
3 3025 5171 4699
3 2795 3360 2699
3 3162 5315 620
3 949 4366 1003
3 3019 4599 3018
3 3655 3656 1159
3 3732 4557 4523
3 3121 3122 2215
3 4572 4803 3830
3 3031 4433 3029
3 2014 3344 3276
3 1902 2138 2137
3 544 3851 3806
3 2950 3375 2634
3 4302 5140 4832
3 4110 5035 3937
3 4 3121 110
3 1212 3385 3159
3 4601 4631 2976
3 142 5044 1415
3 686 4929 3029
3 2686 4961 3706
3 3149 4481 2762
3 4331 5311 3085
3 1978 3211 3210
3 3408 3409 3251
3 4523 4557 2768
3 3282 5063 100
3 3160 4818 3131
3 942 3889 3166
3 4833 5330 4163
3 3165 4211 3237
3 4848 4882 1981
3 2515 4664 3651
3 181 3048 33
3 3195 3196 1444
3 4016 4729 2788
3 135 3287 15
3 2537 3985 3983
3 1220 4025 1229
3 4737 4738 3241
3 2363 4489 3373
3 3622 4046 3623
3 1521 3524 1416
3 3336 3617 3084
3 2976 4631 2977
3 394 3641 392
3 1159 3657 3655
3 2562 3618 3172
3 3905 4995 3307
3 3173 4728 1415
3 3105 4477 2224
3 2811 4464 4255
3 3843 4890 4222
3 3193 4840 4733
3 3151 3174 3173
3 3891 3892 2589
3 2740 4849 3135
3 3854 5079 3771
3 1172 3653 1173
3 3139 5204 819
3 4612 4749 4611
3 1830 4706 1306
3 3442 4877 2968
3 3771 4746 3854
3 3502 4359 1535
3 4476 5208 3124
3 3982 5046 3371
3 77 3230 267
3 2208 3617 3336
3 1337 4737 3241
3 3134 4655 2840
3 2534 4839 3975
3 2753 4762 4092
3 627 3276 787
3 1795 4764 4402
3 1161 3431 1179
3 3236 4650 3418
3 3201 4766 2987
3 4216 4521 2696
3 893 3314 178
3 3516 3704 3514
3 4679 4987 3007
3 3448 3704 3516
3 2138 3096 2137
3 3115 4230 4139
3 2722 5152 3170
3 92 2839 302
3 2124 3454 3452
3 1120 4080 1115
3 3641 3751 1180
3 1415 5044 3173
3 3150 4511 3151
3 2778 5068 4508
3 3721 4499 2287
3 292 3997 2372
3 3234 4797 2463
3 573 3268 2305
3 5184 5205 3272
3 527 3346 29
3 2840 5270 2064
3 3808 3809 1583
3 3699 5068 2779
3 3892 3893 2589
3 1562 4329 3428
3 3184 4806 1717
3 1689 2132 1691
3 3991 4346 3977
3 2673 3580 2669
3 3770 5079 3972
3 3147 5153 834
3 2809 4906 3570
3 3121 5292 3122
3 2958 4833 4163
3 3166 3888 3887
3 3335 3352 3334
3 2603 4704 4455
3 2227 4700 3510
3 2238 5025 3395
3 3453 3457 3456
3 3702 4727 2921
3 3199 3536 3424
3 3130 4344 3132
3 3233 3436 790
3 2925 4669 3281
3 3423 4309 3422
3 173 3169 30
3 1154 3202 1156
3 1933 3517 3515
3 834 5215 3147
3 791 5177 3631
3 2322 4276 2717
3 3447 3519 3450
3 3419 4126 1944
3 3972 4568 3770
3 3483 4609 433
3 1468 3852 3851
3 1444 3197 3195
3 3156 3343 1497
3 2174 3893 3892
3 2467 4691 3476
3 4442 4551 2698
3 2216 4983 3379
3 3172 3618 1976
3 3717 5109 3331
3 1183 4545 719
3 3198 4456 3199
3 3878 4720 2539
3 1386 3269 3268
3 4877 5041 2968
3 2124 3455 2123
3 3151 3173 3172
3 2493 5085 3197
3 1040 3297 1038
3 1692 4646 3296
3 2444 4359 3502
3 3373 4489 2890
3 2058 3618 3561
3 3750 4537 4284
3 3197 4459 2493
3 1416 3524 2041
3 4810 5028 1466
3 3691 4861 2684
3 2779 5068 2778
3 3916 3918 1804
3 4633 4638 1536
3 2272 3916 1802
3 3082 5028 4810
3 790 3910 3233
3 1281 4791 4724
3 3136 4679 3007
3 4142 4820 4763
3 4601 4872 1776
3 351 3436 353
3 3830 4803 3831
3 2539 5163 3878
3 2065 3422 3411
3 3275 3278 2069
3 2931 4657 4534
3 3804 5013 1338
3 1042 1122 1006
3 2888 4589 3981
3 1732 3454 2124
3 178 3314 177
3 2827 4516 2824
3 3401 4374 4373
3 4582 4726 1721
3 108 4604 1189
3 2576 4260 8
3 3294 3483 634
3 1625 4186 3650
3 60 2490 230
3 2844 4612 1971
3 1187 5094 4054
3 2803 5053 3837
3 3319 5039 1129
3 988 5147 3511
3 2241 4564 4461
3 1917 5101 4455
3 4725 4908 4541
3 3426 3427 2889
3 1504 3683 3682
3 3380 4788 4445
3 2921 4986 3702
3 5032 5067 3244
3 3071 5008 4677
3 1559 3653 1290
3 2919 4999 3923
3 167 3074 28
3 324 4956 3163
3 2254 4981 4193
3 45 3154 202
3 3331 4644 3717
3 4832 5140 2962
3 3776 4545 1183
3 3199 3424 2432
3 3189 4924 2549
3 301 5200 3067
3 2717 4277 3492
3 3520 4854 4780
3 3643 4754 2503
3 2841 3028 2843
3 3188 4630 2459
3 3158 5261 3102
3 3164 3258 3165
3 3466 4236 3613
3 1484 3431 3405
3 2609 5186 4716
3 3401 4373 2551
3 2546 3271 2032
3 4677 5008 2721
3 3830 4996 4572
3 4825 5104 4068
3 3296 4629 1692
3 2422 3278 3275
3 935 3235 3224
3 406 4285 756
3 2827 5110 3722
3 3102 4599 2132
3 3782 4897 2906
3 4716 4738 1710
3 3383 3549 1786
3 3739 4480 4450
3 2216 3378 1207
3 3422 4691 3411
3 3003 3364 3363
3 1444 3595 189
3 3007 4712 3136
3 3476 4691 3422
3 1519 3346 527
3 3927 4371 1654
3 2979 3441 2605
3 3244 4549 2797
3 1183 5289 3776
3 3168 3479 1392
3 3138 3139 1000
3 1264 4185 3957
3 3020 5059 3086
3 792 3252 421
3 620 4487 3162
3 1503 3508 1052
3 4763 4820 1342
3 3028 3282 3019
3 1695 1696 1571
3 708 4215 3203
3 3159 4809 1212
3 2684 4880 3691
3 2241 4461 4268
3 1307 1502 1309
3 2984 3606 3206
3 3332 4118 2406
3 4450 4480 1916
3 2550 4564 2241
3 3154 3155 1497
3 294 1407 91
3 3003 3363 2675
3 2457 3372 2774
3 4511 5143 3151
3 1302 1307 1304
3 2579 5295 3345
3 3722 5138 2827
3 51 1355 212
3 803 3675 1163
3 1006 3138 1000
3 2406 4118 2404
3 2851 4226 3190
3 3499 5293 3978
3 3895 5187 630
3 2661 3580 2660
3 3306 4542 3615
3 435 3483 433
3 1819 5058 3261
3 3699 3811 3753
3 3203 3651 708
3 1129 5146 3319
3 785 3956 512
3 361 3521 359
3 3089 5187 3895
3 3453 3456 3455
3 3315 5075 4269
3 3357 4139 1356
3 4168 4732 3176
3 155 4936 4769
3 1560 3986 852
3 4299 4371 4165
3 3428 4329 3703
3 4769 4936 3040
3 1904 4536 1555
3 1123 1191 1190
3 3748 3894 1598
3 4602 5300 157
3 233 3274 3060
3 3118 5070 1971
3 581 3808 1583
3 1832 3646 3645
3 1902 2137 1903
3 3257 3481 211
3 1834 4505 3146
3 792 3253 3252
3 3650 4710 1625
3 4896 4984 3763
3 787 4915 4487
3 2050 5266 4099
3 4222 5157 3024
3 536 3268 573
3 63 2972 1363
3 2704 3426 2889
3 4255 4464 786
3 2303 4928 4617
3 1696 1902 1697
3 2724 4511 3150
3 4647 4670 3367
3 3367 4670 3366
3 1995 4984 4551
3 3223 3403 2513
3 4882 5076 1981
3 2972 3309 1363
3 3583 4966 1990
3 2358 3400 1899
3 4276 4277 2717
3 4401 4788 3380
3 1271 3288 3287
3 88 3170 286
3 1707 4509 3214
3 3858 5285 2040
3 4788 5302 3144
3 2753 4828 2206
3 3161 4743 2860
3 3360 4273 2699
3 3268 3269 2305
3 830 3986 999
3 1933 3521 3517
3 1570 1571 1275
3 3324 3580 3325
3 3784 3904 2713
3 3271 5184 3272
3 1417 2726 32
3 3126 4503 4441
3 3383 4911 3549
3 4778 5152 3026
3 3545 3592 1173
3 66 5263 2952
3 1042 1123 1122
3 3276 5151 787
3 3863 4246 2559
3 3273 4596 325
3 1086 5172 3178
3 3138 3140 3139
3 3448 3519 3447
3 1417 2758 2726
3 2631 4013 3968
3 3200 4672 2989
3 4636 4668 3601
3 2503 5150 3643
3 3739 3742 3736
3 60 2741 2490
3 3416 4801 2427
3 1578 3102 1689
3 2843 3019 3018
3 8 4260 119
3 3444 4342 1544
3 3967 4335 3968
3 2803 3837 3692
3 222 5052 56
3 2559 4334 3863
3 1544 3454 1545
3 3194 4623 2396
3 1990 5087 3583
3 3288 4216 3289
3 1602 3050 3049
3 3822 4984 4896
3 502 3492 445
3 3634 5243 3095
3 2062 2063 1830
3 787 5151 3755
3 2216 3678 3295
3 2040 4794 3858
3 3515 3713 1933
3 3127 5326 4108
3 209 2035 49
3 3191 4289 2754
3 1062 4366 949
3 110 3121 2215
3 3653 5286 3545
3 1187 4486 3217
3 2183 4384 3500
3 3285 5123 2514
3 1285 4668 4636
3 3968 4013 3966
3 2575 5209 3291
3 2356 4731 3843
3 1917 4455 2
3 286 5152 285
3 3135 4849 3037
3 4257 4855 2879
3 1695 3501 1696
3 2558 3796 161
3 3210 4656 1560
3 708 3652 707
3 999 3985 797
3 3498 5304 3497
3 1562 4285 408
3 3419 4971 4126
3 2896 4506 4334
3 3858 4195 3566
3 2839 4784 3209
3 3217 5094 1187
3 4706 4843 1306
3 3178 5251 1086
3 46 3273 204
3 2459 4642 3188
3 85 3281 280
3 855 935 854
3 3657 4313 3655
3 1604 5116 3354
3 1121 3263 2777
3 3511 4496 988
3 3 3243 106
3 3652 3944 737
3 119 521 7
3 1439 4995 3905
3 374 3521 1933
3 2962 5140 3620
3 3388 3850 321
3 4828 4885 2206
3 2977 4631 3818
3 3538 5104 4825
3 3186 4582 3187
3 2075 4890 53
3 840 854 839
3 2709 4313 3657
3 1122 3138 1006
3 1407 1408 91
3 29 3346 168
3 1286 5002 153
3 3491 3492 805
3 3473 3562 1030
3 2422 3280 3278
3 2879 4855 2472
3 100 4497 3282
3 202 3154 1497
3 1502 3158 1309
3 3497 5304 3087
3 1302 1304 1190
3 3505 3961 2718
3 3278 3280 3279
3 780 3985 3856
3 3519 3520 3450
3 3129 4386 3423
3 353 3436 1869
3 329 3497 145
3 2929 5001 3850
3 3651 4664 3652
3 112 3250 5
3 1061 1121 1060
3 186 5099 2981
3 745 3675 803
3 4063 4170 2737
3 1696 4345 1902
3 1403 5011 3245
3 1997 4495 3644
3 2558 4789 3796
3 1028 3508 1030
3 1543 4425 3342
3 3263 3264 2777
3 732 4152 2462
3 1521 3525 3524
3 3395 4652 4406
3 521 755 7
3 3425 4045 3407
3 1694 3191 2754
3 514 3956 1985
3 2603 4455 2868
3 3218 4566 1470
3 1056 1060 1040
3 807 3491 805
3 3352 3553 2367
3 2388 3961 3505
3 2360 5304 3498
3 1981 5076 1982
3 2699 4273 3591
3 2926 3309 2380
3 788 4220 3683
3 2976 4872 4601
3 2765 4045 3425
3 1616 3469 3468
3 2879 5047 4257
3 3545 5286 3543
3 838 839 837
3 18 4479 143
3 1191 1303 1302
3 1153 1570 1275
3 2611 4358 3169
3 1031 1076 1032
3 4139 4441 1356
3 3249 4563 2552
3 4141 4142 2033
3 1691 3191 1694
3 2841 2842 2064
3 1678 4211 3522
3 3115 3357 2476
3 2028 4446 3119
3 2492 4383 2493
3 1012 4322 3461
3 4008 4898 4393
3 1307 1309 1308
3 2809 4887 3824
3 2395 4672 3200
3 2558 5105 3255
3 3813 4799 3700
3 3639 3641 394
3 2524 4537 4311
3 457 4506 4395
3 3601 4293 2521
3 1842 3308 844
3 3865 4926 4717
3 1497 3343 201
3 3700 5242 3813
3 2825 4651 4525
3 2014 3276 629
3 4358 4827 2726
3 3186 4726 4582
3 3524 3527 3523
3 3637 5166 2567
3 936 977 935
3 2577 3751 3641
3 431 4609 800
3 799 3864 3862
3 4380 4655 2197
3 238 732 64
3 4099 4457 3711
3 238 4152 732
3 3133 4889 2754
3 5108 5255 2135
3 2663 3320 3317
3 3135 3556 3412
3 2181 5310 4283
3 1003 4366 3460
3 4500 5091 2170
3 4611 4749 2125
3 978 1031 977
3 1616 3470 3469
3 4141 4243 3495
3 3511 5147 3512
3 773 4736 3493
3 3163 4520 2980
3 800 4609 3373
3 2918 4423 4301
3 4142 4238 2033
3 4379 5288 100
3 1030 3507 3473
3 4177 4607 3845
3 1842 4440 3308
3 149 3350 20
3 51 1388 1355
3 436 4148 3579
3 2950 4931 3375
3 4099 5298 2050
3 2611 4827 4358
3 1421 1830 1306
3 2305 4470 4338
3 4919 5006 3081
3 3600 4129 1989
3 392 3641 1180
3 3914 4424 3918
3 212 3257 211
3 2003 3345 3292
3 360 3458 362
3 3688 4178 2858
3 78 4086 269
3 3247 5011 743
3 4137 5171 3471
3 1309 3158 1311
3 4534 4657 1524
3 4724 4791 3802
3 3744 4848 1981
3 3112 4789 4583
3 971 3656 1063
3 461 3864 799
3 2826 3793 3792
3 2114 4327 3904
3 2396 5305 3194
3 3082 4810 3798
3 266 76 267
3 743 4937 3247
3 2211 5006 4919
3 1544 4342 3454
3 1578 1689 1579
3 894 979 895
3 3325 4985 3328
3 4171 5207 5180
3 3514 3704 1700
3 2069 3558 3275
3 1899 3400 1448
3 2860 5253 3161
3 4618 4619 3106
3 3443 3558 1453
3 1360 4725 3574
3 805 3492 502
3 1076 1153 1077
3 1712 3911 3270
3 3600 4293 3601
3 578 4627 1392
3 2514 4708 3285
3 3138 4332 3140
3 790 3436 351
3 2002 3550 2326
3 3541 3910 790
3 2838 4371 3927
3 283 1863 86
3 3521 4561 3517
3 3975 4839 3977
3 3363 4003 2675
3 3176 4732 2393
3 3938 4577 2355
3 979 1870 1548
3 3003 3365 3364
3 2032 3271 1970
3 3547 3660 2412
3 2966 4800 3752
3 1153 1275 1154
3 4951 5059 3017
3 3353 3354 3351
3 2457 4020 3372
3 2772 3097 2331
3 3244 5067 3171
3 3623 4046 1719
3 3885 4804 4658
3 3947 4443 1613
3 3818 5203 2977
3 3342 4425 3557
3 1189 4701 4553
3 2086 3536 3386
3 3328 4591 3326
3 1039 1040 1038
3 3356 4512 1681
3 2388 3505 3504
3 3493 4095 773
3 34 1602 181
3 2865 4897 3782
3 1616 3562 3470
3 3292 3459 2003
3 3686 4444 3685
3 3544 3612 3611
3 3407 4045 1950
3 324 3237 295
3 143 4479 3603
3 1159 3656 971
3 3245 4698 1403
3 4768 5147 1017
3 270 4086 78
3 3981 4589 1563
3 3365 4372 1572
3 3615 4542 2506
3 943 3531 3529
3 2738 3358 118
3 4222 4890 2075
3 3613 4236 104
3 2804 5053 2803
3 2451 4675 3751
3 691 3808 579
3 1311 1578 1313
3 362 3458 1129
3 1767 4651 3743
3 3668 3670 3002
3 3493 4736 2915
3 1696 1697 1571
3 3141 5122 2576
3 3167 4701 1189
3 3095 4784 3634
3 106 3243 1917
3 629 3276 627
3 3378 3379 3264
3 2033 4243 4141
3 3399 4922 3398
3 4582 5259 3187
3 3403 4708 2514
3 4801 4964 2167
3 4860 4934 3298
3 1435 3433 585
3 1302 3086 1307
3 1115 4080 1117
3 67 3637 244
3 1665 3919 1800
3 1477 3369 1479
3 2900 4797 3234
3 3145 5052 222
3 47 1390 206
3 587 3337 1435
3 3231 5026 227
3 3433 4683 3666
3 1173 3653 3545
3 3465 5031 3464
3 1916 4480 3732
3 3734 3739 3736
3 3072 4482 3681
3 3018 4951 3017
3 2476 3357 11
3 421 3252 439
3 55 4802 220
3 4170 4757 2737
3 3906 4071 3893
3 3253 4432 3252
3 1031 1032 977
3 491 3834 489
3 3914 3918 3916
3 2138 3133 3096
3 329 3498 3497
3 3424 3585 2432
3 4082 5073 3274
3 1076 4554 1153
3 3116 3436 3233
3 3893 4071 2589
3 3393 5310 2181
3 2912 4918 4029
3 3904 4327 2713
3 1786 3949 3383
3 3089 3895 3088
3 3372 4255 2774
3 3599 4129 3600
3 1950 3790 3407
3 3263 3378 3264
3 3618 5206 3561
3 3312 4571 2029
3 1765 3743 1770
3 3662 4819 2805
3 2979 5264 3441
3 3714 4932 3420
3 1480 3395 3394
3 4604 4626 3167
3 1783 3803 3348
3 1037 1038 1035
3 1121 2777 2776
3 3785 4808 1206
3 3489 4683 1435
3 4190 4852 4721
3 3341 3486 2178
3 3470 3562 3473
3 4227 4648 3745
3 1480 3394 568
3 4108 5070 3118
3 1863 2553 86
3 3798 4891 3082
3 848 3658 850
3 1870 2844 1971
3 2178 3368 3341
3 3349 4831 1714
3 3092 4457 4099
3 3336 4422 2208
3 3505 4682 1442
3 2797 5032 3244
3 3423 4857 3129
3 840 855 854
3 3307 4680 3905
3 3399 4992 4922
3 1570 1695 1571
3 2483 3780 3779
3 2818 5139 3778
3 5180 5207 1440
3 585 3433 582
3 3645 4857 1832
3 2896 4334 2559
3 243 5263 66
3 1063 3656 3402
3 1904 5183 3153
3 3912 5242 2353
3 1162 1295 1294
3 1152 5318 3084
3 3379 5132 3264
3 838 840 839
3 652 4613 4560
3 3527 3528 3523
3 3317 3429 2663
3 4553 4980 1189
3 1056 1061 1060
3 162 2558 161
3 3627 4468 3605
3 3771 5079 3770
3 3892 5005 2174
3 1190 5233 1122
3 3966 4013 2038
3 2927 3382 3381
3 45 4055 3154
3 4415 4594 4414
3 5091 5099 4295
3 2316 3809 2422
3 2432 3585 2085
3 2427 4801 3627
3 2704 4179 3426
3 3399 4878 345
3 5140 5243 3620
3 838 3890 840
3 15 3287 134
3 3184 4726 3186
3 1500 4693 3945
3 3206 4933 2984
3 2361 3575 3573
3 2928 5073 4082
3 3420 4850 3714
3 1156 1162 1158
3 2361 4934 3575
3 2191 4502 3262
3 3964 3966 2038
3 4591 4696 3326
3 252 3392 2807
3 3227 3265 3238
3 3688 5100 4178
3 2764 4638 4633
3 3163 4956 4520
3 592 594 589
3 3313 4698 3311
3 4583 4789 2558
3 3584 4217 3586
3 3995 4325 3284
3 3475 4815 2467
3 3506 4934 2361
3 4177 4805 2884
3 3686 3833 1487
3 4399 4538 2892
3 3434 3458 360
3 3289 3290 2126
3 1275 3202 1154
3 3732 4523 1916
3 627 787 625
3 3174 5090 4728
3 4029 5048 2912
3 2475 4811 3248
3 23 4602 157
3 2998 3427 3426
3 62 3274 233
3 1950 4032 3790
3 1174 4522 37
3 836 837 755
3 3275 3558 3443
3 1704 3550 2002
3 3883 4006 2156
3 836 838 837
3 3689 3746 3630
3 451 3268 536
3 145 3497 19
3 2621 4496 3511
3 560 3553 151
3 1061 3263 1121
3 4395 4506 2896
3 3778 4829 2818
3 837 4913 755
3 439 1386 451
3 4269 5075 3055
3 1999 4495 1997
3 1314 5168 4418
3 3846 4448 2615
3 2006 4233 3299
3 3824 4887 1468
3 114 2182 113
3 4418 5168 3117
3 87 4778 284
3 3790 4032 3757
3 1033 3509 1031
3 4073 4976 4744
3 3256 3257 2549
3 1033 5129 3509
3 1307 1308 1304
3 2305 4338 575
3 2261 3134 2063
3 1468 4887 3852
3 1055 1056 1040
3 2207 3920 3919
3 1767 3743 1765
3 114 3266 2182
3 157 5300 320
3 2388 3504 409
3 2545 2883 2546
3 1930 3674 2221
3 1696 5175 4345
3 1121 2776 2251
3 584 585 582
3 581 582 580
3 579 580 578
3 1443 4840 3193
3 97 1996 315
3 3154 3206 3155
3 577 578 576
3 3308 3890 838
3 1616 3468 322
3 4567 4618 3010
3 2367 4005 3334
3 1102 4537 3750
3 789 4544 705
3 2566 4468 3627
3 1970 3271 2158
3 177 1417 32
3 2653 4274 2663
3 3236 5264 4650
3 1898 4179 2704
3 1361 3689 1566
3 2489 4286 3619
3 3858 4794 4195
3 3690 4337 3832
3 312 986 96
3 3586 4217 1677
3 575 576 574
3 2369 5064 4991
3 2675 4003 2665
3 1404 3678 2216
3 3087 5202 3559
3 3271 3272 2158
3 3386 3536 3387
3 63 1363 235
3 2207 3919 1665
3 419 3462 792
3 3940 4690 3272
3 2991 3502 3079
3 3807 4376 4197
3 2744 4005 2743
3 1964 4020 2457
3 3421 3422 2065
3 3088 3809 2316
3 3330 3482 2418
3 1500 4941 3190
3 2035 2471 49
3 189 3595 39
3 1162 4909 1295
3 3280 3808 691
3 3132 3596 2413
3 818 3693 3482
3 3575 4934 4860
3 3067 3410 300
3 3132 3597 3596
3 2265 5178 3242
3 1163 3675 3674
3 2545 2546 2032
3 1504 4988 3683
3 3681 5335 3072
3 3131 4818 3130
3 4455 4704 701
3 2345 3459 2420
3 2707 5219 4836
3 4836 5219 3157
3 3813 5242 3912
3 3208 4356 3667
3 3539 4155 2702
3 168 3346 2233
3 5 894 823
3 3154 4055 3206
3 3224 4894 3225
3 3087 5304 5202
3 3265 5262 2235
3 839 3490 837
3 285 4778 87
3 850 3658 1159
3 4301 4423 1862
3 979 3362 1870
3 2740 3412 274
3 2086 3386 2087
3 1970 2158 1908
3 4441 4503 1356
3 4567 4759 319
3 1955 4580 3594
3 4042 5129 1033
3 2841 5074 3028
3 1934 3397 2248
3 4198 4660 1597
3 3918 4424 2948
3 409 3504 411
3 1095 4908 4725
3 1624 3591 1627
3 3220 3221 3219
3 1689 1691 1690
3 855 936 935
3 2248 3397 2845
3 3945 4941 1500
3 3579 4148 3333
3 3258 3522 3165
3 3006 3309 2972
3 2416 3713 3515
3 2416 3514 3513
3 3792 5110 2826
3 2416 3515 3514
3 463 3864 461
3 3752 4800 2784
3 1978 3212 3211
3 4721 4852 3900
3 3396 4948 3204
3 2927 3381 2928
3 2393 5240 3176
3 1831 3421 2065
3 2845 3397 3396
3 4107 4108 2144
3 74 1394 1393
3 3546 3592 3545
3 1121 2251 1060
3 2011 5031 3465
3 986 2294 96
3 1700 4270 1142
3 772 4594 3366
3 4289 4379 3133
3 2221 3674 2606
3 641 4198 566
3 2336 4449 3393
3 1442 3462 417
3 2272 3919 3917
3 1218 3444 1544
3 3685 4444 1590
3 999 3986 3984
3 947 4591 3328
3 306 4989 4834
3 4474 4475 3122
3 807 4194 3491
3 2182 3408 113
3 345 4992 3399
3 330 331 79
3 2852 4607 4177
3 419 792 421
3 595 3394 599
3 2844 5276 3359
3 75 3380 264
3 935 3224 854
3 202 1497 201
3 3500 4384 3382
3 3478 4386 939
3 732 1004 64
3 1479 3369 2178
3 3240 4451 3229
3 3471 4634 4137
3 1682 4155 3539
3 357 3434 360
3 4361 4456 1829
3 646 2014 629
3 2199 4871 4330
3 2372 4551 3822
3 1104 5080 3439
3 3409 5186 3251
3 3734 3736 3735
3 2233 3161 3075
3 432 4148 436
3 1831 2065 1833
3 1688 4359 2444
3 4588 4661 3990
3 1694 2754 2140
3 3297 5278 1038
3 1063 3402 1176
3 3947 4838 4443
3 854 1791 839
3 3620 4834 3621
3 3171 5067 2189
3 1094 3418 878
3 3889 4440 2736
3 1309 1311 1310
3 3563 3611 3567
3 977 3235 935
3 591 3487 335
3 581 584 582
3 3920 5081 3917
3 579 581 580
3 577 579 578
3 2926 5004 3309
3 134 3287 2126
3 1589 4610 4584
3 2422 3809 3280
3 1637 3496 1785
3 1546 3577 3576
3 465 4318 463
3 575 577 576
3 1330 2494 1
3 2811 4255 3372
3 3605 3725 3604
3 4330 4871 3156
3 3800 4688 3047
3 110 2215 109
3 159 3025 24
3 2709 4493 3376
3 1330 2495 2494
3 604 4095 606
3 2367 3553 560
3 3512 5147 4768
3 734 4892 289
3 4338 4470 3279
3 2208 4422 2056
3 3997 4551 2372
3 4 4938 3121
3 2352 4828 4092
3 57 2135 224
3 3666 4683 2970
3 1795 4402 2415
3 896 1000 819
3 2093 3788 2090
3 1003 3460 1111
3 3501 5175 1696
3 1461 3725 3605
3 494 3834 491
3 2275 4538 4399
3 271 330 79
3 3890 4440 3889
3 2198 5171 4137
3 691 4338 3279
3 3362 4814 2608
3 74 1393 260
3 2137 2197 2139
3 3394 4138 599
3 2495 3464 2797
3 1037 1039 1038
3 1216 4091 1138
3 1969 1970 1908
3 2509 3501 1695
3 3461 5239 1012
3 3339 4347 501
3 854 3224 1791
3 3554 3555 2435
3 2544 2545 2032
3 2743 4005 3705
3 1905 1906 1904
3 4209 5092 3293
3 3740 4651 2825
3 3043 5297 3142
3 3373 4946 800
3 1907 1908 1906
3 3611 3612 3567
3 3832 4337 1985
3 2031 2032 1970
3 2524 4311 3607
3 4717 4926 2796
3 1614 3362 979
3 2643 4249 3910
3 1450 3351 3350
3 82 1709 276
3 4204 4426 3212
3 1783 3804 3803
3 1634 3496 1637
3 3272 4690 2158
3 3531 4547 3532
3 2189 4940 3171
3 2473 3502 2991
3 1001 1006 1000
3 3462 5127 792
3 698 4740 4671
3 2482 3780 2480
3 701 3614 3613
3 214 3843 52
3 2149 4666 3721
3 594 3337 589
3 113 3408 112
3 1448 2549 1355
3 536 573 555
3 4628 5090 3174
3 2927 3500 3382
3 3855 4746 1569
3 217 3949 1786
3 3619 4286 2015
3 554 3768 533
3 3273 5198 3128
3 4108 5326 2144
3 3443 4297 4256
3 2772 4753 3097
3 2234 3649 3149
3 169 4120 526
3 4577 5100 2355
3 3050 3056 3052
3 169 526 29
3 809 4194 807
3 2504 3546 2128
3 2468 3781 3534
3 4452 5230 5108
3 183 3744 35
3 3816 4615 1338
3 2057 3987 3700
3 417 3462 419
3 894 1614 979
3 4885 4903 4378
3 1279 3535 341
3 1978 3638 3212
3 3432 4927 3319
3 2114 3904 746
3 349 3541 790
3 2955 4364 4162
3 4595 5237 3965
3 3190 5218 1500
3 573 575 574
3 2533 4877 3442
3 271 3480 330
3 2057 3700 3698
3 3149 4787 2832
3 1527 3417 1529
3 3833 3857 1487
3 1571 3201 1275
3 1402 5220 3518
3 3259 4570 1819
3 4654 4658 2777
3 4022 4366 3099
3 2717 3492 3491
3 1719 4075 3623
3 3579 5324 436
3 3024 4918 2912
3 3591 4273 1627
3 117 3358 1673
3 1014 3979 1100
3 965 4113 963
3 1395 3587 1397
3 2884 4805 2881
3 450 4065 444
3 2404 4118 3496
3 179 3467 893
3 335 3487 333
3 3971 4278 3374
3 3964 4043 3962
3 3416 4964 4801
3 2546 5184 3271
3 3155 4330 3156
3 341 3535 339
3 1862 4423 3316
3 3494 3495 1594
3 2340 3437 2834
3 1935 3397 1934
3 2369 4991 3329
3 1111 3460 1300
3 3465 5071 2011
3 3704 4270 1700
3 1456 3689 1361
3 2048 4907 3356
3 3177 5274 4663
3 936 978 977
3 1800 3919 2272
3 3181 4806 3184
3 64 3298 237
3 3225 3265 3227
3 4332 5321 3140
3 1874 3610 1873
3 1138 4091 2592
3 2829 3788 2093
3 2420 3459 3292
3 2495 2796 2494
3 2593 4678 3662
3 205 3478 939
3 1521 3526 3525
3 348 3541 349
3 3676 3951 2760
3 3659 4004 1994
3 1049 3495 974
3 3654 3656 3655
3 3455 3456 3439
3 3198 3199 2432
3 3114 5135 3115
3 4256 4297 3883
3 415 1442 417
3 4298 5285 3612
3 1945 4340 3996
3 3879 4883 2154
3 1487 3834 3686
3 2841 2843 2842
3 489 3834 1487
3 4210 4365 1215
3 1680 1904 1555
3 3050 3051 3049
3 3208 3667 2436
3 2667 3429 2679
3 3056 3057 3052
3 3080 5291 2636
3 3204 4893 3396
3 3953 4779 2475
3 2291 3461 2810
3 1858 3459 2345
3 2315 3089 3088
3 3117 3296 3295
3 1770 3743 3742
3 439 3252 1386
3 4617 4928 3120
3 2076 3537 2492
3 2480 3780 2483
3 3578 3579 2406
3 1205 3687 1335
3 388 3589 385
3 3751 4675 1180
3 3427 3428 2889
3 3057 4976 4073
3 3134 5057 4920
3 1897 3486 2812
3 1300 3460 2273
3 3862 4334 799
3 2104 3488 2794
3 1784 3630 3629
3 1388 1448 1355
3 1550 4949 3888
3 2649 3429 2667
3 1450 3350 149
3 1147 3444 1218
3 3548 3550 1704
3 65 2390 239
3 4663 5274 2207
3 2249 4435 2914
3 3604 3725 1296
3 573 574 555
3 1895 3654 2295
3 3610 3611 1873
3 2178 3486 1897
3 4107 4109 4108
3 2038 4043 3964
3 1031 3509 1076
3 1575 3587 1395
3 978 1033 1031
3 1831 1833 1699
3 2359 3678 2105
3 894 895 823
3 1159 3658 3657
3 3492 4277 445
3 2569 3117 2359
3 1098 4113 3711
3 979 1548 895
3 1207 3378 1105
3 3353 3355 3354
3 1267 3624 1377
3 2175 4700 1731
3 1902 1903 1697
3 3224 3225 1791
3 3229 4451 3228
3 4894 5262 3225
3 2777 5174 4654
3 586 587 585
3 3256 3481 3257
3 3011 5127 3462
3 1309 1310 1308
3 2014 4770 3344
3 3359 4749 2844
3 3026 5152 2722
3 3996 4340 2914
3 1035 4042 1033
3 876 1842 844
3 3192 4289 3191
3 2651 3429 2649
3 582 583 580
3 3888 4490 3887
3 1136 1991 80
3 52 3843 213
3 589 3337 587
3 582 3433 583
3 4568 4610 3770
3 3596 4060 2413
3 21 560 151
3 411 3504 415
3 7 2738 118
3 2128 3546 1993
3 3258 3523 3522
3 463 4318 3864
3 3295 3678 2359
3 2991 2993 2992
3 3217 5065 2781
3 2860 4743 2861
3 1018 3552 1019
3 633 4448 3846
3 526 4120 2394
3 998 3768 3681
3 3050 3052 3051
3 5081 5317 3917
3 1383 4253 2003
3 1623 3591 1624
3 201 3343 200
3 920 3672 1449
3 4197 4376 3369
3 273 1136 80
3 4311 4524 3607
3 3128 4596 3273
3 3671 3853 1296
3 2574 4648 4227
3 1594 3495 1049
3 2405 3578 2406
3 1076 1077 1032
3 53 4890 214
3 2178 3369 3368
3 526 527 29
3 215 3548 1704
3 2469 3694 3598
3 3079 3366 2993
3 1296 3853 3604
3 3750 4284 2637
3 3635 3768 554
3 4032 4033 3757
3 3097 3098 2331
3 106 1917 2
3 1870 5276 2844
3 2496 3464 2495
3 3612 4715 4298
3 115 4488 3266
3 192 3430 191
3 3262 4816 2191
3 3526 4540 3525
3 2473 2991 2990
3 1989 4293 3600
3 1477 4197 3369
3 4016 4600 1375
3 1041 1042 1006
3 3291 5209 4438
3 3277 5268 2902
3 4875 4904 1588
3 588 589 587
3 1893 3654 1895
3 3335 4512 3353
3 1404 2216 1207
3 773 4095 604
3 117 1673 116
3 1566 3689 1784
3 3417 4095 3493
3 2991 2992 2990
3 3910 4249 3233
3 3513 3514 1700
3 3515 3516 3514
3 1895 1934 1894
3 1967 3494 1594
3 3539 4489 2363
3 2798 4390 1646
3 3412 3556 1136
3 2742 3479 2544
3 1654 4371 4299
3 3598 3694 1979
3 444 4065 1536
3 1421 2062 1830
3 2314 2569 2359
3 1893 1895 1894
3 2416 3513 802
3 3534 3781 2370
3 332 333 331
3 876 3418 1842
3 2431 2432 2085
3 2260 3599 2867
3 299 3410 1080
3 430 4148 432
3 2492 5083 4383
3 3609 4047 3608
3 21 763 560
3 3594 4733 1955
3 1261 3624 1267
3 3115 4139 3357
3 2993 2994 2992
3 634 4437 3294
3 2076 2492 1918
3 2569 4418 3117
3 2495 2797 2796
3 4106 4107 2144
3 2470 3437 2340
3 3334 4005 2744
3 1105 3378 3263
3 323 3663 1547
3 487 3857 485
3 2248 2845 2434
3 2123 2340 1983
3 587 1435 585
3 3621 4219 2711
3 4130 4254 831
3 338 339 337
3 1615 2102 1672
3 4223 4437 634
3 1397 5123 3283
3 4805 5007 2881
3 384 388 385
3 33 3048 180
3 3238 3241 3239
3 1784 3629 3628
3 71 3392 252
3 1039 1055 1040
3 3381 3382 1358
3 382 384 383
3 573 2305 575
3 4223 4638 4437
3 1341 1893 1533
3 1176 3402 1341
3 1015 3979 1014
3 379 382 380
3 1407 1409 1408
3 3599 3600 2867
3 3873 3879 3876
3 1893 1894 1533
3 4166 4271 2880
3 377 379 378
3 57 3329 2135
3 11 3357 127
3 2760 4175 3045
3 375 377 376
3 2478 3842 3698
3 103 1330 1
3 521 779 755
3 3657 4493 2709
3 3207 3208 2436
3 3345 5295 4209
3 372 375 373
3 533 3768 998
3 1331 3674 1930
3 1056 3485 1079
3 1732 1983 1703
3 1873 3611 3563
3 370 372 371
3 1300 2273 1901
3 234 4082 3274
3 334 335 333
3 151 3553 150
3 3413 3414 591
3 1933 3713 663
3 368 370 369
3 2371 2963 2147
3 1092 3687 1205
3 346 347 345
3 3726 4113 965
3 3199 4361 3536
3 4596 4933 325
3 340 341 339
3 1122 4332 3138
3 222 4753 3145
3 366 368 367
3 4334 4506 799
3 561 1480 568
3 3888 5161 1550
3 342 343 341
3 3787 4006 3883
3 566 4198 1597
3 2582 4182 4058
3 364 366 365
3 4393 4410 2061
3 344 345 343
3 2884 4978 4177
3 3654 3655 2295
3 1453 4297 3443
3 245 3663 323
3 19 3497 1657
3 336 337 335
3 1870 1971 1548
3 362 364 363
3 3624 4369 2907
3 2789 4718 4686
3 2390 4776 4152
3 3376 4493 2059
3 2942 3560 3559
3 2413 4060 1617
3 2718 4559 2585
3 1118 3513 1700
3 3079 3367 3366
3 360 362 361
3 1335 3687 3616
3 348 349 347
3 3310 3311 3246
3 1661 4714 4304
3 2420 3062 3061
3 1786 3549 3548
3 3568 4835 2828
3 2444 3502 2473
3 2502 3628 3110
3 2513 2514 1823
3 3460 4022 2273
3 1535 5347 3502
3 2679 3429 3317
3 916 4051 924
3 4190 4653 4151
3 3450 3451 3449
3 2375 2926 2380
3 701 3613 105
3 2741 2939 2490
3 1544 1545 1420
3 2680 3442 2968
3 2352 4092 4091
3 584 586 585
3 2409 3882 3787
3 2624 3245 2623
3 3470 3471 3469
3 3361 4668 1285
3 2221 2222 2220
3 616 3758 614
3 2681 3085 2680
3 322 3468 160
3 337 3413 591
3 840 3890 942
3 3382 4251 1358
3 2687 3702 2283
3 2490 3267 230
3 2670 2680 2672
3 2336 3393 2931
3 2889 4589 2888
3 3698 3842 2057
3 2996 3396 2297
3 1136 3200 1991
3 3013 4710 3650
3 2470 3438 3437
3 2123 2470 2340
3 3344 5151 3276
3 1526 3636 2412
3 1523 4217 3584
3 1930 2221 2220
3 3235 4894 3224
3 963 4113 1098
3 2721 3712 2554
3 2291 2810 2292
3 3292 3293 3062
3 355 3434 357
3 3166 3889 2343
3 2431 3594 3198
3 2244 2291 1919
3 2664 2670 2669
3 2662 2664 2661
3 3451 3453 3452
3 1100 3979 3664
3 2659 2661 2660
3 2833 4365 4210
3 782 3758 616
3 3289 3291 3290
3 1318 1615 1404
3 1732 2123 1983
3 3310 3312 3311
3 108 1189 107
3 663 3713 712
3 3393 4657 2931
3 1271 4521 3288
3 3876 3879 3878
3 3324 3325 3323
3 1823 3587 1575
3 3544 3611 3610
3 2663 3429 2651
3 2091 2092 2090
3 871 3593 1074
3 1931 3634 304
3 1785 1919 1780
3 4235 4786 2339
3 2622 2623 2621
3 79 2108 270
3 2658 2659 2657
3 157 320 156
3 2206 4885 4378
3 3674 3675 2606
3 2340 2834 2341
3 1499 3799 742
3 3757 4033 3758
3 1415 3679 141
3 1103 3552 1018
3 333 3487 1440
3 1070 4536 4513
3 2718 4682 3505
3 2565 3537 2076
3 1307 3086 1502
3 1820 3649 2234
3 3784 3785 1206
3 3325 3328 3326
3 3967 3968 3966
3 2221 2284 2222
3 2001 2075 53
3 2183 3500 1962
3 3295 4983 2216
3 385 3589 387
3 1680 1905 1904
3 1545 1732 1703
3 2445 4305 2846
3 3219 4423 2918
3 1609 2371 2147
3 1408 2698 91
3 323 453 67
3 2314 2359 2105
3 326 3343 2891
3 1394 1659 1658
3 3322 3323 3321
3 1523 3584 1793
3 2326 2361 2324
3 3739 4450 3742
3 2656 2657 2655
3 3718 3719 1151
3 3142 5319 3043
3 1633 3496 1634
3 3055 4574 4269
3 357 360 359
3 3023 3461 2291
3 299 1080 298
3 2444 2473 2472
3 3517 3518 3516
3 54 1599 218
3 2891 3009 2423
3 2282 2429 2283
3 330 332 331
3 2431 3198 2432
3 19 1657 1208
3 3442 5311 2533
3 4836 5267 702
3 1386 3268 451
3 1565 3444 1147
3 4927 5039 3319
3 301 3067 300
3 1527 4095 3417
3 3002 3003 2675
3 595 599 597
3 1204 3671 1296
3 2654 2655 2653
3 3320 3321 3318
3 654 3718 1151
3 731 3571 3477
3 568 3394 595
3 1578 1579 1313
3 2457 2774 2594
3 1609 2147 1799
3 1581 2086 1582
3 844 3308 836
3 3338 4760 3488
3 3298 4144 237
3 1218 1544 1420
3 3714 4131 639
3 2545 3168 2883
3 700 2384 667
3 2906 4870 3782
3 716 3626 714
3 779 836 755
3 564 3635 554
3 2282 2283 2094
3 3494 4141 3495
3 1881 3599 2260
3 134 2126 133
3 3711 4457 1098
3 3885 4658 2141
3 1790 2352 1293
3 1046 4426 4204
3 1854 5067 5032
3 667 4198 641
3 1184 3551 1103
3 1637 1780 1779
3 1930 2220 2219
3 1657 3497 3087
3 3486 5191 2812
3 1545 1703 1556
3 3482 3693 2407
3 556 5120 4798
3 3511 3512 2504
3 1865 2076 1918
3 4555 5083 3537
3 3317 3318 3077
3 848 4267 3658
3 1218 1420 1418
3 2415 3540 3359
3 337 591 335
3 1704 2002 2001
3 3622 3623 2403
3 4560 4613 2944
3 1704 2001 53
3 4162 4364 2136
3 2215 4626 4604
3 940 3830 3829
3 2411 2621 2410
3 870 4500 1175
3 2652 2653 2651
3 700 3625 2384
3 2226 3946 3724
3 3873 3876 3875
3 3779 3989 3777
3 1433 4153 4112
3 3447 3449 3445
3 2205 3581 2520
3 1065 3726 965
3 1147 1218 1217
3 2624 3246 3245
3 943 3661 812
3 2991 3079 2993
3 3389 4917 1279
3 2156 4256 3883
3 2113 3766 2332
3 3586 4454 3104
3 2429 2430 2283
3 2684 4288 2682
3 362 363 361
3 3413 3415 3414
3 2034 2907 2906
3 1905 1907 1906
3 333 1440 331
3 3806 4472 544
3 1475 3636 1526
3 2151 2732 2731
3 3696 4065 450
3 3677 3898 2060
3 2092 2094 2093
3 1907 1969 1908
3 2129 2410 2128
3 364 365 363
3 3542 3545 3543
3 1503 4886 3508
3 2479 4089 3791
3 272 3480 271
3 3724 3946 3723
3 1979 3694 928
3 1763 3901 1761
3 118 3358 117
3 2102 3488 2104
3 3249 5002 1286
3 2154 4823 3879
3 360 361 359
3 54 1744 1599
3 2000 3628 2502
3 3779 5139 2483
3 2647 2649 2648
3 366 367 365
3 1631 1633 1632
3 2650 2651 2649
3 2565 3538 3537
3 2 701 105
3 96 1272 311
3 3454 4342 3452
3 3313 5012 520
3 858 859 857
3 3267 4792 229
3 738 3693 818
3 115 3266 114
3 3836 4264 3835
3 2622 2624 2623
3 3628 3629 3110
3 3525 3527 3524
3 2420 3061 2419
3 1688 2444 2153
3 2071 2128 1993
3 1565 3445 3444
3 2264 3908 2130
3 1832 3421 1831
3 368 369 367
3 2405 2406 2404
3 2674 2675 2665
3 1581 1582 1485
3 826 1443 948
3 3447 3450 3449
3 2647 3608 2650
3 3480 4079 330
3 2345 2420 2419
3 2283 3702 2094
3 2473 2990 2879
3 370 371 369
3 1145 1147 1146
3 2704 2889 2888
3 1331 1930 1929
3 3318 3432 3319
3 2429 3128 2430
3 786 4410 4255
3 1921 3539 2363
3 2679 3077 3076
3 372 373 371
3 1682 3539 1921
3 1865 1918 1861
3 353 1869 355
3 3620 3621 2711
3 1529 3417 1609
3 2646 2647 2645
3 344 346 345
3 1206 3626 716
3 346 348 347
3 3788 4429 2780
3 1668 4129 3599
3 934 944 809
3 1866 3797 1424
3 2767 4512 3335
3 1505 1831 1699
3 3589 3754 3590
3 245 323 67
3 1938 1993 1937
3 2092 2282 2094
3 1849 2404 1633
3 375 376 373
3 4753 5018 3097
3 3659 4664 2515
3 1145 1565 1147
3 1582 4006 1485
3 455 1315 453
3 4438 4786 3291
3 853 857 856
3 1895 1935 1934
3 2375 2380 2374
3 3707 3708 1954
3 1964 2457 2456
3 3685 4542 3306
3 1335 3616 1347
3 2410 3511 2504
3 763 1516 560
3 2087 2315 2157
3 377 378 376
3 3255 4583 2558
3 2417 3650 2418
3 2087 3386 2315
3 1487 3857 487
3 3085 3442 2680
3 1333 3671 1204
3 1879 1937 1878
3 970 4004 1072
3 727 3625 700
3 939 5198 3273
3 379 380 378
3 3515 3517 3516
3 3309 5004 1363
3 940 3829 932
3 3435 3458 3434
3 1142 1145 1143
3 1878 3610 1874
3 2202 3680 1951
3 349 351 350
3 40 660 192
3 382 383 380
3 1024 1616 322
3 2284 2285 2222
3 2407 3693 1464
3 2162 3826 1958
3 2670 2681 2680
3 2504 3592 3546
3 2106 2633 2632
3 855 3887 936
3 2561 2795 2699
3 273 3412 1136
3 1969 2031 1970
3 859 861 860
3 3542 3543 2276
3 384 385 383
3 2363 3373 2616
3 578 1392 576
3 3048 3467 180
3 2644 2645 2643
3 520 5072 3313
3 1521 4323 3526
3 2642 2643 2641
3 3787 3882 3552
3 3155 4974 4330
3 2159 3622 2403
3 1394 2022 1659
3 923 925 922
3 836 3308 838
3 3805 4472 3806
3 2090 3788 1891
3 3322 3324 3323
3 926 1873 925
3 3600 3601 2867
3 1634 1637 1636
3 127 3357 1356
3 804 2114 746
3 2390 5221 4776
3 3965 3966 3964
3 2291 2292 1919
3 3392 4931 2950
3 339 3535 3413
3 1118 1142 1119
3 339 3413 337
3 1171 3839 1170
3 2680 2968 2672
3 2935 2936 2293
3 2664 2669 2661
3 2494 4619 1
3 338 340 339
3 342 344 343
3 536 555 537
3 3549 3550 3548
3 336 338 337
3 2298 2996 2297
3 2659 2662 2661
3 1452 3676 1148
3 275 2740 274
3 1962 2375 2374
3 1118 1700 1142
3 1934 2248 1936
3 2659 2660 2657
3 329 3499 3498
3 340 342 341
3 1958 3826 2364
3 3683 4988 788
3 2774 4410 4393
3 1869 3434 355
3 2003 3459 1463
3 200 3343 326
3 3212 3213 3211
3 1869 3435 3434
3 3550 4465 2326
3 2670 2672 2669
3 1132 1318 1207
3 264 3380 321
3 3320 3322 3321
3 1377 3624 2034
3 1454 3558 1798
3 3203 3632 2518
3 342 3929 1460
3 2674 3668 3002
3 1105 3263 1061
3 2411 2622 2621
3 194 3602 193
3 2681 3108 3085
3 2800 3144 3143
3 1383 2003 1463
3 2315 3088 2316
3 323 454 453
3 1079 1105 1061
3 2002 2134 2001
3 2784 5236 3752
3 351 353 352
3 3598 4174 2469
3 3563 3567 3564
3 2092 2093 2090
3 2404 3496 1633
3 3919 3920 3917
3 856 3638 1978
3 326 2891 2423
3 190 1444 189
3 2662 2665 2664
3 332 334 333
3 1939 3707 1954
3 3577 3578 2749
3 2640 2641 1451
3 3128 3129 2430
3 2656 2658 2657
3 3317 3320 3318
3 3951 4175 2760
3 3573 3574 2325
3 2439 3659 2515
3 776 3571 731
3 1637 1785 1780
3 1785 2244 1919
3 3232 5245 2808
3 1133 5326 5269
3 5108 5230 3098
3 2273 2274 1901
3 2297 3397 1935
3 3413 3535 3415
3 1463 3459 1858
3 2654 2656 2655
3 3325 3326 3323
3 1898 2704 2703
3 728 729 727
3 2667 2679 2678
3 1341 3402 1893
3 1937 3542 2276
3 415 417 416
3 1100 3664 1233
3 2080 3660 3137
3 1691 1694 1693
3 1786 3548 216
3 417 419 418
3 1876 1878 1874
3 2810 2811 2292
3 2496 3465 3464
3 2031 2544 2032
3 1451 3541 348
3 3542 3546 3545
3 332 4079 991
3 2716 4194 3797
3 2934 3684 3301
3 1883 1884 1821
3 3571 3572 3477
3 2089 2091 2090
3 921 922 920
3 704 3875 973
3 4109 4474 1549
3 729 1324 727
3 3965 3967 3966
3 2749 3578 2405
3 1465 1581 1485
3 832 3823 834
3 349 790 351
3 2570 2733 2569
3 177 3314 1417
3 230 3267 229
3 919 920 918
3 3717 3718 677
3 419 421 420
3 921 3827 927
3 1994 4004 970
3 878 3418 876
3 3125 3374 3126
3 1200 3726 1065
3 2945 4600 4016
3 2284 2286 2285
3 2641 3910 3541
3 2679 3317 3077
3 268 1093 77
3 3672 4421 1449
3 2652 2654 2653
3 2244 3023 2291
3 2653 2663 2651
3 730 731 729
3 388 3754 3589
3 4396 4422 3336
3 1828 1861 660
3 3791 4089 1769
3 2674 3002 2675
3 421 439 422
3 1891 2780 1885
3 2487 3581 2205
3 79 4187 2108
3 2665 4003 2664
3 1676 3715 2175
3 3932 5247 3907
3 2561 2699 2019
3 3690 3691 1499
3 2313 2314 2105
3 1780 1964 1779
3 2115 4271 4166
3 931 3513 1118
3 3451 3452 3449
3 1628 1631 1630
3 1286 4769 3391
3 2129 2411 2410
3 4175 4532 3045
3 1793 3584 2106
3 976 3716 1066
3 3629 4110 3631
3 831 853 852
3 2071 2129 2128
3 2554 2556 2553
3 439 451 440
3 3552 3882 1019
3 3321 3432 3318
3 2937 3398 2935
3 1744 1962 1599
3 1633 1634 1632
3 3440 3441 2148
3 3245 3247 2623
3 3962 4043 1877
3 451 536 452
3 1833 2265 1892
3 1798 3558 2069
3 3576 3577 2749
3 1324 3625 727
3 1321 1505 1452
3 2457 2594 2456
3 1060 3297 1040
3 334 336 335
3 2659 3993 2662
3 2324 3573 2325
3 3402 3654 1893
3 2663 4274 3320
3 1505 1699 1452
3 2147 3440 2148
3 2641 3541 1451
3 923 926 925
3 3736 3737 3735
3 1330 2496 2495
3 2670 4003 2681
3 1761 3901 1822
3 454 455 453
3 3227 3238 3229
3 2621 3511 2410
3 1883 1885 1884
3 4091 4092 2592
3 1637 1779 1636
3 1938 2071 1993
3 726 727 700
3 1993 3546 3542
3 2159 2403 2160
3 2156 4006 1582
3 1621 1623 1622
3 2802 4145 2465
3 2514 3587 1823
3 2647 2648 2645
3 2650 2652 2651
3 415 3504 1442
3 771 776 731
3 2647 2650 2649
3 1685 1686 1333
3 897 3960 404
3 2417 2418 2407
3 917 918 916
3 2585 4518 2583
3 3339 3340 2795
3 1726 1821 1820
3 2340 2341 1983
3 1863 2554 2553
3 1341 1533 1532
3 1879 1938 1937
3 4267 4493 3658
3 1038 4042 1035
3 4599 5261 3018
3 3687 4466 3617
3 3824 4906 2809
3 934 945 944
3 1623 1624 1622
3 2324 2325 2134
3 1680 3667 1905
3 1867 2322 1866
3 1453 3558 1454
3 2002 2326 2324
3 2662 3993 2666
3 1151 3714 651
3 1624 1627 1626
3 2547 2935 2293
3 610 3635 564
3 3245 5011 3247
3 141 3679 140
3 3141 3908 2264
3 793 3976 843
3 681 3794 684
3 931 1118 1015
3 2292 4020 1919
3 3626 4252 714
3 2649 2667 2648
3 606 4095 1527
3 710 711 695
3 2646 3608 2647
3 19 1208 144
3 1921 2363 2362
3 1780 4020 1964
3 3070 3609 3608
3 3720 4007 2548
3 142 1415 141
3 3318 3319 3077
3 2374 3949 1599
3 1030 3562 1026
3 1876 1879 1878
3 694 695 688
3 3534 4087 2468
3 3877 4010 973
3 2410 2504 2128
3 3504 3505 1442
3 3761 3902 3901
3 754 3874 750
3 1657 3087 2289
3 2449 3751 2577
3 731 3477 729
3 718 3784 1206
3 300 3410 299
3 2963 3440 2147
3 2423 3677 2900
3 5107 5131 3925
3 926 1874 1873
3 953 3818 3817
3 3537 4825 4555
3 3664 3665 2237
3 725 3875 704
3 2555 2722 2721
3 1951 3680 1948
3 3708 3709 1954
3 921 923 922
3 953 3819 3818
3 343 1279 341
3 2812 5191 4050
3 873 3823 832
3 810 4245 934
3 3417 3493 2371
3 1881 2260 2130
3 2554 3712 2556
3 3915 3929 567
3 2761 4254 4130
3 919 921 920
3 1466 3697 3696
3 2681 4003 3363
3 2644 2646 2645
3 2420 3292 3062
3 4414 4594 772
3 3975 3977 3976
3 2354 2798 1646
3 712 3713 774
3 4112 4153 3039
3 835 846 776
3 3563 3564 992
3 1631 1632 1630
3 454 3753 456
3 1093 2078 77
3 2489 3619 3066
3 802 3513 931
3 2260 2866 2264
3 2640 2642 2641
3 818 3717 709
3 349 350 347
3 2002 2324 2134
3 2255 2948 2947
3 4272 4544 789
3 1631 1849 1633
3 2633 3103 2632
3 859 860 857
3 215 1704 53
3 1414 4539 1192
3 1855 3401 3175
3 4130 4296 2761
3 1644 2144 1400
3 1993 3542 1937
3 3013 3650 2417
3 853 858 857
3 321 4445 3388
3 265 2837 75
3 2679 3076 2678
3 387 3589 1965
3 331 4187 79
3 3787 3883 2409
3 244 2567 243
3 3760 3901 1763
3 2018 2019 1623
3 3281 4669 280
3 2532 4081 4038
3 217 1786 216
3 1890 1891 1885
3 3708 3710 3709
3 2159 2160 327
3 2094 2111 2093
3 2633 3104 3103
3 2560 2561 2019
3 2205 2520 1584
3 3125 3126 2731
3 1668 3599 1881
3 3815 3816 1338
3 1827 1828 660
3 2286 2636 2285
3 2716 3797 1866
3 3100 5316 2742
3 3876 3877 973
3 922 3672 920
3 3372 4020 2292
3 2642 2644 2643
3 1293 4091 1216
3 2039 2417 2407
3 2104 2105 1672
3 2515 2516 2441
3 2086 2087 1582
3 3549 4465 3550
3 1128 3701 1059
3 3374 4278 2084
3 662 3722 674
3 2234 3149 2832
3 1513 4039 1848
3 917 919 918
3 1329 3715 1676
3 2039 2407 1464
3 522 3696 450
3 2089 2090 1891
3 3292 3345 3293
3 1724 1726 1725
3 150 3553 1450
3 677 3718 654
3 330 4079 332
3 1817 1855 1818
3 1162 1294 1158
3 2361 3573 2324
3 1181 2475 1219
3 2866 3361 2905
3 1849 2405 2404
3 228 3231 227
3 2988 3727 254
3 305 1931 304
3 3468 3469 3025
3 1426 1866 1424
3 485 3857 3684
3 362 1129 364
3 774 2416 802
3 1937 2276 1878
3 2781 5094 3217
3 3976 3977 843
3 1529 1609 1608
3 389 390 388
3 2397 3853 3671
3 1475 1526 1525
3 1858 2345 2344
3 105 3613 104
3 1472 1473 570
3 699 700 667
3 3070 3608 2646
3 2230 2634 68
3 3081 3707 2145
3 1545 1556 1420
3 1790 2813 2352
3 1726 1820 1725
3 2800 3143 2799
3 3632 3633 2853
3 1083 4286 2489
3 919 3827 921
3 1474 1475 1473
3 2794 3162 2871
3 3875 3876 973
3 1784 3689 3630
3 456 457 455
3 454 456 455
3 925 3563 992
3 2834 2998 2341
3 2286 2638 2636
3 2085 3585 1577
3 2334 3488 2102
3 3914 3915 567
3 3430 4845 191
3 458 459 457
3 1136 3556 3200
3 2619 3756 2117
3 3058 3059 2638
3 3723 3946 1747
3 1150 3814 1043
3 2439 2515 2441
3 4165 5312 4370
3 1627 1628 1626
3 945 1018 946
3 660 3430 192
3 2502 3109 3046
3 1526 2080 2079
3 1466 3696 543
3 2516 3203 2518
3 2345 2419 2368
3 3551 3552 1103
3 1985 4676 3832
3 2034 2906 2212
3 1482 4007 3720
3 2254 3598 1979
3 1465 1485 1184
3 3661 3662 1932
3 2255 4012 2948
3 692 3690 1499
3 4038 4081 3849
3 456 458 457
3 3963 3964 3962
3 1233 3664 1447
3 1148 3676 1097
3 3073 5097 3948
3 2426 3627 3605
3 721 3845 789
3 3371 3534 2370
3 4658 4804 2776
3 1855 3175 1818
3 2868 3016 2604
3 247 2230 68
3 2437 3659 2439
3 920 1449 918
3 812 3661 814
3 687 694 688
3 2080 3137 2393
3 2549 4924 3256
3 2282 3606 2984
3 3301 3857 3833
3 1232 5237 4595
3 687 688 685
3 259 3810 1108
3 2518 3632 2853
3 2040 5285 4298
3 3353 3356 3355
3 44 3384 199
3 2469 4174 3959
3 2150 3820 2720
3 763 1584 1516
3 3629 3631 3110
3 2463 3622 2159
3 2638 3673 3080
3 2437 4004 3659
3 3 4980 3243
3 1225 4263 1860
3 3794 3795 684
3 3872 3873 3871
3 3993 4288 2666
3 651 3714 639
3 694 710 695
3 480 3759 483
3 3405 4550 1484
3 1845 2509 1695
3 710 733 711
3 4015 4016 1375
3 2250 2565 2076
3 353 355 354
3 2293 3494 1967
3 687 3795 775
3 2148 3441 2306
3 929 994 16
3 2496 4236 3466
3 3710 3711 3709
3 1203 1270 1106
3 3533 4661 4588
3 128 3745 1188
3 2282 2984 2429
3 2122 3688 2202
3 3876 3878 3877
3 2091 3606 2092
3 858 928 859
3 3616 3617 2208
3 1456 3746 3689
3 1430 3994 1427
3 2437 2439 2438
3 2222 2524 2220
3 2423 2900 2262
3 2497 4294 1806
3 1447 3664 2237
3 694 3777 710
3 2555 2721 2554
3 615 4100 622
3 3329 4991 2939
3 2412 3660 2080
3 870 1175 1174
3 97 2870 2391
3 1930 2219 1929
3 2619 3757 3756
3 274 3412 273
3 2166 2293 1967
3 161 3796 25
3 1426 1867 1866
3 3415 3416 3414
3 179 893 178
3 3705 4105 2743
3 1459 2208 2056
3 1066 3716 1167
3 684 3795 687
3 2260 2867 2866
3 742 3799 828
3 3383 3949 2374
3 853 856 852
3 340 3929 342
3 1631 4018 1849
3 709 3717 677
3 2392 4508 3663
3 3248 3310 3246
3 2315 3386 3089
3 3584 3586 2633
3 2106 3584 2633
3 1230 4257 1359
3 2104 2794 2313
3 127 1356 126
3 577 691 579
3 729 3477 1324
3 1343 1617 1344
3 1618 1621 1620
3 1584 3705 1516
3 2723 3803 2892
3 3277 3316 3221
3 1210 1343 1211
3 2017 3835 1953
3 2638 3080 2636
3 1450 3352 3351
3 3220 3222 3221
3 943 5192 3531
3 1055 3485 1056
3 1218 1418 1217
3 1452 3951 3676
3 3130 3132 2413
3 2556 3004 2553
3 1447 2237 1825
3 3044 4324 2320
3 2732 3125 2731
3 1828 1865 1861
3 303 3634 2839
3 3924 3925 754
3 911 4201 913
3 1724 1725 1722
3 3041 3042 2247
3 4513 4536 3153
3 798 831 830
3 2389 2413 1617
3 3446 3447 3445
3 1703 1898 1556
3 2145 3707 1939
3 1412 3701 1128
3 154 1286 153
3 1749 3723 1747
3 3698 3700 3699
3 2427 3627 2426
3 2102 2104 1672
3 1962 2374 1599
3 1147 1217 1146
3 1603 3866 1029
3 3903 4151 3943
3 1188 3113 2476
3 814 3661 1932
3 1621 1622 1620
3 1030 3508 3507
3 1140 1210 1141
3 1873 3563 925
3 252 2807 251
3 3792 3793 680
3 402 638 398
3 1074 1140 1075
3 4798 5120 3100
3 2392 3663 246
3 2461 3588 3148
3 384 389 388
3 1475 1525 1473
3 1132 1207 1105
3 986 4382 2863
3 2094 3702 2111
3 3299 5066 2006
3 1073 3786 1171
3 1024 3562 1616
3 871 1074 996
3 880 1094 878
3 484 3684 2934
3 2034 3624 2907
3 1118 1119 1015
3 4434 5316 3100
3 3141 4416 3908
3 816 3593 871
3 928 3694 859
3 1145 1146 1143
3 1817 1818 1816
3 1558 3814 1150
3 2439 2441 2440
3 3567 3858 3564
3 355 357 356
3 2260 2264 2130
3 1347 3616 1459
3 1867 2323 2322
3 2369 3329 57
3 2353 4484 3912
3 1849 4018 2442
3 2366 3136 2707
3 2492 2493 1918
3 1142 1143 1119
3 2502 3046 2501
3 945 946 944
3 3059 3673 2638
3 466 3767 469
3 1007 3974 3973
3 2685 4996 2913
3 248 3783 247
3 162 5105 2558
3 3871 3875 725
3 752 3924 754
3 925 992 922
3 647 4337 3690
3 2516 2518 2517
3 718 1206 716
3 357 359 358
3 2117 3756 1960
3 2645 4249 2643
3 1029 3866 1053
3 1478 1707 1476
3 182 1981 34
3 2478 3698 2779
3 1787 2159 327
3 4475 4626 3122
3 762 3693 738
3 702 3798 619
3 1948 3680 2763
3 2375 2927 2926
3 150 1450 149
3 1526 2079 1525
3 770 781 780
3 3638 4204 3212
3 2370 3781 1987
3 1840 1841 1686
3 2773 4175 1892
3 543 3696 522
3 3402 3656 3654
3 326 2423 2262
3 2619 3790 3757
3 1295 1795 1564
3 861 862 860
3 1472 1474 1473
3 760 770 769
3 1464 3693 762
3 774 3713 2416
3 2866 2905 2264
3 3877 4011 4010
3 559 1466 543
3 1744 2183 1962
3 387 1965 396
3 846 847 776
3 2021 4056 1716
3 3728 3729 2193
3 1167 3715 1329
3 3736 3738 3737
3 2399 3853 2397
3 1779 4037 1636
3 1079 1132 1105
3 368 447 370
3 1318 1404 1207
3 3756 3758 782
3 1140 1212 1210
3 1615 1672 1404
3 3684 3857 3301
3 2104 2313 2105
3 833 3819 874
3 814 1932 816
3 411 415 413
3 1405 3941 1592
3 3313 5072 4698
3 680 3794 681
3 916 924 914
3 2000 2502 2501
3 2754 2755 2140
3 1231 1521 1416
3 2520 3705 1584
3 2080 2393 2079
3 1685 1840 1686
3 379 1574 382
3 2194 3706 2540
3 675 3792 680
3 2465 4134 1812
3 2704 2888 2703
3 4139 4230 2730
3 1617 1618 1344
3 1798 2069 2068
3 3582 5320 1557
3 40 1827 660
3 1176 1341 1339
3 2290 2487 2205
3 1491 3765 1772
3 377 3647 379
3 781 798 797
3 3340 4973 443
3 1376 4015 1375
3 1198 2437 2066
3 320 5300 3223
3 3113 3114 2476
3 486 3824 1468
3 3197 5085 3195
3 2449 2577 2447
3 1766 3760 1763
3 3974 3975 3973
3 2121 2122 1951
3 2556 3217 3004
3 2019 3591 1623
3 2458 2459 1840
3 1820 2234 2109
3 1949 1951 1948
3 2761 4296 2762
3 375 947 377
3 483 3824 486
3 529 3840 1519
3 2155 4037 1779
3 1947 1948 1946
3 3963 3965 3964
3 594 3338 3337
3 2363 2616 2362
3 3213 3216 3215
3 2347 4947 3881
3 1539 3992 2224
3 900 3849 892
3 296 324 295
3 3815 3999 3816
3 68 2392 246
3 1329 1676 1675
3 3491 4194 2716
3 334 3880 336
3 2518 2853 2519
3 2842 4706 2064
3 1511 4039 1513
3 1707 3636 1476
3 2026 2307 2027
3 2451 3751 2449
3 1342 4820 3398
3 216 3548 215
3 1004 3298 64
3 3009 3677 2423
3 2844 4749 4612
3 954 3817 957
3 1689 1690 1579
3 863 3959 865
3 937 1817 1816
3 1343 1344 1211
3 2415 3359 2608
3 1414 4723 4539
3 2599 3371 2370
3 2234 2832 2522
3 1476 3636 1475
3 458 460 459
3 4059 4094 2500
3 3041 3178 3042
3 912 3837 910
3 4280 4348 3695
3 2355 3688 2122
3 2790 3081 2145
3 2633 3586 3104
3 1708 2039 1464
3 1547 3753 454
3 351 352 350
3 2468 3013 2417
3 2714 3836 3835
3 391 392 390
3 1263 3957 1269
3 1526 2412 2080
3 1044 2576 8
3 861 863 862
3 1948 2763 1946
3 2151 2731 2730
3 1321 1452 1148
3 4380 5038 2875
3 794 943 812
3 3698 3699 2779
3 749 3872 3871
3 1821 3649 1820
3 2122 2202 1951
3 3680 3681 2763
3 47 3475 1390
3 1210 1211 1141
3 1212 3969 1210
3 3728 3732 3729
3 1125 3815 1338
3 1549 5254 4109
3 4147 4653 4190
3 1856 2503 1595
3 180 3467 179
3 1169 2760 1274
3 909 910 908
3 1686 3671 1333
3 3741 5214 495
3 448 1451 348
3 3753 3811 456
3 2430 3645 2687
3 654 1151 651
3 1067 3774 888
3 1795 2415 2242
3 2666 4288 2676
3 917 3769 1589
3 1163 3674 1331
3 1441 3923 1436
3 3758 4033 614
3 2430 2687 2283
3 1213 3894 1350
3 2682 3993 2658
3 398 3639 394
3 2247 3826 2162
3 95 5159 309
3 619 3798 572
3 3690 3832 3691
3 779 844 836
3 60 4251 2741
3 233 3060 61
3 2799 2966 2307
3 2561 3339 2795
3 3477 3749 1324
3 1775 3728 2193
3 1826 3936 1336
3 2097 3835 2017
3 54 2331 1744
3 2265 3189 2773
3 2221 2606 2284
3 3834 4444 3686
3 2188 3761 3760
3 874 3819 953
3 492 497 493
3 1279 4917 3535
3 490 492 491
3 488 490 489
3 907 908 906
3 932 3829 985
3 1326 3941 1405
3 486 488 487
3 3616 3687 3617
3 2830 4100 615
3 1140 1141 1075
3 1621 2018 1623
3 738 818 709
3 1864 3842 2478
3 3956 4676 1985
3 2425 2427 2426
3 994 3014 16
3 483 486 485
3 276 4483 81
3 905 906 904
3 1939 1954 1200
3 2024 2026 2025
3 1703 4179 1898
3 834 3867 795
3 1007 3973 813
3 3902 3903 1822
3 2026 2027 2025
3 684 687 685
3 1167 3716 3715
3 2401 2424 2399
3 1459 3616 2208
3 1343 2389 1617
3 749 3871 736
3 586 588 587
3 2418 3482 2407
3 1428 2409 1431
3 1074 1075 996
3 3793 3794 680
3 1394 1658 1393
3 3759 3824 483
3 2253 3043 1781
3 2627 2973 1412
3 3651 3652 708
3 3801 3802 2617
3 467 1472 570
3 3778 3779 3777
3 2389 3130 2413
3 563 3841 668
3 1474 1476 1475
3 609 3812 460
3 3305 3685 3306
3 1670 3695 1558
3 976 3990 3716
3 2618 2620 2619
3 2973 3701 1412
3 953 3817 954
3 1787 2463 2159
3 3406 3425 3407
3 2636 2637 2285
3 2937 3399 3398
3 3293 4212 3062
3 3024 5314 4918
3 2515 3651 2516
3 526 528 527
3 1377 2034 1660
3 304 3634 303
3 674 3792 675
3 910 3837 981
3 3645 3646 2687
3 2948 4012 3918
3 2444 2472 2153
3 907 909 908
3 479 3759 480
3 2108 4086 270
3 3695 3814 1558
3 2279 2355 2122
3 165 984 27
3 1520 3869 644
3 2502 3110 3109
3 3873 3875 3871
3 2088 4101 2739
3 3301 3302 3300
3 908 3896 906
3 538 3722 662
3 1727 3628 2000
3 1170 3839 1289
3 2183 4452 4384
3 3742 3743 3738
3 4914 4979 3022
3 2617 2618 2117
3 2286 3058 2638
3 137 929 16
3 1891 3788 2780
3 915 917 916
3 989 3825 655
3 2758 4358 2726
3 1194 1464 762
3 1609 1799 1608
3 3305 3306 3304
3 3051 3789 3054
3 1169 3676 2760
3 2147 2148 1799
3 2372 3822 3821
3 3589 3590 1965
3 492 493 491
3 490 491 489
3 488 489 487
3 1624 1626 1625
3 1188 2476 11
3 2723 2892 2172
3 2760 3045 1274
3 486 487 485
3 859 3694 861
3 3087 3559 2289
3 612 1946 610
3 2613 2615 2213
3 2233 3346 3161
3 905 907 906
3 3302 3305 3304
3 2110 2370 1987
3 309 3554 308
3 1409 1410 1408
3 73 3810 259
3 390 3754 388
3 1676 2175 1731
3 1153 1154 1077
3 464 3767 466
3 1884 3649 1821
3 1835 3760 1766
3 884 1470 882
3 1634 1636 1635
3 1644 4106 2144
3 483 485 482
3 480 483 482
3 1469 3722 538
3 2668 2682 2658
3 3543 4715 3544
3 2479 3791 2482
3 2547 2937 2935
3 2318 3160 3159
3 1676 1731 1730
3 1773 1776 1775
3 2752 4902 4388
3 684 685 683
3 1890 2089 1891
3 2426 3605 3604
3 1932 3593 816
3 3405 3406 2620
3 890 1067 888
3 2587 5127 3011
3 3847 3849 1020
3 393 394 392
3 2828 4421 3568
3 1960 3756 782
3 3731 3739 3734
3 982 3990 964
3 1428 3882 2409
3 1875 1876 1874
3 1931 5243 3634
3 680 681 679
3 1114 3194 1120
3 2437 2438 2066
3 674 675 673
3 1516 2367 560
3 637 2836 659
3 2116 2117 1960
3 2022 2023 1659
3 1892 4175 3951
3 770 780 769
3 888 3774 886
3 2568 3210 2433
3 775 3777 694
3 2443 2799 2307
3 3366 4594 2993
3 1020 3849 900
3 471 3807 468
3 740 3845 721
3 2540 4185 2697
3 1483 3745 129
3 1627 4018 1628
3 1980 2188 1835
3 2232 4094 4059
3 1080 4520 298
3 2683 2684 2682
3 2188 3760 1835
3 246 3663 245
3 1491 1772 1493
3 2934 3301 3300
3 1460 4281 344
3 869 1488 1021
3 1776 3728 1775
3 903 905 904
3 760 769 759
3 914 3692 912
3 937 1819 1817
3 2116 3801 2617
3 1343 3969 2389
3 1772 1773 1493
3 675 680 679
3 1781 3823 873
3 41 1787 327
3 3222 3277 3221
3 831 852 830
3 1556 4155 1420
3 2389 3969 3131
3 3424 3536 2086
3 1149 1321 1148
3 2666 2674 2665
3 2425 2426 2424
3 2301 3950 3801
3 2099 2714 2097
3 254 3727 253
3 655 3825 650
3 681 684 683
3 1370 3905 1920
3 4018 4273 2442
3 2213 3723 1749
3 4058 4182 1430
3 662 674 673
3 1409 1411 1410
3 1882 1883 1821
3 3736 3742 3738
3 3129 3645 2430
3 1883 1890 1885
3 741 760 759
3 1615 2103 2102
3 3899 4128 3900
3 2964 5180 5093
3 1731 2227 2030
3 2582 4058 1530
3 1516 4005 2367
3 724 3899 735
3 312 4382 986
3 2296 2297 1935
3 4124 4132 2226
3 2770 4101 4036
3 2341 4179 1983
3 1264 3957 1263
3 2204 2205 1584
3 2498 2828 2497
3 2018 2560 2019
3 2062 2261 2063
3 498 1469 538
3 2667 2678 2677
3 2166 2547 2293
3 1096 1148 1097
3 1380 4075 1382
3 828 3799 940
3 3901 3902 1822
3 2628 3759 479
3 877 878 876
3 2771 4101 2770
3 1628 1630 1629
3 612 1947 1946
3 303 2839 92
3 2036 2505 1670
3 3341 4666 3486
3 2618 2619 2117
3 3270 4935 3036
3 1021 1096 1022
3 1941 2465 1812
3 1411 1441 1436
3 2854 3390 2902
3 1934 1936 1894
3 1425 1426 1424
3 4010 4011 1520
3 1489 3765 1491
3 3738 3740 3737
3 692 1499 742
3 2615 3724 3723
3 2461 3148 3147
3 3057 3119 3052
3 3692 3837 912
3 1459 2056 2055
3 2714 3835 2097
3 2056 2461 2342
3 1505 1832 1831
3 2372 3821 291
3 1315 3637 453
3 2439 2440 2438
3 3406 3407 2620
3 461 799 459
3 1947 1949 1948
3 2024 2025 2023
3 1056 1079 1061
3 1949 2121 1951
3 1053 3866 1114
3 985 3829 3786
3 2217 2254 1979
3 3035 4326 3370
3 41 327 194
3 3817 3818 3765
3 1437 3922 1439
3 609 3813 3812
3 3975 3976 3973
3 2968 5041 3648
3 2286 3776 3058
3 3314 3315 2759
3 1964 2456 2155
3 3302 3304 3303
3 1566 1784 1727
3 1330 4236 2496
3 374 1933 663
3 1884 4481 3649
3 4161 5135 3114
3 1676 1730 1675
3 3495 4243 974
3 2177 2513 1823
3 2192 3805 2771
3 1485 3551 1184
3 3844 3845 740
3 1280 3935 1698
3 1488 3988 1021
3 259 1108 258
3 3117 3295 2359
3 2606 3776 2284
3 2116 2617 2117
3 2516 2517 2441
3 2936 3494 2293
3 2618 3405 2620
3 1109 1184 1103
3 2092 3606 2282
3 12 1483 129
3 2227 2385 2228
3 314 3865 1777
3 30 1101 172
3 1019 1424 946
3 2627 3232 2973
3 1833 1892 1699
3 1650 2189 1652
3 3306 3615 3307
3 479 480 478
3 1068 1106 1067
3 2489 3066 3065
3 3008 3070 2646
3 3395 4138 3394
3 781 797 780
3 2112 2433 1896
3 397 398 394
3 2426 3604 2424
3 2540 2697 2541
3 998 3840 531
3 470 3828 473
3 2225 3848 3847
3 323 1547 454
3 1816 3392 71
3 2802 4172 4145
3 1477 1478 1476
3 1753 4089 2479
3 2042 2497 1806
3 3582 3583 2956
3 2466 2802 2465
3 128 1188 11
3 477 3886 1501
3 1713 1823 1575
3 2676 3668 2674
3 1289 3839 1593
3 2022 2024 2023
3 1657 2289 2288
3 798 830 797
3 458 3811 609
3 915 916 914
3 903 904 85
3 3405 3431 3406
3 2425 4014 2427
3 869 1021 898
3 1618 1620 1619
3 1954 3726 1200
3 647 3690 692
3 1072 4004 1198
3 2857 4420 3164
3 3216 3547 3215
3 2279 3938 2355
3 1018 1019 946
3 3588 4422 4396
3 828 940 932
3 2069 3278 2578
3 493 495 494
3 477 478 476
3 711 783 695
3 3930 3932 3931
3 3860 3926 3863
3 2194 2540 2195
3 467 3807 1472
3 2419 3582 2956
3 921 927 923
3 466 469 468
3 2639 2640 1451
3 2615 3723 2213
3 3825 4040 650
3 1941 2466 2465
3 2225 3847 1126
3 1023 1857 1025
3 675 679 678
3 815 3995 1007
3 407 3960 2388
3 1347 1459 1457
3 1019 1425 1424
3 1379 4015 1376
3 681 683 682
3 469 470 468
3 260 4616 73
3 1910 4057 1909
3 1920 3868 1368
3 477 479 478
3 2934 3300 3299
3 474 477 476
3 1895 2295 1935
3 632 702 619
3 985 3786 1073
3 733 824 758
3 3572 3749 3477
3 3332 3333 3023
3 553 3841 563
3 3711 4113 3709
3 3805 3806 2771
3 1178 3947 1613
3 3363 3364 3108
3 473 474 472
3 1048 1103 1018
3 2518 2519 2517
3 3930 3931 2007
3 735 3899 825
3 400 3838 897
3 4584 4610 2920
3 1731 2030 1730
3 2794 2871 2313
3 3681 4482 998
3 2516 3651 3203
3 1047 3770 3769
3 474 3886 477
3 470 473 472
3 1096 1149 1148
3 3061 3582 2419
3 2479 2482 2480
3 845 876 844
3 1083 2489 1099
3 1073 1171 1170
3 3729 3731 3730
3 2846 4305 4220
3 3705 4005 1516
3 2051 2943 2941
3 2350 3764 3762
3 861 3694 2469
3 1820 2109 1725
3 736 3871 725
3 2473 2879 2472
3 3051 3054 3053
3 1797 2582 1530
3 1134 3948 1398
3 2248 2434 2249
3 2526 3962 1877
3 338 567 340
3 327 3602 194
3 1329 1675 1345
3 495 498 496
3 3870 4416 1044
3 1425 3882 1428
3 666 667 641
3 1269 1456 1361
3 3731 3734 3733
3 2531 3962 2526
3 462 1498 464
3 2445 2846 2474
3 1289 1593 1422
3 3042 3826 2247
3 2358 4532 3400
3 168 2233 167
3 1368 3868 1366
3 720 3784 718
3 326 2262 44
3 1126 3847 1020
3 879 880 878
3 1501 2628 479
3 1195 1465 1184
3 957 3817 1489
3 2105 3678 1672
3 2150 2720 2719
3 806 807 805
3 1860 4027 1223
3 3286 3570 2628
3 2121 2279 2122
3 2688 4066 2689
3 2398 4116 2402
3 1107 1203 1106
3 4036 4052 2770
3 2008 3930 2007
3 1097 3676 1169
3 1609 3417 2371
3 468 3807 467
3 2505 3695 1670
3 2315 2316 2157
3 469 3828 470
3 498 538 499
3 1946 3635 610
3 4180 4677 2722
3 529 1519 527
3 321 3850 263
3 1213 1350 1203
3 981 3896 908
3 3943 4151 1859
3 3903 3943 1822
3 3488 4760 2794
3 2385 2387 2386
3 1539 2224 1541
3 3564 3858 3566
3 1482 2831 2727
3 97 2391 1996
3 2345 2368 2344
3 3396 3397 2297
3 1773 1775 1774
3 1114 3866 3194
3 944 4194 809
3 171 1543 170
3 1793 2106 2100
3 906 1661 904
3 2808 4912 3232
3 3772 4266 688
3 2259 4088 3000
3 3863 4334 3862
3 407 2388 409
3 3301 3833 3302
3 2307 3752 2027
3 2686 3706 2194
3 3278 3279 2578
3 1167 1329 1202
3 2106 2632 2107
3 2699 3591 2019
3 2401 2425 2424
3 662 673 672
3 466 468 467
3 458 609 460
3 2531 3963 3962
3 3348 3803 2723
3 2443 2800 2799
3 1775 2193 2192
3 1881 2130 1992
3 1602 4866 3050
3 255 2988 254
3 464 466 465
3 2478 2779 2778
3 264 321 263
3 1841 2397 1686
3 533 998 531
3 3605 4468 1461
3 2227 2228 2030
3 484 2934 2933
3 2234 2522 2109
3 2832 3047 2522
3 947 3647 377
3 379 3647 1574
3 891 3934 899
3 1716 4056 1995
3 1498 3767 464
3 401 402 398
3 1409 1678 1411
3 1450 3553 3352
3 2503 4360 1595
3 3155 3156 1497
3 3848 4038 3847
3 2052 2686 2194
3 2039 3781 2468
3 472 3933 471
3 1638 2445 2077
3 538 662 661
3 480 482 481
3 2209 2365 994
3 795 3867 767
3 1287 2225 1126
3 2179 4522 1174
3 781 952 798
3 917 1589 919
3 1617 4060 1618
3 1784 3628 1727
3 1096 1097 1022
3 2236 2431 2085
3 831 4254 853
3 4351 4387 1648
3 3193 5154 1443
3 3973 3976 811
3 915 3769 917
3 2160 3602 327
3 3452 4342 3449
3 1149 1322 1321
3 2088 2739 2127
3 476 1482 475
3 5 823 111
3 672 3820 2150
3 2052 2194 2053
3 2274 3643 3642
3 476 4007 1482
3 2826 5110 2827
3 1491 1493 1492
3 2026 2443 2307
3 2387 2752 2751
3 462 464 463
3 924 3692 914
3 474 476 475
3 937 1816 71
3 531 3840 529
3 1317 1414 1192
3 460 3812 462
3 129 3745 128
3 1021 1022 898
3 3036 5193 3935
3 290 3821 734
3 2853 2854 2519
3 850 1159 971
3 1482 3720 2831
3 1489 3817 3765
3 1424 3797 946
3 881 882 880
3 453 3637 67
3 1621 4060 2018
3 470 472 471
3 2018 4060 3596
3 3709 3726 1954
3 1848 4039 2318
3 2112 2568 2433
3 3043 3823 1781
3 1087 3921 1085
3 2924 3124 3123
3 1298 3894 1213
3 353 354 352
3 3010 4759 4567
3 1842 5282 4440
3 973 4010 690
3 1142 4270 1145
3 861 2469 863
3 2039 2468 2417
3 2851 3190 2849
3 3305 3686 3685
3 1865 2250 2076
3 1395 1397 1235
3 1489 1491 1490
3 3777 3989 710
3 815 1007 813
3 486 1468 488
3 1663 2207 1665
3 2470 3439 3438
3 2469 3959 863
3 1181 4398 2475
3 2284 3776 2286
3 3899 3900 3022
3 3859 3926 3860
3 3302 3303 3300
3 1009 1051 1010
3 3720 3721 2831
3 2485 2613 2213
3 3386 3387 3089
3 832 834 795
3 2613 3846 2615
3 825 3022 3021
3 2000 2501 2240
3 1398 3909 1130
3 2187 3906 2745
3 681 682 679
3 871 996 872
3 658 4010 1520
3 290 734 289
3 811 3976 793
3 670 989 655
3 3037 3090 2887
3 1924 1979 928
3 1565 3446 3445
3 2831 3341 2727
3 1096 3988 1149
3 1732 2124 2123
3 3421 3423 3422
3 675 678 673
3 3305 3833 3686
3 721 789 705
3 3867 3924 767
3 1130 3909 1116
3 3445 4342 3444
3 687 775 694
3 482 3684 484
3 3551 3787 3552
3 1843 3937 2052
3 816 871 817
3 2349 2350 2246
3 467 570 465
3 3306 3307 3304
3 3909 4021 1116
3 964 3990 976
3 1782 2253 1781
3 2424 3853 2399
3 2185 2246 2245
3 570 4318 465
3 752 754 750
3 793 843 777
3 2268 3930 2008
3 2110 2599 2370
3 865 3959 869
3 1194 1708 1464
3 2419 2956 2368
3 712 774 765
3 460 461 459
3 2385 2386 2228
3 493 494 491
3 2175 4661 3533
3 775 3778 3777
3 3983 3984 2347
3 4852 4914 3900
3 292 2372 291
3 1611 2088 1886
3 2442 2749 2405
3 1413 2627 1412
3 658 1520 644
3 2900 3234 2262
3 498 499 496
3 490 544 492
3 1671 2036 1670
3 2022 2929 2024
3 1372 3905 1370
3 2934 3299 2933
3 2185 2348 2246
3 957 1489 983
3 2301 3801 2116
3 342 1460 344
3 489 1487 487
3 495 496 494
3 385 387 386
3 2936 4142 4141
3 1381 1788 1379
3 404 3960 407
3 899 3934 1011
3 704 973 690
3 2408 3041 2247
3 1708 3781 2039
3 1589 3827 919
3 3813 3912 3812
3 1961 2116 1960
3 485 3684 482
3 2270 2750 2268
3 1751 2213 1749
3 2508 3950 2301
3 2643 3910 2641
3 748 749 736
3 1962 3500 2375
3 1223 4027 1221
3 1864 2478 2169
3 3531 3532 3530
3 2044 2101 1942
3 120 1044 8
3 825 3899 3022
3 234 3274 62
3 770 3800 781
3 3860 3863 3862
3 2290 2552 2487
3 2720 3270 2719
3 1168 3958 1022
3 638 3639 398
3 3913 3914 567
3 1659 2373 1658
3 1479 1896 1478
3 2222 4284 2524
3 2620 3790 2619
3 1723 1724 1722
3 2130 3908 2151
3 759 3844 740
3 3812 3912 1498
3 1482 2727 475
3 392 1180 390
3 1592 3941 2051
3 1028 1030 1026
3 460 462 461
3 4065 4633 1536
3 1753 2479 1768
3 3960 3961 2388
3 1485 4006 3551
3 3316 4954 1862
3 1798 2068 2067
3 3608 4047 2650
3 906 3896 1661
3 2572 3945 2965
3 3302 3833 3305
3 263 3850 262
3 1351 3935 1280
3 3729 3730 2193
3 2111 2829 2093
3 1097 1169 1168
3 456 3811 458
3 488 3851 490
3 2603 2604 2074
3 1468 3851 488
3 1959 1960 782
3 3761 3901 3760
3 863 865 864
3 2523 4062 2109
3 2966 3752 2307
3 2750 3930 2268
3 2446 2447 2323
3 1011 1989 1069
3 1396 1783 1576
3 2572 2965 2508
3 3762 3763 2245
3 3737 3741 3735
3 4160 5104 4460
3 2328 2329 2037
3 856 1978 1560
3 1005 1009 1008
3 538 661 499
3 1439 3905 1372
3 2702 4155 1556
3 547 549 548
3 890 1068 1067
3 905 1187 907
3 473 3886 474
3 291 3821 290
3 808 809 807
3 1734 4137 1736
3 477 1501 479
3 3830 3831 3829
3 22 2782 152
3 562 4008 557
3 1066 1167 1166
3 635 782 616
3 662 672 661
3 1727 2000 1815
3 877 879 878
3 1586 3922 1437
3 281 903 85
3 868 2786 1701
3 929 2209 994
3 400 897 404
3 1501 3286 2628
3 2350 3762 2246
3 2257 2347 1975
3 2131 3937 1843
3 1611 4036 2088
3 1437 1439 1372
3 1436 3923 1715
3 1204 1296 1091
3 2387 2751 2386
3 774 802 801
3 1495 4052 4036
3 685 686 683
3 1797 2583 2582
3 1169 1274 1237
3 3757 3758 3756
3 1822 3943 1759
3 767 3924 752
3 1125 1338 1236
3 1112 1503 1052
3 1011 3934 1989
3 1941 4023 2466
3 2109 4062 1725
3 2697 4017 2541
3 3829 3831 3786
3 2103 2334 2102
3 2442 4273 3360
3 253 937 71
3 1370 1920 1368
3 1185 3947 1178
3 200 326 44
3 1897 2112 1896
3 2466 4023 2804
3 1859 4031 1755
3 2466 2803 2802
3 1431 1453 1432
3 1047 3769 915
3 1624 1625 1622
3 2330 2696 2329
3 1477 1479 1478
3 2664 4003 2670
3 2314 2570 2569
3 1160 3948 1134
3 1027 1603 1029
3 2245 4056 2021
3 1504 4008 562
3 2750 3932 3930
3 991 3880 334
3 3596 3597 2560
3 2078 3230 77
3 2185 3854 2348
3 480 481 478
3 981 3897 3896
3 490 3851 544
3 769 3856 951
3 3854 3855 2348
3 2259 3000 2999
3 2397 3671 1686
3 3496 4118 1785
3 2658 3993 2659
3 1715 2070 2020
3 3918 4012 1804
3 883 884 882
3 1958 2364 1913
3 1023 1025 1024
3 1761 1822 1759
3 1757 1859 1755
3 3664 3979 3665
3 2112 3881 2568
3 868 3942 2786
3 769 951 759
3 2194 2195 2053
3 1773 1774 1493
3 3701 4001 1059
3 2246 3762 2245
3 474 475 472
3 611 612 610
3 1364 1712 1351
3 2164 2247 2162
3 2051 2941 2081
3 3630 4110 3629
3 1182 4176 669
3 1025 1026 1024
3 2355 5100 3688
3 3630 5035 4110
3 1284 1412 1128
3 3581 4515 2520
3 3604 3853 2424
3 2746 3485 1055
3 1913 4057 1910
3 462 3812 1498
3 1280 1698 1185
3 567 3929 340
3 239 4152 238
3 338 3913 567
3 3426 4179 2341
3 4424 4517 2948
3 2025 2050 2023
3 668 3841 2131
3 482 484 481
3 947 3648 3647
3 387 396 395
3 622 4100 637
3 711 3907 783
3 3731 3733 3730
3 1022 3958 898
3 2438 3891 2589
3 1473 4061 570
3 3382 4384 4251
3 1091 3725 1089
3 470 471 468
3 810 934 809
3 2099 2715 2714
3 857 3638 856
3 3564 3566 3565
3 3681 3768 2763
3 1429 1430 1427
3 1019 3882 1425
3 3507 4886 3000
3 2296 2298 2297
3 780 3856 769
3 885 886 884
3 741 759 740
3 329 4002 3499
3 2724 3064 2365
3 1149 3988 2455
3 1411 1436 1410
3 1715 3923 2070
3 3848 4430 4038
3 1919 4020 1780
3 1915 1980 1835
3 2468 4087 3013
3 148 1604 147
3 1447 1825 1824
3 2365 3955 994
3 2763 3635 1946
3 733 744 711
3 2461 3147 2342
3 211 5130 50
3 1178 1613 1160
3 1023 1024 322
3 1805 4012 1808
3 845 877 876
3 1712 3935 1351
3 1134 1398 1130
3 1474 1477 1476
3 2801 3938 2279
3 3979 4352 3665
3 2540 2541 2195
3 2882 2884 2881
3 814 816 815
3 951 3844 759
3 466 467 465
3 733 3989 824
3 1233 1447 1445
3 2257 3983 2347
3 879 881 880
3 3807 4197 1472
3 1668 1881 1880
3 1981 1982 34
3 2193 3805 2192
3 2357 2358 1899
3 1800 2272 1802
3 2965 3950 2508
3 2739 2809 2127
3 464 465 463
3 1825 2366 2196
3 484 2933 2548
3 2924 3123 2923
3 1639 2006 1586
3 1931 4834 3620
3 528 529 527
3 2692 2945 2694
3 1775 2192 1774
3 3213 3215 3214
3 3921 4218 1085
3 1580 1680 1555
3 2009 2377 1980
3 3316 5333 4954
3 1975 4050 1973
3 2876 2878 2311
3 2624 3248 3246
3 2366 2707 2635
3 1269 3957 1456
3 1729 1973 1956
3 1491 1492 1490
3 2226 4132 1510
3 1459 2055 1457
3 865 866 864
3 523 1506 542
3 4831 5106 1714
3 2056 2342 2055
3 3103 3404 2632
3 1169 1237 1168
3 2448 2449 2447
3 1045 1126 1020
3 3959 4174 1488
3 3114 3115 2476
3 1210 3969 1343
3 2724 3146 3064
3 802 931 930
3 2230 2950 2634
3 863 864 862
3 540 547 546
3 1053 1114 1113
3 2982 2983 1679
3 1489 1490 983
3 1274 1316 1237
3 2088 2127 1886
3 1883 4199 1890
3 1973 2149 1956
3 1021 3988 1096
3 2322 2716 1866
3 1428 1431 1429
3 887 888 886
3 1382 4075 1719
3 462 463 461
3 1974 1975 1973
3 1325 1598 1298
3 4227 5209 2575
3 2052 3937 2686
3 695 3772 688
3 3407 3790 2620
3 1305 1306 1303
3 3360 3576 2749
3 749 3874 3872
3 2258 2882 2881
3 253 3727 937
3 2263 2601 2253
3 2133 2924 2923
3 668 1843 1517
3 2172 4210 1215
3 1698 3947 1185
3 987 1020 900
3 257 2191 256
3 931 1015 1014
3 1569 4201 911
3 1771 1835 1766
3 74 4673 1394
3 2006 3922 1586
3 2042 2498 2497
3 346 448 348
3 750 3874 749
3 146 329 145
3 2223 4348 4280
3 2812 3881 2112
3 3530 4408 4321
3 1638 4037 2445
3 1956 2287 1728
3 3182 3183 3180
3 2343 3889 2736
3 1097 1168 1022
3 1853 3906 2187
3 1598 3894 1298
3 2378 4030 2377
3 3880 3913 336
3 918 4051 916
3 737 3944 761
3 984 1433 27
3 1730 2057 1675
3 1613 3948 1160
3 2051 3941 2943
3 25 1023 322
3 3175 3375 1818
3 869 3959 1488
3 438 4223 634
3 1592 2051 2049
3 1479 1897 1896
3 1198 2066 1199
3 913 4201 1047
3 1841 4116 2398
3 2981 4500 870
3 3035 3370 3033
3 910 981 908
3 1051 1095 1010
3 2352 4091 1293
3 668 2131 1843
3 1005 4048 1009
3 1089 1461 1087
3 1112 1963 1503
3 2228 2353 2030
3 632 3869 702
3 1853 4071 3906
3 2187 2745 2744
3 3724 4124 2226
3 2903 3223 2513
3 13 4944 12
3 3341 3368 2727
3 1628 1629 1626
3 2184 3854 2185
3 2026 4070 2443
3 3046 3342 2501
3 781 3800 952
3 2479 2480 1768
3 1026 3562 1024
3 889 890 888
3 1897 2812 2112
3 898 3942 867
3 1813 1941 1812
3 1618 1619 1344
3 1726 1882 1821
3 1 4619 102
3 481 4007 478
3 146 4002 329
3 2548 4007 481
3 1137 1287 1126
3 869 898 867
3 901 1781 873
3 608 610 564
3 2757 4387 4351
3 2632 3404 2938
3 2765 2801 2279
3 1974 2257 1975
3 1434 4153 1433
3 1669 1670 1558
3 1720 1721 1718
3 3914 3916 3915
3 867 3942 868
3 1454 1798 1796
3 1640 1729 1728
3 3701 4324 4001
3 926 1875 1874
3 1090 1091 1089
3 2034 2212 1660
3 3347 5114 600
3 1751 2485 2213
3 1512 2226 1510
3 2185 2245 2021
3 1628 4018 1631
3 673 3820 672
3 3881 5050 2347
3 4086 4514 269
3 2248 2249 1936
3 3531 5192 4547
3 842 1994 970
3 986 2862 2294
3 2689 4066 2692
3 1634 1635 1632
3 1198 4004 2437
3 881 883 882
3 2763 3768 3635
3 3931 3991 2007
3 170 4120 169
3 25 322 160
3 2318 3159 2593
3 2769 2974 2378
3 1282 2223 1467
3 2087 2156 1582
3 2051 2081 2049
3 2151 3908 2732
3 2220 3607 2219
3 1729 1956 1728
3 3963 4595 3965
3 2070 3972 2020
3 1640 1728 1639
3 2627 3766 3232
3 952 4130 798
3 1316 1641 1320
3 962 982 964
3 3038 3039 2239
3 2615 4448 3724
3 3849 4081 892
3 2081 2360 2049
3 1746 1747 1514
3 1961 2301 2116
3 2974 4030 2378
3 1729 1974 1973
3 4259 4287 2013
3 2485 2614 2613
3 2393 3859 2079
3 147 4002 146
3 1334 1685 1333
3 722 741 740
3 1266 1349 1260
3 2181 4657 3393
3 2380 3383 2374
3 1211 1384 1141
3 913 914 912
3 1009 1058 1051
3 2389 3131 3130
3 2792 3260 3259
3 2489 3065 1099
3 763 2204 1584
3 1553 1555 1551
3 1774 4052 1493
3 865 869 867
3 1813 1942 1941
3 1925 2252 1846
3 1604 4002 147
3 2528 2531 2526
3 909 911 910
3 2929 4070 2024
3 937 3727 1819
3 2379 2500 1888
3 2319 3044 2320
3 2927 2928 2926
3 563 668 607
3 2411 2783 2622
3 3006 4911 3309
3 672 2150 739
3 2071 2631 2129
3 1828 3782 1865
3 2150 2719 2308
3 2852 3503 2851
3 2204 2290 2205
3 911 912 910
3 1671 2037 2036
3 2101 4023 1942
3 2737 4096 2312
3 478 4007 476
3 3322 3327 3324
3 1114 1120 1115
3 2203 2239 1838
3 2953 5055 3767
3 1027 1028 1026
3 2079 2152 1525
3 2398 2402 2400
3 987 1045 1020
3 3820 4326 2720
3 4165 4371 4164
3 558 559 543
3 4565 5266 2050
3 2787 4132 4124
3 1959 1961 1960
3 2087 2157 2156
3 1072 1198 1197
3 3433 3666 583
3 2396 3038 2239
3 2712 3207 2436
3 355 356 354
3 569 1504 562
3 1296 3725 1091
3 1747 3946 1514
3 2322 2717 2716
3 1297 4446 1268
3 1316 1320 1237
3 2258 4019 2882
3 1512 3946 2226
3 2400 2401 2399
3 1047 3771 3770
3 4686 4718 784
3 5026 5064 2369
3 1088 1089 1087
3 898 3958 3942
3 1599 3949 218
3 2299 2709 2708
3 1925 3991 2252
3 3446 3448 3447
3 2667 2677 2648
3 1587 1640 1639
3 541 543 522
3 1025 1027 1026
3 1563 3703 425
3 576 4434 574
3 1640 4019 1729
3 3512 3592 2504
3 722 740 721
3 2616 3483 3294
3 3847 4038 3849
3 218 3949 217
3 2441 3747 2440
3 2886 2910 2500
3 2348 2349 2246
3 1461 3921 1087
3 1488 4122 3988
3 3917 5317 3915
3 1068 1107 1106
3 3036 5121 3270
3 3988 4122 2455
3 3529 3530 2806
3 2209 2724 2365
3 2905 3141 2264
3 2250 3569 2565
3 2751 2953 2386
3 3038 3111 3039
3 901 1782 1781
3 365 1402 363
3 2458 2460 2459
3 1355 3257 212
3 2414 2746 1055
3 741 875 760
3 1947 1950 1949
3 1662 2200 1320
3 2498 3094 2828
3 83 2133 1057
3 475 3933 472
3 635 1959 782
3 3470 3472 3471
3 2805 2806 2190
3 3064 3107 2365
3 1051 4001 1095
3 1348 1826 1336
3 1757 3943 1859
3 542 3970 541
3 2059 4493 4267
3 2775 3766 2627
3 2184 2185 2021
3 2318 4039 3160
3 1630 2543 1629
3 1036 1037 1035
3 962 3884 982
3 1865 3782 2250
3 120 3870 1044
3 484 2548 481
3 1425 1427 1426
3 3348 4921 1783
3 1867 2446 2323
3 357 358 356
3 4008 4578 557
3 3395 5025 4138
3 2069 2578 2068
3 359 374 358
3 2360 3978 2049
3 1418 1682 1419
3 1966 1967 1594
3 1273 1939 1200
3 1843 2052 1844
3 2004 2085 1577
3 2450 2451 2449
3 2847 3945 2572
3 2822 4829 3795
3 1662 2319 2201
3 3186 3187 3185
3 2049 3978 2048
3 1682 1921 1683
3 867 868 866
3 668 1517 607
3 2537 3983 2257
3 2913 4996 3799
3 2465 4145 4134
3 1162 5023 4909
3 3551 4006 3787
3 1430 4181 3994
3 2629 3594 2431
3 2727 3933 475
3 2466 2804 2803
3 332 991 334
3 883 885 884
3 1592 2049 2048
3 1009 1010 1008
3 1924 2217 1979
3 1533 1945 1532
3 957 983 958
3 1514 3946 1512
3 571 572 559
3 1788 4015 1379
3 885 887 886
3 3213 3214 3211
3 1641 1662 1320
3 600 4881 3347
3 1329 1345 1202
3 1107 1213 1203
3 846 848 847
3 1045 1282 1137
3 2792 4250 3260
3 2000 2240 1815
3 830 999 797
3 1782 2263 2253
3 1300 1901 1301
3 1480 4652 3395
3 678 3820 673
3 1848 2318 2317
3 954 957 956
3 874 953 902
3 1479 2178 1897
3 2446 4181 2448
3 614 4033 611
3 1010 1360 1008
3 2052 2053 1844
3 1921 2362 1952
3 2585 4559 4518
3 608 611 610
3 812 814 813
3 1045 1137 1126
3 960 3884 962
3 887 889 888
3 1405 1592 1591
3 1260 4202 1256
3 835 967 846
3 1730 3987 2057
3 2452 4119 2451
3 748 750 749
3 3941 4169 2943
3 1075 3775 996
3 2277 3166 2343
3 2941 2942 2081
3 1987 3781 1708
3 525 540 539
3 2644 3008 2646
3 1587 1639 1586
3 1861 3430 660
3 4260 4287 4259
3 1659 4000 2373
3 2258 2537 2257
3 1518 1558 1150
3 2299 4313 2709
3 1089 3725 1461
3 1798 2067 1796
3 2007 3991 1925
3 2500 4094 1888
3 2520 4105 3705
3 2850 2851 2849
3 2692 4066 2945
3 637 659 649
3 994 3955 3014
3 3543 3544 2276
3 528 530 529
3 1771 1915 1835
3 722 3980 741
3 1636 1638 1635
3 1611 1886 1612
3 1508 3970 542
3 2133 2923 1057
3 1256 4202 2054
3 499 1590 496
3 1425 1428 1427
3 2656 2668 2658
3 3002 5246 3003
3 1165 1200 1065
3 3368 3933 2727
3 1168 4034 3958
3 3280 3809 3808
3 1495 1611 1496
3 3529 3531 3530
3 2584 2585 2583
3 3121 4938 4556
3 1746 1769 1748
3 2276 3610 1878
3 618 619 572
3 1722 4062 1721
3 2652 2671 2654
3 1964 2155 1779
3 1029 1052 1028
3 1513 1514 1512
3 1428 1429 1427
3 1149 2455 1322
3 1429 4058 1430
3 913 1047 915
3 733 758 744
3 1225 1860 1223
3 5137 5231 4199
3 1285 4719 3361
3 389 391 390
3 3710 4099 3711
3 2785 3093 3092
3 2440 3891 2438
3 706 1471 722
3 3767 4967 2953
3 1436 1715 1481
3 457 4395 455
3 3107 3955 2365
3 83 1057 278
3 1669 1671 1670
3 2640 3105 2642
3 1974 2258 2257
3 187 1705 38
3 3469 5171 3025
3 1618 4060 1621
3 2877 3073 3030
3 3697 4065 3696
3 2192 2771 2770
3 232 1358 231
3 1915 2009 1980
3 598 788 596
3 2364 4057 1913
3 2770 4052 1774
3 1438 1655 1587
3 1887 2477 1889
3 73 4616 3810
3 3145 4753 2772
3 672 739 661
3 1341 1532 1339
3 1413 2775 2627
3 3814 4156 1043
3 1406 2174 1327
3 3270 3911 2719
3 4671 4740 3183
3 523 542 541
3 3354 4605 1604
3 1237 4034 1168
3 3039 4153 2239
3 2200 4034 1320
3 1942 4023 1941
3 865 867 866
3 123 3971 122
3 1593 3992 1422
3 2438 2589 2066
3 1167 1202 1166
3 530 531 529
3 631 632 619
3 813 3973 811
3 1506 1507 542
3 1431 1432 1429
3 1750 1753 1752
3 1748 1749 1747
3 2435 4435 2249
3 3160 4809 3159
3 2200 4123 4034
3 2662 2666 2665
3 1745 1746 1514
3 2854 2902 2901
3 2267 2268 2008
3 2541 4017 2688
3 1027 1029 1028
3 1898 2703 2702
3 603 1944 601
3 1417 2759 2758
3 1592 2048 1591
3 1011 1069 1043
3 1431 4297 1453
3 294 3237 1407
3 945 1048 1018
3 1131 1353 1135
3 1973 4050 2149
3 316 4957 97
3 1729 4019 1974
3 1879 2038 1938
3 761 3944 842
3 1808 4012 2255
3 1581 3424 2086
3 2478 2778 2169
3 532 533 531
3 2142 2725 2280
3 2576 4287 4260
3 3432 4813 447
3 2983 4084 1679
3 1094 5086 3236
3 1724 3898 1726
3 2594 3682 2456
3 2121 2765 2279
3 1034 1035 1033
3 2009 2378 2377
3 1685 2458 1840
3 1187 4053 907
3 1827 2865 1828
3 768 966 796
3 2130 2151 1992
3 2408 3084 3041
3 3994 4181 2446
3 2865 3782 1828
3 2443 4070 3388
3 3795 5195 2822
3 794 812 811
3 1211 3982 1384
3 2258 2881 2537
3 2672 2673 2669
3 160 3468 159
3 3099 4546 2383
3 1320 4034 1237
3 1716 1995 1481
3 1011 1043 933
3 1720 1722 1721
3 2020 2184 2021
3 1465 3585 1581
3 41 2557 1787
3 1291 1297 1268
3 613 2830 615
3 2684 4411 4288
3 2353 3987 2030
3 2016 2596 2095
3 2030 3987 1730
3 4920 5057 2756
3 2769 2975 2974
3 3240 5029 4451
3 2382 2887 2381
3 1650 4387 2189
3 2522 2523 2109
3 121 3870 120
3 136 1271 135
3 1326 1405 1327
3 735 825 747
3 843 4184 777
3 1388 1899 1448
3 611 4033 612
3 2024 4070 2026
3 1114 1115 1113
3 1471 3980 722
3 1438 1586 1437
3 2312 4096 2877
3 2637 4284 2285
3 771 835 776
3 2164 2408 2247
3 1493 4052 1492
3 1662 2201 2200
3 2319 2320 2201
3 1373 1437 1372
3 444 1536 442
3 1986 1987 1708
3 2848 2849 2847
3 1926 2007 1925
3 907 4053 909
3 2678 3116 2677
3 825 3021 2612
3 206 3478 205
3 1053 1112 1052
3 706 721 705
3 933 987 900
3 3056 4976 3057
3 996 3775 997
3 2398 2399 2397
3 1331 1929 1332
3 1492 1495 1494
3 1715 2020 1716
3 1284 1413 1412
3 1940 2145 1939
3 2445 2474 2077
3 2271 2737 2312
3 1438 1587 1586
3 1463 1858 1789
3 2850 2852 2851
3 1750 1751 1749
3 1214 1868 1299
3 2020 3972 2184
3 992 3672 922
3 2541 2688 2542
3 622 637 636
3 779 845 844
3 1436 1481 1410
3 81 4483 275
3 751 1515 753
3 1838 4153 1434
3 1179 1484 1186
3 946 3797 944
3 1112 4021 1963
3 1574 4279 382
3 957 958 956
3 1926 2259 2008
3 778 794 793
3 1161 1178 1160
3 2150 2308 739
3 1640 4077 4019
3 996 997 872
3 1135 1160 1134
3 2320 2808 2201
3 613 4083 2830
3 2269 2270 2268
3 710 3989 733
3 4034 4123 3958
3 2676 4411 3669
3 2719 2835 2308
3 2805 3529 2806
3 2846 3419 2474
3 2521 4293 4104
3 1299 1326 1325
3 758 778 777
3 1762 1767 1765
3 2288 2562 2346
3 2020 2021 1716
3 448 2639 1451
3 1371 1372 1370
3 1811 1812 1809
3 1117 1130 1116
3 1131 1134 1130
3 1988 2110 1987
3 899 1011 933
3 1495 4036 1611
3 2801 4080 3938
3 774 801 765
3 751 4133 1515
3 2079 3859 2152
3 1968 2166 1967
3 2259 2999 2267
3 2480 2483 2481
3 2379 2886 2500
3 2436 3667 1850
3 1081 1594 1049
3 2115 4165 4164
3 1138 2592 1013
3 3763 4056 2245
3 927 4237 923
3 3564 3565 992
3 1715 1716 1481
3 1587 4077 1640
3 1849 2442 2405
3 1352 1385 1365
3 1326 1327 1325
3 89 1357 288
3 530 532 531
3 2814 2815 2813
3 963 1098 961
3 1179 1185 1178
3 953 954 902
3 1282 1467 1391
3 698 705 697
3 471 4376 3807
3 1725 4062 1722
3 671 697 670
3 1804 4012 1805
3 501 4158 500
3 2681 3363 3108
3 1513 1745 1514
3 871 872 817
3 1369 1370 1368
3 847 3571 776
3 656 670 655
3 2458 4229 2460
3 2507 2508 2301
3 3730 3805 2193
3 1858 2344 2256
3 2045 2381 2044
3 3242 3411 2471
3 954 955 902
3 1214 1298 1213
3 1045 4009 1282
3 1875 1877 1876
3 706 722 721
3 1281 1351 1280
3 2349 2351 2350
3 1796 1797 1530
3 1753 1768 1754
3 1274 4029 1316
3 2571 2572 2508
3 896 1001 1000
3 1843 1844 1517
3 2477 3484 1889
3 1186 1280 1185
3 2886 3533 2910
3 2053 2218 1844
3 3826 4590 2364
3 1746 1748 1747
3 1701 2113 1702
3 1352 1364 1351
3 2573 2847 2572
3 2269 4063 2271
3 868 1531 866
3 3184 3185 3182
3 1743 2072 1847
3 425 3703 423
3 1833 5178 2265
3 1367 1368 1366
3 2811 3372 2292
3 987 4009 1045
3 1758 1764 1760
3 841 1194 762
3 1926 2008 2007
3 1611 1612 1496
3 2824 2825 2823
3 3205 5088 2567
3 2294 5210 2428
3 391 393 392
3 606 1527 624
3 1382 1717 1381
3 3557 4425 1101
3 1365 1366 1364
3 2821 2826 2824
3 1299 1325 1298
3 384 4279 389
3 4881 5189 3207
3 761 762 738
3 2192 2770 1774
3 2910 4059 2500
3 3032 3033 3031
3 2454 2897 2452
3 2719 3911 2835
3 637 4100 2836
3 1369 1500 1371
3 2266 2436 1850
3 1282 4009 2223
3 1029 1053 1052
3 1511 1512 1510
3 3047 4026 2522
3 2446 2448 2447
3 1278 2172 1215
3 1009 4048 1058
3 3034 3035 3033
3 1923 1924 928
3 205 939 46
3 2791 4191 2995
3 558 571 559
3 1059 4001 1051
3 3261 3262 2793
3 644 3869 632
3 1427 3994 1426
3 652 655 650
3 2821 2823 2820
3 2695 2944 2693
3 798 4130 831
3 1373 1438 1437
3 1886 1887 1612
3 954 956 955
3 104 4236 103
3 1221 4176 1182
3 1053 1113 1112
3 2142 4203 2725
3 1736 1739 1738
3 816 817 815
3 730 771 731
3 3775 3815 997
3 2254 4308 3598
3 661 4044 499
3 689 723 703
3 2819 2820 2817
3 2668 2683 2682
3 2480 2481 1768
3 4036 4101 2088
3 2203 2396 2239
3 2583 4467 2582
3 3045 4029 1274
3 2940 4501 2757
3 2443 3388 2800
3 2018 3596 2560
3 1850 3667 1680
3 1101 4425 172
3 1759 3943 1757
3 3030 3031 3029
3 868 1701 1531
3 3560 5062 4115
3 623 639 605
3 2456 2706 2155
3 2173 2723 2172
3 1492 4052 1495
3 2818 2822 2819
3 1756 1757 1755
3 1887 1888 1612
3 2308 2506 739
3 1566 1727 1567
3 1760 1761 1759
3 1214 1299 1298
3 393 397 394
3 913 915 914
3 2267 2269 2268
3 1758 1759 1757
3 1723 2060 1724
3 958 959 956
3 1345 3842 1864
3 833 4090 3819
3 1371 1373 1372
3 737 738 709
3 4019 4077 2882
3 1111 1300 1277
3 427 1563 425
3 1751 4031 2485
3 622 635 616
3 2728 3348 2723
3 707 709 677
3 2456 3682 2706
3 3747 3748 2440
3 1974 4019 2258
3 3942 4123 2786
3 690 4010 658
3 1797 2584 2583
3 1762 1763 1761
3 1426 3994 1867
3 783 3773 3772
3 744 3907 711
3 1492 1494 1490
3 613 614 611
3 1198 1199 1197
3 2255 2947 2338
3 3998 3999 3775
3 2259 2267 2008
3 1447 1824 1445
3 1655 4077 1587
3 1796 4067 1797
3 241 980 240
3 2666 2676 2674
3 2484 2818 2817
3 1972 2860 2859
3 2379 3510 2886
3 397 401 398
3 1117 1131 1130
3 1135 1161 1160
3 676 677 654
3 1131 1135 1134
3 653 654 651
3 3159 3385 2593
3 656 784 671
3 1511 1513 1512
3 842 3944 1994
3 856 1560 852
3 2897 4119 2452
3 1600 1790 1293
3 1989 4129 1069
3 3682 3683 2706
3 2561 4347 3339
3 1513 1848 1745
3 1748 1750 1749
3 1115 1117 1116
3 2586 2718 2585
3 547 550 549
3 1754 1755 1752
3 2244 3332 3023
3 612 4032 1947
3 2318 2593 2317
3 4954 5333 3390
3 1889 2379 1888
3 3775 3999 3815
3 846 4267 848
3 3003 5246 4977
3 571 618 572
3 3032 3034 3033
3 640 651 639
3 1765 1766 1763
3 618 633 631
3 1841 2398 2397
3 553 554 533
3 1058 1059 1051
3 2271 4063 2737
3 3030 3032 3031
3 1143 1144 1119
3 2366 2635 2196
3 874 902 901
3 1495 1496 1494
3 1161 1179 1178
3 401 405 402
3 890 2532 1068
3 889 4081 890
3 618 631 619
3 1746 4097 1769
3 2012 2855 1778
3 204 325 203
3 2170 2600 2171
3 1770 1771 1766
3 3181 3182 3180
3 2573 2869 2848
3 958 960 959
3 1115 1116 1113
3 3240 4707 3266
3 1811 1813 1812
3 1825 2196 1824
3 615 616 614
3 1292 1293 1216
3 2848 2850 2849
3 2060 3898 1724
3 1474 4197 1477
3 643 644 632
3 1961 2507 2301
3 2484 2816 2481
3 1639 4233 2006
3 1675 3842 1345
3 1405 1591 1406
3 1013 4245 810
3 89 2598 1357
3 1361 1566 1362
3 1947 4032 1950
3 2464 2982 1679
3 563 564 554
3 2707 3015 2635
3 607 608 564
3 3034 3036 3035
3 2745 2767 2744
3 2676 3669 3668
3 1369 1371 1370
3 541 558 543
3 1848 2190 1745
3 3485 3940 3939
3 744 4184 3907
3 631 643 632
3 1418 4155 1682
3 1662 4084 2319
3 2541 2542 2195
3 1453 1454 1432
3 1496 2232 1494
3 635 4040 1959
3 1753 1754 1752
3 1750 1752 1751
3 4979 4994 3021
3 3104 5221 3103
3 2976 2977 2975
3 2543 4364 2955
3 1075 3998 3775
3 1230 1359 1227
3 3369 4376 3368
3 1657 2288 1208
3 2584 2587 2586
3 371 381 369
3 1179 1186 1185
3 3859 3860 2152
3 1867 3994 2446
3 3068 3952 2815
3 874 901 873
3 2327 2328 2037
3 2462 4048 1005
3 3703 4329 423
3 2768 2769 2378
3 4298 4715 1559
3 602 773 604
3 2455 4122 2922
3 2857 3164 3163
3 1186 1281 1280
3 1231 4323 1521
3 2806 4097 2190
3 608 613 611
3 2769 2976 2975
3 2295 2296 1935
3 2877 3029 2876
3 1092 1204 1091
3 1641 4084 1662
3 1058 4048 1677
3 1629 4186 1626
3 1201 1668 1667
3 1281 1352 1351
3 1847 1925 1846
3 1165 1273 1200
3 1771 1916 1915
3 2023 4000 1659
3 1344 3982 1211
3 2877 3030 3029
3 1367 1369 1368
3 1113 4021 1112
3 728 730 729
3 2271 2311 2270
3 1887 1889 1888
3 2967 5056 3254
3 1196 1215 1071
3 883 2521 885
3 2287 4233 1728
3 3184 3186 3185
3 2269 2271 2270
3 1058 1677 1127
3 2517 3747 2441
3 2826 2827 2824
3 2067 4067 1796
3 2096 2097 2017
3 2821 2824 2823
3 1760 1762 1761
3 1745 4097 1746
3 525 2029 540
3 1950 4045 1949
3 1949 4045 2121
3 558 2787 571
3 2924 4304 3124
3 1352 1365 1364
3 685 4266 686
3 581 1583 584
3 3706 4185 2540
3 2009 2768 2378
3 2317 2805 2190
3 499 4044 1590
3 1116 4021 1113
3 1137 4115 1287
3 2861 3072 2859
3 2098 2099 2097
3 1765 1770 1766
3 1762 1765 1763
3 1365 1367 1366
3 931 1014 930
3 2455 2921 1322
3 741 3980 875
3 3931 4346 3991
3 833 874 873
3 3836 4362 4264
3 1132 1319 1318
3 1005 1008 1004
3 997 3815 1125
3 1847 1926 1925
3 1347 1457 1348
3 1965 3838 396
3 2854 2901 2519
3 2527 2580 2529
3 2689 2690 2542
3 1107 1214 1213
3 2860 2861 2859
3 1740 1743 1742
3 1758 1760 1759
3 2819 2821 2820
3 2507 2571 2508
3 4039 4265 3160
3 4399 4615 2275
3 1756 1758 1757
3 1754 1756 1755
3 532 553 533
3 3720 4499 3721
3 825 2612 747
3 1454 1530 1432
3 2571 2573 2572
3 1636 4037 1638
3 2573 2848 2847
3 948 1062 949
3 649 650 636
3 643 1538 657
3 1598 5005 3892
3 2747 2748 2118
3 1454 1796 1530
3 2544 3479 2545
3 1283 1523 1522
3 751 752 750
3 1807 2042 1806
3 1837 1838 1434
3 1383 1463 1462
3 1750 4089 1753
3 1782 2499 2263
3 1467 1834 1610
3 2499 2784 2263
3 1141 3998 1075
3 901 4049 1782
3 698 706 705
3 1769 4089 1748
3 671 698 697
3 30 3169 1101
3 656 671 670
3 864 1046 862
3 802 930 801
3 1740 1741 1738
3 1808 2255 1810
3 4027 4176 1221
3 960 4078 3884
3 891 892 889
3 541 3970 558
3 983 4078 958
3 2818 2819 2817
3 2146 2790 2145
3 1433 4303 27
3 638 3640 3639
3 1405 1406 1327
3 2872 3099 2383
3 1507 1508 542
3 746 3904 720
3 1525 4061 1473
3 1881 1992 1880
3 3848 4510 4430
3 2741 4452 2939
3 1069 1150 1043
3 2066 4071 1199
3 3709 4113 3726
3 1205 1333 1204
3 2168 2551 1346
3 1382 1718 1717
3 739 4044 661
3 1449 4051 918
3 558 3970 2787
3 1610 2058 1391
3 2793 4191 2791
3 911 913 912
3 1335 1347 1336
3 2522 4026 2523
3 3907 4901 3932
3 501 4973 3339
3 2121 4045 2765
3 899 900 892
3 899 933 900
3 652 656 655
3 1740 1742 1741
3 3181 3184 3182
3 1269 1361 1291
3 845 2013 877
3 2349 2781 2351
3 1282 1391 1137
3 1518 1669 1558
3 2312 2876 2311
3 2828 4835 2497
3 3909 4170 4021
3 2584 2586 2585
3 2877 4096 3073
3 3555 4435 2435
3 887 891 889
3 1490 4076 983
3 2342 3142 2055
3 1983 4179 1703
3 833 873 832
3 890 4081 2532
3 174 2611 173
3 879 1285 881
3 1262 2028 1258
3 1163 1331 1164
3 3052 3789 3051
3 2448 2450 2449
3 866 4074 864
3 1943 2044 1942
3 1848 2317 2190
3 1440 4187 331
3 599 5189 4881
3 2312 2877 2876
3 2057 3842 1675
3 1727 1815 1567
3 732 2462 1005
3 1043 4156 933
3 657 658 644
3 993 2579 1054
3 1797 4067 2584
3 3874 4206 3872
3 1259 1264 1263
3 966 4090 796
3 1530 4058 1432
3 858 1923 928
3 796 832 795
3 2483 2484 2481
3 860 3638 857
3 3566 3568 3565
3 2584 4067 2587
3 2785 3091 2784
3 1246 1486 1244
3 2484 2817 2816
3 2082 2534 2321
3 442 4223 438
3 1927 4149 2701
3 2190 4097 1745
3 1345 1864 1346
3 2622 3953 2624
3 796 833 832
3 1380 1381 1379
3 768 795 767
3 4225 5082 2745
3 1752 4031 1751
3 955 4049 902
3 747 748 736
3 826 948 827
3 2050 4000 2023
3 689 690 658
3 3179 3181 3180
3 817 3995 815
3 753 767 752
3 1679 4084 1641
3 2688 2689 2542
3 735 736 725
3 703 704 690
3 724 725 704
3 2271 2312 2311
3 1630 4247 2543
3 3051 3053 3049
3 4288 4411 2676
3 1373 4226 1438
3 1720 1723 1722
3 1671 2327 2037
3 676 708 707
3 622 636 635
3 165 4239 984
3 637 649 636
3 4024 4025 2783
3 843 4346 4184
3 768 796 795
3 1420 4155 1418
3 1194 1986 1708
3 2587 3011 2586
3 1509 1511 1510
3 500 4158 523
3 2791 2995 2790
3 1596 2115 1922
3 3903 4190 4151
3 1743 1846 1742
3 909 4053 1569
3 748 751 750
3 783 3772 695
3 1533 4340 1945
3 1743 1847 1846
3 2624 3953 3248
3 3179 3180 2789
3 2527 2529 2528
3 1083 1099 1084
3 649 652 650
3 751 753 752
3 1755 4031 1752
3 814 815 813
3 1227 4263 1225
3 2161 2908 2163
3 2843 3018 3017
3 3845 4607 789
3 643 657 644
3 753 768 767
3 4777 4989 328
3 909 1569 911
3 2328 2330 2329
3 2442 3360 2749
3 3588 4396 2165
3 2689 2692 2691
3 1864 2169 2168
3 552 714 548
3 726 728 727
3 1220 1229 1222
3 2499 2785 2784
3 768 4117 966
3 2068 2595 2067
3 1768 4135 1754
3 613 615 614
3 1926 4088 2259
3 2529 2530 2528
3 2767 3335 3334
3 1742 2082 1741
3 553 563 554
3 1527 1529 1528
3 1316 4029 1642
3 735 747 736
3 3958 4123 3942
3 2027 5236 4565
3 2743 4105 2186
3 4104 4293 3934
3 987 4156 4009
3 247 3783 2230
3 2783 3953 2622
3 2181 4282 1110
3 657 689 658
3 2357 2912 2358
3 615 622 616
3 1543 4120 170
3 4507 4558 1538
3 1834 3150 1976
3 2464 3101 2982
3 724 735 725
3 122 3971 1814
3 689 703 690
3 374 663 545
3 2129 4024 2411
3 703 724 704
3 1507 1984 1509
3 3571 4341 3572
3 3844 4177 3845
3 563 607 564
3 1503 4982 4886
3 902 4049 901
3 385 386 383
3 1336 3936 1334
3 2808 4262 4183
3 380 3954 378
3 2785 3092 3091
3 2072 4088 1847
3 231 4251 60
3 1251 1253 1250
3 1316 1642 1641
3 3275 3443 2421
3 964 976 965
3 4146 4147 723
3 2056 4422 2461
3 2265 2773 1892
3 2725 3082 2280
3 1245 1247 1246
3 2384 4198 667
3 2203 2959 2396
3 336 3913 338
3 1326 4169 3941
3 2115 4166 4165
3 2936 4141 3494
3 1214 4159 1868
3 732 1005 1004
3 1081 1966 1594
3 1527 1528 624
3 1299 4169 1326
3 1877 4043 1876
3 382 4279 384
3 4192 4964 4917
3 2689 2691 2690
3 4021 4170 1963
3 1581 3585 3424
3 1912 2154 1957
3 3464 5032 2797
3 2152 4061 1525
3 2631 4024 2129
3 2496 3466 3465
3 1902 4345 2138
3 1719 1720 1718
3 3530 4321 2806
3 1642 1679 1641
3 2113 2332 1702
3 2454 2930 2897
3 378 1104 376
3 1701 1702 1531
3 431 800 429
3 3825 4189 4040
3 2379 4085 3510
3 976 1066 1065
3 2330 4216 2696
3 612 4033 4032
3 4183 4262 2786
3 724 4128 3899
3 2999 4093 2267
3 1389 4257 1230
3 892 4081 889
3 3345 4209 3293
3 1432 4058 1429
3 1273 1940 1939
3 1938 4013 2071
3 1619 3982 1344
3 1972 2859 2858
3 2198 4137 1734
3 2506 4044 739
3 942 3887 855
3 3212 4426 3213
3 2543 2955 2954
3 2485 4150 2614
3 2042 4145 2498
3 636 4040 635
3 1701 4262 2113
3 4283 5310 2766
3 2269 4093 4063
3 1839 2203 1838
3 2762 2958 2243
3 3936 4229 2458
3 2488 2559 1977
3 1509 1510 1508
3 1515 4117 753
3 1762 4111 1767
3 1859 4150 4031
3 2983 4232 4084
3 1726 3898 1882
3 438 634 435
3 1523 1793 1792
3 2163 2164 2162
3 1944 4126 601
3 2155 4305 4037
3 958 4078 960
3 980 4419 3404
3 3860 3862 3861
3 2527 2528 2526
3 1066 1166 1165
3 1249 1250 1248
3 2181 4283 4282
3 1912 1913 1910
3 1890 4199 2199
3 1876 4043 1879
3 812 813 811
3 1792 1794 1522
3 1782 4049 2499
3 1446 1909 1234
3 3484 4085 1889
3 2401 2964 2425
3 2589 4071 2066
3 2450 2452 2451
3 1384 3998 1141
3 1699 3951 1452
3 1927 2701 2302
3 2980 3120 2856
3 2053 4103 2218
3 650 4040 636
3 2316 2422 2421
3 2195 4103 2053
3 640 1534 653
3 2642 4041 2644
3 1127 1128 1059
3 2058 4115 1391
3 3748 3891 2440
3 2252 4098 1846
3 1986 1988 1987
3 1889 4085 2379
3 2161 2162 1958
3 1267 1377 1376
3 1957 1958 1913
3 818 5109 3717
3 2580 2581 2529
3 1199 4071 1853
3 1050 1083 1082
3 1517 4083 607
3 1380 1382 1381
3 1988 2275 2110
3 933 4156 987
3 1826 4229 3936
3 1283 1284 1128
3 758 777 744
3 1181 1219 1182
3 3467 4404 893
3 523 541 522
3 122 1814 121
3 891 899 892
3 1180 3754 390
3 137 4240 929
3 1764 4111 1760
3 3865 4717 1777
3 2616 3294 2362
3 2596 2764 2095
3 1086 1087 1085
3 1252 4160 1255
3 4076 4078 983
3 1601 4149 1927
3 2632 2938 2107
3 1247 1249 1248
3 1334 3936 1685
3 598 4126 788
3 2016 4188 2596
3 1739 1740 1738
3 288 4180 287
3 1748 4089 1750
3 4449 5310 3393
3 1736 1738 1737
3 761 841 762
3 1446 1911 1910
3 1345 1346 1202
3 1413 3176 2775
3 396 3838 400
3 707 737 709
3 1255 4160 1354
3 2239 4153 1838
3 449 501 500
3 1719 4046 1720
3 2400 4171 2401
3 2332 2333 1702
3 737 761 738
3 1739 4069 1740
3 2610 2919 2581
3 608 4083 613
3 1743 4069 2072
3 2411 4024 2783
3 2892 4210 2172
3 2580 2610 2581
3 1612 4094 1496
3 984 1434 1433
3 2071 4013 2631
3 653 676 654
3 2885 3188 2078
3 1888 4094 1612
3 676 707 677
3 2785 4242 3093
3 3655 4313 2295
3 2099 3007 2715
3 794 811 793
3 851 1102 849
3 1754 4135 1756
3 1966 1968 1967
3 2964 4014 2425
3 1698 4838 3947
3 2650 4047 2652
3 1209 2588 1016
3 640 653 651
3 2455 2922 2921
3 1422 3992 1539
3 2955 3331 3330
3 1837 1972 1839
3 761 842 841
3 1847 4088 1926
3 2408 3336 3084
3 1233 1445 1234
3 777 4184 744
3 4084 4232 2319
3 1928 2383 1605
3 1565 4270 3446
3 1255 1354 1257
3 1196 1278 1215
3 2792 3259 2793
3 2808 4183 2201
3 2610 2920 2919
3 607 4083 608
3 962 964 963
3 1457 1458 1348
3 2481 4135 1768
3 778 793 777
3 1199 1853 1852
3 3259 3261 2793
3 284 4385 283
3 885 4104 887
3 530 791 532
3 1642 2464 1679
3 2816 4135 2481
3 712 765 713
3 1529 1608 1606
3 2524 3607 2220
3 2267 4093 2269
3 891 4104 3934
3 2692 2693 2691
3 4120 4817 2394
3 1088 1090 1089
3 1382 1719 1718
3 997 1125 1124
3 2709 3376 2708
3 26 5105 162
3 796 4090 833
3 1349 4202 1260
3 663 712 664
3 1494 4076 1490
3 2525 2527 2526
3 1496 4094 2232
3 2398 2400 2399
3 1247 1248 1246
3 495 4858 3741
3 2692 2694 2693
3 1523 1792 1522
3 1868 4169 1299
3 2402 3012 2400
3 2547 3389 2937
3 1278 2173 2172
3 3105 4041 2642
3 1959 4189 1961
3 3540 4749 3359
3 939 3273 46
3 1125 1236 1235
3 1236 1396 1395
3 1418 1419 1217
3 926 4237 1875
3 2163 2165 2164
3 2954 4186 1629
3 1072 1197 1196
3 1273 2231 1940
3 3774 4695 3222
3 1249 1251 1250
3 1058 1127 1059
3 2274 3642 1901
3 2382 3037 2887
3 1635 4247 1632
3 4031 4150 2485
3 2607 2742 2544
3 848 849 847
3 1199 1852 1197
3 2975 5144 2974
3 603 4131 1944
3 1488 4174 4122
3 842 970 969
3 2902 5333 3277
3 970 1072 1071
3 2888 3981 2890
3 942 3890 3889
3 2969 2970 2335
3 523 4158 1506
3 723 4128 703
3 3218 3219 2918
3 2644 4041 3008
3 1853 2187 2186
3 1483 4227 3745
3 1880 2046 1667
3 960 962 961
3 396 400 399
3 1638 2077 1656
3 2148 2306 2176
3 2028 4136 1258
3 4280 4505 2223
3 1086 1088 1087
3 1396 1576 1575
3 1720 4046 1723
3 821 826 822
3 1864 2168 1346
3 623 640 639
3 3536 4361 3387
3 1945 3996 2940
3 1713 2177 1823
3 2748 4106 2118
3 4549 4717 2797
3 2212 3254 2978
3 2173 2728 2723
3 1723 3083 2060
3 28 3074 166
3 1449 5322 4051
3 1014 1100 1016
3 1278 2538 2173
3 446 504 503
3 841 4208 1194
3 1139 1383 1288
3 1606 1607 1528
3 1084 1085 1082
3 1760 4111 1762
3 2514 5123 3587
3 1668 1880 1667
3 1100 1233 1209
3 1201 4129 1668
3 3151 3172 1976
3 1626 4186 1625
3 186 2981 185
3 893 5306 3314
3 1347 1348 1336
3 2788 3179 2789
3 1246 4072 1486
3 2296 2299 2298
3 2728 3349 3348
3 1813 1943 1942
3 1986 2833 1988
3 1576 1714 1713
3 1805 1806 1803
3 1922 1997 1856
3 2045 2382 2381
3 2792 2793 2791
3 1508 4132 3970
3 848 850 849
3 2694 2695 2693
3 2169 2376 2168
3 437 1546 441
3 1936 4340 1894
3 2694 2788 2695
3 976 1065 965
3 2450 2453 2452
3 2525 2526 1877
3 1226 1232 1228
3 1674 4398 617
3 4123 4183 2786
3 295 3237 294
3 1472 4197 1474
3 1921 1952 1683
3 1837 1839 1838
3 3642 3644 2705
3 2788 2789 2695
3 1507 1509 1508
3 1972 4064 2860
3 1066 1165 1065
3 1243 1265 1245
3 1968 2167 2166
3 2096 2098 2097
3 1666 4195 1664
3 3883 4297 2409
3 2038 4013 1938
3 2106 2107 2100
3 2187 2744 2743
3 1110 4282 1002
3 2493 4459 1918
3 1940 2146 2145
3 699 726 700
3 2196 2539 1824
3 1972 2858 1839
3 1740 4069 1743
3 712 713 664
3 3860 3861 2152
3 2717 3491 2716
3 1672 3678 1404
3 3769 4610 1589
3 2453 2454 2452
3 2146 2792 2791
3 639 4131 605
3 3597 4347 2560
3 1201 1518 1150
3 374 545 358
3 2306 3236 2917
3 2543 2954 1629
3 2652 4047 2671
3 606 624 623
3 689 4146 723
3 748 4133 751
3 3463 3557 1101
3 2690 4103 2542
3 663 664 545
3 526 2394 528
3 549 552 548
3 960 961 959
3 38 5099 186
3 1478 4509 1707
3 1793 2100 1977
3 2429 4596 3128
3 1601 4343 4149
3 1263 1269 1268
3 2219 2880 1929
3 2111 4193 2829
3 2542 4103 2195
3 1961 4189 2507
3 1510 4132 1508
3 753 4117 768
3 1444 4845 3197
3 2519 4121 2517
3 2161 2163 2162
3 1518 4125 1669
3 3390 4888 1607
3 765 766 713
3 166 4239 165
3 2574 2575 2330
3 3189 3400 2773
3 2232 4076 1494
3 1723 4046 3083
3 2319 4232 3044
3 1957 2161 1958
3 1898 2702 1556
3 3715 4661 2175
3 1846 4098 1742
3 534 805 502
3 2975 5162 5144
3 840 942 855
3 1901 3642 2705
3 2956 2957 2368
3 1682 1683 1419
3 2778 4102 2169
3 1529 1606 1528
3 3473 3474 3472
3 1879 4043 2038
3 402 4277 638
3 2875 5270 2840
3 3320 4274 3322
3 1912 1957 1913
3 1317 4302 1414
3 506 1573 508
3 2082 2083 1741
3 1073 1170 1078
3 1283 1522 1284
3 1127 1283 1128
3 842 969 841
3 2964 5093 4014
3 715 716 714
3 1608 1862 1606
3 1068 4159 1107
3 932 985 950
3 1807 4134 2042
3 2888 2890 2703
3 1805 1808 1807
3 1088 1152 1090
3 747 4133 748
3 3862 3864 3861
3 1291 4196 1297
3 1446 1910 1909
3 4040 4189 1959
3 1170 1289 1172
3 1289 1422 1290
3 828 932 829
3 236 1323 63
3 2055 4127 1457
3 1107 4159 1214
3 1811 4213 1813
3 2757 4501 4387
3 997 1124 872
3 1047 4201 3771
3 985 1073 1017
3 664 2033 545
3 1911 1912 1910
3 989 4403 3825
3 2998 3426 2341
3 3695 4348 3814
3 2512 3284 3283
3 1406 4225 2174
3 1445 1446 1234
3 3054 3055 3053
3 3015 5169 2635
3 1812 4134 1809
3 2375 3500 2927
3 1422 1539 1423
3 306 4834 305
3 1531 4074 866
3 2240 2550 2241
3 1805 1807 1806
3 1924 4163 2217
3 1647 2354 1646
3 2529 4140 2530
3 3277 5277 5268
3 1943 2045 2044
3 1859 4151 4150
3 2142 2280 2143
3 1541 1663 1542
3 2521 4104 885
3 138 4240 137
3 766 974 713
3 1536 4223 442
3 1093 2885 2078
3 964 965 963
3 4073 4744 1486
3 4321 4408 3791
3 666 699 667
3 2096 2142 2098
3 688 4266 685
3 2612 4133 747
3 4112 4303 1433
3 2187 2743 2186
3 2700 5200 3209
3 1084 1086 1085
3 2737 4757 4096
3 1808 1809 1807
3 3262 4191 2793
3 237 4144 236
3 2146 2791 2790
3 2290 3249 2552
3 3022 4979 3021
3 1014 1016 930
3 3270 5121 1712
3 2730 4441 4139
3 1048 1109 1103
3 1256 2054 1254
3 1335 1336 1334
3 2201 4183 2200
3 955 4242 4049
3 766 2015 975
3 1875 2525 1877
3 959 4392 4328
3 500 522 450
3 1658 2211 1393
3 817 4325 3995
3 2422 3275 2421
3 2706 4305 2155
3 590 592 589
3 2532 4159 1068
3 1377 1660 1378
3 2581 4140 2529
3 703 4128 724
3 547 548 546
3 970 1071 969
3 1669 4161 1671
3 3223 5185 320
3 3473 3507 3474
3 1801 1900 1666
3 1539 1541 1540
3 3470 3473 3472
3 1083 1084 1082
3 1391 4115 1137
3 2623 4496 2621
3 2362 4188 1952
3 1836 1837 1434
3 3290 5148 2126
3 1072 1196 1071
3 3731 4480 3739
3 387 395 386
3 1853 2186 1852
3 2089 4330 2091
3 3861 4061 2152
3 864 4074 1046
3 534 806 805
3 923 4237 926
3 3309 4911 2380
3 1233 1234 1209
3 500 523 522
3 1810 1811 1809
3 2328 2574 2330
3 1665 1800 1666
3 1663 1665 1664
3 1837 4064 1972
3 235 4082 234
3 618 4248 633
3 3368 4376 3933
3 2767 3334 2744
3 2280 3157 2143
3 3565 3672 992
3 1069 1201 1150
3 2562 2909 2346
3 2218 4234 1844
3 3520 4645 3450
3 2955 3330 2954
3 4363 4467 2453
3 1566 1567 1362
3 1467 1610 1391
3 1542 2040 1540
3 396 399 395
3 1627 4273 4018
3 1438 4226 1655
3 2115 4164 1922
3 1794 4168 1522
3 606 623 605
3 1814 3870 121
3 4315 4966 3583
3 1968 2566 2167
3 1538 4146 657
3 1430 4182 4181
3 1457 4127 1458
3 3437 4904 4875
3 1875 4237 2525
3 1205 1335 1334
3 2142 2143 2098
3 415 416 413
3 2682 4288 3993
3 604 605 603
3 3310 4811 1674
3 3485 3939 1079
3 1295 1564 1294
3 3804 4399 3803
3 887 4104 891
3 1785 4118 2244
3 1742 4098 2082
3 1758 4291 1764
3 1923 2243 1924
3 139 2486 138
3 2551 4173 1346
3 1923 2761 2243
3 602 603 601
3 546 4252 1990
3 2498 4172 3094
3 2200 4183 4123
3 446 503 502
3 2729 3177 2639
3 1793 1977 1792
3 1728 4233 1639
3 1202 4173 1166
3 3443 4256 2421
3 847 4341 3571
3 3419 3420 2474
3 2488 2896 2559
3 600 601 598
3 984 1836 1434
3 4049 4242 2499
3 2731 4441 2730
3 1736 4137 1739
3 779 4259 845
3 1882 4199 1883
3 550 551 549
3 720 3904 3784
3 1836 4064 1837
3 2509 3885 3501
3 2955 4162 3331
3 597 598 596
3 508 509 507
3 1125 1235 1124
3 66 2952 242
3 1236 1395 1235
3 1638 1656 1635
3 3267 5064 4792
3 546 1990 539
3 1685 3936 2458
3 506 507 505
3 1396 1575 1395
3 4160 4460 1354
3 3732 4480 3729
3 432 436 434
3 519 525 524
3 3970 4132 2787
3 657 4146 689
3 4134 4145 2042
3 3069 3100 2742
3 1283 4217 1523
3 2598 3071 1357
3 1517 4234 4083
3 1253 1258 1250
3 315 3865 314
3 510 511 509
3 2592 4245 1013
3 2787 4248 571
3 3365 4681 4372
3 1194 4208 1986
3 1858 2256 1789
3 400 404 403
3 1591 1681 1406
3 1284 4168 1413
3 1632 4247 1630
3 595 596 569
3 1863 2555 2554
3 3116 3233 2677
3 1378 1380 1379
3 1100 1209 1016
3 1357 4180 288
3 2095 2096 2017
3 521 4259 779
3 3835 4264 1953
3 3243 5134 1917
3 714 4252 548
3 3150 3151 1976
3 962 963 961
3 1378 1379 1376
3 1423 1559 1290
3 1253 4035 1259
3 2648 4249 2645
3 512 513 511
3 1694 2140 1871
3 2600 2997 2911
3 3142 4127 2055
3 2901 4121 2519
3 1318 4391 1615
3 1172 1173 1078
3 185 2981 870
3 2240 2241 1815
3 1315 4822 3637
3 929 2210 2209
3 717 718 716
3 4100 4405 2836
3 806 808 807
3 1276 2181 1110
3 2517 4121 3747
3 1363 4082 235
3 314 1777 313
3 984 4239 1836
3 514 515 513
3 1901 2705 1301
3 2762 4481 2958
3 2603 2868 2604
3 1677 4454 3586
3 2738 5227 3358
3 1248 4072 1246
3 1361 1362 1291
3 967 4267 846
3 2016 2095 2017
3 1844 4234 1517
3 2082 2321 2083
3 553 4231 3841
3 3544 3610 2276
3 1267 1375 1266
3 1688 2153 2047
3 3886 4388 1501
3 1272 4353 311
3 1323 3506 3005
3 1090 1092 1091
3 642 1181 669
3 2203 4178 2959
3 4083 4234 2830
3 287 3170 88
3 1245 1246 1244
3 1890 2199 2089
3 4377 4468 2566
3 516 517 515
3 1817 4570 1855
3 2157 4256 2156
3 3797 4194 944
3 2671 4300 2654
3 510 785 512
3 1684 2753 2206
3 2947 2949 2338
3 389 4279 2533
3 2321 2512 2511
3 1800 1802 1801
3 1711 1778 1389
3 1555 4536 1551
3 1677 4217 1127
3 719 720 718
3 2848 4272 2850
3 1463 1789 1462
3 2356 2357 1899
3 1201 1667 1518
3 3441 5264 2306
3 938 4360 1537
3 2316 2421 2157
3 2255 2338 1810
3 1671 4161 2327
3 601 4126 598
3 2169 4102 2376
3 1656 4247 1635
3 2685 2913 2683
3 518 519 517
3 745 746 720
3 742 828 743
3 1145 4270 1565
3 692 742 693
3 4124 4248 2787
3 1252 4221 4160
3 803 804 746
3 2574 4227 2575
3 1998 2838 2073
3 3283 3285 2511
3 2077 2136 1656
3 404 407 406
3 3446 4270 3704
3 676 4215 708
3 624 4167 623
3 2401 4171 2964
3 1359 4263 1227
3 683 4433 682
3 1790 2814 2813
3 1952 2016 1953
3 2100 2488 1977
3 929 4240 2210
3 2082 4098 2534
3 1839 4178 2203
3 1809 4134 1807
3 938 1537 804
3 1261 1266 1260
3 853 4254 858
3 1109 1195 1184
3 1673 4488 116
3 3366 4670 772
3 1416 2041 1711
3 1219 1220 1182
3 1240 2170 1455
3 1576 1713 1575
3 1245 4068 1247
3 540 546 539
3 3388 4445 2800
3 1108 4502 258
3 2746 3940 3485
3 2588 4275 1016
3 1249 1252 1251
3 1943 2395 2045
3 2505 4280 3695
3 566 1597 551
3 3683 4220 2706
3 1166 4157 1165
3 4072 4073 1486
3 1568 4311 4310
3 1064 1568 972
3 1446 4205 1911
3 4051 5322 3094
3 3900 4914 3022
3 1195 1577 1465
3 2904 3391 3040
3 3446 3704 3448
3 1509 4265 1511
3 3266 5029 3240
3 1358 4251 231
3 1824 4205 1445
3 2016 2017 1953
3 959 4328 956
3 971 1063 972
3 2244 4118 3332
3 2702 4489 3539
3 1834 1976 1610
3 3111 3112 3039
3 880 4566 1094
3 361 4561 3521
3 2786 4262 1701
3 604 606 605
3 1243 1245 1244
3 2656 4300 2668
3 969 4208 841
3 2433 4509 1896
3 640 4167 1534
3 4282 4355 1002
3 605 4131 603
3 514 1985 516
3 850 971 851
3 571 4248 618
3 518 647 520
3 1665 1666 1664
3 534 1561 806
3 1511 4265 4039
3 1470 4939 3220
3 4145 4172 2498
3 2761 2762 2243
3 1165 4157 1273
3 1387 1688 1687
3 4283 4625 4282
3 2826 4742 3793
3 638 4276 3640
3 2798 4524 4390
3 2357 3024 2912
3 1365 4292 1367
3 1857 4492 1025
3 1377 1378 1376
3 1952 1953 1683
3 1808 1810 1809
3 3217 4486 3004
3 602 604 603
3 2285 4284 2222
3 354 1342 352
3 2917 3218 2918
3 1522 4168 1284
3 448 2729 2639
3 625 4487 620
3 172 4425 171
3 2212 2978 1660
3 1663 1664 1542
3 3409 5160 4738
3 532 4231 553
3 1346 4173 1202
3 952 4296 4130
3 494 4444 3834
3 705 4544 697
3 1340 1646 1177
3 1253 1259 1258
3 1800 1801 1666
3 586 630 588
3 1269 1291 1268
3 3373 4609 2616
3 505 4228 503
3 1238 2179 1174
3 405 446 445
3 1050 1082 1081
3 1900 4195 1666
3 1577 3585 1465
3 2846 4971 3419
3 3575 4860 1360
3 3133 4379 3096
3 2858 4178 1839
3 1541 1542 1540
3 4241 4932 3719
3 2958 4163 2243
3 600 602 601
3 2151 2730 1992
3 414 423 412
3 449 450 444
3 3294 4188 2362
3 1166 4173 4157
3 1568 4524 4311
3 2004 2236 2085
3 1667 4125 1518
3 3406 4535 3425
3 2921 4727 1322
3 2113 5245 3766
3 2321 2511 2083
3 2608 4814 2609
3 1259 1263 1262
3 1050 1081 1049
3 3274 5073 3060
3 497 4990 3733
3 1534 4215 653
3 1069 4129 1201
3 2766 4963 4283
3 405 445 402
3 623 4167 640
3 1651 4299 1649
3 2409 4297 1431
3 404 406 403
3 849 4341 847
3 1170 1172 1078
3 2499 4242 2785
3 1220 1221 1182
3 3350 5116 20
3 597 600 598
3 459 4506 457
3 990 2059 967
3 1289 1290 1172
3 2415 2608 2242
3 1422 1423 1290
3 1073 1078 1017
3 975 1049 974
3 647 692 648
3 2567 5166 3205
3 1769 4321 3791
3 1273 4157 2231
3 2869 4272 2848
3 407 409 408
3 2236 2629 2431
3 3322 4274 3327
3 1413 4168 3176
3 3569 4460 2565
3 1205 1334 1333
3 2046 4125 1667
3 1539 1540 1423
3 407 408 406
3 3358 4451 1673
3 1691 1693 1690
3 1802 1804 1803
3 766 975 974
3 985 1017 950
3 449 500 450
3 2166 4192 2547
3 801 4143 765
3 1580 1850 1680
3 2997 3196 3195
3 1332 1595 1164
3 950 988 829
3 1231 1416 1389
3 2919 4319 2581
3 3342 4817 1543
3 595 597 596
3 158 757 23
3 507 2564 505
3 2167 4192 2166
3 3803 4399 2892
3 1445 4205 1446
3 4135 4291 1756
3 1257 1260 1256
3 1259 4035 1264
3 932 950 829
3 3375 4687 2634
3 3241 3377 3239
3 27 4303 164
3 2512 3283 2511
3 119 4260 521
3 2011 3927 1654
3 443 449 444
3 2745 4965 4225
3 2559 4246 1977
3 3737 4397 3741
3 3353 4512 3356
3 1222 1223 1221
3 443 444 442
3 975 1050 1049
3 551 4114 549
3 4156 4348 4009
3 409 410 408
3 1250 4136 1248
3 1955 4733 4533
3 3119 3789 3052
3 995 1535 1193
3 3460 4366 4022
3 1292 1600 1293
3 504 505 503
3 2973 4324 3701
3 808 810 809
3 1553 1580 1555
3 1986 4208 2833
3 1736 1737 1735
3 2917 2918 2176
3 1215 4365 1071
3 2428 5283 2294
3 4125 4161 1669
3 2575 4216 2330
3 4037 4305 2445
3 552 715 714
3 2029 5012 3313
3 2459 4630 1840
3 4250 4374 3260
3 3316 4423 3221
3 6 4488 115
3 2939 4991 2490
3 411 412 410
3 1220 1222 1221
3 1267 1376 1375
3 344 4281 346
3 1778 4257 1389
3 1470 4566 882
3 1802 1803 1801
3 3977 4346 843
3 3237 4211 1407
3 2654 4300 2656
3 525 539 524
3 1852 4214 1197
3 1909 4244 1234
3 2266 2712 2436
3 1998 1999 1997
3 1945 2940 2757
3 1615 4391 2103
3 2579 4253 1054
3 1567 1914 1362
3 845 4259 2013
3 378 3954 1104
3 826 4840 1443
3 2820 4381 2817
3 3649 4481 3149
3 2733 4418 2569
3 4319 4320 4140
3 717 1183 719
3 506 508 507
3 1092 1205 1204
3 2668 2685 2683
3 850 851 849
3 862 4204 860
3 993 4317 2579
3 1984 4265 1509
3 2688 4431 4066
3 103 4236 1330
3 568 569 562
3 580 4627 578
3 413 414 412
3 2816 4291 4135
3 653 4215 676
3 1222 1224 1223
3 568 595 569
3 441 443 442
3 3074 4239 166
3 1197 4214 1196
3 2148 2176 1799
3 508 510 509
3 1252 1254 1251
3 1804 1805 1803
3 3952 4826 1443
3 3728 4557 3732
3 3745 4648 1188
3 3526 5271 4540
3 2382 3135 3037
3 803 1163 938
3 441 442 438
3 437 441 438
3 3449 4342 3445
3 765 4143 766
3 4192 4917 3389
3 1435 4683 3433
3 409 411 410
3 2949 2989 2338
3 428 430 429
3 1408 4442 2698
3 424 426 425
3 3246 4698 3245
3 1894 4340 1533
3 791 4231 532
3 1278 4214 2538
3 1952 4188 2016
3 1813 4213 1943
3 1027 4492 1603
3 1085 4218 1082
3 1792 4246 1794
3 434 437 435
3 3934 4293 1989
3 510 512 511
3 1081 4218 1966
3 519 524 517
3 1385 4292 1365
3 1255 1256 1254
3 504 506 505
3 1119 4352 1015
3 203 4055 45
3 437 438 435
3 2977 5162 2975
3 1261 1267 1266
3 2814 3068 2815
3 2059 4539 3376
3 1331 1332 1164
3 131 2339 130
3 2527 4375 2580
3 3021 4994 4307
3 565 566 551
3 496 4444 494
3 432 434 433
3 3114 5102 4161
3 1350 4585 1203
3 4182 4467 4363
3 1922 1998 1997
3 2243 4163 1924
3 1098 4392 961
3 2739 5256 3852
3 3166 5161 3888
3 426 428 427
3 3251 4814 1614
3 1995 4442 1481
3 430 432 431
3 2539 4205 1824
3 1224 1225 1223
3 428 429 427
3 2866 4668 3361
3 434 435 433
3 2421 4256 2157
3 307 941 93
3 2974 5113 4030
3 512 514 513
3 311 4353 310
3 1175 4500 1240
3 1212 4859 3385
3 400 403 399
3 2298 4219 2996
3 3021 4307 2612
3 426 427 425
3 2333 4258 1702
3 828 829 743
3 1063 1176 1064
3 4054 5190 3855
3 1311 1313 1312
3 1046 4204 862
3 430 431 429
3 905 4486 1187
3 1127 4217 1283
3 3225 3227 3226
3 1383 1462 1288
3 432 433 431
3 426 1012 428
3 2309 5140 4302
3 2333 5098 3660
3 4242 4328 3093
3 2096 4203 2142
3 424 425 423
3 2474 4241 2077
3 3593 4859 1074
3 1756 4291 1758
3 383 4154 380
3 3073 4443 3030
3 1209 4244 2588
3 2764 4203 2095
3 1596 1856 1595
3 1241 1243 1242
3 1181 1182 669
3 620 5315 592
3 2177 2903 2513
3 2837 4401 75
3 1122 5233 4332
3 1232 4323 1228
3 1340 1648 1647
3 514 516 515
3 1176 1339 1177
3 858 4254 1923
3 565 1674 617
3 1241 1242 1239
3 4023 4476 2804
3 410 1562 408
3 3802 4550 2617
3 1257 1261 1260
3 1079 3939 1132
3 1196 4214 1278
3 4405 4439 2836
3 3252 4432 1386
3 971 972 851
3 2881 5007 2537
3 766 4143 2015
3 1139 4253 1383
3 2383 4316 1605
3 548 4252 546
3 257 4502 2191
3 2618 4550 3405
3 3167 4626 2748
3 1653 1654 1651
3 4245 4357 934
3 3344 4770 4620
3 4460 5104 3538
3 1654 4299 1651
3 132 4235 14
3 4164 4371 2838
3 1124 4325 872
3 101 4567 0
3 2095 4203 2096
3 3338 5338 3489
3 516 518 517
3 125 4278 124
3 549 4114 552
3 318 4494 99
3 2170 2171 1455
3 1734 1736 1735
3 948 949 827
3 389 2533 391
3 2486 4240 138
3 3995 4643 1007
3 1217 4362 1146
3 2180 2873 2179
3 2027 4565 2025
3 2228 4484 2353
3 1880 4230 2046
3 1603 4623 3866
3 824 4547 758
3 4646 4983 3296
3 411 413 412
3 1300 1301 1277
3 1648 1650 1649
3 4328 4392 3093
3 678 4326 3820
3 1929 4271 1332
3 3990 4661 3716
3 2807 4674 251
3 2677 4249 2648
3 2012 2856 2855
3 1596 1922 1856
3 3778 5139 3779
3 518 520 519
3 1252 1255 1254
3 1410 4442 1408
3 955 4328 4242
3 2547 4192 3389
3 2892 4538 4210
3 406 756 403
3 3508 4886 3507
3 3867 4473 3924
3 2231 4250 1940
3 455 4395 1315
3 2103 2335 2334
3 3238 3239 3229
3 4575 4653 4147
3 380 4154 3954
3 3221 4423 3219
3 3921 4468 4377
3 2701 2960 2302
3 1660 4306 1378
3 1050 4286 1083
3 1507 4344 1984
3 2897 4862 4119
3 826 827 822
3 2310 3095 2309
3 2712 3347 3207
3 2223 4505 1467
3 521 4260 4259
3 4597 4680 3615
3 1417 3314 2759
3 2306 2917 2176
3 1998 4164 2838
3 1892 3951 1699
3 1015 4352 3979
3 1683 4264 1419
3 2560 4347 2561
3 1259 1262 1258
3 956 4328 955
3 1261 4369 3624
3 2914 4340 1936
3 2077 4241 2136
3 3423 4386 4309
3 3112 4112 3039
3 575 4338 577
3 2510 5280 4491
3 617 4398 642
3 693 1403 648
3 1248 4136 4072
3 414 1643 424
3 2904 3040 2903
3 1596 4271 2115
3 934 4357 945
3 4105 4394 2186
3 1241 4224 1243
3 1827 2967 2865
3 2033 4238 545
3 2630 4464 4463
3 3090 5043 2887
3 393 764 397
3 2845 4207 2434
3 2165 4396 2164
3 3532 4408 3530
3 593 620 592
3 2356 4222 2357
3 860 4204 3638
3 3544 4715 3612
3 1380 4306 4075
3 1378 4306 1380
3 2735 4773 2733
3 414 424 423
3 1247 4221 1249
3 2640 4477 3105
3 2506 4597 3615
3 101 4618 4567
3 4463 4464 2811
3 1600 4316 1790
3 3012 4171 2400
3 2288 2346 1208
3 1650 1652 1651
3 4133 4312 1515
3 1340 4351 1648
3 2010 2309 1585
3 4189 4403 2507
3 1263 1268 1262
3 3308 4440 3890
3 1711 2012 1778
3 515 1557 513
3 1032 3235 977
3 1163 1164 938
3 4473 5107 3925
3 1841 4630 4116
3 1082 4218 1081
3 3126 4441 2731
3 2146 4250 2792
3 3453 5342 3457
3 3652 4664 3944
3 3667 4356 1905
3 197 2510 196
3 1255 1257 1256
3 3230 4972 2837
3 1265 4068 1245
3 4062 4582 1721
3 3814 4348 4156
3 4067 4349 2587
3 1681 4225 1406
3 2953 4484 2386
3 545 4238 358
3 1388 2356 1899
3 2299 2300 2298
3 4291 4381 1764
3 1234 4244 1209
3 97 4957 2870
3 1992 4230 1880
3 1229 4335 1222
3 2668 4300 2685
3 945 4357 1048
3 199 4528 198
3 1977 4246 1792
3 1702 4258 1531
3 3921 4377 4218
3 4061 4318 570
3 2549 3257 1355
3 1815 4268 1567
3 3380 4445 321
3 713 4243 664
3 358 4238 356
3 4962 5043 3090
3 927 4375 4237
3 2555 3026 2722
3 2366 4679 3136
3 2314 4427 2570
3 2472 4028 2153
3 345 4878 343
3 2781 5190 4054
3 1923 4254 2761
3 1852 4394 4214
3 742 743 693
3 1036 1070 1037
3 3742 4450 1770
3 1243 1244 1242
3 4109 5070 4108
3 1102 4341 849
3 3173 5044 2909
3 2256 2491 1789
3 1771 4450 1916
3 3818 4631 3765
3 4462 4504 2869
3 4697 4816 2988
3 3398 4820 2935
3 4434 5120 574
3 2256 2713 2491
3 1777 4382 313
3 2863 3171 2862
3 930 4275 801
3 1738 4367 1737
3 2933 4499 2548
3 638 4277 4276
3 1319 4391 1318
3 1741 4367 1738
3 1323 2972 63
3 3269 4470 2305
3 1441 4320 4319
3 241 4419 980
3 2872 4022 3099
3 1773 4601 1776
3 2823 4447 2820
3 2237 4679 1825
3 3935 5121 3036
3 4382 4549 2863
3 697 4504 670
3 2067 4349 4067
3 4059 4336 2232
3 1928 2872 2383
3 4375 4498 2580
3 2998 5331 3427
3 1806 4294 1803
3 2299 2708 2300
3 561 562 557
3 2171 2916 1455
3 1531 4258 4074
3 1940 4250 2146
3 287 4180 3170
3 417 418 416
3 989 4462 4403
3 2829 4429 3788
3 1907 2238 1969
3 261 4673 74
3 974 4243 713
3 2600 2911 2171
3 1054 1138 1013
3 1955 4533 645
3 2595 4349 2067
3 2573 4462 2869
3 2984 4933 4596
3 692 693 648
3 1340 1647 1646
3 2408 4396 3336
3 872 4325 817
3 3601 4668 2867
3 2357 4222 3024
3 3420 4241 2474
3 2177 2904 2903
3 2064 4706 1830
3 2450 4363 2453
3 236 4144 1323
3 1054 1139 1138
3 1608 4301 1862
3 1016 4275 930
3 993 1054 1013
3 4097 4321 1769
3 1251 4261 1253
3 2820 4447 4381
3 2774 4393 2594
3 3776 5289 3058
3 647 648 520
3 1063 1064 972
3 3846 4507 633
3 10 2084 125
3 116 4488 6
3 3574 4725 4541
3 4615 4830 2275
3 2180 2898 2874
3 1943 4213 2395
3 664 4243 2033
3 2825 4525 2823
3 3712 5008 2351
3 1139 1216 1138
3 325 4055 203
3 2059 4267 967
3 1506 4344 1507
3 511 535 509
3 1139 1288 1216
3 4307 4312 2612
3 1443 4826 948
3 4775 5124 4172
3 1288 1292 1216
3 2191 4816 4697
3 3933 4376 471
3 1568 4310 972
3 2218 4405 4234
3 2600 4295 2997
3 3846 4558 4507
3 1945 2757 1532
3 386 4154 383
3 2581 4319 4140
3 561 568 562
3 3864 4318 3861
3 969 4365 4208
3 993 1013 810
3 2612 4312 4133
3 3730 4472 3805
3 2521 4636 3601
3 1811 4290 4213
3 2209 4511 2724
3 1258 4136 1250
3 2938 3205 2107
3 109 4604 108
3 4076 4336 4078
3 3578 5324 3579
3 1349 4431 4202
3 1791 3490 839
3 851 4310 1102
3 1093 3063 2885
3 550 565 551
3 2249 2914 1936
3 4174 4308 4122
3 4220 4305 2706
3 2806 4321 4097
3 1399 2766 1401
3 3592 4768 1173
3 2880 4271 1929
3 696 821 820
3 1224 1226 1225
3 2697 4925 4640
3 3233 4249 2677
3 4214 4394 2538
3 3321 4813 3432
3 2015 4286 975
3 1714 4350 1713
3 1953 4264 1683
3 4009 4348 2223
3 1164 4360 938
3 3968 4621 2631
3 5006 5089 3081
3 617 641 566
3 2241 4268 1815
3 446 502 445
3 1707 4876 3636
3 3242 5084 2265
3 4176 4407 669
3 1362 4196 1291
3 1922 4164 1998
3 2390 4152 239
3 2614 4558 2613
3 4528 5280 2510
3 1332 1596 1595
3 552 2597 715
3 621 625 620
3 3502 5347 3079
3 1354 4369 1257
3 1270 4695 1106
3 1144 4352 1119
3 528 4400 530
3 1292 1601 1600
3 445 4277 402
3 1067 4695 3774
3 39 3595 188
3 2278 2626 1554
3 4456 5141 1829
3 1861 4459 3430
3 3609 4803 4047
3 346 4281 448
3 3791 4408 2482
3 2747 3167 2748
3 1684 4428 2753
3 2040 4298 1540
3 4268 4269 1914
3 1914 4196 1362
3 1663 4663 2207
3 3020 4706 2842
3 530 4400 791
3 3873 4883 3879
3 4028 4928 2303
3 1801 4294 1900
3 3740 4397 3737
3 1243 4224 1265
3 1810 4290 1811
3 3371 5046 3534
3 3533 4700 2175
3 3441 4635 2605
3 375 4591 947
3 626 627 625
3 3703 4589 3428
3 2482 4485 3780
3 1648 1649 1647
3 401 1572 405
3 2816 4381 4291
3 1416 1711 1389
3 4208 4365 2833
3 2994 4594 4415
3 190 4845 1444
3 699 2229 726
3 4122 4308 2922
3 2199 4330 2089
3 4181 4363 2448
3 1998 2073 1999
3 1501 4388 3286
3 2054 4261 1254
3 1968 4377 2566
3 1590 4542 3685
3 2231 4374 4250
3 1419 4362 1217
3 1932 4678 3593
3 2346 4479 1208
3 2153 2303 2047
3 1790 4316 2814
3 2351 5065 3712
3 242 4419 241
3 3861 4318 4061
3 2295 4313 2296
3 183 4848 3744
3 2978 4306 1660
3 2414 3152 2746
3 503 534 502
3 3764 4569 3762
3 998 4482 3840
3 3825 4403 4189
3 2713 4327 2491
3 3779 4781 3989
3 2137 2139 1903
3 2143 5219 4712
3 2011 3928 3927
3 1176 1177 1064
3 1423 4298 1559
3 1799 4301 1608
3 3570 4774 2127
3 2909 3603 2346
3 4078 4336 3884
3 986 2863 2862
3 3005 3006 2972
3 808 993 810
3 2687 4727 3702
3 2730 4230 1992
3 3503 4747 1655
3 2296 4313 2299
3 1048 2043 1109
3 4014 5093 3414
3 556 561 557
3 1601 1605 1600
3 1339 1340 1177
3 2336 2931 2337
3 164 3255 163
3 975 4286 1050
3 642 666 641
3 4358 5045 3169
3 4015 4729 4016
3 1684 2004 1577
3 1832 4857 3421
3 821 822 820
3 715 717 716
3 2606 4545 3776
3 1851 2266 1850
3 4488 5029 3266
3 4565 5236 3091
3 4384 4452 2741
3 250 2563 249
3 154 4769 1286
3 447 4696 370
3 3738 4651 3740
3 2525 4375 2527
3 652 4560 656
3 1226 1227 1225
3 1222 4335 1224
3 2031 2607 2544
3 633 4507 631
3 4068 4221 1247
3 2448 4363 2450
3 2635 4469 2196
3 399 1588 395
3 503 4228 534
3 1034 1036 1035
3 3568 4421 3565
3 1652 1854 1653
3 1328 1421 1306
3 643 4507 1538
3 801 4275 4143
3 447 4927 3432
3 2126 5148 133
3 2564 4228 505
3 1709 4483 276
3 1092 4466 3687
3 3068 4873 4826
3 2232 4336 4076
3 1650 1651 1649
3 1253 4261 4035
3 49 2467 208
3 1653 2011 1654
3 1323 4144 3506
3 1580 1851 1850
3 4218 4377 1966
3 4247 4364 2543
3 1323 3005 2972
3 1195 1684 1577
3 757 2198 1734
3 2734 2735 2733
3 3028 5063 3282
3 3169 3463 1101
3 313 4382 312
3 2164 4396 2408
3 1601 1927 1605
3 1397 4692 1235
3 1249 4221 1252
3 2817 4381 2816
3 2582 4467 4182
3 728 772 730
3 1231 1389 1230
3 3908 4416 2732
3 2898 2899 2874
3 2012 2857 2856
3 4539 4723 3376
3 1228 1230 1227
3 835 968 967
3 565 617 566
3 4234 4405 2830
3 2100 4368 2488
3 2974 5144 5113
3 642 669 666
3 2083 4367 1741
3 2857 2980 2856
3 2009 4523 2768
3 363 4561 361
3 4237 4375 2525
3 1228 1231 1230
3 3670 5246 3002
3 171 4425 1543
3 3557 4884 3342
3 2981 5091 4500
3 1254 4261 1251
3 588 590 589
3 4369 5188 2907
3 2461 4422 3588
3 1916 4523 1915
3 1132 3939 1319
3 1966 4377 1968
3 1832 4953 3646
3 1845 2893 2509
3 518 4337 647
3 2703 4489 2702
3 2309 4302 1585
3 269 4514 268
3 3867 5153 4473
3 1803 4294 1801
3 2073 2074 1999
3 1688 2047 1687
3 2864 3242 2471
3 4048 4454 1677
3 2960 2961 2302
3 2830 4405 4100
3 391 4331 393
3 3213 4426 3216
3 4073 4458 3057
3 4324 4912 2320
3 21 4548 763
3 1311 1312 1310
3 717 719 718
3 2893 5238 5115
3 1226 1228 1227
3 1567 4268 1914
3 2857 3163 2980
3 2418 4959 3330
3 1071 4365 969
3 2570 4427 3755
3 2224 4663 1541
3 1694 1871 1693
3 2802 4775 4172
3 3905 4680 1920
3 2180 2874 2873
3 1054 4253 1139
3 3944 4664 1994
3 2266 2915 2712
3 1546 4842 3577
3 4182 4363 4181
3 1400 5326 1133
3 2545 3479 3168
3 1540 4298 1423
3 1918 4459 1861
3 2133 2925 2924
3 1561 4317 806
3 1595 4360 1164
3 3598 4308 4174
3 1597 4114 551
3 3609 5042 3831
3 448 4281 2729
3 1646 4390 1177
3 719 745 720
3 1927 2302 1928
3 2107 4368 2100
3 4299 4370 1649
3 3177 4477 2639
3 1387 4359 1688
3 2507 4403 2571
3 745 803 746
3 3055 4404 3053
3 3537 5083 2492
3 803 938 804
3 4054 5094 2781
3 2952 4419 242
3 12 4438 1483
3 2705 3078 1301
3 1191 1305 1303
3 2957 5212 3626
3 1927 1928 1605
3 2313 4427 2314
3 2338 4290 1810
3 4685 4894 3235
3 2118 4106 1644
3 3475 3476 1390
3 4169 4510 2943
3 397 4314 401
3 2977 5203 5162
3 534 4228 1561
3 3766 5245 3232
3 1985 4337 516
3 419 420 418
3 2153 4028 2303
3 2 4455 701
3 617 642 641
3 3250 3251 1614
3 3264 5174 2777
3 628 629 627
3 3718 4644 3719
3 2989 4290 2338
3 2350 4735 3764
3 2394 4400 528
3 1175 1238 1174
3 1684 2206 2004
3 1552 1553 1551
3 2530 4540 2528
3 1647 4370 2354
3 2810 4463 2811
3 517 4315 515
3 2013 4952 4719
3 927 4498 4375
3 1652 1653 1651
3 949 1002 827
3 1645 2336 2119
3 2415 4402 3540
3 1607 4954 3390
3 968 990 967
3 1001 1041 1006
3 4264 4362 1419
3 2863 4549 3244
3 3721 4666 2831
3 1238 2180 2179
3 2936 4820 4142
3 2800 4445 3144
3 2918 4301 2176
3 2837 4642 4401
3 2944 4581 2693
3 225 2369 57
3 1039 2414 1055
3 159 3468 3025
3 1570 1845 1695
3 1552 2277 1554
3 1735 4200 1733
3 3315 4461 2759
3 645 646 629
3 3169 5045 3463
3 3231 5064 5026
3 1208 4479 144
3 642 4398 1181
3 4080 4608 1117
3 1257 4369 1261
3 3326 4813 3323
3 2177 4350 2904
3 3009 5231 5137
3 2343 2736 2605
3 4263 4756 1860
3 2186 4394 1852
3 3719 5344 4241
3 3887 4490 936
3 3780 4781 3779
3 4173 4373 4157
3 2863 3244 3171
3 2946 3193 2629
3 686 4433 683
3 4038 4430 2532
3 2904 4563 3391
3 1713 4350 2177
3 2176 4301 1799
3 2607 3069 2742
3 4325 4692 3284
3 1392 4434 576
3 4248 4448 633
3 2277 2343 2278
3 4624 4772 2728
3 4245 4562 4357
3 2597 4471 715
3 4381 4447 1764
3 1228 4323 1231
3 2780 5330 4833
3 4510 4603 2943
3 195 4491 41
3 1240 1455 1241
3 2614 4653 4575
3 2134 5156 2001
3 2715 4722 2714
3 3880 4517 4424
3 412 4329 410
3 4017 4431 2688
3 3103 5221 4705
3 3330 5109 3482
3 2565 4460 3538
3 2583 4518 4467
3 405 4372 446
3 1117 4608 1131
3 961 4392 959
3 1212 4809 3969
3 3831 5042 3786
3 1455 4224 1241
3 972 4310 851
3 513 4333 511
3 4159 4430 1868
3 1885 4833 1884
3 1390 3478 206
3 2236 2946 2629
3 949 1003 1002
3 2303 2304 2047
3 2570 2734 2733
3 4186 4959 3650
3 3648 5252 2968
3 1991 4958 80
3 4437 4638 2596
3 1133 5164 1042
3 1151 4932 3714
3 2690 4529 4439
3 4430 4510 1868
3 1851 4339 2266
3 3869 5169 3015
3 1064 4390 1568
3 446 4372 504
3 2373 5176 5089
3 894 3250 1614
3 3680 5335 3681
3 555 556 537
3 4103 4439 2218
3 1240 1241 1239
3 424 4322 426
3 3565 4421 3672
3 2396 4623 3038
3 2136 4364 1656
3 1535 4359 1193
3 3913 4424 3914
3 3143 4869 2799
3 978 1034 1033
3 3714 4850 4131
3 2218 4439 4405
3 2551 4373 4173
3 1332 4271 1596
3 3663 4508 1547
3 3798 4810 572
3 2103 2591 2335
3 2690 4439 4103
3 2308 4597 2506
3 1648 4387 1650
3 1520 5169 3869
3 1481 4442 1410
3 2015 4519 3619
3 1698 5193 4838
3 1048 4357 2043
3 820 896 819
3 2273 4667 2274
3 1407 4211 1409
3 3030 4443 3032
3 423 4329 412
3 2855 4928 4028
3 1390 4309 3478
3 3199 4456 4361
3 1605 4316 1600
3 1656 4364 4247
3 1593 5323 4041
3 628 1955 645
3 1590 4444 496
3 1124 4692 4325
3 875 4688 760
3 4255 4410 2774
3 2462 4454 4048
3 2274 4970 3643
3 421 422 420
3 4551 4984 3822
3 1324 5291 3625
3 2548 4499 3720
3 516 4337 518
3 1532 4351 1339
3 1645 2118 1644
3 4962 5017 277
3 1401 1644 1400
3 2010 2310 2309
3 559 4810 1466
3 3915 5317 3929
3 2602 2603 2074
3 552 4114 2597
3 152 4548 21
3 2562 5206 3618
3 3870 4856 4416
3 3146 5034 3064
3 2833 4538 1988
3 1175 1240 1239
3 4357 4562 2043
3 3928 4771 3927
3 3398 4922 1342
3 2343 2605 2278
3 2736 2979 2605
3 2103 4391 2591
3 1737 4367 2590
3 2930 5009 2897
3 3623 4576 2403
3 547 4571 550
3 4044 4542 1590
3 3075 5234 3074
3 4210 4538 2833
3 1156 1158 1157
3 4157 4373 2231
3 3827 4498 927
3 2997 3195 2911
3 806 4317 808
3 1023 3796 1857
3 536 537 452
3 3924 4473 3925
3 4092 4562 2592
3 1770 4450 1771
3 4124 4448 4248
3 770 4688 3800
3 4272 4607 2850
3 2708 2710 2300
3 941 3204 93
3 3371 4785 1384
3 4910 4958 4874
3 2930 5145 5009
3 4403 4462 2571
3 3396 4893 2845
3 1041 1133 1042
3 1550 1551 1070
3 989 4504 4462
3 3180 4718 2789
3 3658 4493 3657
3 3227 3229 3228
3 3679 4739 140
3 1111 1277 1276
3 3567 5285 3858
3 182 3744 1981
3 3532 4485 4408
3 2591 2969 2335
3 3896 4714 1661
3 2533 4331 391
3 2029 4571 540
3 2010 2700 2310
3 3093 4457 3092
3 3852 5256 3806
3 280 4669 84
3 144 4479 18
3 698 4671 706
3 3823 5215 834
3 1795 2242 1564
3 4650 5264 2979
3 72 4697 255
3 4002 4605 3499
3 4251 4384 2741
3 3414 5093 591
3 1536 4638 4223
3 4757 5097 4096
3 4059 4526 4336
3 1193 1387 1317
3 5034 5054 3064
3 2022 4673 2929
3 1399 4689 2766
3 697 4544 4504
3 4738 5160 3377
3 3201 3202 1275
3 715 4471 717
3 3925 5027 754
3 14 4235 131
3 1387 1687 1585
3 3451 5342 3453
3 2882 4747 2884
3 439 440 422
3 1552 1554 1553
3 2532 4430 4159
3 4336 4526 3884
3 275 4483 2740
3 2072 5040 3474
3 3472 4634 3471
3 3152 4690 2746
3 1462 4343 1288
3 2073 2602 2074
3 3225 3226 1791
3 1143 4632 1144
3 1622 4710 1620
3 393 4331 764
3 256 4697 72
3 2916 4224 1455
3 2125 4749 3540
3 3729 4480 3731
3 426 4322 1012
3 2925 4304 2924
3 2639 4477 2640
3 577 4338 691
3 1764 4447 4111
3 1339 4351 1340
3 3279 4470 2578
3 3880 4424 3913
3 3528 5301 3523
3 3625 5291 3080
3 1175 1239 1238
3 3561 5206 2289
3 2931 2932 2337
3 4373 4374 2231
3 296 4956 324
3 3070 5042 3609
3 3285 4527 2511
3 2119 2747 2118
3 410 4329 1562
3 1288 4343 1292
3 414 4453 1643
3 3909 4757 4170
3 2277 2278 1554
3 367 4854 365
3 381 4930 3457
3 4167 4841 3633
3 3733 4472 3730
3 1375 4600 1266
3 451 452 440
3 187 4592 1705
3 1399 1400 1133
3 4498 4584 2610
3 3886 4864 4388
3 3682 4898 1504
3 1292 4343 1601
3 2967 5014 3602
3 1129 5039 364
3 2836 4529 659
3 1908 4865 1906
3 3023 5239 3461
3 3134 4920 4655
3 1409 4211 1678
3 4188 4437 2596
3 2571 4462 2573
3 2035 2864 2471
3 665 4580 626
3 3205 4368 2107
3 717 4471 1183
3 3772 5329 4266
3 1905 4356 1907
3 1721 4726 1718
3 2705 4495 3078
3 1643 4322 424
3 2393 4732 3859
3 4147 4721 723
3 1737 2590 2214
3 2871 4427 2313
3 2823 4525 4447
3 4105 4515 4394
3 1152 4466 1090
3 2718 5275 4559
3 3633 4888 2853
3 883 4636 2521
3 1193 1317 1192
3 1003 1111 1110
3 2435 5222 3554
3 413 4453 414
3 3227 3228 3226
3 649 4613 652
3 4292 4693 1367
3 995 1193 1192
3 2101 4476 4023
3 2068 4637 2595
3 25 3796 1023
3 3800 4787 952
3 1461 4468 3921
3 1369 4693 1500
3 1467 4505 1834
3 418 2630 416
3 3064 5054 3107
3 1285 4636 881
3 1070 4513 1037
3 995 1192 990
3 2564 5225 4212
3 3724 4448 4124
3 764 4314 397
3 1010 4725 1360
3 4333 5320 5287
3 903 4486 905
3 1090 4466 1092
3 3122 4626 2215
3 4025 4779 2783
3 2386 4484 2228
3 4387 4501 2189
3 4439 4529 2836
3 524 4315 517
3 2235 4894 4685
3 2891 5231 3009
3 3774 4939 886
3 1387 1585 1317
3 5054 5077 3107
3 3984 4947 2347
3 2196 4469 2539
3 968 995 990
3 669 4407 666
3 2626 4389 1554
3 4128 4721 3900
3 3081 5089 3707
3 1569 4746 4201
3 3783 5125 2563
3 1411 4867 1441
3 140 4739 17
3 4136 4458 4072
3 1140 4859 1212
3 229 4792 59
3 1262 4446 2028
3 2041 4420 1711
3 1737 2214 1735
3 4785 5296 3999
3 1553 4389 1580
3 2897 5009 4862
3 1687 2010 1585
3 3554 5222 3001
3 4269 4574 1914
3 1281 4724 1352
3 2580 4498 2610
3 666 4407 699
3 808 4317 993
3 3182 4750 3183
3 2810 4807 4463
3 1305 1328 1306
3 3391 4769 3040
3 1550 1552 1551
3 1783 5013 3804
3 3543 5286 4715
3 1003 1110 1002
3 4190 4721 4147
3 2910 4526 4059
3 1104 4598 376
3 1356 4503 126
3 1778 4855 4257
3 1401 1645 1644
3 2695 4686 2944
3 207 3475 47
3 2035 3256 2864
3 799 4506 459
3 1712 4950 3911
3 2344 4808 3785
3 4101 5256 2739
3 2570 3755 2734
3 4115 5213 3560
3 308 3554 3001
3 347 4992 345
3 3256 4924 2864
3 1399 1401 1400
3 3799 4996 940
3 2453 4518 2454
3 4473 5153 3148
3 5 3250 894
3 1537 4824 804
3 1381 4806 1788
3 2861 4482 3072
3 3294 4437 4188
3 3940 4641 3939
3 2229 4415 4414
3 726 4414 728
3 3581 4624 4515
3 535 5287 4212
3 3540 4734 2125
3 1098 4457 4392
3 4072 4458 4073
3 2084 4278 125
3 699 4407 2229
3 3523 5301 3522
3 3005 4465 3006
3 2590 3403 2214
3 2757 4351 1532
3 756 4417 403
3 3489 5338 2334
3 2171 4383 2916
3 164 4303 3255
3 2782 4548 152
3 1268 4446 1262
3 4000 5176 2373
3 2750 4895 3773
3 2910 4588 4526
3 2266 4339 2915
3 4137 4634 1739
3 4451 5029 1673
3 2586 4682 2718
3 403 4417 399
3 3848 4603 4510
3 696 819 646
3 2591 2971 2969
3 2854 4888 3390
3 2886 4700 3533
3 4408 4485 2482
3 555 5120 556
3 41 4491 2557
3 258 4502 257
3 2028 4458 4136
3 1649 4370 1647
3 395 4412 386
3 1025 4492 1027
3 3722 5110 674
3 2777 4658 2776
3 670 4504 989
3 1486 4665 1244
3 789 4607 4272
3 3759 4906 3824
3 506 4681 1573
3 1277 1524 1276
3 1563 4589 3703
3 3476 4309 1390
3 621 665 626
3 2821 4742 2826
3 2414 3153 3152
3 2135 5018 224
3 4330 4974 2091
3 4146 4575 4147
3 3247 4496 2623
3 2790 4919 3081
3 827 4355 822
3 515 4315 1557
3 4394 4515 2538
3 3675 4545 2606
3 2608 5276 3362
3 1896 4509 1478
3 3283 5123 3285
3 2229 4414 726
3 3570 4906 2628
3 822 4354 820
3 2127 4774 1886
3 4362 4632 1146
3 3795 4829 775
3 556 557 537
3 1036 1550 1070
3 4309 4386 3478
3 1177 4390 1064
3 4106 4475 4107
3 2004 4378 2236
3 884 4939 1470
3 1734 1735 1733
3 2948 4517 2947
3 3827 4584 4498
3 2996 4948 3396
3 1301 4413 1277
3 37 4522 184
3 1887 4774 2477
3 80 4958 272
3 2083 4527 4367
3 35 3744 182
3 1994 4664 3659
3 2173 4624 2728
3 3702 4986 2111
3 3070 5194 5042
3 401 4314 1572
3 1154 1156 1155
3 1714 4921 3349
3 4478 4665 2898
3 2277 5161 3166
3 2932 2951 2337
3 4597 4968 4680
3 2251 3297 1060
3 3151 5143 3174
3 1111 1276 1110
3 820 4354 896
3 3727 5058 1819
3 156 4936 155
3 99 4494 317
3 416 4453 413
3 3101 4942 2982
3 2012 4420 2857
3 3828 4864 473
3 2556 5065 3217
3 4431 5142 4202
3 2230 4709 2950
3 3843 4731 213
3 3135 4844 3556
3 2843 3017 2842
3 1557 4333 513
3 2013 4719 877
3 1312 1374 1310
3 1153 4554 1570
3 2135 5255 5018
3 2822 4742 2819
3 3241 4738 3377
3 3331 5109 3330
3 4057 4863 1909
3 2553 5303 86
3 3821 4896 734
3 4754 4900 1537
3 631 4507 643
3 3877 5163 4011
3 4398 4811 2475
3 1242 4665 4478
3 3644 4495 2705
3 1907 4356 2238
3 4644 5344 3719
3 1193 4359 1387
3 3098 5230 2331
3 4025 4621 1229
3 728 4414 772
3 1322 4953 1321
3 452 2061 440
3 1180 4675 3754
3 540 4571 547
3 2890 4489 2703
3 3431 4535 3406
3 1645 4449 2336
3 4024 4621 4025
3 2961 4409 2302
3 1816 4931 3392
3 2099 4712 3007
3 3425 4846 2765
3 896 4354 2005
3 4206 4883 3872
3 1969 4406 2031
3 422 786 420
3 4074 4606 1046
3 991 4517 3880
3 3319 5146 3077
3 319 4759 318
3 4392 4457 3093
3 4343 4543 4149
3 2215 4604 109
3 1240 4500 2170
3 3559 5202 2942
3 3971 5003 4278
3 3960 5145 3961
3 1580 4389 1851
3 3844 4805 4177
3 4212 5287 3062
3 1109 4428 1195
3 3794 5195 3795
3 800 4796 429
3 879 4719 1285
3 3746 5035 3630
3 2475 4779 1219
3 4119 4862 3590
3 2767 5082 4512
3 2878 4895 2311
3 2982 4795 2983
3 1548 1549 895
3 3384 4528 199
3 4323 4595 3526
3 2110 4830 2599
3 1915 4523 2009
3 3162 4487 2871
3 794 5192 943
3 2943 4603 2941
3 2911 4383 2171
3 3868 4950 1366
3 2491 4543 1789
3 3831 4803 3609
3 2748 4475 4106
3 3190 4941 2849
3 3767 5055 469
3 1585 4302 1317
3 2735 4899 4773
3 2931 4534 2932
3 2588 4519 4275
3 2503 4754 4360
3 1554 4389 1553
3 369 4780 367
3 2219 4879 2880
3 3481 5182 210
3 2206 4378 2004
3 511 4333 535
3 4320 4867 3528
3 386 4412 4154
3 3677 5137 3898
3 1563 4796 3981
3 1572 4372 405
3 2302 4409 1928
3 4461 4564 2759
3 309 4748 3554
3 2528 4540 2531
3 1396 5013 1783
3 2920 4610 4568
3 2300 4219 2298
3 2253 5297 3043
3 1226 4765 1232
3 2617 4550 2618
3 1588 4412 395
3 3884 4526 982
3 1645 2119 2118
3 4121 5249 4821
3 3058 5155 3059
3 1441 4867 4320
3 4712 5219 3136
3 2336 2337 2119
3 2180 4478 2898
3 1276 4657 2181
3 2710 2711 2300
3 3239 3240 3229
3 1868 4510 4169
3 34 5343 1602
3 1928 4409 2872
3 2238 4406 1969
3 1242 4478 1239
3 758 4547 778
3 1655 4747 4077
3 2270 4895 2750
3 3773 5247 2750
3 1360 4860 1008
3 2043 4428 1109
3 3072 4783 2859
3 1195 4428 1684
3 4240 4628 2210
3 2140 2141 1871
3 2377 4994 1980
3 3735 4858 497
3 368 4927 447
3 298 4520 297
3 372 4591 375
3 2630 4453 416
3 2993 4594 2994
3 4176 4573 4407
3 701 4704 3614
3 3763 4984 4056
3 2729 5081 3920
3 819 5204 646
3 2210 4511 2209
3 4388 4864 2752
3 1186 4791 1281
3 2347 5050 1975
3 2331 5230 1744
3 2698 4551 3997
3 3411 5178 2065
3 4532 5048 3045
3 4372 4681 504
3 2143 4712 2098
3 4055 4933 3206
3 4352 4782 3665
3 1002 4355 827
3 4395 4694 1315
3 251 4674 70
3 4111 4525 1767
3 3533 4588 2910
3 399 4417 1588
3 2759 4564 2758
3 2944 4613 4581
3 645 4533 696
3 3850 5001 262
3 1776 4557 3728
3 2683 4880 2684
3 4570 5112 1855
3 3602 5056 2967
3 1857 5250 4492
3 3801 5037 3802
3 3603 4479 2346
3 2691 4529 2690
3 2784 4800 2263
3 4632 4722 1144
3 1579 4629 1313
3 1711 4420 2012
3 3631 5177 3110
3 3538 4825 3537
3 600 5114 602
3 696 820 819
3 4529 4581 659
3 1505 4953 1832
3 1783 4921 1576
3 3828 5055 2751
3 3648 5041 3647
3 2551 4741 3401
3 1944 4850 3419
3 107 4980 3
3 2893 4804 2509
3 4447 4525 4111
3 3100 5120 4434
3 2902 5268 2901
3 2766 4449 1401
3 896 2005 1001
3 3670 5325 1573
3 2599 5296 4785
3 757 1733 23
3 3054 4574 3055
3 48 4815 207
3 4454 4776 3104
3 822 4355 4354
3 4158 4812 1506
3 2376 4741 2168
3 3819 5203 3818
3 3226 3490 1791
3 208 4815 48
3 1108 5260 4191
3 4263 4905 4756
3 4603 4639 2941
3 788 4971 4220
3 800 4946 4796
3 2207 5274 3920
3 4151 4653 4150
3 3717 4644 3718
3 3342 4884 2501
3 3049 5024 3048
3 32 2726 176
3 2890 4946 3373
3 1308 1706 1304
3 1988 4538 2275
3 3170 5152 286
3 3574 4795 2325
3 2629 4733 3594
3 788 4988 596
3 1364 4950 1712
3 3304 4995 3303
3 427 4796 1563
3 763 4548 2204
3 4275 4519 4143
3 2894 2895 2893
3 2520 4515 4105
3 3923 4999 2070
3 282 4960 281
3 1912 4823 2154
3 590 1829 593
3 4407 4573 2229
3 283 4385 1863
3 2750 5247 3932
3 1157 2235 1155
3 2236 4378 2946
3 2212 4897 3254
3 4526 4588 982
3 495 5214 498
3 2511 4527 2083
3 3266 4707 2182
3 4402 4734 3540
3 3590 4862 1965
3 2847 4941 3945
3 3042 4622 4590
3 4744 4976 2899
3 1620 5197 1619
3 1860 4649 4027
3 2506 4542 4044
3 2858 4783 3688
3 3619 4767 3066
3 1863 4385 2555
3 1697 3201 1571
3 4140 4730 2530
3 3355 4605 3354
3 3385 4678 2593
3 4195 4794 1664
3 2715 4782 4722
3 3621 4777 4219
3 656 4560 784
3 2240 4884 2550
3 2488 4694 2896
3 3762 4569 3763
3 4571 5016 550
3 4400 5177 791
3 2773 4532 4175
3 2329 5077 2037
3 3204 4948 328
3 131 4235 2339
3 2768 4872 2769
3 696 4533 821
3 2613 4558 3846
3 3300 5066 3299
3 1357 4677 4180
3 69 5125 248
3 1046 4606 4426
3 645 696 646
3 2174 5005 1327
3 17 4739 139
3 188 4592 187
3 3196 4592 3595
3 882 4566 880
3 2025 4565 2050
3 4322 4807 3461
3 3518 5220 3519
3 2329 5126 5077
3 3067 5069 3410
3 2031 4406 2607
3 4747 4978 2884
3 2686 5035 3746
3 210 5182 209
3 2907 5188 3569
3 2047 4436 1687
3 2491 4711 4543
3 2614 4575 4558
3 1203 4585 1270
3 785 5325 3670
3 4316 4546 2814
3 1789 4543 1462
3 2044 5165 2101
3 3078 4413 1301
3 1173 4768 1078
3 4467 4518 2453
3 24 4699 158
3 3025 4699 24
3 3529 4819 943
3 1560 4656 3986
3 1498 4967 3767
3 3927 4771 2838
3 1338 5013 1236
3 1277 4413 1524
3 2895 5238 2893
3 59 4792 228
3 3260 4570 3259
3 4206 5027 2908
3 1502 5059 4951
3 2182 4707 3377
3 437 4842 1546
3 2167 4964 4192
3 1421 2125 2062
3 3428 4589 2889
3 3802 4791 4550
3 1325 5005 1598
3 3583 5087 2956
3 278 4962 277
3 4486 4960 3004
3 630 4579 588
3 982 4588 3990
3 1402 4561 363
3 2070 4568 3972
3 1462 4543 4343
3 4121 4821 3747
3 2434 2435 2249
3 3009 5137 3677
3 2671 4572 4300
3 3261 4816 3262
3 371 4930 381
3 2941 4639 2942
3 3691 5173 1499
3 1313 1314 1312
3 5272 5337 3120
3 3418 4650 1842
3 5030 5199 1826
3 2454 4559 2930
3 3029 4929 2876
3 2984 4596 2429
3 1619 5197 4087
3 3375 4931 1818
3 4142 4763 4238
3 4266 5329 2878
3 1819 4570 1817
3 4397 5138 1469
3 2856 4928 2855
3 4027 4573 4176
3 941 4758 4207
3 2983 4541 4232
3 3754 4675 3590
3 569 4988 1504
3 590 593 592
3 376 4598 373
3 4086 4751 4514
3 2722 4677 2721
3 4029 4918 1642
3 2290 4793 3249
3 2189 5067 1652
3 4143 4519 2015
3 3836 4632 4362
3 2869 4544 4272
3 2368 4808 2344
3 4333 5287 535
3 2814 4546 3068
3 3208 5025 4356
3 628 645 629
3 4017 5142 4431
3 757 1734 1733
3 2184 5079 3854
3 597 4881 600
3 1373 5218 4226
3 626 628 627
3 4504 4544 2869
3 3046 4817 3342
3 2691 4581 4529
3 3937 5035 2686
3 1777 4549 4382
3 3852 4887 2739
3 9 5003 123
3 2364 4945 4057
3 1589 4584 3827
3 1602 5343 4866
3 2304 4436 2047
3 3083 5170 2060
3 1607 4841 1528
3 3874 5027 4206
3 3140 4770 3139
3 3740 4516 4397
3 2608 2609 2242
3 268 4514 1093
3 3782 4870 2250
3 2523 4582 4062
3 2010 4436 2700
3 3042 4590 3826
3 2161 4955 2908
3 1845 2894 2893
3 4311 4537 4310
3 3211 5061 3210
3 4265 4818 3160
3 4729 5328 3179
3 4514 4751 3063
3 3595 4592 188
3 2745 5082 2767
3 1772 4631 4601
3 3903 4852 4190
3 1542 4794 2040
3 3939 4641 1319
3 2696 5126 2329
3 621 626 625
3 1772 4601 1773
3 2710 2962 2711
3 593 621 620
3 3068 4826 3952
3 449 4973 501
3 86 5303 282
3 3112 4583 4112
3 3987 5242 3700
3 4367 4527 2590
3 2973 4912 4324
3 2880 4998 4166
3 4346 4901 4184
3 1238 4478 2180
3 1538 4575 4146
3 1687 4436 2010
3 2951 4553 4552
3 2940 4684 4501
3 1156 1157 1155
3 4011 5163 4469
3 3129 4857 3645
3 1705 5117 4295
3 2985 2987 2281
3 2214 4200 1735
3 624 4841 4167
3 1348 5030 1826
3 354 4763 1342
3 3400 4532 2773
3 1996 3865 315
3 2412 4876 3547
3 1692 4629 1579
3 3855 5190 2348
3 556 4798 561
3 2755 4587 2140
3 4773 4899 1374
3 4307 4994 2377
3 1093 4514 3063
3 2671 4803 4572
3 1502 4951 3158
3 2734 3344 2735
3 2693 4581 2691
3 3770 4610 3769
3 4516 5138 4397
3 279 5000 83
3 4107 4474 4109
3 2225 4603 3848
3 3174 4728 3173
3 1041 1399 1133
3 0 4567 319
3 2616 4609 3483
3 2174 4965 3893
3 1658 5006 2211
3 4390 4524 1568
3 4518 4559 2454
3 1551 4536 1070
3 4280 5034 4505
3 3123 5111 2923
3 3082 4891 2280
3 3710 5298 4099
3 5165 5208 2101
3 2141 4587 3885
3 2484 5139 2818
3 1239 4478 1238
3 3450 4645 3451
3 2074 4752 1999
3 1990 4966 539
3 2610 4584 2920
3 1583 5334 584
3 2383 4546 4316
3 3178 4622 3042
3 4754 5258 4900
3 4531 4620 3140
3 4411 4676 3669
3 4238 4763 356
3 525 5012 2029
3 3765 4631 1772
3 4226 5218 3190
3 2835 4597 2308
3 2962 3620 2711
3 4335 4765 1224
3 2120 3027 2536
3 3661 4819 3662
3 609 4799 3813
3 4817 5224 2394
3 628 4580 1955
3 3907 5247 783
3 4533 4840 821
3 4991 5064 3267
3 1353 5332 1135
3 1604 4605 4002
3 2289 5206 2288
3 130 4944 13
3 2908 4955 4206
3 3581 4772 4624
3 2838 4771 2073
3 2944 4686 4560
3 83 5000 2133
3 2896 4694 4395
3 4310 4537 1102
3 372 4696 4591
3 772 4670 730
3 2937 5313 3399
3 981 5053 3897
3 3143 5030 4869
3 3192 4497 4289
3 4027 4649 4573
3 2942 5202 2081
3 1012 4755 428
3 2154 4955 1957
3 2349 5190 2781
3 84 4669 279
3 682 4969 3370
3 3377 5160 2182
3 1401 4449 1645
3 4902 5341 3286
3 4655 4920 2197
3 4057 4945 4863
3 784 4740 671
3 219 5336 2772
3 2850 4607 2852
3 3148 5153 3147
3 626 4580 628
3 2225 4639 4603
3 4213 4672 2395
3 829 4937 743
3 248 5125 3783
3 3194 5305 1120
3 1266 4600 1349
3 20 5116 148
3 1192 4539 990
3 3621 4989 4777
3 4865 5183 1906
3 1500 5218 1371
3 1086 5251 1088
3 1306 4843 1303
3 835 4647 968
3 2788 4729 3179
3 3437 4875 2834
3 1131 4608 1353
3 3109 5177 4400
3 4304 4714 3124
3 436 4842 434
3 943 4819 3661
3 3866 4623 3194
3 2883 5265 2546
3 1007 4643 3974
3 2395 4844 2045
3 1690 1692 1579
3 2868 5101 5060
3 2801 4608 4080
3 1588 4904 4412
3 1840 4630 1841
3 3806 5256 2771
3 4416 4856 2732
3 2536 3118 2535
3 659 4613 649
3 2382 4844 3135
3 3885 4587 3501
3 4379 4380 3096
3 111 4938 4
3 4115 5062 1287
3 1606 4954 1607
3 102 4618 101
3 3359 5276 2608
3 2539 4720 4205
3 3059 4660 3673
3 1232 4595 4323
3 4470 4637 2578
3 42 5158 195
3 193 5014 40
3 1188 4648 3113
3 2840 4655 2875
3 3998 4785 3999
3 3643 5150 3642
3 198 5167 43
3 2708 4723 2710
3 3743 4651 3738
3 1287 4639 2225
3 2403 4853 2160
3 4393 4898 2594
3 3614 5118 3928
3 4719 4952 3361
3 4075 4576 3623
3 3118 4612 2535
3 2568 4656 3210
3 2555 4385 3026
3 3716 4661 3715
3 4300 4572 2685
3 3427 5331 4285
3 2867 4668 2866
3 3906 4965 2745
3 1871 1872 1693
3 3132 4812 3597
3 980 5136 240
3 2605 4635 2278
3 3527 4730 3528
3 284 4778 4385
3 881 4636 883
3 2631 4621 4024
3 2588 4767 4519
3 1158 1337 1157
3 1393 4616 260
3 510 5325 785
3 2872 4667 4022
3 4312 5113 1515
3 3063 5181 5179
3 2908 5131 2163
3 4163 5330 2217
3 3967 4765 4335
3 1146 4632 1143
3 2371 5020 2963
3 3401 5112 4374
3 995 5232 1535
3 2592 4562 4245
3 3123 5165 5111
3 3188 4972 2078
3 2538 4624 2173
3 4030 5113 4312
3 4162 5344 4644
3 1394 4673 2022
3 557 4578 537
3 4492 5250 3111
3 3692 4775 2803
3 2310 4784 3095
3 370 4696 372
3 1099 5172 1084
3 4443 4838 3032
3 4224 4555 1265
3 978 4490 1034
3 786 5217 4410
3 1342 4922 352
3 565 5016 1674
3 4266 4929 686
3 2578 4637 2068
3 1999 4752 4495
3 4543 4711 4149
3 2721 5008 3712
3 2183 5230 4452
3 583 4627 580
3 4750 4761 1471
3 4628 5143 2210
3 184 2625 36
3 2229 4573 4415
3 1037 4513 1039
3 4519 4767 3619
3 4807 5196 4463
3 2959 5305 2396
3 3311 4698 3246
3 1039 4513 2414
3 936 4490 978
3 4353 5159 310
3 991 4703 4517
3 2781 5065 2351
3 1456 4961 3746
3 3935 5193 1698
3 1415 4728 3679
3 2831 4666 3341
3 4022 4667 2273
3 2711 4219 2300
3 3697 4633 4065
3 1154 1155 1077
3 4378 4903 2946
3 2978 4576 4306
3 3895 5334 1583
3 3411 5049 2471
3 5145 5275 3961
3 1914 4574 4196
3 2712 4736 3347
3 2868 5060 3016
3 3602 5014 193
3 1739 4634 4069
3 2211 4616 1393
3 2477 5341 4902
3 2807 5128 4674
3 3662 4678 1932
3 1161 5332 3431
3 4258 4606 4074
3 990 4539 2059
3 2596 4638 2764
3 1265 4825 4068
3 4772 4831 3349
3 3248 4811 3310
3 3519 5220 3520
3 3528 4730 4320
3 4207 4893 941
3 4389 4662 1851
3 3854 4746 3855
3 4573 4649 4415
3 43 5167 197
3 1788 5328 4729
3 4494 4759 2870
3 4294 4835 1900
3 4515 4624 2538
3 3339 4973 3340
3 2782 4793 4548
3 82 5017 1709
3 2217 4981 2254
3 2391 3106 1996
3 1825 4679 2366
3 760 4688 770
3 3330 4959 2954
3 196 5158 42
3 771 4647 835
3 4339 4662 2963
3 3185 4761 4750
3 4350 4563 2904
3 3615 4680 3307
3 4520 4956 297
3 2427 5281 3416
3 51 4731 1388
3 4465 5051 2326
3 1706 5321 5233
3 2170 5091 2600
3 3588 5107 3148
3 706 4671 1471
3 3440 4635 3441
3 2487 4831 4772
3 5063 5074 5038
3 1570 4554 1845
3 68 5033 2392
3 1541 4663 1663
3 452 4578 2061
3 430 4755 4148
3 1614 4814 3362
3 630 5334 3895
3 2634 5033 68
3 2486 4628 4240
3 734 4896 4569
3 3666 5036 2883
3 3669 4676 3956
3 255 4697 2988
3 70 4674 250
3 4970 5258 3643
3 3008 5194 3070
3 2901 5268 4585
3 4150 4653 2614
3 4282 4625 4355
3 2414 4513 3153
3 3688 4783 2202
3 124 5003 9
3 520 5012 519
3 671 4740 698
3 2626 4662 4389
3 4517 4703 2947
3 3183 4750 4671
3 1328 4611 1421
3 3699 4799 3811
3 2557 5280 3384
3 4694 4822 1315
3 4751 5327 5181
3 1106 4695 1067
3 4306 4576 4075
3 4650 5282 1842
3 648 5072 520
3 3008 5323 5194
3 2870 3010 2391
3 3816 4830 4615
3 3840 5290 1519
3 4152 4776 2462
3 1906 5183 1904
3 2217 5330 4429
3 3461 4807 2810
3 213 4731 51
3 31 5308 174
3 4429 5330 2780
3 4326 4935 2720
3 2764 4916 4203
3 4581 4613 659
3 3555 5096 4435
3 757 4699 2198
3 4438 5209 1483
3 4557 4872 2768
3 4098 4839 2534
3 3236 5086 2917
3 4279 4877 2533
3 3269 4637 4470
3 4162 4644 3331
3 1133 5269 5164
3 2490 4991 3267
3 2119 4552 2747
3 4079 4703 991
3 3804 4615 4399
3 4087 5046 1619
3 2754 4889 2755
3 1573 5325 508
3 1319 4593 4391
3 3099 4873 4546
3 3084 5318 3041
3 895 4556 823
3 4531 4899 4620
3 3922 5066 3303
3 3027 3127 2536
3 3931 4901 4346
3 2878 4929 4266
3 2862 4684 2294
3 4541 4795 3574
3 2947 4703 2949
3 2916 4555 4224
3 4207 4758 3001
3 730 4670 771
3 3512 4768 3592
3 1374 4899 4530
3 4524 4879 3607
3 3650 4959 2418
3 2140 4587 2141
3 4620 4899 2735
3 3272 4641 3940
3 3071 4677 1357
3 903 4960 4486
3 2604 4752 2074
3 4826 4873 1062
3 3242 5178 3411
3 3547 4876 3215
3 4548 4793 2204
3 3665 4987 2237
3 4355 4625 4354
3 588 4579 590
3 4327 4790 4711
3 3488 5338 3338
3 3011 4682 2586
3 3472 5040 4634
3 1963 4982 1503
3 1123 4713 1191
3 2120 2535 1328
3 3811 4799 609
3 4505 5034 3146
3 4295 5117 2997
3 2932 4659 2951
3 3569 4870 2907
3 2191 4697 256
3 2951 4552 2337
3 2158 4865 1908
3 4064 5234 3075
3 524 4966 4315
3 2376 5346 4741
3 4171 5180 2964
3 2756 2986 2985
3 1294 4737 1158
3 3920 5274 2729
3 2139 2756 2281
3 1421 4611 2125
3 497 4858 493
3 4723 4832 2710
3 2963 5020 4339
3 4782 4987 3665
3 1367 4693 1369
3 2989 4672 4290
3 2794 4760 3162
3 1017 5147 950
3 2182 5160 3408
3 2696 5201 5126
3 4345 4889 2138
3 2327 4868 2328
3 250 4674 2563
3 590 4579 1829
3 2789 4686 2695
3 2797 4717 2796
3 4535 5332 1353
3 493 4858 495
3 4290 4672 4213
3 2818 4829 2822
3 3755 4915 787
3 94 4758 307
3 2598 4892 3764
3 3016 5010 2604
3 4193 4981 2829
3 2776 5115 2251
3 4354 4625 2005
3 4879 4998 2880
3 2332 5098 2333
3 492 4990 497
3 2278 4635 2626
3 2361 5051 3506
3 2772 5336 3145
3 4558 4575 1538
3 2607 4652 3069
3 3183 4718 3180
3 2808 5245 4262
3 4125 5135 4161
3 4212 5225 535
3 175 5308 31
3 1836 5234 4064
3 4871 5231 2891
3 3356 4907 3355
3 3510 4700 2886
3 4107 4475 4474
3 1123 5164 4713
3 132 5148 4235
3 2101 5208 4476
3 2303 4617 2304
3 1619 5046 3982
3 3897 4714 3896
3 3836 4722 4632
3 4324 5340 4001
3 4689 4963 2766
3 2714 4722 3836
3 3017 3020 2842
3 3033 4969 3031
3 1882 5137 4199
3 2590 4708 3403
3 3347 4881 3207
3 4550 4791 1484
3 535 5225 509
3 5268 5277 1270
3 504 4681 506
3 3631 4997 4231
3 3187 4761 3185
3 1550 5161 1552
3 2428 5210 3996
3 3859 4732 3926
3 3482 5109 818
3 4576 4853 2403
3 1374 4530 1310
3 1295 4764 1795
3 2054 4640 4261
3 743 5011 693
3 1504 4898 4008
3 877 4719 879
3 3799 5173 2913
3 1244 4665 1242
3 4148 4755 3333
3 158 4699 757
3 594 4760 3338
3 3312 5016 4571
3 2487 4772 3581
3 328 4989 306
3 1352 4724 1385
3 2946 5154 3193
3 4402 5248 4734
3 4553 4701 4552
3 1625 4710 1622
3 4102 4687 2376
3 1235 4692 1124
3 3679 5090 4739
3 3480 4958 4910
3 4586 5227 2738
3 3401 4741 3175
3 4127 4702 1458
3 2563 5128 3783
3 4469 5163 2539
3 4684 4940 4501
3 4406 4652 2607
3 1095 4725 1010
3 1310 4530 1308
3 2098 4712 2099
3 1851 4662 4339
3 2798 4879 4524
3 4711 4790 2701
3 4853 5056 2160
3 4195 5223 3566
3 4261 4640 4035
3 3646 4727 2687
3 3210 5061 2433
3 3216 4851 3547
3 2922 4986 2921
3 4193 4986 2922
3 507 5225 2564
3 4426 4606 3216
3 4745 4761 3187
3 3783 4709 2230
3 2756 2985 2281
3 4158 5257 4812
3 2994 4756 2992
3 2970 5036 3666
3 2801 4846 4608
3 3074 5234 4239
3 2591 4593 2971
3 3260 5112 4570
3 1845 4554 2894
3 3520 4780 4645
3 3868 4968 2835
3 2497 4835 4294
3 4730 5279 2530
3 2120 2536 2535
3 2915 5020 3493
3 3627 4801 2566
3 3035 4935 4326
3 1384 4785 3998
3 2751 5055 2953
3 2327 5102 4868
3 3509 5129 2894
3 4404 5024 3053
3 228 4792 3231
3 3802 5037 4724
3 4464 5244 786
3 771 4670 4647
3 1718 4726 1717
3 3376 4723 2708
3 318 4759 4494
3 1603 5228 4623
3 3764 4892 4569
3 249 5125 69
3 723 4721 4128
3 40 5014 1827
3 1643 4807 4322
3 3045 5048 4029
3 2358 5048 4532
3 2351 4735 2350
3 1359 5047 4905
3 1788 4729 4015
3 3697 5028 4916
3 2803 4775 2802
3 3996 5095 2428
3 4540 5271 2531
3 307 4758 941
3 1564 1710 1294
3 537 4578 452
3 3058 5289 5155
3 3223 5133 3403
3 4608 4846 1353
3 3152 5183 4865
3 1305 2120 1328
3 3005 5051 4465
3 3291 4786 3290
3 1032 4685 3235
3 4327 4711 2491
3 3420 4932 4241
3 924 5124 4775
3 4112 4583 4303
3 3522 5301 1678
3 3060 5073 3381
3 2535 4611 1328
3 2337 4552 2119
3 3980 4761 4745
3 4547 5192 778
3 3789 5216 4923
3 4205 4720 1911
3 4320 4730 4140
3 1486 4744 4665
3 1524 4657 1276
3 2819 4742 2821
3 4494 4957 317
3 586 5334 630
3 1398 4757 3909
3 3225 5262 3265
3 223 4753 222
3 3228 4586 3226
3 3185 4750 3182
3 4431 5211 4066
3 2108 4751 4086
3 4767 4863 3066
3 3634 4784 2839
3 3381 5073 2928
3 3894 4821 1350
3 2747 4701 3167
3 2144 5326 1400
3 3282 4497 3192
3 2392 5309 4508
3 4566 5086 1094
3 4560 4686 784
3 3980 4745 875
3 594 5315 4760
3 2168 4741 2551
3 2321 5119 2512
3 4383 5085 2493
3 2907 4870 2906
3 4225 4965 2174
3 4796 4946 3981
3 4508 5068 1547
3 2720 4935 3270
3 1549 4556 895
3 3072 5335 4783
3 4552 4701 2747
3 1004 4860 3298
3 4822 5166 3637
3 139 4739 2486
3 1471 4761 3980
3 4821 5249 1350
3 924 4775 3692
3 2006 5066 3922
3 4409 4667 2872
3 1120 5305 4577
3 4368 4694 2488
3 4303 4583 3255
3 4149 4711 2701
3 3419 4850 3420
3 5269 5326 3127
3 4998 5312 4166
3 4666 5191 3486
3 3361 4952 2905
3 4231 4997 3841
3 3748 4821 3894
3 5199 5302 4229
3 3048 5024 3467
3 2834 4943 2998
3 277 5017 82
3 621 5141 665
3 155 4769 154
3 2748 4626 4475
3 2938 5088 3205
3 428 4755 430
3 2933 5103 4499
3 4096 5097 3073
3 4429 4981 2217
3 1653 5031 2011
3 3323 4813 3321
3 2982 4942 4795
3 4598 4930 373
3 1359 4905 4263
3 4530 4531 1706
3 4077 4747 2882
3 1776 4872 4557
3 3569 5188 4460
3 2599 4785 3371
3 2433 5061 4509
3 1038 5278 4042
3 4530 4899 4531
3 1814 4856 3870
3 2339 4786 4438
3 2845 4893 4207
3 4720 4823 1911
3 3888 4949 4490
3 1561 5092 4209
3 3059 5155 5019
3 2535 4612 4611
3 4391 4593 2591
3 4397 5214 3741
3 4201 4746 3771
3 1537 4900 4824
3 4622 5172 1099
3 1313 4629 1314
3 2328 4868 2574
3 4415 4649 2994
3 3226 4586 3490
3 2160 5056 3602
3 4360 4754 1537
3 3243 4980 4553
3 5132 5174 3264
3 2968 5252 2672
3 305 4834 1931
3 2935 4820 2936
3 4281 5081 2729
3 3137 5240 2393
3 4681 4977 1573
3 4647 5232 968
3 356 4763 354
3 3050 4866 3056
3 3700 4799 3699
3 2746 4690 3940
3 4541 4908 4232
3 1886 4774 1887
3 1388 4731 2356
3 2813 4828 2352
3 2915 4736 2712
3 3989 4781 824
3 2783 4779 3953
3 2235 4685 1155
3 2978 4853 4576
3 4283 4963 4625
3 3606 4974 3206
3 4404 5306 893
3 2568 4947 4656
3 3193 4733 2629
3 1308 4530 1706
3 4880 5173 3691
3 4923 5216 1297
3 225 5026 2369
3 4797 5170 3083
3 2987 4766 2281
3 2326 5051 2361
3 4492 5228 1603
3 5093 5180 3487
3 3174 5143 4628
3 5187 5299 4579
3 5232 5347 1535
3 4383 5083 2916
3 1279 5313 3389
3 3239 4707 3240
3 3001 5222 4207
3 4209 5295 1561
3 2766 5310 4449
3 2602 4704 2603
3 2739 4887 2809
3 2294 5283 96
3 3789 4923 3054
3 3031 4969 4433
3 4068 5104 4221
3 3136 5219 2707
3 1714 5106 4350
3 4633 4916 2764
3 4495 4752 3078
3 1693 4614 1690
3 2165 5131 5107
3 3148 5107 4473
3 1860 4756 4649
3 3467 5024 4404
3 2742 5316 3479
3 702 5267 3798
3 2859 4783 2858
3 3285 4708 4527
3 3893 4965 3906
3 3490 4913 837
3 2011 5071 3928
3 2728 4772 3349
3 2342 5319 3142
3 3969 4809 3131
3 4257 5047 1359
3 1484 4791 1186
3 599 4881 597
3 3090 5017 4962
3 951 4805 3844
3 4487 4915 2871
3 1440 5207 4187
3 2898 4744 2899
3 3902 4914 4852
3 4756 4905 2992
3 2883 5078 3666
3 3636 4876 2412
3 2139 2281 1903
3 2263 4800 2601
3 3961 5275 2718
3 2462 4776 4454
3 1349 5211 4431
3 2523 5259 4582
3 1717 4806 1381
3 948 4826 1062
3 163 5105 26
3 2204 4793 2290
3 1319 4641 4593
3 2813 4885 4828
3 1041 4689 1399
3 1078 4768 1017
3 4244 4767 2588
3 1705 5099 38
3 123 5003 3971
3 3457 5342 381
3 3399 5313 4878
3 3091 5236 2784
3 381 4780 369
3 4722 4782 1144
3 2726 4827 176
3 4191 5260 2995
3 3256 5182 3481
3 4386 5198 939
3 572 4810 559
3 3206 4974 3155
3 3298 4934 4144
3 2265 5084 3189
3 4166 5312 4165
3 3344 4620 2735
3 1224 4765 1226
3 1080 5272 4520
3 3761 4914 3902
3 3377 4707 3239
3 3503 4978 4747
3 1036 4949 1550
3 2780 4833 1885
3 2005 4689 1001
3 2952 5088 4993
3 4126 4971 788
3 2815 4903 4885
3 804 4824 2114
3 5129 5278 2895
3 4047 4803 2671
3 1664 4794 1542
3 2394 5224 4400
3 3251 5186 4814
3 2552 4831 2487
3 3059 5019 4660
3 3044 5340 4324
3 4344 4812 3132
3 4428 4762 2753
3 3438 4904 3437
3 2855 4855 1778
3 2710 4832 2962
3 2715 4987 4782
3 176 4827 175
3 4673 5001 2929
3 3349 4921 3348
3 4718 4740 784
3 4138 5189 599
3 4642 4972 3188
3 2061 5217 440
3 3379 4983 4646
3 4241 5344 2136
3 1826 5199 4229
3 5179 5181 2402
3 2125 4734 2062
3 1710 4737 1294
3 821 4840 826
3 591 5093 3487
3 1469 5214 4397
3 221 4802 55
3 429 4796 427
3 1548 5254 1549
3 3560 5213 3561
3 3761 4979 4914
3 223 5018 4753
3 1077 4685 1032
3 1573 5246 3670
3 2141 4654 1871
3 4703 4910 2949
3 3747 4821 3748
3 2805 4819 3529
3 2062 4734 2261
3 3117 5168 3296
3 2141 4658 4654
3 2566 4801 2167
3 2320 4912 2808
3 3152 4865 4690
3 2373 5089 5006
3 4793 5002 3249
3 184 4522 2625
3 786 5244 420
3 775 4829 3778
3 96 5283 1272
3 3120 5337 4617
3 4646 5132 3379
3 3493 5020 2371
3 2986 5248 4402
3 1466 5028 3697
3 3902 4852 3903
3 2630 5244 4464
3 4705 5136 980
3 2701 4790 2960
3 1074 4859 1140
3 3928 5118 4771
3 2073 4771 2602
3 4184 4901 3907
3 2108 5327 4751
3 2351 5008 4735
3 2957 4808 2368
3 4534 5060 2932
3 343 4878 1279
3 4684 5210 2294
3 3561 5213 2058
3 4092 4762 4562
3 2275 4830 2110
3 4110 4997 3631
3 3017 5059 3020
3 3370 4969 3033
3 4258 4851 4606
3 1733 4602 23
3 2054 5142 4640
3 4485 4781 3780
3 365 4854 1402
3 4634 5040 4069
3 1144 4782 4352
3 1543 4817 4120
3 1574 4877 4279
3 4903 5154 2946
3 1911 4823 1912
3 3032 4838 3034
3 4388 4902 3286
3 792 5127 3253
3 1264 4925 4185
3 2812 5050 3881
3 4228 5092 1561
3 2065 5178 1833
3 320 4936 156
3 544 4990 492
3 4302 4832 1414
3 4412 5021 4154
3 2799 4869 2966
3 3254 5056 4853
3 2732 4856 3125
3 191 4845 190
3 65 5136 2390
3 1963 5339 4982
3 1674 4811 4398
3 2815 4885 2813
3 4185 4925 2697
3 2707 4836 3015
3 4574 4923 4196
3 2905 5122 3141
3 2242 4716 1564
3 4051 5124 924
3 3872 4883 3873
3 630 5187 4579
3 4411 4861 4676
3 2925 5000 4669
3 952 4787 4296
3 4050 5050 2812
3 4556 4938 823
3 2120 4713 3027
3 2911 5085 4383
3 3168 5078 2883
3 2609 4716 2242
3 2885 5179 4116
3 2914 5095 3996
3 2765 4846 2801
3 3535 4917 3415
3 4667 4970 2274
3 272 4958 3480
3 4410 5217 2061
3 2986 4764 2985
3 3841 4997 2131
3 2873 4882 4848
3 4219 4777 2996
3 366 4927 368
3 4564 5045 2758
3 1900 5223 4195
3 4586 4913 3490
3 951 5007 4805
3 1678 4867 1411
3 282 5303 4960
3 4400 5224 3109
3 418 5244 2630
3 3069 4798 3100
3 3832 4861 3691
3 4713 5164 3027
3 3741 4858 3735
3 1855 5112 3401
3 2252 4839 4098
3 1984 4818 4265
3 2992 4905 2990
3 3719 4932 1151
3 4760 5315 3162
3 1398 5097 4757
3 1414 4832 4723
3 473 4864 3886
3 1528 4841 624
3 2853 4888 2854
3 3003 4977 3365
3 3952 4903 2815
3 4917 4964 3415
3 4102 5309 5033
3 1690 4614 1692
3 2131 4997 4110
3 4207 5222 2434
3 4131 4850 1944
3 2903 5185 3223
3 2873 4847 2179
3 1189 4980 107
3 5022 5240 3137
3 2920 4999 2919
3 4614 4646 1692
3 434 4842 437
3 1001 4689 1041
3 3016 5060 4534
3 2114 4790 4327
3 4499 5103 2287
3 4177 4978 2852
3 3932 4901 3931
3 1574 5041 4877
3 4041 5323 3008
3 2827 5138 4516
3 3299 5103 2933
3 4916 5028 2725
3 422 5217 786
3 3974 5119 2534
3 3822 4896 3821
3 3086 5059 1502
3 1506 4812 4344
3 3128 5198 3129
3 4741 5346 3175
3 4645 4780 381
3 4527 4708 2590
3 4079 4910 4703
3 3594 5235 3198
3 3410 5337 1080
3 2045 4844 2382
3 5075 5306 4404
3 3277 5333 3316
3 4606 4851 3216
3 4138 5025 3208
3 1363 5004 4082
3 2501 4884 2240
3 3000 4886 2999
3 1008 4860 1004
3 2628 4906 3759
3 1965 4862 3838
3 4460 5188 1354
3 2971 5265 2969
3 1561 5295 4317
3 1872 4614 1693
3 2906 4897 2212
3 2138 4889 3133
3 3474 5040 3472
3 1871 4654 1872
3 102 4619 4618
3 2769 4872 2976
3 1597 5019 4114
3 665 5141 4456
3 2870 4759 3010
3 3120 4928 2856
3 3232 4912 2973
3 4528 5167 198
3 2733 4773 4418
3 2913 4880 2683
3 3254 4853 2978
3 3296 4983 3295
3 4035 4925 1264
3 4427 4915 3755
3 2684 4861 4411
3 3607 4879 2219
3 2043 4762 4428
3 2594 4898 3682
3 1519 5290 4743
3 436 5324 4842
3 1557 5320 4333
3 2380 4911 3383
3 1709 4849 4483
3 4665 4744 2898
3 3054 4923 4574
3 4562 4762 2043
3 2250 4870 3569
3 3421 4857 3423
3 1814 5241 4856
3 3178 5172 4622
3 2471 5049 49
3 940 4996 3830
3 2862 4940 4684
3 4203 4916 2725
3 2311 4895 2270
3 4649 4756 2994
3 2894 5129 2895
3 3122 5292 4474
3 2325 4942 2134
3 2878 5329 4895
3 2333 4851 4258
3 3111 5228 4492
3 501 5257 4158
3 4837 5069 3067
3 3404 4993 2938
3 3978 4907 2048
3 1321 4953 1505
3 4905 5047 2990
3 2477 4902 3484
3 3415 4964 3416
3 4698 5072 1403
3 2460 4788 4401
3 5233 5321 4332
3 373 4930 371
3 3403 5133 2214
3 2995 4919 2790
3 4490 4949 1034
3 2959 5100 4577
3 366 5039 4927
3 1818 4931 1816
3 4368 4822 4694
3 1909 4863 4244
3 4867 5301 3528
3 3092 5266 3091
3 2738 4913 4586
3 2942 5062 3560
3 4233 5103 3299
3 4509 5061 3214
3 2334 5338 3488
3 4868 5102 3113
3 1777 4717 4549
3 4752 5010 3078
3 2165 5107 3588
3 4671 4750 1471
3 1191 4713 1305
3 886 4939 884
3 3620 5243 1931
3 2280 4891 3157
3 2091 4974 3606
3 583 5078 4627
3 2949 4874 2989
3 3554 4748 3555
3 1576 4921 1714
3 4605 5293 3499
3 754 5027 3874
3 2001 5156 2075
3 823 4938 111
3 2567 5263 243
3 3367 5232 4647
3 2822 5195 4742
3 4617 5069 2304
3 4569 4892 734
3 3626 5212 4252
3 2876 4929 2878
3 3408 5160 3409
3 2467 4815 208
3 1012 5239 4755
3 2005 4963 4689
3 3912 4967 1498
3 4252 5212 1990
3 3881 4947 2568
3 3587 5123 1397
3 1158 4737 1337
3 352 4922 350
3 4835 5223 1900
3 4886 4982 2999
3 1829 5141 593
3 297 4956 296
3 2849 4941 2847
3 5060 5101 4659
3 4244 4863 4767
3 592 5315 594
3 1642 4918 2464
3 4196 4923 1297
3 1155 4685 1077
3 2188 4994 4979
3 3066 4945 3065
3 4620 4770 3140
3 1920 4968 3868
3 2188 4979 3761
3 281 4960 903
3 364 5039 366
3 5009 5145 897
3 2971 5205 5184
3 2729 5274 3177
3 3414 5281 4014
3 3996 5210 2940
3 824 5294 4547
3 1366 4950 1364
3 646 5204 2014
3 3036 4935 3035
3 4952 5122 2905
3 2874 4882 2873
3 4863 4945 3066
3 3171 4940 2862
3 2533 5311 4331
3 1460 5081 4281
3 1499 5173 3799
3 4102 5033 4687
3 2983 4795 4541
3 3555 4748 4353
3 574 5120 555
3 4512 5082 1681
3 3796 4789 1857
3 3296 5168 4629
3 3527 5279 4730
3 3094 5322 2828
3 4804 5115 2776
3 3838 5009 897
3 4232 4908 3044
3 2778 5309 4102
3 3205 4822 4368
3 2035 5182 3256
3 3660 5098 3137
3 4229 5302 2460
3 4063 5339 4170
3 1980 4994 2188
3 4433 4969 682
3 988 4937 829
3 4385 4778 3026
3 3218 5086 4566
3 2354 4998 2798
3 3712 5065 2556
3 1460 5317 5081
3 4617 5337 5069
3 1057 4962 278
3 2512 5119 4643
3 2114 4824 4790
3 4580 5235 3594
3 2953 4967 4484
3 4200 4602 1733
3 3365 4977 4681
3 2988 5058 3727
3 1272 5283 5096
3 3362 5276 1870
3 4170 5339 1963
3 3766 5022 2332
3 3143 5199 5030
3 3697 4916 4633
3 3957 4961 1456
3 3786 5042 1171
3 1312 5149 1374
3 4690 4865 2158
3 4838 5193 3034
3 1957 4955 2161
3 1862 4954 1606
3 4640 4925 4035
3 1080 5337 5272
3 2852 4978 3503
3 5096 5283 2428
3 3374 5241 3971
3 2952 5263 5088
3 4451 5227 3228
3 3677 5170 2900
3 4347 5257 501
3 3145 5336 4802
3 5042 5194 1171
3 4463 5196 2630
3 4909 5023 2987
3 2796 5229 2494
3 2963 5273 3440
3 2997 5117 3196
3 4056 4984 1995
3 2604 5010 4752
3 4287 4952 2013
3 4745 5345 875
3 3480 4910 4079
3 3647 5041 1574
3 262 5001 261
3 3307 4995 3304
3 220 5336 219
3 3856 5007 951
3 350 4992 347
3 4026 5345 4745
3 2960 4900 2961
3 1270 5277 4695
3 596 4988 569
3 4619 5229 3106
3 4623 5228 3038
3 4904 5021 4412
3 2928 5004 2926
3 4483 4849 2740
3 3950 5037 3801
3 3102 5261 4599
3 519 5012 525
3 224 5018 223
3 207 4815 3475
3 4691 5049 3411
3 2990 5047 2879
3 3062 5287 3061
3 3144 5199 3143
3 2999 4982 4093
3 2870 4957 4494
3 1171 5194 3839
3 3085 5311 3442
3 443 4973 449
3 4161 5102 2327
3 2574 4868 4648
3 4728 5090 3679
3 1712 5121 3935
3 3439 5080 3438
3 5077 5126 3107
3 2954 4959 4186
3 4421 5322 1449
3 4748 5159 4353
3 1327 5005 1325
3 3981 4946 2890
3 897 5145 3960
3 4806 5328 1788
3 3471 5171 3469
3 1236 5013 1396
3 3007 4987 2715
3 1903 4766 1697
3 3707 5089 3708
3 3479 5316 1392
3 1297 5216 4446
3 4082 5004 2928
3 4862 5009 3838
3 4856 5241 3125
3 3207 5189 3208
3 3431 5332 4535
3 3183 4740 4718
3 4922 4992 350
3 2202 5335 3680
3 4710 5197 1620
3 2887 5111 2381
3 2060 5170 3677
3 3077 5146 3076
3 2036 5054 2505
3 3577 5324 3578
3 3520 5220 4854
3 2530 5279 4540
3 2871 4915 4427
3 4635 5273 2626
3 3612 5285 3567
3 3113 5102 3114
3 1975 5050 4050
3 3097 5255 3098
3 3487 5180 1440
3 4472 4990 544
3 3837 5053 981
3 1350 5249 4585
3 3094 5124 4051
3 4739 5090 2486
3 2111 4986 4193
3 2775 5022 3766
3 2036 5077 5054
3 3095 5243 5140
3 2339 4944 130
3 3481 5130 211
3 3161 5253 3075
3 4555 4825 1265
3 4172 5124 3094
3 226 5026 225
3 469 5055 3828
3 210 5130 3481
3 2505 5054 5034
3 1057 5043 4962
3 941 4893 3204
3 2078 4972 3230
3 1547 5068 3753
3 4783 5335 2202
3 3095 5140 2309
3 3466 5071 3465
3 1697 4766 3201
3 2755 4889 4345
3 5194 5323 3839
3 602 5114 773
3 2509 4804 3885
3 539 4966 524
3 3387 5187 3089
3 2534 5119 2321
3 5036 5265 2883
3 5287 5320 3061
3 2951 5134 4553
3 2912 5048 2358
3 2725 5028 3082
3 4660 5019 1597
3 3948 5097 1398
3 4790 4824 2960
3 3971 5241 1814
3 2923 5043 1057
3 3878 5163 3877
3 5089 5176 3708
3 2672 5252 2673
3 325 4933 4055
3 3333 5239 3023
3 875 5345 4688
3 4680 4968 1920
3 4676 4861 3832
3 2373 5006 1658
3 2037 5077 2036
3 4417 4875 1588
3 4438 4944 2339
3 3303 5066 3300
3 674 5110 3792
3 3929 5317 1460
3 4674 5128 2563
3 2261 5057 3134
3 1458 5030 1348
3 1564 4716 1710
3 1443 5154 3952
3 4569 4896 3763
3 3810 5260 1108
3 1469 5138 3722
3 4568 4999 2920
3 3247 4937 4496
3 2734 5151 3344
3 4595 5271 3526
3 1559 5286 3653
3 5184 5265 2971
3 5038 5074 2875
3 4069 5040 2072
3 1996 4926 3865
3 133 5148 132
3 2287 5103 4233
3 4409 4970 4667
3 4869 5030 1458
3 2864 5084 3242
3 4812 5257 3597
3 834 5153 3867
3 3110 5177 3109
3 4220 4971 2846
3 4553 5134 3243
3 1034 4949 1036
3 4066 5211 2945
3 4751 5181 3063
3 2893 5115 4804
3 4116 5179 2402
3 4144 4934 3506
3 4011 5169 1520
3 2288 5206 2562
3 56 5052 221
3 3534 5046 4087
3 3708 5176 3710
3 4435 5095 2914
3 100 5288 4497
3 3214 5061 3211
3 4042 5278 5129
3 3972 5079 2184
3 4830 5296 2599
3 3525 5279 3527
3 3109 5224 3046
3 4154 5021 3954
3 2630 5196 4453
3 5144 5162 966
3 3040 5185 2903
3 1403 5072 648
3 4874 4958 1991
3 3999 5296 3816
3 2304 4837 4436
3 1652 5067 1854
3 2381 5165 2044
3 4419 4993 3404
3 5018 5255 3097
3 1042 5164 1123
3 3793 5195 3794
3 2952 4993 4419
3 4455 5101 2868
3 1706 5233 1304
3 2139 4920 2756
3 4199 5231 2199
3 3053 5024 3049
3 2197 4920 2139
3 12 4944 4438
3 4546 4873 3068
3 148 5116 1604
3 2775 5240 5022
3 4436 4837 2700
3 2354 5312 4998
3 693 5011 1403
3 3061 5320 3582
3 261 5001 4673
3 2956 5087 2957
3 4508 5309 2778
3 4278 5003 124
3 1827 5014 2967
3 4702 4869 1458
3 2969 5036 2970
3 4814 5186 2609
3 3091 5266 4565
3 756 4943 4417
3 2281 4766 1903
3 4087 5197 3013
3 778 5192 794
3 1673 5029 4488
3 2899 5076 2874
3 5021 5080 3954
3 2829 4981 4429
3 174 5308 2611
3 4221 5104 4160
3 3642 5150 3644
3 2505 5034 4280
3 3140 5321 4531
3 3222 5277 3277
3 3107 5126 3955
3 240 5136 65
3 3963 5271 4595
3 4014 5281 2427
3 3075 5253 4064
3 3043 5215 3823
3 1515 5113 4117
3 2306 5264 3236
3 2756 5057 2986
3 3129 5198 4386
3 4496 4937 988
3 2917 5086 3218
3 4202 5142 2054
3 2828 5322 4421
3 550 5016 565
3 2985 4909 2987
3 4418 5149 1314
3 498 5214 1469
3 3144 5302 5199
3 2874 5076 4882
3 3506 5051 3005
3 1524 5226 4534
3 3124 5208 3123
3 4001 5340 1095
3 1744 5230 2183
3 2510 5167 4528
3 2835 4968 4597
3 4764 4909 2985
3 2483 5139 2484
3 2163 5131 2165
3 4774 5341 2477
3 3314 5306 3315
3 2601 5297 2253
3 3752 5236 2027
3 4117 5144 966
3 3898 5137 1882
3 2966 4869 4702
3 3125 5241 3374
3 3955 5201 3014
3 4484 4967 3912
3 4178 5100 2959
3 2909 5044 3603
3 3597 5257 4347
3 5037 5284 1385
3 966 5162 4090
3 3004 5303 2553
3 1305 4713 2120
3 3965 5237 3967
3 4099 5266 3092
3 2081 5202 2360
3 2961 4970 4409
3 3175 5346 3375
3 3079 5347 3367
3 4792 5064 3231
3 4795 4942 2325
3 1392 5316 4434
3 4287 5122 4952
3 2464 5314 3101
3 1854 5031 1653
3 3041 5318 3178
3 783 5247 3773
3 3440 5273 4635
3 3147 5319 2342
3 3954 5080 1104
3 3034 5193 3036
3 3038 5228 3111
3 2348 5190 2349
3 4050 5191 2149
3 2901 5249 4121
3 3839 5323 1593
3 2133 5000 2925
3 2736 5282 2979
3 4659 5134 2951
3 4982 5339 4093
3 3390 5333 2902
3 3286 5341 3570
3 2402 5181 3012
3 3950 5284 5037
3 3416 5281 3414
3 2798 4998 4879
3 50 5130 210
3 4625 4963 2005
3 4639 5062 2942
3 3020 4843 4706
3 4627 5078 3168
3 2965 5284 3950
3 3566 5223 3568
3 310 5159 95
3 1552 5161 2277
3 4295 5099 1705
3 4648 4868 3113
3 5111 5165 2381
3 1088 5251 1152
3 3438 5080 5021
3 3733 4990 4472
3 1084 5172 1086
3 3355 5293 4605
3 1371 5218 1373
3 4187 5327 2108
3 3666 5078 583
3 4064 5253 2860
3 4262 5245 2113
3 2771 5256 4101
3 4485 5294 4781
3 2353 5242 3987
3 2179 4847 4522
3 3749 5291 1324
3 3119 5216 3789
3 3016 5226 5010
3 4765 5237 1232
3 3187 5259 4745
3 1681 5082 4225
3 2873 4848 4847
3 4482 5290 3840
3 1374 5149 4773
3 2494 5229 4619
3 4285 5331 756
3 2136 5344 4162
3 4520 5272 2980
3 2531 5271 3963
3 5113 5144 4117
3 4317 5295 2579
3 3978 5293 4907
3 2046 5135 4125
3 3037 5307 3090
3 3047 5345 4026
3 3055 5075 4404
3 3106 4926 1996
3 3157 5219 2143
3 4824 4900 2960
3 4090 5203 3819
3 2600 5091 4295
3 2782 5002 4793
3 509 5225 507
3 1135 5332 1161
3 3123 5208 5165
3 2050 5298 4000
3 1643 5196 4807
3 950 5147 988
3 3176 5240 2775
3 2576 5122 4287
3 3179 5328 3181
3 4114 5019 2597
3 2058 5213 4115
3 4356 5025 2238
3 1304 5233 1190
3 4026 5259 2523
3 3389 5313 2937
3 4501 4940 2189
3 4592 5117 1705
3 2755 5175 4587
3 49 5049 2467
3 2564 5092 4228
3 4745 5259 4026
3 3773 5329 3772
3 221 5052 4802
3 4547 5294 3532
3 3798 5267 4891
3 4339 5020 2915
3 3358 5227 4451
3 3255 5105 163
3 4093 5339 4063
3 5033 5309 2392
3 2961 5258 4970
3 195 5158 4491
3 5019 5155 2597
3 1483 5209 4227
3 1354 5188 4369
3 3067 5200 4837
3 381 5342 4645
3 4497 5288 4289
3 3195 5085 2911
3 4540 5279 3525
3 4491 5158 2510
3 3111 5250 3112
3 3387 5299 5187
3 4781 5294 824
3 4452 5108 2939
3 3063 5179 2885
3 3208 5189 4138
3 2510 5158 196
3 5126 5201 3955
3 100 5063 5038
3 584 5334 586
3 2602 5118 4704
3 197 5167 2510
3 4802 5336 220
3 2563 5125 249
3 3078 5010 4413
3 4374 5112 3260
3 5162 5203 4090
3 4417 4943 4875
3 3012 5207 4171
3 4734 5248 2261
3 2980 5272 3120
3 3783 5128 4709
3 4755 5239 3333
3 2070 4999 4568
3 508 5325 510
3 328 4948 4777
3 4834 4989 3621
3 214 4890 3843
3 1385 5284 4292
3 209 5182 2035
3 1829 5299 4361
3 4669 5000 279
3 4239 5234 1836
3 4687 5033 2634
3 4292 5284 2965
3 2597 5155 4471
3 4361 5299 3387
3 3098 5255 5108
3 2758 5045 4358
3 3046 5224 4817
3 4587 5175 3501
3 4770 5204 3139
3 3755 5151 2734
3 4736 5114 3347
3 2211 5015 4616
3 4522 4847 2625
3 2930 5275 5145
3 2837 4972 4642
3 968 5232 995
3 4951 5261 3158
3 2861 5290 4482
3 2979 5282 4650
3 4370 5312 2354
3 3568 5223 4835
3 1678 5301 4867
3 4918 5314 2464
3 1982 5343 34
3 2949 4910 4874
3 2995 5260 5015
3 4842 5324 3577
3 3384 5280 4528
3 4662 5273 2963
3 4742 5195 3793
3 3223 5300 5133
3 5202 5304 2360
3 2014 5204 4770
3 4453 5196 1643
3 4563 5106 2552
3 2932 5060 4659
3 3153 5183 3152
3 3137 5098 5022
3 3367 5347 5232
3 2899 4976 4975
3 1971 5254 1548
3 1982 4975 4866
3 4875 4943 2834
3 2251 5238 3297
3 4350 5106 4563
3 2995 5015 4919
3 3014 5201 4521
3 4704 5118 3614
3 2460 5302 4788
3 4777 4948 2996
3 4585 5249 2901
3 4440 5282 2736
3 665 5235 4580
3 4200 5300 4602
3 4771 5118 2602
3 2210 5143 4511
3 2916 5083 4555
3 1314 5149 1312
3 2945 5211 4600
3 4534 5226 3016
3 1287 5062 4639
3 593 5141 621
3 1917 5134 4659
3 3189 5084 4924
3 4616 5015 3810
3 4735 5008 3071
3 2214 5133 4200
3 2467 5049 4691
3 4446 5216 3119
3 2486 5090 4628
3 2149 5191 4666
3 3532 5294 4485
3 4521 5201 2696
3 4491 5280 2557
3 5010 5226 4413
3 4724 5037 1385
3 4643 5119 3974
3 3952 5154 4903
3 4474 5292 1549
3 3013 5197 4710
3 4471 5289 1183
3 420 5244 418
3 4413 5226 1524
3 1295 4909 4764
3 2434 5222 2435
3 4715 5286 1559
3 440 5217 422
3 4659 5101 1917
3 5069 5337 3410
3 4924 5084 2864
3 5181 5327 3012
3 4943 5331 2998
3 1990 5212 5087
3 4614 5132 4646
3 4641 5205 4593
3 4600 5211 1349
3 3438 5021 4904
3 4866 4975 3056
3 4837 5200 2700
3 5155 5289 4471
3 3027 5269 3127
3 4688 5345 3047
3 4975 5076 2899
3 3196 5117 4592
3 4559 5275 2930
3 4345 5175 2755
3 4577 5305 2959
3 4960 5303 3004
3 4585 5268 1270
3 3157 5267 4836
3 3261 5058 4816
3 2940 5210 4684
3 4895 5329 3773
3 2390 5136 4705
3 4709 5128 2807
3 4695 5277 3222
3 4687 5346 2376
3 3643 5258 4754
3 4816 5058 2988
3 2199 5231 4871
3 4919 5015 2211
3 4891 5267 3157
3 4593 5205 2971
3 2552 5106 4831
3 4975 4976 3056
3 5015 5260 3810
3 3375 5346 4687
3 4629 5168 1314
3 2304 5069 4837
3 3228 5227 4586
3 4773 5149 4418
3 1872 5174 5132
3 773 5114 4736
3 4645 5342 3451
3 1549 5292 4556
3 309 5159 4748
3 4936 5185 3040
3 4654 5174 1872
3 4705 5221 2390
3 4849 5307 3037
3 1982 5076 4975
3 2626 5273 4662
3 3090 5307 5017
3 4579 5299 1829
3 3272 5205 4641
3 1872 5132 4614
3 4531 5321 1706
3 5095 5096 2428
3 4802 5052 3145
3 4435 5096 5095
3 4776 5221 3104
3 2900 5170 4797
3 4789 5250 1857
3 3205 5166 4822
3 756 5331 4943
3 3181 5328 4806
3 4878 5313 1279
3 3967 5237 4765
3 4743 5290 2861
3 5017 5307 1709
3 1095 5340 4908
3 2546 5265 5184
3 2611 5308 4827
3 5022 5098 2332
3 4993 5088 2938
3 3112 5250 4789
3 2673 5252 4985
3 5043 5111 2887
3 3570 5341 4774
3 2913 5173 4880
3 1709 5307 4849
3 2923 5111 5043
3 5057 5248 2986
3 320 5185 4936
3 4926 5229 2796
3 4854 5220 1402
3 3816 5296 4830
3 4827 5308 175
3 3018 5261 4951
3 5070 5254 1971
3 4866 5343 1982
3 5238 5278 3297
3 4900 5258 2961
3 2235 5262 4894
3 3101 5157 5156
3 3106 5229 4926
3 4985 5252 3648
3 4907 5293 3355
3 5156 5157 2075
3 5157 5314 3024
3 4977 5246 1573
3 3101 5314 5157
3 2895 5278 5238
3 4908 5340 3044
3 3028 5074 5063
3 2261 5248 5057
3 5087 5212 2957
3 2969 5265 5036
3 5215 5319 3147
3 5133 5300 4200
3 5115 5238 2251
3 3315 5306 5075
3 3012 5327 5207
3 4000 5298 5176
3 5164 5269 3027
3 4109 5254 5070
3 3178 5318 5251
3 5207 5327 4187
3 5176 5298 3710
3 5088 5263 2567
3 3043 5319 5215
3 5251 5318 1152
3 2841 5270 5074
3 5074 5270 2875
3 93 328 306
3 316 98 317

CELL_TYPES 10795
1
1
1
1
1
1
1
1
1
1
1
1
1
1
1
1
1
1
1
1
1
1
1
1
1
1
1
1
1
1
1
1
1
1
1
1
1
1
1
1
1
1
1
1
1
1
1
1
1
1
1
1
1
1
1
1
1
1
1
1
1
1
1
1
1
1
1
1
1
1
1
1
1
1
1
1
1
1
1
1
1
1
1
1
1
1
1
1
1
1
1
1
1
1
1
1
1
1
1
1
1
3
3
3
3
3
3
3
3
3
3
3
3
3
3
3
3
3
3
3
3
3
3
3
3
3
3
3
3
3
3
3
3
3
3
3
3
3
3
3
3
3
3
3
3
3
3
3
3
3
3
3
3
3
3
3
3
3
3
3
3
3
3
3
3
3
3
3
3
3
3
3
3
3
3
3
3
3
3
3
3
3
3
3
3
3
3
3
3
3
3
3
3
3
3
3
3
3
3
3
3
3
3
3
3
3
3
3
3
3
3
3
3
3
3
3
3
3
3
3
3
3
3
3
3
3
3
3
3
3
3
3
3
3
3
3
3
3
3
3
3
3
3
3
3
3
3
3
3
3
3
3
3
3
3
3
3
3
3
3
3
3
3
3
3
3
3
3
3
3
3
3
3
3
3
3
3
3
3
3
3
3
3
3
3
3
3
3
3
3
3
3
3
3
3
3
3
3
3
3
3
3
3
3
3
3
3
3
3
3
3
3
3
3
3
3
3
3
3
3
3
3
3
3
3
3
3
3
3
3
3
3
3
3
3
3
3
3
3
3
3
3
3
3
3
3
3
3
3
3
3
3
3
3
3
3
3
3
3
3
3
3
3
3
3
3
3
3
3
3
3
3
3
3
3
3
3
3
3
3
3
3
3
3
3
3
3
3
3
3
3
3
3
3
3
3
3
3
3
3
3
3
3
3
3
3
3
3
3
3
3
3
3
3
3
3
3
3
3
3
5
5
5
5
5
5
5
5
5
5
5
5
5
5
5
5
5
5
5
5
5
5
5
5
5
5
5
5
5
5
5
5
5
5
5
5
5
5
5
5
5
5
5
5
5
5
5
5
5
5
5
5
5
5
5
5
5
5
5
5
5
5
5
5
5
5
5
5
5
5
5
5
5
5
5
5
5
5
5
5
5
5
5
5
5
5
5
5
5
5
5
5
5
5
5
5
5
5
5
5
5
5
5
5
5
5
5
5
5
5
5
5
5
5
5
5
5
5
5
5
5
5
5
5
5
5
5
5
5
5
5
5
5
5
5
5
5
5
5
5
5
5
5
5
5
5
5
5
5
5
5
5
5
5
5
5
5
5
5
5
5
5
5
5
5
5
5
5
5
5
5
5
5
5
5
5
5
5
5
5
5
5
5
5
5
5
5
5
5
5
5
5
5
5
5
5
5
5
5
5
5
5
5
5
5
5
5
5
5
5
5
5
5
5
5
5
5
5
5
5
5
5
5
5
5
5
5
5
5
5
5
5
5
5
5
5
5
5
5
5
5
5
5
5
5
5
5
5
5
5
5
5
5
5
5
5
5
5
5
5
5
5
5
5
5
5
5
5
5
5
5
5
5
5
5
5
5
5
5
5
5
5
5
5
5
5
5
5
5
5
5
5
5
5
5
5
5
5
5
5
5
5
5
5
5
5
5
5
5
5
5
5
5
5
5
5
5
5
5
5
5
5
5
5
5
5
5
5
5
5
5
5
5
5
5
5
5
5
5
5
5
5
5
5
5
5
5
5
5
5
5
5
5
5
5
5
5
5
5
5
5
5
5
5
5
5
5
5
5
5
5
5
5
5
5
5
5
5
5
5
5
5
5
5
5
5
5
5
5
5
5
5
5
5
5
5
5
5
5
5
5
5
5
5
5
5
5
5
5
5
5
5
5
5
5
5
5
5
5
5
5
5
5
5
5
5
5
5
5
5
5
5
5
5
5
5
5
5
5
5
5
5
5
5
5
5
5
5
5
5
5
5
5
5
5
5
5
5
5
5
5
5
5
5
5
5
5
5
5
5
5
5
5
5
5
5
5
5
5
5
5
5
5
5
5
5
5
5
5
5
5
5
5
5
5
5
5
5
5
5
5
5
5
5
5
5
5
5
5
5
5
5
5
5
5
5
5
5
5
5
5
5
5
5
5
5
5
5
5
5
5
5
5
5
5
5
5
5
5
5
5
5
5
5
5
5
5
5
5
5
5
5
5
5
5
5
5
5
5
5
5
5
5
5
5
5
5
5
5
5
5
5
5
5
5
5
5
5
5
5
5
5
5
5
5
5
5
5
5
5
5
5
5
5
5
5
5
5
5
5
5
5
5
5
5
5
5
5
5
5
5
5
5
5
5
5
5
5
5
5
5
5
5
5
5
5
5
5
5
5
5
5
5
5
5
5
5
5
5
5
5
5
5
5
5
5
5
5
5
5
5
5
5
5
5
5
5
5
5
5
5
5
5
5
5
5
5
5
5
5
5
5
5
5
5
5
5
5
5
5
5
5
5
5
5
5
5
5
5
5
5
5
5
5
5
5
5
5
5
5
5
5
5
5
5
5
5
5
5
5
5
5
5
5
5
5
5
5
5
5
5
5
5
5
5
5
5
5
5
5
5
5
5
5
5
5
5
5
5
5
5
5
5
5
5
5
5
5
5
5
5
5
5
5
5
5
5
5
5
5
5
5
5
5
5
5
5
5
5
5
5
5
5
5
5
5
5
5
5
5
5
5
5
5
5
5
5
5
5
5
5
5
5
5
5
5
5
5
5
5
5
5
5
5
5
5
5
5
5
5
5
5
5
5
5
5
5
5
5
5
5
5
5
5
5
5
5
5
5
5
5
5
5
5
5
5
5
5
5
5
5
5
5
5
5
5
5
5
5
5
5
5
5
5
5
5
5
5
5
5
5
5
5
5
5
5
5
5
5
5
5
5
5
5
5
5
5
5
5
5
5
5
5
5
5
5
5
5
5
5
5
5
5
5
5
5
5
5
5
5
5
5
5
5
5
5
5
5
5
5
5
5
5
5
5
5
5
5
5
5
5
5
5
5
5
5
5
5
5
5
5
5
5
5
5
5
5
5
5
5
5
5
5
5
5
5
5
5
5
5
5
5
5
5
5
5
5
5
5
5
5
5
5
5
5
5
5
5
5
5
5
5
5
5
5
5
5
5
5
5
5
5
5
5
5
5
5
5
5
5
5
5
5
5
5
5
5
5
5
5
5
5
5
5
5
5
5
5
5
5
5
5
5
5
5
5
5
5
5
5
5
5
5
5
5
5
5
5
5
5
5
5
5
5
5
5
5
5
5
5
5
5
5
5
5
5
5
5
5
5
5
5
5
5
5
5
5
5
5
5
5
5
5
5
5
5
5
5
5
5
5
5
5
5
5
5
5
5
5
5
5
5
5
5
5
5
5
5
5
5
5
5
5
5
5
5
5
5
5
5
5
5
5
5
5
5
5
5
5
5
5
5
5
5
5
5
5
5
5
5
5
5
5
5
5
5
5
5
5
5
5
5
5
5
5
5
5
5
5
5
5
5
5
5
5
5
5
5
5
5
5
5
5
5
5
5
5
5
5
5
5
5
5
5
5
5
5
5
5
5
5
5
5
5
5
5
5
5
5
5
5
5
5
5
5
5
5
5
5
5
5
5
5
5
5
5
5
5
5
5
5
5
5
5
5
5
5
5
5
5
5
5
5
5
5
5
5
5
5
5
5
5
5
5
5
5
5
5
5
5
5
5
5
5
5
5
5
5
5
5
5
5
5
5
5
5
5
5
5
5
5
5
5
5
5
5
5
5
5
5
5
5
5
5
5
5
5
5
5
5
5
5
5
5
5
5
5
5
5
5
5
5
5
5
5
5
5
5
5
5
5
5
5
5
5
5
5
5
5
5
5
5
5
5
5
5
5
5
5
5
5
5
5
5
5
5
5
5
5
5
5
5
5
5
5
5
5
5
5
5
5
5
5
5
5
5
5
5
5
5
5
5
5
5
5
5
5
5
5
5
5
5
5
5
5
5
5
5
5
5
5
5
5
5
5
5
5
5
5
5
5
5
5
5
5
5
5
5
5
5
5
5
5
5
5
5
5
5
5
5
5
5
5
5
5
5
5
5
5
5
5
5
5
5
5
5
5
5
5
5
5
5
5
5
5
5
5
5
5
5
5
5
5
5
5
5
5
5
5
5
5
5
5
5
5
5
5
5
5
5
5
5
5
5
5
5
5
5
5
5
5
5
5
5
5
5
5
5
5
5
5
5
5
5
5
5
5
5
5
5
5
5
5
5
5
5
5
5
5
5
5
5
5
5
5
5
5
5
5
5
5
5
5
5
5
5
5
5
5
5
5
5
5
5
5
5
5
5
5
5
5
5
5
5
5
5
5
5
5
5
5
5
5
5
5
5
5
5
5
5
5
5
5
5
5
5
5
5
5
5
5
5
5
5
5
5
5
5
5
5
5
5
5
5
5
5
5
5
5
5
5
5
5
5
5
5
5
5
5
5
5
5
5
5
5
5
5
5
5
5
5
5
5
5
5
5
5
5
5
5
5
5
5
5
5
5
5
5
5
5
5
5
5
5
5
5
5
5
5
5
5
5
5
5
5
5
5
5
5
5
5
5
5
5
5
5
5
5
5
5
5
5
5
5
5
5
5
5
5
5
5
5
5
5
5
5
5
5
5
5
5
5
5
5
5
5
5
5
5
5
5
5
5
5
5
5
5
5
5
5
5
5
5
5
5
5
5
5
5
5
5
5
5
5
5
5
5
5
5
5
5
5
5
5
5
5
5
5
5
5
5
5
5
5
5
5
5
5
5
5
5
5
5
5
5
5
5
5
5
5
5
5
5
5
5
5
5
5
5
5
5
5
5
5
5
5
5
5
5
5
5
5
5
5
5
5
5
5
5
5
5
5
5
5
5
5
5
5
5
5
5
5
5
5
5
5
5
5
5
5
5
5
5
5
5
5
5
5
5
5
5
5
5
5
5
5
5
5
5
5
5
5
5
5
5
5
5
5
5
5
5
5
5
5
5
5
5
5
5
5
5
5
5
5
5
5
5
5
5
5
5
5
5
5
5
5
5
5
5
5
5
5
5
5
5
5
5
5
5
5
5
5
5
5
5
5
5
5
5
5
5
5
5
5
5
5
5
5
5
5
5
5
5
5
5
5
5
5
5
5
5
5
5
5
5
5
5
5
5
5
5
5
5
5
5
5
5
5
5
5
5
5
5
5
5
5
5
5
5
5
5
5
5
5
5
5
5
5
5
5
5
5
5
5
5
5
5
5
5
5
5
5
5
5
5
5
5
5
5
5
5
5
5
5
5
5
5
5
5
5
5
5
5
5
5
5
5
5
5
5
5
5
5
5
5
5
5
5
5
5
5
5
5
5
5
5
5
5
5
5
5
5
5
5
5
5
5
5
5
5
5
5
5
5
5
5
5
5
5
5
5
5
5
5
5
5
5
5
5
5
5
5
5
5
5
5
5
5
5
5
5
5
5
5
5
5
5
5
5
5
5
5
5
5
5
5
5
5
5
5
5
5
5
5
5
5
5
5
5
5
5
5
5
5
5
5
5
5
5
5
5
5
5
5
5
5
5
5
5
5
5
5
5
5
5
5
5
5
5
5
5
5
5
5
5
5
5
5
5
5
5
5
5
5
5
5
5
5
5
5
5
5
5
5
5
5
5
5
5
5
5
5
5
5
5
5
5
5
5
5
5
5
5
5
5
5
5
5
5
5
5
5
5
5
5
5
5
5
5
5
5
5
5
5
5
5
5
5
5
5
5
5
5
5
5
5
5
5
5
5
5
5
5
5
5
5
5
5
5
5
5
5
5
5
5
5
5
5
5
5
5
5
5
5
5
5
5
5
5
5
5
5
5
5
5
5
5
5
5
5
5
5
5
5
5
5
5
5
5
5
5
5
5
5
5
5
5
5
5
5
5
5
5
5
5
5
5
5
5
5
5
5
5
5
5
5
5
5
5
5
5
5
5
5
5
5
5
5
5
5
5
5
5
5
5
5
5
5
5
5
5
5
5
5
5
5
5
5
5
5
5
5
5
5
5
5
5
5
5
5
5
5
5
5
5
5
5
5
5
5
5
5
5
5
5
5
5
5
5
5
5
5
5
5
5
5
5
5
5
5
5
5
5
5
5
5
5
5
5
5
5
5
5
5
5
5
5
5
5
5
5
5
5
5
5
5
5
5
5
5
5
5
5
5
5
5
5
5
5
5
5
5
5
5
5
5
5
5
5
5
5
5
5
5
5
5
5
5
5
5
5
5
5
5
5
5
5
5
5
5
5
5
5
5
5
5
5
5
5
5
5
5
5
5
5
5
5
5
5
5
5
5
5
5
5
5
5
5
5
5
5
5
5
5
5
5
5
5
5
5
5
5
5
5
5
5
5
5
5
5
5
5
5
5
5
5
5
5
5
5
5
5
5
5
5
5
5
5
5
5
5
5
5
5
5
5
5
5
5
5
5
5
5
5
5
5
5
5
5
5
5
5
5
5
5
5
5
5
5
5
5
5
5
5
5
5
5
5
5
5
5
5
5
5
5
5
5
5
5
5
5
5
5
5
5
5
5
5
5
5
5
5
5
5
5
5
5
5
5
5
5
5
5
5
5
5
5
5
5
5
5
5
5
5
5
5
5
5
5
5
5
5
5
5
5
5
5
5
5
5
5
5
5
5
5
5
5
5
5
5
5
5
5
5
5
5
5
5
5
5
5
5
5
5
5
5
5
5
5
5
5
5
5
5
5
5
5
5
5
5
5
5
5
5
5
5
5
5
5
5
5
5
5
5
5
5
5
5
5
5
5
5
5
5
5
5
5
5
5
5
5
5
5
5
5
5
5
5
5
5
5
5
5
5
5
5
5
5
5
5
5
5
5
5
5
5
5
5
5
5
5
5
5
5
5
5
5
5
5
5
5
5
5
5
5
5
5
5
5
5
5
5
5
5
5
5
5
5
5
5
5
5
5
5
5
5
5
5
5
5
5
5
5
5
5
5
5
5
5
5
5
5
5
5
5
5
5
5
5
5
5
5
5
5
5
5
5
5
5
5
5
5
5
5
5
5
5
5
5
5
5
5
5
5
5
5
5
5
5
5
5
5
5
5
5
5
5
5
5
5
5
5
5
5
5
5
5
5
5
5
5
5
5
5
5
5
5
5
5
5
5
5
5
5
5
5
5
5
5
5
5
5
5
5
5
5
5
5
5
5
5
5
5
5
5
5
5
5
5
5
5
5
5
5
5
5
5
5
5
5
5
5
5
5
5
5
5
5
5
5
5
5
5
5
5
5
5
5
5
5
5
5
5
5
5
5
5
5
5
5
5
5
5
5
5
5
5
5
5
5
5
5
5
5
5
5
5
5
5
5
5
5
5
5
5
5
5
5
5
5
5
5
5
5
5
5
5
5
5
5
5
5
5
5
5
5
5
5
5
5
5
5
5
5
5
5
5
5
5
5
5
5
5
5
5
5
5
5
5
5
5
5
5
5
5
5
5
5
5
5
5
5
5
5
5
5
5
5
5
5
5
5
5
5
5
5
5
5
5
5
5
5
5
5
5
5
5
5
5
5
5
5
5
5
5
5
5
5
5
5
5
5
5
5
5
5
5
5
5
5
5
5
5
5
5
5
5
5
5
5
5
5
5
5
5
5
5
5
5
5
5
5
5
5
5
5
5
5
5
5
5
5
5
5
5
5
5
5
5
5
5
5
5
5
5
5
5
5
5
5
5
5
5
5
5
5
5
5
5
5
5
5
5
5
5
5
5
5
5
5
5
5
5
5
5
5
5
5
5
5
5
5
5
5
5
5
5
5
5
5
5
5
5
5
5
5
5
5
5
5
5
5
5
5
5
5
5
5
5
5
5
5
5
5
5
5
5
5
5
5
5
5
5
5
5
5
5
5
5
5
5
5
5
5
5
5
5
5
5
5
5
5
5
5
5
5
5
5
5
5
5
5
5
5
5
5
5
5
5
5
5
5
5
5
5
5
5
5
5
5
5
5
5
5
5
5
5
5
5
5
5
5
5
5
5
5
5
5
5
5
5
5
5
5
5
5
5
5
5
5
5
5
5
5
5
5
5
5
5
5
5
5
5
5
5
5
5
5
5
5
5
5
5
5
5
5
5
5
5
5
5
5
5
5
5
5
5
5
5
5
5
5
5
5
5
5
5
5
5
5
5
5
5
5
5
5
5
5
5
5
5
5
5
5
5
5
5
5
5
5
5
5
5
5
5
5
5
5
5
5
5
5
5
5
5
5
5
5
5
5
5
5
5
5
5
5
5
5
5
5
5
5
5
5
5
5
5
5
5
5
5
5
5
5
5
5
5
5
5
5
5
5
5
5
5
5
5
5
5
5
5
5
5
5
5
5
5
5
5
5
5
5
5
5
5
5
5
5
5
5
5
5
5
5
5
5
5
5
5
5
5
5
5
5
5
5
5
5
5
5
5
5
5
5
5
5
5
5
5
5
5
5
5
5
5
5
5
5
5
5
5
5
5
5
5
5
5
5
5
5
5
5
5
5
5
5
5
5
5
5
5
5
5
5
5
5
5
5
5
5
5
5
5
5
5
5
5
5
5
5
5
5
5
5
5
5
5
5
5
5
5
5
5
5
5
5
5
5
5
5
5
5
5
5
5
5
5
5
5
5
5
5
5
5
5
5
5
5
5
5
5
5
5
5
5
5
5
5
5
5
5
5
5
5
5
5
5
5
5
5
5
5
5
5
5
5
5
5
5
5
5
5
5
5
5
5
5
5
5
5
5
5
5
5
5
5
5
5
5
5
5
5
5
5
5
5
5
5
5
5
5
5
5
5
5
5
5
5
5
5
5
5
5
5
5
5
5
5
5
5
5
5
5
5
5
5
5
5
5
5
5
5
5
5
5
5
5
5
5
5
5
5
5
5
5
5
5
5
5
5
5
5
5
5
5
5
5
5
5
5
5
5
5
5
5
5
5
5
5
5
5
5
5
5
5
5
5
5
5
5
5
5
5
5
5
5
5
5
5
5
5
5
5
5
5
5
5
5
5
5
5
5
5
5
5
5
5
5
5
5
5
5
5
5
5
5
5
5
5
5
5
5
5
5
5
5
5
5
5
5
5
5
5
5
5
5
5
5
5
5
5
5
5
5
5
5
5
5
5
5
5
5
5
5
5
5
5
5
5
5
5
5
5
5
5
5
5
5
5
5
5
5
5
5
5
5
5
5
5
5
5
5
5
5
5
5
5
5
5
5
5
5
5
5
5
5
5
5
5
5
5
5
5
5
5
5
5
5
5
5
5
5
5
5
5
5
5
5
5
5
5
5
5
5
5
5
5
5
5
5
5
5
5
5
5
5
5
5
5
5
5
5
5
5
5
5
5
5
5
5
5
5
5
5
5
5
5
5
5
5
5
5
5
5
5
5
5
5
5
5
5
5
5
5
5
5
5
5
5
5
5
5
5
5
5
5
5
5
5
5
5
5
5
5
5
5
5
5
5
5
5
5
5
5
5
5
5
5
5
5
5
5
5
5
5
5
5
5
5
5
5
5
5
5
5
5
5
5
5
5
5
5
5
5
5
5
5
5
5
5
5
5
5
5
5
5
5
5
5
5
5
5
5
5
5
5
5
5
5
5
5
5
5
5
5
5
5
5
5
5
5
5
5
5
5
5
5
5
5
5
5
5
5
5
5
5
5
5
5
5
5
5
5
5
5
5
5
5
5
5
5
5
5
5
5
5
5
5
5
5
5
5
5
5
5
5
5
5
5
5
5
5
5
5
5
5
5
5
5
5
5
5
5
5
5
5
5
5
5
5
5
5
5
5
5
5
5
5
5
5
5
5
5
5
5
5
5
5
5
5
5
5
5
5
5
5
5
5
5
5
5
5
5
5
5
5
5
5
5
5
5
5
5
5
5
5
5
5
5
5
5
5
5
5
5
5
5
5
5
5
5
5
5
5
5
5
5
5
5
5
5
5
5
5
5
5
5
5
5
5
5
5
5
5
5
5
5
5
5
5
5
5
5
5
5
5
5
5
5
5
5
5
5
5
5
5
5
5
5
5
5
5
5
5
5
5
5
5
5
5
5
5
5
5
5
5
5
5
5
5
5
5
5
5
5
5
5
5
5
5
5
5
5
5
5
5
5
5
5
5
5
5
5
5
5
5
5
5
5
5
5
5
5
5
5
5
5
5
5
5
5
5
5
5
5
5
5
5
5
5
5
5
5
5
5
5
5
5
5
5
5
5
5
5
5
5
5
5
5
5
5
5
5
5
5
5
5
5
5
5
5
5
5
5
5
5
5
5
5
5
5
5
5
5
5
5
5
5
5
5
5
5
5
5
5
5
5
5
5
5
5
5
5
5
5
5
5
5
5
5
5
5
5
5
5
5
5
5
5
5
5
5
5
5
5
5
5
5
5
5
5
5
5
5
5
5
5
5
5
5
5
5
5
5
5
5
5
5
5
5
5
5
5
5
5
5
5
5
5
5
5
5
5
5
5
5
5
5
5
5
5
5
5
5
5
5
5
5
5
5
5
5
5
5
5
5
5
5
5
5
5
5
5
5
5
5
5
5
5
5
5
5
5
5
5
5
5
5
5
5
5
5
5
5
5
5
5
5
5
5
5
5
5
5
5
5
5
5
5
5
5
5
5
5
5
5
5
5
5
5
5
5
5
5
5
5
5
5
5
5
5
5
5
5
5
5
5
5
5
5
5
5
5
5
5
5
5
5
5
5
5
5
5
5
5
5
5
5
5
5
5
5
5
5
5
5
5
5
5
5
5
5
5
5
5
5
5
5
5
5
5
5
5
5
5
5
5
5
5
5
5
5
5
5
5
5
5
5
5
5
5
5
5
5
5
5
5
5
5
5
5
5
5
5
5
5
5
5
5
5
5
5
5
5
5
5
5
5
5
5
5
5
5
5
5
5
5
5
5
5
5
5
5
5
5
5
5
5
5
5
5
5
5
5
5
5
5
5
5
5
5
5
5
5
5
5
5
5
5
5
5
5
5
5
5
5
5
5
5
5
5
5
5
5
5
5
5
5
5
5
5
5
5
5
5
5
5
5
5
5
5
5
5
5
5
5
5
5
5
5
5
5
5
5
5
5
5
5
5
5
5
5
5
5
5
5
5
5
5
5
5
5
5
5
5
5
5
5
5
5
5
5
5
5
5
5
5
5
5
5
5
5
5
5
5
5
5
5
5
5
5
5
5
5
5
5
5
5
5
5
5
5
5
5
5
5
5
5
5
5
5
5
5
5
5
5
5
5
5
5
5
5
5
5
5
5
5
5
5
5
5
5
5
5
5
5
5
5
5
5
5
5
5
5
5
5
5
5
5
5
5
5
5
5
5
5
5
5
5
5
5
5
5
5
5
5
5
5
5
5
5
5
5
5
5
5
5
5
5
5
5
5
5
5
5
5
5
5
5
5
5
5
5
5
5
5
5
5
5
5
5
5
5
5
5
5
5
5
5
5
5
5
5
5
5
5
5
5
5
5
5
5
5
5
5
5
5
5
5
5
5
5
5
5
5
5
5
5
5
5
5
5
5
5
5
5
5
5
5
5
5
5
5
5
5
5
5
5
5
5
5
5
5
5
5
5
5
5
5
5
5
5
5
5
5
5
5
5
5
5
5
5
5
5
5
5
5
5
5
5
5
5
5
5
5
5
5
5
5
5
5
5
5
5
5
5
5
5
5
5
5
5
5
5
5
5
5
5
5
5
5
5
5
5
5
5
5
5
5
5
5
5
5
5
5
5
5
5
5
5
5
5
5
5
5
5
5
5
5
5
5
5
5
5
5
5
5
5
5
5
5
5
5
5
5
5
5
5
5
5
5
5
5
5
5
5
5
5
5
5
5
5
5
5
5
5
5
5
5
5
5
5
5
5
5
5
5
5
5
5
5
5
5
5
5
5
5
5
5
5
5
5
5
5
5
5
5
5
5
5
5
5
5
5
5
5
5
5
5
5
5
5
5
5
5
5
5
5
5
5
5
5
5
5
5
5
5
5
5
5
5
5
5
5
5
5
5
5
5
5
5
5
5
5
5
5
5
5
5
5
5
5
5
5
5
5
5
5
5
5
5
5
5
5
5
5
5
5
5
5
5
5
5
5
5
5
5
5
5
5
5
5
5
5
5
5
5
5
5
5
5
5
5
5
5
5
5
5
5
5
5
5
5
5
5
5
5
5
5
5
5
5
5
5
5
5
5
5
5
5
5
5
5
5
5
5
5
5
5
5
5
5
5
5
5
5
5
5
5
5
5
5
5
5
5
5
5
5
5
5
5
5
5
5
5
5
5
5
5
5
5
5
5
5
5
5
5
5
5
5
5
5
5
5
5
5
5
5
5
5
5
5
5
5
5
5
5
5
5
5
5
5
5
5
5
5
5
5
5
5
5
5
5
5
5
5
5
5
5
5
5
5
5
5
5
5
5
5
5
5
5
5
5
5
5
5
5
5
5
5
5
5
5
5
5
5
5
5
5
5
5
5
5
5
5
5
5
5
5
5
5
5
5
5
5
5
5
5
5
5
5
5
5
5
5
5
5
5
5
5
5
5
5
5
5
5
5
5
5
5
5
5
5
5
5
5
5
5
5
5
5
5
5
5
5
5
5
5
5
5
5
5
5
5
5
5
5
5
5
5
5
5
5
5
5
5
5
5
5
5
5
5
5
5
5
5
5
5
5
5
5
5
5
5
5
5
5
5
5
5
5
5
5
5
5
5
5
5
5
5
5
5
5
5
5
5
5
5
5
5
5
5
5
5
5
5
5
5
5
5
5
5
5
5
5
5
5
5
5
5
5
5
5
5
5
5
5
5
5
5
5
5
5
5
5
5
5
5
5
5
5
5
5
5
5
5
5
5
5
5
5
5
5
5
5
5
5
5
5
5
5
5
5
5
5
5
5
5
5
5
5
5
5
5
5
5
5
5
5
5
5
5
5
5
5
5
5
5
5
5
5
5
5
5
5
5
5
5
5
5
5
5
5
5
5
5
5
5
5
5
5
5
5
5
5
5
5
5
5
5
5
5
5
5
5
5
5
5
5
5
5
5
5
5
5
5
5
5
5
5
5
5
5
5
5
5
5
5
5
5
5
5
5
5
5
5
5
5
5
5
5
5
5
5
5
5
5
5
5
5
5
5
5
5
5
5
5
5
5
5
5
5
5
5
5
5
5
5
5
5
5
5
5
5
5
5
5
5
5
5
5
5
5
5
5
5
5
5
5
5
5
5
5
5
5
5
5
5
5
5
5
5
5
5
5
5
5
5
5
5
5
5
5
5
5
5
5
5
5
5
5
5
5
5
5
5
5
5
5
5
5
5
5
5
5
5
5
5
5
5
5
5
5
5
5
5
5
5
5
5
5
5
5
5
5
5
5
5
5
5
5
5
5
5
5
5
5
5
5
5
5
5
5
5
5
5
5
5
5
5
5
5
5
5
5
5
5
5
5
5
5
5
5
5
5
5
5
5
5
5
5
5
5
5
5
5
5
5
5
5
5
5
5
5
5
5
5
5
5
5
5
5
5
5
5
5
5
5
5
5
5
5
5
5
5
5
5
5
5
5
5
5
5
5
5
5
5
5
5
5
5
5
5
5
5
5
5
5
5
5
5
5
5
5
5
5
5
5
5
5
5
5
5
5
5
5
5
5
5
5
5
5
5
5
5
5
5
5
5
5
5
5
5
5
5
5
5
5
5
5
5
5
5
5
5
5
5
5
5
5
5
5
5
5
5
5
5
5
5
5
5
5
5
5
5
5
5
5
5
5
5
5
5
5
5
5
5
5
5
5
5
5
5
5
5
5
5
5
5
5
5
5
5
5
5
5
5
5
5
5
5
5
5
5
5
5
5
5
5
5
5
5
5
5
5
5
5
5
5
5
5
5
5
5
5
5
5
5
5
5
5
5
5
5
5
5
5
5
5
5
5
5
5
5
5
5
5
5
5
5
5
5
5
5
5
5
5
5
5
5
5
5
5
5
5
5
5
5
5
5
5
5
5
5
5
5
5
5
5
5
5
5
5
5
5
5
5
5
5
5
5
5
5
5
5
5
5
5
5
5
5
5
5
5
5
5
5
5
5
5
5
5
5
5
5
5
5
5
5
5
5
5
5
5
5
5
5
5
5
5
5
5
5
5
5
5
5
5
5
5
5
5
5
5
5
5
5
5
5
5
5
5
5
5
5
5
5
5
5
5
5
5
5
5
5
5
5
5
5
5
5
5
5
5
5
5
5
5
5
5
5
5
5
5
5
5
5
5
5
5
5
5
5
5
5
5
5
5
5
5
5
5
5
5
5
5
5
5
5
5
5
5
5
5
5
5
5
5
5
5
5
5
5
5
5
5
5
5
5
5
5
5
5
5
5
5
5
5
5
5
5
5
5
5
5
5
5
5
5
5
5
5
5
5
5
5
5
5
5
5
5
5
5
5
5
5
5
5
5
5
5
5
5
5
5
5
5
5
5
5
5
5
5
5
5
5
5
5
5
5
5
5
5
5
5
5
5
5
5
5
5
5
5
5
5
5
5
5
5
5
5
5
5
5
5
5
5
5
5
5
5
5
5
5
5
5
5
5
5
5
5
5
5
5
5
5
5
5
5
5
5
5
5
5
5
5
5
5
5
5
5
5
5
5
5
5
5
5
5
5
5
5
5
5
5
5
5
5
5
5
5
5
5
5
5
5
5
5
5
5
5
5
5
5
5
5
5
5
5
5
5
5
5
5
5
5
5
5
5
5
5
5
5
5
5
5
5
5
5
5
5
5
5
5
5
5
5
5
5
5
5
5
5
5
5
5
5
5
5
5
5
5
5
5
5
5
5
5
5
5
5
5
5
5
5
5
5
5
5
5
5
5
5
5
5
5
5
5
5
5
5
5
5
5
5
5
5
5
5
5
5
5
5
5
5
5
5
5
5
5
5
5
5
5
5
5
5
5
5
5
5
5
5
5
5
5
5
5
5
5
5
5
5
5
5
5
5
5
5
5
5
5
5
5
5
5
5
5
5
5
5
5
5
5
5
5
5
5
5
5
5
5
5
5
5
5
5
5
5
5
5
5
5
5
5
5
5
5
5
5
5
5
5
5
5
5
5
5
5
5
5
5
5
5
5
5
5
5
5
5
5
5
5
5
5
5
5
5
5
5
5
5
5
5
5
5
5
5
5
5
5
5
5
5
5
5
5
5
5
5
5
5
5
5
5
5
5
5
5
5
5
5
5
5
5
5
5
5
5
5
5
5
5
5
5
5
5
5
5
5
5
5
5
5
5
5
5
5
5
5
5
5
5
5
5
5
5
5
5
5
5
5
5
5
5
5
5
5
5
5
5
5
5
5
5
5
5
5
5
5
5
5
5
5
5
5
5
5
5
5
5
5
5
5
5
5
5
5
5
5
5
5
5
5
5
5
5
5
5
5
5
5
5
5
5
5
5
5
5
5
5
5
5
5
5
5
5
5
5
5
5
5
5
5
5
5
5
5
5
5
5
5
5
5
5
5
5
5
5
5
5
5
5
5
5
5
5
5
5
5
5
5
5
5
5
5
5
5
5
5
5
5
5
5
5
5
5
5
5
5
5
5
5
5
5
5
5
5
5
5
5
5
5
5
5
5
5
5
5
5
5
5
5
5
5
5
5
5
5
5
5
5
5
5
5
5
5
5
5
5
5
5
5
5
5
5
5
5
5
5
5
5
5
5
5
5
5
5
5
5
5
5
5
5
5
5
5
5
5
5
5
5
5
5
5
5
5
5
5
5
5
5
5
5
5
5
5
5
5
5
5
5
5
5
5
5
5
5
5
5
5
5
5
5
5
5
5
5
5
5
5
5
5
5
5
5
5
5
5
5
5
5
5
5
5
5
5
5
5
5
5
5
5
5
5
5
5
5
5
5
5
5
5
5
5
5
5
5
5
5
5
5
5
5
5
5
5
5
5
5
5
5
5
5
5
5
5
5
5
5
5
5
5
5
5
5
5
5
5
5
5
5
5
5
5
5
5
5
5
5
5
5
5
5
5
5
5
5
5
5
5
5
5
5
5
5
5
5
5
5
5
5
5
5
5
5
5
5
5
5
5
5
5
5
5
5
5
5
5
5
5
5
5
5
5
5
5
5
5
5
5
5
5
5
5
5
5
5
5
5
5
5
5
5
5
5
5
5
5
5
5
5
5
5
5
5
5
5
5
5
5
5
5
5
5
5
5
5
5
5
5
5
5
5
5
5
5
5
5
5
5
5
5
5
5
5
5
5
5
5
5
5
5
5
5
5
5
5
5
5
5
5
5
5
5
5
5
5
5
5
5
5
5
5
5
5
5
5
5
5
5
5
5
5
5
5
5
5
5
5
5
5
5
5
5
5
5
5
5
5
5
5
5
5
5
5
5
5
5
5
5
5
5
5
5
5
5
5
5
5
5
5
5
5
5
5
5
5
5
5
5
5
5
5
5
5
5
5
5
5
5
5
5
5
5
5
5
5
5
5
5
5
5
5
5
5
5
5
5
5
5
5
5
5
5
5
5
5
5
5
5
5
5
5
5
5
5
5
5
5
5
5
5
5
5
5
5
5
5
5
5
5
5
5
5
5
5
5
5
5
5
5
5
5
5
5
5
5
5
5
5
5
5
5
5
5
5
5
5
5
5
5
5
5
5
5
5
5
5
5
5
5
5
5
5
5
5
5
5
5
5
5
5
5
5
5
5
5
5
5
5
5
5
5
5
5
5
5
5
5
5
5
5
5
5
5
5
5
5
5
5
5
5
5
5
5
5
5
5
5
5
5
5
5
5
5
5
5
5
5
5
5
5
5
5
5
5
5
5
5
5
5
5
5
5
5
5
5
5
5
5
5
5
5
5
5
5
5
5
5
5
5
5
5
5
5
5
5
5
5
5
5
5
5
5
5
5
5
5
5
5
5
5
5
5
5
5
5
5
5
5
5
5
5
5
5
5
5
5
5
5
5
5
5
5
5
5
5
5
5
5
5
5
5
5
5
5
5
5
5
5
5
5
5
5
5
5
5
5
5
5
5
5
5
5
5
5
5
5
5
5
5
5
5
5
5
5
5
5
5
5
5
5
5
5
5
5
5
5
5
5
5
5
5
5
5
5
5
5
5
5
5
5
5
5
5
5
5
5
5
5
5
5
5
5
5
5
5
5
5
5
5
5
5
5
5
5
5
5
5
5
5
5
5
5
5
5
5
5
5
5
5
5
5
5
5
5
5
5
5
5
5
5
5
5
5
5
5
5
5
5
5
5
5
5
5
5
5
5
5
5
5
5
5
5
5
5
5
5
5
5
5
5
5
5
5
5
5
5
5
5
5
5
5
5
5
5
5
5
5
5
5
5
5
5
5
5
5
5
5
5
5
5
5
5
5
5
5
5
5
5
5
5
5
5
5
5
5
5
5
5
5
5
5
5
5
5
5
5
5
5
5
5
5
5
5
5
5
5
5
5
5
5
5
5
5
5
5
5
5
5
5
5
5
5
5
5
5
5
5
5
5
5
5
5
5
5
5
5
5
5
5
5
5
5
5
5
5
5
5
5
5
5
5
5
5
5
5
5
5
5
5
5
5
5
5
5
5
5
5
5
5
5
5
5
5
5
5
5
5
5
5
5
5
5
5
5
5
5
5
5
5
5
5
5
5
5
5
5
5
5
5
5
5
5
5
5
5
5
5
5
5
5
5
5
5
5
5
5
5
5
5
5
5
5
5
5
5
5
5
5
5
5
5
5
5
5
5
5
5
5
5
5
5
5
5
5
5
5
5
5
5
5
5
5
5
5
5
5
5
5
5
5
5
5
5
5
5
5
5
5
5
5
5
5
5
5
5
5
5
5
5
5
5
5
5
5
5
5
5
5
5
5
5
5
5
5
5
5
5
5
5
5
5
5
5
5
5
5
5
5
5
5
5
5
5
5
5
5
5
5
5
5
5
5
5
5
5
5
5
5
5
5
5
5
5
5
5
5
5
5
5
5
5
5
5
5
5
5
5
5
5
5
5
5
5
5
5
5
5
5
5
5
5
5
5
5
5
5
5
5
5
5
5
5
5
5
5
5
5
5
5
5
5
5
5
5
5
5
5
5
5
5
5
5
5
5
5
5
5
5
5
5
5
5
5
5
5
5
5
5
5
5
5
5
5
5
5
5
5
5
5
5
5
5
5
5
5
5
5
5
5
5
5
5
5
5
5
5
5
5
5
5
5
5
5
5
5
5
5
5
5
5
5
5
5
5
5
5
5
5
5
5
5
5
5
5
5
5
5
5
5
5
5
5
5
5
5
5
5
5
5
5
5
5
5
5
5
5
5
5
5
5
5
5
5
5
5
5
5
5
5
5
5
5
5
5
5
5
5
5
5
5
5
5
5
5
5
5
5
5
5
5
5
5
5
5
5
5
5
5
5
5
5
5
5
5
5
5
5
5
5
5
5
5
5
5
5
5
5
5
5
5
5
5
5
5
5
5
5
5
5
5
5
5
5
5
5
5
5
5
5
5
5
5
5
5
5
5
5
5
5
5
5
5
5
5
5
5
5
5
5
5
5
5
5
5
5
5
5
5
5
5
5
5
5
5
5
5
5
5
5
5
5
5
5
5
5
5
5
5
5
5
5
5
5
5
5
5
5
5
5
5
5
5
5
5
5
5
5
5
5
5
5
5
5
5
5
5
5
5
5
5
5
5
5
5
5
5
5
5
5
5
5
5
5
5
5
5
5
5
5
5
5
5
5
5
5
5
5
5
5
5
5
5
5
5
5
5
5
5
5
5
5
5
5
5
5
5
5
5
5
5
5
5
5
5
5
5
5
5
5
5
5
5
5
5
5
5
5
5
5
5
5
5
5
5
5
5
5
5
5
5
5
5
5
5
5
5
5
5
5
5
5
5
5
5
5
5
5
5
5
5
5
5
5
5
5
5
5
5
5
5
5
5
5
5
5
5
5
5
5
5
5
5
5
5
5
5
5
5
5
5
5
5
5
5
5
5
5
5
5
5
5
5
5
5
5
5
5
5
5
5
5
5
5
5
5
5
5
5
5
5
5
5
5
5
5
5
5
5
5
5
5
5
5
5
5
5
5
5
5
5
5
5
5
5
5
5
5
5
5
5
5
5
5
5
5
5
5
5
5
5
5
5
5
5
5
5
5
5
5
5
5
5
5
5
5
5
5
5
5
5
5
5
5
5
5
5
5
5
5
5
5
5
5
5
5
5
5
5
5
5
5
5
5
5
5
5
5
5
5
5
5
5
5
5
5
5
5
5
5
5
5
5
5
5
5
5
5
5
5
5
5
5
5
5
5
5
5
5
5
5
5
5
5
5
5
5
5
5
5
5
5
5
5
5
5
5
5
5
5
5
5
5
5
5
5
5
5
5
5
5
5
5
5
5
5
5
5
5
5
5
5
5
5
5
5
5
5
5
5
5
5
5
5
5
5
5
5
5
5
5
5
5
5
5
5
5
5
5
5
5
5
5
5
5
5
5
5
5
5
5
5
5
5
5
5
5
5
5
5
5
5
5
5
5
5
5
5
5
5
5
5
5
5
5
5
5
5
5
5
5
5
5
5
5
5
5
5
5
5
5
5
5
5
5
5
5
5
5
5
5
5
5
5
5
5
5
5
5
5
5
5
5
5
5
5
5
5
5
5
5
5
5
5
5
5
5
5
5
5
5
5
5
5
5
5
5
5
5
5
5
5
5
5
5
5
5
5
5
5
5
5
5
5
5
5
5
5
5
5
5
5
5
5
5
5
5
5
5
5
5
5
5
5
5
5
5
5
5
5
5
5
5
5
5
5
5
5
5
5
5
5
5
5
5
5
5
5
5
5
5
5
5
5
5
5
5
5
5
5
5
5
5
5
5
5
5
5
5
5
5
5
5
5
5
5
5
5
5
5
5
5
5
5
5
5
5
5
5
5
5
5
5
5
5
5
5
5
5
5
5
5
5
5
5
5
5
5
5
5
5
5
5
5
5
5
5
5
5
5
5
5
5
5
5
5
5
5
5
5
5
5
5
5
5
5
5
5
5
5
5
5
5
5
5
5
5
5
5
5
5
5
5
5
5
5
5
5
5
5
5
5
5
5
5
5
5
5
5
5
5
5
5
5
5
5
5
5
5
5
5
5
5
5
5
5
5
5
5
5
5
5
5
5
5
5
5
5
5
5
5
5
5
5
5
5
5
5
5
5
5
5
5
5
5
5
5
5
5
5
5
5
5
5
5
5
5
5
5
5
5
5
5
5
5
5
5
5
5
5
5
5
5
5
5
5
5
5
5
5
5
5
5
5
5
5
5
5
5
5
5
5
5
5
5
5
5
5
5
5
5
5
5
5
5
5
5
5
5
5
5
5
5
5
5
5
5
5
5
5
5
5
5
5
5
5
5
5
5
5
5
5
5
5
5
5
5
5
5
5
5
5
5
5
5
5
5
5
5
5
5
5
5
5
5
5
5
5
5
5
5
5
5
5
5
5
5
5
5
5
5
5
5
5
5
5
5
5
5
5
5
5
5
5
5
5
5
5
5
5
5
5
5
5
5
5
5
5
5
5
5
5
5
5
5
5
5
5
5
5
5
5
5
5
5
5
5
5
5
5
5
5
5
5
5
5
5
5
5
5
5
5
5
5
5
5
5
5
5
5
5
5
5
5
5
5
5
5
5
5
5
5
5
5
5
5
5
5
5
5
5
5
5
5
5
5
5
5
5
5
5
5
5
5
5
5
5
5
5
5
5
5
5
5
5
5
5
5
5
5
5
5
5
5
5
5
5
5
5
5
5
5
5
5
5
5
5
5
5
5
5
5
5
5
5
5
5
5
5
5
5
5
5
5
5
5
5
5
5
5
5
5
5
5
5
5
5
5
5
5
5
5
5
5
5
5
5
5
5
5
5
5
5
5
5
5
5
5
5
5
5
5
5
5
5
5
5
5
5
5
5
5
5
5
5
5
5
5
5
5
5
5
5
5
5
5
5
5
5
5
5
5
5
5
5
5
5
5
5
5
5
5
5
5
5
5
5
5
5
5
5
5
5
5
5
5
5
5
5
5
5
5
5
5
5
5
5
5
5
5
5
5
5
5
5
5
5
5
5
5
5
5
5
5
5
5
5
5
5
5
5
5
5
5
5
5
5
5
5
5
5
5
5
5
5
5
5
5
5
5
5
5
5
5
5
5
5
5
5
5
5
5
5
5
5
5
5
5
5
5
5
5
5
5
5
5
5
5
5
5
5
5
5
5
5
5
5
5
5
5
5
5
5
5
5
5
5
5
5
5
5
5
5
5
5
5
5
5
5
5
5
5
5
5
5
5
5
5
5
5
5
5
5
5
5
5
5
5
5
5
5
5
5
5
5
5
5
5
5
5
5
5
5
5
5
5
5
5
5
5
5
5
5
5
5
5
5
5
5
5
5
5
5
5
5
5
5
5
5
5
5
5
5
5
5
5
5
5
5
5
5
5
5
5
5
5
5
5
5
5
5
5
5
5
5
5
5
5
5
5
5
5
5
5
5
5
5
5
5
5
5
5
5
5
5
5
5
5
5
5
5
5
5
5
5
5
5
5
5
5
5
5
5
5
5
5
5
5
5
5
5
5
5
5
5
5
5
5
5
5
5
5
5
5
5
5
5
5
5
5
5
5
5
5
5
5
5
5
5
5
5
5
5
5
5
5
5
5
5
5
5
5
5
5
5
5
5
5
5
5
5
5
5
5
5
5
5
5
5
5
5
5
5
5
5
5
5
5
5
5
5
5
5
5
5
5
5
5
5
5
5
5
5
5
5
5
5
5
5
5
5
5
5
5
5
5
5
5
5
5
5
5
5
5
5
5
5
5
5
5
5
5
5
5
5
5
5
5
5
5
5
5
5
5
5
5
5
5
5
5
5
5
5
5
5
5
5
5
5
5
5
5
5
5
5
5
5
5
5
5
5
5
5
5
5
5
5
5
5
5
5
5
5
5
5
5
5
5
5
5
5
5
5
5
5
5
5
5
5
5
5
5
5
5
5
5
5
5
5
5
5
5
5
5
5
5
5
5
5
5
5
5
5
5
5
5
5
5
5
5
5
5
5
5
5
5
5
5
5
5
5
5
5
5
5
5
5
5
5
5
5
5
5
5
5
5
5
5
5
5
5
5
5
5
5
5
5
5
5
5
5
5
5
5
5
5
5
5
5
5
5
5
5
5
5
5
5
5
5
5
5
5
5
5
5
5
5
5
5
5
5
5
5
5
5
5
5
5
5
5
5
5
5
5
5
5
5
5
5
5
5
5
5
5
5
5
5
5
5
5
5
5
5
5
5
5
5
5
5
5
5
5
5
5
5
5
5
5
5
5
5
5
5
5
5
5
5
5
5
5
5
5
5
5
5
5
5
5
5
5
5
5
5
5
5
5
5
5
5
5
5
5
5
5
5
5
5
5
5
5
5
5
5
5
5
5
5
5
5
5
5
5
5
5
5
5
5
5
5
5
5
5
5
5
5
5
5
5
5
5
5
5
5
5
5
5
5
5
5
5
5
5
5
5
5
5
5
5
5
5
5
5
5
5
5
5
5
5
5
5
5
5
5
5
5
5
5
5
5
5
5
5
5
5
5
5
5
5
5
5
5
5
5
5
5
5
5
5
5
5
5
5
5
5
5
5
5
5
5
5
5
5
5
5
5
5
5
5
5
5
5
5
5
5
5
5
5
5
5
5
5
5
5
5
5
5
5
5
5
5
5
5
5
5
5
5
5
5
5
5
5
5
5
5
5
5
5
5
5
5
5
5
5
5
5
5
5
5
5
5
5
5
5
5
5
5
5
5
5
5
5
5
5
5
5
5
5
5
5
5
5
5
5
5
5
5
5
5
5
5
5
5
5
5
5
5
5
5
5
5
5
5
5
5
5
5
5
5
5
5
5
5
5
5
5
5
5
5
5
5
5
5
5
5
5
5
5
5
5
5
5
5
5
5
5
5
5
5
5
5
5
5
5
5
5
5
5
5
5
5
5
5
5
5
5
5
5
5
5
5
5
5
5
5
5
5
5
5
5
5
5
5
5
5
5
5
5
5
5
5
5
5
5
5
5
5
5
5
5
5
5
5
5
5
5
5
5
5
5
5
5
5
5
5
5
5
5
5
5
5
5
5
5
5
5
5
5
5
5
5
5
5
5
5
5
5
5
5
5
5
5
5
5
5
5
5
5
5
5
5
5
5
5
5
5
5
5
5
5
5
5
5
5
5
5
5
5
5
5
5
5
5
5
5
5
5
5
5
5
5
5
5
5
5
5
5
5
5
5
5
5
5
5
5
5
5
5
5
5
5
5
5
5
5
5
5
5
5
5
5
5
5
5
5
5
5
5
5
5
5
5
5
5
5
5
5
5
5
5
5
5
5
5
5
5
5
5
5
5
5
5
5
5
5
5
5
5
5
5
5
5
5
5
5
5
5
5
5
5
5
5
5
5
5
5
5
5
5
5
5
5
5
5
5
5
5
5
5
5
5
5
5
5
5
5
5
5
5
5
5
5
5
5
5
5
5
5
5
5
5
5
5
5
5
5
5
5
5
5
5
5
5
5
5
5
5
5
5
5
5
5
5
5
5
5
5
5
5
5
5
5
5
5
5
5
5
5
5
5
5
5
5
5
5
5
5
5
5
5
5
5
5
5
5
5
5
5
5
5
5
5
5
5
5
5
5
5
5
5
5
5
5
5
5
5
5
5
5
5
5
5
5
5
5
5
5
5
5
5
5
5
5
5
5
5
5
5
5
5
5
5
5
5
5
5
5
5
5
5
5
5
5
5
5
5
5
5
5
5
5
5
5
5
5
5
5
5
5
5
5
5
5
5
5
5
5
5
5
5
5
5
5
5
5
5
5
5
5
5
5
5
5
5
5
5
5
5
5
5
5
5
5
5
5
5
5
5
5
5
5
5
5
5
5
5
5
5
5
5
5
5
5
5
5
5
5
5
5
5
5
5
5
5
5
5
5
5
5
5
5
5
5
5
5
5
5
5
5
5
5
5
5
5
5
5
5
5
5
5
5
5
5
5
5
5
5
5
5
5
5
5
5
5
5
5
5
5
5
5
5
5
5
5
5
5
5
5
5
5
5
5
5
5
5
5
5
5
5
5
5
5
5
5
5
5
5
5
5
5
5
5
5
5
5
5
5
5
5
5
5
5
5
5
5
5
5
5
5
5
5
5
5
5
5
5
5
5
5
5
5
5
5
5
5
5
5
5
5
5
5
5
5
5
5
5
5
5
5
5
5
5
5
5
5
5
5
5
5
5
5
5
5
5
5
5
5
5
5
5
5
5
5
5
5
5
5
5
5
5
5
5
5
5
5
5
5
5
5
5
5
5
5
5
