# vtk DataFile Version 3.0
file is written by INMOST
ASCII
DATASET UNSTRUCTURED_GRID
POINTS 5895 double
163.492 258.054 0 
166.667 215.804 0 
170.635 214.905 0 
169.841 209.269 0 
173.016 205.794 0 
173.413 181.317 0 
176.587 181.414 0 
182.937 148.955 0 
188.889 150.158 0 
198.81 140.258 0 
211.508 144.728 0 
213.492 133.564 0 
228.175 136.054 0 
228.571 122.801 0 
261.905 135.046 0 
277.381 100.316 0 
276.587 92.6385 0 
282.143 91.2779 0 
283.73 55.6122 0 
255.952 30.7823 0 
265.079 31.5719 0 
262.302 14.6501 0 
244.048 10.5199 0 
232.143 -27.5996 0 
227.381 -26.725 0 
225.397 -40.5612 0 
200.397 -44.3878 0 
198.016 -67.4198 0 
205.952 -71.7687 0 
193.651 -84.3902 0 
190.476 -96.7323 0 
179.365 -91.9704 0 
179.762 -77.1623 0 
171.429 -68.7439 0 
169.841 -60.119 0 
179.365 -50.1336 0 
175.397 -40.051 0 
167.857 -39.7716 0 
147.619 -32.7381 0 
143.651 -14.4922 0 
130.952 -15.9014 0 
128.175 -33.3333 0 
113.889 -24.587 0 
111.905 -17.5049 0 
92.8571 -14.0063 0 
79.7619 40.1846 0 
71.0317 33.7949 0 
68.254 43.4038 0 
59.5238 44.1569 0 
57.1429 55.3086 0 
52.7778 48.0321 0 
44.4444 45.7362 0 
36.9048 30.1992 0 
27.7778 29.9198 0 
-8.33333 49.7328 0 
-18.254 39.7352 0 
-26.1905 52.2473 0 
-21.0317 81.4869 0 
-23.4127 86.516 0 
-17.4603 88.7391 0 
-21.8254 110.034 0 
-20.6349 117.724 0 
-31.746 141.873 0 
-18.6508 161.152 0 
-22.2222 166.655 0 
-17.4603 178.025 0 
-18.6508 181.56 0 
-8.33333 185.447 0 
-6.74603 204.373 0 
-13.4921 203.656 0 
-11.1111 213.933 0 
-7.93651 210.459 0 
0 215.804 0 
7.93651 204.312 0 
11.9048 206.985 0 
26.5873 200.292 0 
26.5873 196.72 0 
28.5714 197.291 0 
32.5397 207.617 0 
40.0794 208.358 0 
50.3968 216.327 0 
55.9524 216.497 0 
72.619 233.333 0 
88.4921 224.125 0 
93.6508 232.957 0 
94.8413 247.789 0 
88.4921 256.268 0 
99.6032 260.69 0 
100 255.09 0 
113.889 260.107 0 
118.651 274.028 0 
117.46 276.543 0 
127.381 285.52 0 
144.048 275.316 0 
145.238 259.536 0 
152.381 258.224 0 
242.46 94.655 0 
163.845 253.36 0 
164.198 248.665 0 
164.55 243.971 0 
164.903 239.276 0 
165.256 234.582 0 
165.608 229.887 0 
165.961 225.193 0 
166.314 220.499 0 
170.238 212.087 0 
173.095 200.899 0 
173.175 196.003 0 
173.254 191.108 0 
173.333 186.212 0 
177.494 176.777 0 
178.401 172.14 0 
179.308 167.503 0 
180.215 162.866 0 
181.122 158.229 0 
182.029 153.592 0 
185.913 149.557 0 
192.196 146.858 0 
195.503 143.558 0 
203.042 141.748 0 
207.275 143.238 0 
212.169 141.007 0 
212.831 137.285 0 
218.386 134.394 0 
223.28 135.224 0 
228.307 131.637 0 
228.439 127.219 0 
232.738 124.332 0 
236.905 125.862 0 
241.071 127.393 0 
245.238 128.924 0 
249.405 130.454 0 
253.571 131.985 0 
257.738 133.516 0 
263.839 130.705 0 
265.774 126.364 0 
267.708 122.022 0 
269.643 117.681 0 
271.577 113.34 0 
273.512 108.998 0 
275.446 104.657 0 
276.984 96.4772 0 
279.365 91.9582 0 
282.341 86.8197 0 
282.54 82.3615 0 
282.738 77.9033 0 
282.937 73.4451 0 
283.135 68.9869 0 
283.333 64.5287 0 
283.532 60.0705 0 
280.258 52.5085 0 
276.786 49.4048 0 
273.313 46.301 0 
269.841 43.1973 0 
266.369 40.0935 0 
262.897 36.9898 0 
259.425 33.8861 0 
260.516 31.1771 0 
264.385 27.3415 0 
263.69 23.111 0 
262.996 18.8806 0 
257.738 13.6176 0 
253.175 12.585 0 
248.611 11.5525 0 
242.56 5.75498 0 
241.071 0.990039 0 
239.583 -3.7749 0 
238.095 -8.53984 0 
236.607 -13.3048 0 
235.119 -18.0697 0 
233.631 -22.8347 0 
226.72 -31.3371 0 
226.058 -35.9491 0 
221.23 -41.199 0 
217.063 -41.8367 0 
212.897 -42.4745 0 
208.73 -43.1122 0 
204.563 -43.75 0 
199.921 -48.9942 0 
199.444 -53.6006 0 
198.968 -58.207 0 
198.492 -62.8134 0 
201.984 -69.5943 0 
202.877 -74.9241 0 
199.802 -78.0794 0 
196.726 -81.2348 0 
192.593 -88.5042 0 
191.534 -92.6182 0 
186.772 -95.145 0 
183.069 -93.5577 0 
179.497 -87.0343 0 
179.63 -82.0983 0 
176.984 -74.3562 0 
174.206 -71.55 0 
170.635 -64.4315 0 
173.016 -56.7906 0 
176.19 -53.4621 0 
178.042 -46.7728 0 
176.72 -43.4119 0 
171.627 -39.9113 0 
163.81 -38.3649 0 
159.762 -36.9582 0 
155.714 -35.5515 0 
151.667 -34.1448 0 
146.627 -28.1766 0 
145.635 -23.6152 0 
144.643 -19.0537 0 
139.418 -14.9619 0 
135.185 -15.4316 0 
130.258 -20.2594 0 
129.563 -24.6173 0 
128.869 -28.9753 0 
124.603 -31.1467 0 
121.032 -28.9602 0 
117.46 -26.7736 0 
112.897 -21.0459 0 
107.143 -16.6302 0 
102.381 -15.7556 0 
97.619 -14.881 0 
91.7659 -9.4904 0 
90.6746 -4.97449 0 
89.5833 -0.458576 0 
88.4921 4.05734 0 
87.4008 8.57325 0 
86.3095 13.0892 0 
85.2183 17.6051 0 
84.127 22.121 0 
83.0357 26.6369 0 
81.9444 31.1528 0 
80.8532 35.6687 0 
76.8519 38.0547 0 
73.9418 35.9248 0 
69.6429 38.5994 0 
63.8889 43.7804 0 
58.7302 47.8741 0 
57.9365 51.5914 0 
54.9603 51.6703 0 
48.6111 46.8841 0 
42.5595 41.8519 0 
40.6746 37.9677 0 
38.7897 34.0835 0 
32.3413 30.0595 0 
23.7654 32.1213 0 
19.7531 34.3227 0 
15.7407 36.5241 0 
11.7284 38.7256 0 
7.71605 40.927 0 
3.7037 43.1284 0 
-0.308642 45.3299 0 
-4.32099 47.5313 0 
-11.6402 46.4002 0 
-14.9471 43.0677 0 
-20.8995 43.9059 0 
-23.545 48.0766 0 
-25.3307 57.1206 0 
-24.4709 61.9938 0 
-23.6111 66.8671 0 
-22.7513 71.7404 0 
-21.8915 76.6136 0 
-22.2222 84.0015 0 
-20.4365 87.6276 0 
-18.3333 92.9981 0 
-19.2063 97.257 0 
-20.0794 101.516 0 
-20.9524 105.775 0 
-21.2302 113.879 0 
-22.4868 121.748 0 
-24.3386 125.773 0 
-26.1905 129.798 0 
-28.0423 133.823 0 
-29.8942 137.848 0 
-29.127 145.729 0 
-26.5079 149.585 0 
-23.8889 153.44 0 
-21.2698 157.296 0 
-20.4365 163.903 0 
-20.6349 170.445 0 
-19.0476 174.235 0 
-15.2116 182.856 0 
-11.7725 184.151 0 
-7.93651 190.179 0 
-7.53968 194.91 0 
-7.14286 199.642 0 
-10.119 204.015 0 
-12.6984 207.082 0 
-11.9048 210.508 0 
-3.96825 213.132 0 
2.6455 211.974 0 
5.29101 208.143 0 
15.5754 205.312 0 
19.246 203.638 0 
22.9167 201.965 0 
29.8942 200.733 0 
31.2169 204.175 0 
36.3095 207.987 0 
43.5185 211.014 0 
46.9577 213.67 0 
53.1746 216.412 0 
59.2857 219.864 0 
62.619 223.231 0 
65.9524 226.599 0 
69.2857 229.966 0 
76.5873 231.031 0 
80.5556 228.729 0 
84.5238 226.427 0 
90.2116 227.069 0 
91.9312 230.013 0 
94.0476 237.901 0 
94.4444 242.845 0 
92.7249 250.615 0 
90.6085 253.442 0 
92.1958 257.742 0 
95.8995 259.216 0 
99.8016 257.89 0 
104.63 256.762 0 
109.259 258.435 0 
115.476 264.747 0 
117.063 269.388 0 
120.767 279.535 0 
124.074 282.528 0 
131.548 282.969 0 
135.714 280.418 0 
139.881 277.867 0 
144.345 271.371 0 
144.643 267.426 0 
144.94 263.481 0 
148.81 258.88 0 
156.085 258.167 0 
159.788 258.111 0 
28.0913 195.27 0 
179.081 150.662 0 
179.736 146.822 0 
176.241 148.18 0 
176.909 144.749 0 
173.623 145.872 0 
174.302 142.435 0 
171.111 143.547 0 
171.72 140.146 0 
168.548 141.281 0 
169.157 137.975 0 
166.043 139.099 0 
166.629 135.746 0 
163.477 136.801 0 
164.066 133.467 0 
160.805 134.501 0 
161.494 131.141 0 
158.229 132.253 0 
158.912 128.847 0 
155.646 129.974 0 
156.332 126.586 0 
153.056 127.69 0 
153.767 124.307 0 
156.999 123.225 0 
150.487 125.387 0 
154.345 120.954 0 
157.518 120.049 0 
155.003 117.716 0 
158.52 116.973 0 
155.873 114.569 0 
158.774 113.548 0 
156.525 111.415 0 
159.479 110.435 0 
157.256 108.385 0 
160.117 107.391 0 
149.769 128.792 0 
147.18 126.476 0 
157.92 105.366 0 
160.729 104.392 0 
158.463 102.36 0 
161.328 101.406 0 
159.051 99.3813 0 
161.937 98.4244 0 
156.168 100.311 0 
156.765 97.3289 0 
146.411 129.723 0 
143.8 127.483 0 
153.843 98.2713 0 
143.082 130.781 0 
140.45 128.532 0 
139.789 131.954 0 
137.184 129.7 0 
154.469 95.2425 0 
151.521 96.1917 0 
136.484 133.08 0 
133.899 130.842 0 
133.2 134.275 0 
130.589 131.966 0 
152.148 93.1377 0 
129.886 135.397 0 
127.282 133.078 0 
149.144 94.1231 0 
126.561 136.485 0 
123.961 134.18 0 
123.238 137.585 0 
120.618 135.249 0 
149.803 91.009 0 
119.922 138.715 0 
117.291 136.348 0 
146.779 92.0333 0 
116.594 139.811 0 
113.974 137.481 0 
113.27 140.928 0 
110.65 138.596 0 
111.352 135.158 0 
108.029 136.271 0 
107.324 139.701 0 
104.703 137.375 0 
103.976 140.732 0 
101.383 138.465 0 
-16.1325 100.384 0 
100.655 141.815 0 
98.0717 139.566 0 
147.485 88.8569 0 
150.523 87.8393 0 
108.727 132.834 0 
144.059 89.4628 0 
97.3668 142.979 0 
94.767 140.675 0 
148.087 85.6379 0 
151.247 84.6024 0 
148.843 82.3556 0 
152.002 81.286 0 
149.604 79.0241 0 
152.755 77.9312 0 
115.903 143.257 0 
150.325 75.641 0 
153.572 74.5411 0 
239.344 9.3346 0 
151.091 72.2289 0 
154.38 71.1141 0 
94.063 144.093 0 
91.4421 141.778 0 
92.1587 138.353 0 
88.8374 139.451 0 
88.1201 142.87 0 
85.5311 140.554 0 
84.8232 143.967 0 
82.2502 141.654 0 
81.5362 145.017 0 
78.9847 142.733 0 
79.6702 139.36 0 
76.4005 140.455 0 
78.3029 146.075 0 
77.0802 137.064 0 
73.7803 138.171 0 
74.4777 134.766 0 
71.1766 135.876 0 
151.593 68.738 0 
155.043 67.6413 0 
91.9087 224.107 0 
90.2726 221.096 0 
93.6315 221.127 0 
71.861 132.451 0 
68.5281 133.571 0 
147.66 73.3336 0 
255.038 35.2273 0 
152.209 65.3466 0 
155.735 64.1402 0 
158.417 66.5578 0 
159.145 63.06 0 
161.798 65.4511 0 
162.527 61.9636 0 
165.192 64.4335 0 
165.95 61.0487 0 
168.553 63.336 0 
169.284 59.8892 0 
171.859 62.1589 0 
172.65 58.8897 0 
175.205 61.0452 0 
91.902 218.154 0 
95.3353 218.146 0 
-18.3259 121.301 0 
69.233 130.129 0 
65.9 131.227 0 
65.1993 134.683 0 
62.5807 132.344 0 
61.8979 135.809 0 
59.2933 133.497 0 
58.5976 136.89 0 
59.9087 130.015 0 
169.607 184.136 0 
56.0194 134.611 0 
55.328 137.953 0 
132.672 -12.0185 0 
175.925 57.6446 0 
178.502 59.9434 0 
93.592 215.164 0 
97.0598 215.148 0 
52.7668 135.71 0 
52.0549 138.955 0 
153.057 61.739 0 
173.029 55.9482 0 
179.22 56.5352 0 
181.804 58.8492 0 
49.5313 136.793 0 
48.8304 140.035 0 
95.3087 212.14 0 
98.7962 212.129 0 
164.206 100.448 0 
182.544 55.4566 0 
185.122 57.7898 0 
46.2853 137.881 0 
45.6455 141.197 0 
48.2731 143.192 0 
45.0547 144.426 0 
47.6517 146.467 0 
44.4222 147.626 0 
46.8405 149.816 0 
41.9768 145.511 0 
80.8213 148.338 0 
41.3335 148.671 0 
97.0414 209.087 0 
100.57 209.074 0 
88.8602 21.1699 0 
38.9372 146.563 0 
38.3292 149.766 0 
35.9202 147.601 0 
35.3149 150.794 0 
102.355 212.14 0 
83.7781 38.7138 0 
82.901 42.6356 0 
86.6085 41.4568 0 
85.7526 45.1216 0 
184.366 61.1112 0 
187.581 60.112 0 
186.86 63.3047 0 
189.942 62.3509 0 
189.255 65.4399 0 
192.241 64.517 0 
191.62 67.5191 0 
194.532 66.5506 0 
195.141 63.6274 0 
197.352 65.6321 0 
197.987 62.7586 0 
200.161 64.722 0 
200.781 61.839 0 
202.938 63.8194 0 
202.314 66.6341 0 
205.014 65.7829 0 
204.405 68.4611 0 
206.997 67.6664 0 
206.432 70.223 0 
208.93 69.465 0 
208.358 71.9511 0 
210.737 71.2298 0 
210.195 73.5925 0 
212.523 72.885 0 
211.97 75.1979 0 
214.186 74.5435 0 
213.663 76.7649 0 
211.467 77.4778 0 
213.175 79.0227 0 
210.985 79.7595 0 
215.805 76.0752 0 
216.322 73.9579 0 
217.893 75.4229 0 
209.519 66.9467 0 
3.51987 47.7107 0 
96.6653 146.407 0 
129.288 139.384 0 
218.393 73.3222 0 
219.973 74.7826 0 
32.907 148.622 0 
32.2897 151.724 0 
44.0981 206.896 0 
89.1699 44.1673 0 
88.4804 47.5822 0 
46.9703 134.543 0 
104.149 209.042 0 
91.7932 46.7209 0 
91.1232 50.0575 0 
220.539 72.6489 0 
222.078 74.1555 0 
221.557 76.2018 0 
223.644 75.6472 0 
223.095 77.5801 0 
224.968 77.0366 0 
224.529 78.8425 0 
212.72 81.3154 0 
210.486 82.066 0 
226.292 78.3214 0 
225.857 80.0768 0 
226.775 76.5361 0 
228.08 77.8226 0 
228.572 76.0189 0 
229.92 77.3211 0 
230.392 75.4947 0 
231.759 76.8237 0 
232.237 74.9761 0 
233.619 76.3309 0 
29.8747 149.618 0 
98.7909 206.007 0 
34.6533 153.897 0 
31.6934 154.792 0 
234.101 74.4557 0 
235.506 75.8311 0 
94.5366 49.0889 0 
93.7807 52.4684 0 
95.2401 206.029 0 
165.642 142.413 0 
128.01 129.617 0 
236.026 73.8911 0 
237.434 75.3158 0 
234.564 72.4476 0 
105.96 212.168 0 
107.774 209.011 0 
96.9865 202.93 0 
93.405 202.96 0 
33.9776 156.851 0 
31.1094 157.79 0 
97.1416 51.5378 0 
96.3725 54.9033 0 
26.047 194.687 0 
173.666 -36.8159 0 
161.917 112.726 0 
72.5611 129.01 0 
95.1677 199.841 0 
91.5645 199.878 0 
109.619 212.188 0 
111.456 208.993 0 
236.589 71.8634 0 
235.13 70.3592 0 
201.926 -40.4655 0 
99.708 53.9748 0 
98.8998 57.3977 0 
100.581 50.593 0 
95.4889 58.4008 0 
98.0665 60.8217 0 
94.6844 61.8873 0 
97.2486 64.2937 0 
93.9762 65.2717 0 
96.427 67.7278 0 
93.2129 68.6984 0 
95.558 71.0992 0 
92.2368 72.0757 0 
94.7075 74.4903 0 
91.3258 75.4723 0 
93.858 77.9023 0 
90.4748 78.8876 0 
93.0179 81.3204 0 
89.6375 82.3077 0 
33.1947 159.743 0 
30.5248 160.722 0 
30.5055 146.466 0 
98.0637 73.4896 0 
92.1825 84.7421 0 
27.4122 147.503 0 
28.0576 144.277 0 
24.9014 145.352 0 
25.5632 142.073 0 
93.3344 196.737 0 
89.721 196.773 0 
88.8031 85.7294 0 
103.131 53.0129 0 
104.021 49.592 0 
233.073 78.1375 0 
233.157 -9.49557 0 
113.342 212.216 0 
115.196 208.931 0 
32.5332 162.651 0 
29.9653 163.6 0 
212.292 83.6737 0 
209.973 84.4463 0 
91.349 88.1626 0 
94.6539 87.1193 0 
237.2 69.7331 0 
235.559 68.1455 0 
22.3813 143.153 0 
23.0338 139.836 0 
273.829 94.8212 0 
91.4984 193.625 0 
87.8807 193.667 0 
95.1104 193.596 0 
106.609 52.0484 0 
107.388 48.6318 0 
87.9692 89.1508 0 
85.4452 86.8102 0 
164.842 97.4933 0 
167.112 99.5029 0 
90.5106 91.566 0 
211.85 86.1155 0 
209.426 86.9227 0 
77.6261 149.395 0 
143.694 92.9785 0 
141.328 90.8608 0 
84.5831 90.168 0 
82.0506 87.8133 0 
117.118 212.239 0 
119.021 208.881 0 
32.0905 165.525 0 
29.4224 166.431 0 
27.2806 164.55 0 
26.7335 167.37 0 
24.5623 165.489 0 
24.0216 168.313 0 
21.8442 166.434 0 
81.1795 91.1736 0 
78.6081 88.7125 0 
19.7873 140.929 0 
20.4756 137.55 0 
169.872 134.675 0 
80.1319 151.644 0 
76.9343 152.705 0 
237.829 67.466 0 
236.098 65.7913 0 
77.7553 92.1631 0 
75.1748 89.6868 0 
110.065 51.0437 0 
110.943 47.531 0 
140.691 93.9945 0 
138.271 91.8756 0 
167.749 96.5642 0 
170 98.5487 0 
93.2802 190.483 0 
96.8913 190.452 0 
74.3246 93.1594 0 
71.743 90.7228 0 
211.371 88.6333 0 
208.859 89.478 0 
-18.2407 78.1742 0 
137.68 95.0423 0 
135.196 92.8986 0 
185.868 54.4083 0 
203.593 60.9232 0 
70.8769 94.1718 0 
68.2932 91.7328 0 
134.593 96.109 0 
279.274 75.4303 0 
161.215 231.877 0 
31.567 168.291 0 
34.206 167.419 0 
33.6753 170.121 0 
36.2863 169.249 0 
35.6667 172.022 0 
38.3014 171.082 0 
37.6982 173.88 0 
40.3544 172.826 0 
95.0627 187.34 0 
98.6769 187.311 0 
147.886 -15.9728 0 
147.148 -11.7294 0 
151.011 -13.0841 0 
150.24 -9.10593 0 
154.085 -10.2644 0 
153.333 -6.34071 0 
157.151 -7.47451 0 
156.28 -3.42826 0 
160.18 -4.6708 0 
159.296 -0.632084 0 
163.22 -1.88847 0 
155.396 0.619846 0 
162.334 2.13034 0 
166.261 0.882487 0 
165.383 4.89151 0 
169.299 3.64286 0 
168.418 7.64832 0 
172.324 6.40823 0 
173.275 2.19355 0 
176.261 5.12775 0 
175.347 9.14878 0 
179.29 7.92752 0 
180.195 3.92846 0 
183.252 6.70353 0 
184.151 2.6682 0 
187.219 5.44401 0 
186.326 9.51443 0 
190.292 8.25479 0 
67.4226 95.1896 0 
64.8313 92.7332 0 
63.9635 96.2011 0 
61.3685 93.7455 0 
60.4973 97.2064 0 
57.9069 94.7428 0 
57.053 98.208 0 
54.4704 95.7533 0 
53.6755 99.2537 0 
51.0581 96.7507 0 
50.3514 100.279 0 
47.6603 97.7457 0 
46.8956 101.234 0 
44.2127 98.7255 0 
45.0615 95.2409 0 
41.6007 96.2287 0 
42.4692 92.723 0 
39.0008 93.7278 0 
38.1316 97.2227 0 
35.5396 94.7236 0 
36.3821 91.2266 0 
32.9445 92.2454 0 
32.0965 95.7157 0 
29.512 93.2474 0 
28.6733 96.7108 0 
30.3624 89.7649 0 
26.9114 90.773 0 
27.7707 87.2708 0 
24.2885 88.2843 0 
189.421 12.2927 0 
170.625 95.5937 0 
172.876 97.5854 0 
113.565 50.0536 0 
114.524 46.5361 0 
17.2072 138.661 0 
17.8841 135.26 0 
16.5329 142.042 0 
188.115 1.3627 0 
132.093 93.9327 0 
131.439 97.152 0 
21.2989 169.281 0 
19.0884 167.38 0 
132.746 90.7147 0 
25.1615 84.7413 0 
238.482 65.0973 0 
236.598 63.3448 0 
240.258 66.8727 0 
206.886 87.6682 0 
206.264 90.341 0 
204.244 88.4118 0 
203.613 91.175 0 
205.666 93.0633 0 
203.014 93.9669 0 
201.563 89.274 0 
205.124 95.924 0 
202.347 96.8473 0 
109.999 -13.4636 0 
193.366 11.0599 0 
192.499 15.0918 0 
204.53 98.8704 0 
201.616 99.785 0 
13.9493 139.782 0 
13.2966 143.152 0 
120.985 212.262 0 
122.935 208.888 0 
115.412 215.98 0 
173.49 94.6238 0 
120.941 205.481 0 
124.898 205.479 0 
122.897 202.075 0 
126.697 201.97 0 
124.834 198.585 0 
244.304 124.821 0 
240.913 64.3551 0 
242.874 66.3323 0 
96.8467 184.198 0 
100.467 184.157 0 
117.072 49.0561 0 
117.877 45.4835 0 
116.184 52.5806 0 
10.7524 140.915 0 
21.636 85.7542 0 
129.609 91.7616 0 
130.281 88.502 0 
196.383 13.9221 0 
195.53 17.9207 0 
191.448 18.9699 0 
21.1771 134.156 0 
18.572 131.848 0 
21.8799 130.742 0 
19.2656 128.426 0 
10.0638 144.271 0 
88.5058 72.8081 0 
129.202 198.594 0 
126.892 195.107 0 
164.531 8.8845 0 
76.9089 95.6185 0 
93.2418 184.229 0 
91.8573 7.26036 0 
18.5488 170.295 0 
16.2939 168.346 0 
20.7812 89.3271 0 
18.1056 86.7917 0 
115.385 42.96 0 
118.776 41.8821 0 
116.178 39.3258 0 
119.772 38.2609 0 
122.193 41.0157 0 
123.378 37.2481 0 
120.684 34.5783 0 
124.35 33.5464 0 
121.6 30.8568 0 
127.103 36.2122 0 
127.97 32.3946 0 
130.785 35.1715 0 
22.5164 82.1677 0 
26.0825 81.1499 0 
142.614 134.347 0 
58.892 91.2794 0 
197.412 10.1355 0 
17.2683 90.4298 0 
199.459 16.7092 0 
198.567 20.698 0 
128.89 205.496 0 
131.729 31.4222 0 
134.506 34.1688 0 
203.89 101.87 0 
200.93 102.816 0 
206.752 100.956 0 
266.687 114.271 0 
188.58 68.4042 0 
22.5831 127.319 0 
19.9607 124.994 0 
202.457 19.5187 0 
201.608 23.4503 0 
205.461 22.2672 0 
204.575 25.9974 0 
208.411 24.9859 0 
72.6391 87.2688 0 
95.0152 181.099 0 
91.4338 181.124 0 
16.6324 126.106 0 
149.491 62.9632 0 
59.9324 215.89 0 
163.478 58.4137 0 
130.934 194.894 0 
128.855 191.519 0 
183.25 52.0082 0 
127.111 89.5636 0 
127.793 86.2757 0 
39.7906 175.72 0 
42.5336 174.68 0 
207.152 29.0236 0 
211.402 27.65 0 
7.57765 141.937 0 
243.531 63.6009 0 
245.596 65.712 0 
23.4066 78.5339 0 
210.611 31.3808 0 
214.31 30.2842 0 
213.46 34.1423 0 
217.16 32.9457 0 
216.388 36.7161 0 
27.0628 77.4991 0 
27.5967 193.213 0 
30.0674 193.712 0 
25.4985 192.597 0 
14.5587 87.8548 0 
17.3284 122.65 0 
185.016 -1.4612 0 
188.994 -2.72246 0 
135.464 30.4342 0 
138.218 33.1377 0 
132.51 27.2379 0 
6.81461 145.385 0 
231.977 119.966 0 
173.092 149.296 0 
132.893 191.532 0 
130.84 187.978 0 
134.934 195.097 0 
171.087 65.6589 0 
15.7495 171.313 0 
13.4486 169.322 0 
15.6411 41.0996 0 
203.246 104.932 0 
200.243 105.896 0 
113.158 255.159 0 
93.1917 178.014 0 
89.6321 178.038 0 
146.47 256.069 0 
206.632 18.6398 0 
86.1044 196.797 0 
84.2662 193.713 0 
219.997 35.5563 0 
219.176 39.2586 0 
13.9678 123.775 0 
13.7329 91.5269 0 
124.612 87.3266 0 
123.939 90.6569 0 
125.287 84.0284 0 
133.957 99.3398 0 
130.784 100.392 0 
119.669 51.5862 0 
41.9173 177.663 0 
44.7575 176.703 0 
45.3141 173.702 0 
47.5971 175.743 0 
48.1452 172.701 0 
50.4735 174.771 0 
51.0272 171.68 0 
53.3931 173.774 0 
52.7944 176.851 0 
55.7908 175.833 0 
55.1625 178.993 0 
58.2388 177.938 0 
57.5925 181.157 0 
53.9746 170.724 0 
88.5297 218.161 0 
23.287 123.886 0 
162.701 217.867 0 
69.9298 126.678 0 
73.2699 125.558 0 
134.887 188.049 0 
132.842 184.494 0 
4.26152 142.999 0 
27.0587 191.044 0 
24.9075 190.404 0 
246.353 62.8876 0 
244.217 60.7652 0 
248.375 65.0257 0 
199.536 97.827 0 
24.3187 74.8466 0 
171.21 92.64 0 
174.123 91.6498 0 
222.789 38.1188 0 
247.612 67.8347 0 
250.41 67.1495 0 
249.59 69.9039 0 
185.953 -5.56428 0 
189.886 -6.79339 0 
136.912 184.51 0 
134.851 180.985 0 
130.807 180.998 0 
132.795 177.525 0 
136.822 177.468 0 
128.79 177.572 0 
134.781 174.023 0 
138.779 173.96 0 
136.751 170.525 0 
140.713 170.471 0 
234.035 64.1234 0 
234.672 61.4869 0 
232.061 62.2856 0 
118.783 55.0944 0 
60.6993 180.098 0 
60.2345 183.326 0 
61.3307 176.867 0 
139.181 29.4144 0 
141.932 32.1117 0 
172.206 100.614 0 
28.031 73.7961 0 
175.128 99.5991 0 
174.458 102.636 0 
82.5006 196.829 0 
186.671 50.9112 0 
183.992 48.4968 0 
11.0252 88.9376 0 
133.715 37.7234 0 
202.593 108.032 0 
199.54 109.018 0 
97.4605 234.42 0 
14.6771 120.281 0 
11.2791 121.419 0 
56.3758 101.782 0 
85.2496 48.7417 0 
138.816 167.143 0 
142.636 167.011 0 
134.828 167.565 0 
161.066 -8.69471 0 
133.288 102.584 0 
130.121 103.651 0 
252.407 69.2558 0 
251.586 71.9955 0 
91.3761 174.922 0 
94.94 174.907 0 
87.8271 174.957 0 
3.51069 146.558 0 
122.088 85.1023 0 
57.9957 140.277 0 
122.261 54.1086 0 
12.8973 172.303 0 
10.5653 170.314 0 
26.5702 188.812 0 
11.883 85.3523 0 
122.795 81.8624 0 
203.64 71.1131 0 
171.811 89.6326 0 
174.757 88.6505 0 
253.395 66.4985 0 
10.1484 92.5814 0 
8.37797 86.359 0 
9.22365 82.8158 0 
66.5497 98.6911 0 
140.687 163.687 0 
144.461 163.578 0 
213.744 87.8786 0 
273.954 91.6131 0 
270.938 93.5739 0 
270.937 90.4018 0 
268.237 92.1531 0 
268.001 89.2086 0 
265.585 90.8395 0 
104.862 46.0221 0 
186.854 -9.58433 0 
190.783 -10.8593 0 
193.867 -8.04983 0 
44.1632 179.61 0 
56.9546 184.397 0 
59.5658 186.614 0 
150.364 59.3177 0 
25.2382 71.1002 0 
177.035 90.7017 0 
177.332 -36.9134 0 
194.759 -12.1534 0 
197.867 -9.32103 0 
247.193 60.0116 0 
244.928 57.7854 0 
209.771 35.3019 0 
232.735 59.5193 0 
230.004 60.3847 0 
63.8307 179.027 0 
64.468 175.763 0 
152.768 115.52 0 
24.2981 188.095 0 
0.969707 144.228 0 
1.60261 140.597 0 
142.823 256.921 0 
144.07 253.231 0 
251.79 32.2587 0 
177.4 101.617 0 
176.782 104.613 0 
265.336 87.9953 0 
263.089 89.6469 0 
254.389 71.366 0 
263.323 92.3205 0 
260.927 91.1814 0 
261.144 93.714 0 
258.929 92.6667 0 
259.119 95.058 0 
257.05 94.0295 0 
257.19 96.3547 0 
256.776 91.871 0 
255.07 93.0872 0 
254.865 91.0784 0 
253.261 92.2178 0 
253.064 90.2744 0 
254.648 89.0993 0 
252.831 88.3533 0 
251.34 89.5206 0 
251.094 87.6575 0 
249.658 88.7787 0 
249.389 87.0396 0 
248.034 88.0675 0 
247.764 86.416 0 
246.467 87.3908 0 
246.223 85.7455 0 
244.953 86.7268 0 
198.77 -13.48 0 
168.945 198.345 0 
142.898 28.3799 0 
145.644 31.0877 0 
201.932 111.2 0 
198.834 112.183 0 
204.863 110.167 0 
-15.2205 174.794 0 
175.574 -33.6629 0 
179.31 -33.7855 0 
125.951 81.0604 0 
93.1211 171.808 0 
96.696 171.798 0 
177.685 87.6999 0 
223.623 34.4163 0 
28.9839 70.0585 0 
31.7748 72.7619 0 
26.0326 186.462 0 
201.94 -10.5846 0 
19.6525 164.514 0 
190.963 70.6685 0 
187.472 47.3807 0 
184.754 44.9227 0 
22.5766 189.838 0 
-4.50028 187.508 0 
215.307 26.5118 0 
132.64 105.855 0 
129.459 106.929 0 
126.941 104.713 0 
126.272 108.01 0 
123.739 105.776 0 
123.068 109.095 0 
120.521 106.851 0 
119.846 110.188 0 
117.285 107.932 0 
38.8413 168.274 0 
70.6243 123.219 0 
73.9731 122.099 0 
11.9932 117.885 0 
8.55641 119.045 0 
146.808 60.3731 0 
228.098 118.624 0 
230.703 116.239 0 
227.498 114.87 0 
230.067 112.71 0 
227.134 111.424 0 
229.574 109.531 0 
232.323 110.542 0 
231.695 107.724 0 
234.266 108.551 0 
229.203 106.794 0 
231.131 105.14 0 
228.823 104.247 0 
230.653 102.712 0 
228.467 101.884 0 
230.281 100.498 0 
232.24 101.22 0 
231.875 99.1554 0 
230.026 98.4586 0 
231.545 97.2373 0 
229.774 96.5425 0 
231.282 95.3794 0 
229.468 94.7418 0 
230.803 93.3867 0 
227.965 95.8694 0 
227.708 93.9121 0 
226.094 95.1518 0 
233.573 99.6023 0 
226.572 103.401 0 
232.648 94.1905 0 
232.411 92.4864 0 
233.928 93.1518 0 
233.707 91.5453 0 
232.28 90.8717 0 
233.532 89.9386 0 
234.94 90.5891 0 
234.763 89.0572 0 
233.392 88.4061 0 
254.415 87.0815 0 
174.259 168.186 0 
116.608 111.284 0 
114.035 109.017 0 
114.719 105.657 0 
111.459 106.742 0 
110.77 110.113 0 
108.184 107.837 0 
107.49 111.219 0 
104.894 108.931 0 
104.186 112.289 0 
101.591 110.021 0 
100.882 113.392 0 
98.2809 111.12 0 
97.5851 114.546 0 
94.9663 112.233 0 
112.147 103.372 0 
53.1639 55.3302 0 
55.0839 58.7094 0 
58.9723 58.7526 0 
56.9964 62.0729 0 
60.8379 62.1214 0 
177.635 141.144 0 
142.646 160.356 0 
146.314 160.211 0 
248.077 56.9941 0 
245.682 54.6596 0 
119.546 82.8692 0 
120.524 79.2245 0 
-1.78119 141.816 0 
-1.19278 138.218 0 
179.959 89.7584 0 
11.1447 167.289 0 
8.19519 168.296 0 
244.655 85.1002 0 
58.8851 65.4121 0 
62.7291 65.4363 0 
140.302 253.884 0 
141.574 250.194 0 
26.3719 67.2324 0 
22.4113 68.3777 0 
146.79 167.229 0 
234.651 87.5586 0 
0.353333 147.751 0 
94.2696 115.665 0 
226.449 37.036 0 
172.474 86.5734 0 
15.3953 116.777 0 
28.3297 187.17 0 
102.306 187.305 0 
104.118 184.101 0 
248.277 89.7223 0 
100.738 63.3914 0 
201.302 114.424 0 
198.026 115.454 0 
144.681 34.8144 0 
148.388 33.7853 0 
149.355 30.0669 0 
152.084 32.774 0 
91.6457 113.347 0 
151.054 99.4214 0 
40.1424 45.4277 0 
76.7161 124.518 0 
227.321 33.2502 0 
179.711 103.639 0 
179.087 106.669 0 
25.8897 126.151 0 
26.6129 122.766 0 
21.894 187.361 0 
20.0347 189.253 0 
202.834 -14.809 0 
64.6515 62.1727 0 
80.6732 193.765 0 
78.9145 196.878 0 
230.697 57.5316 0 
227.883 58.3803 0 
66.5372 65.4654 0 
9.28116 115.464 0 
5.80065 116.643 0 
66.9873 177.956 0 
67.6198 174.677 0 
121.379 57.6041 0 
55.0714 65.0549 0 
225.761 93.1972 0 
224.138 94.4084 0 
137.667 250.848 0 
138.936 247.081 0 
188.244 43.8177 0 
185.501 41.3483 0 
181.987 42.4529 0 
182.739 38.823 0 
179.183 39.9511 0 
179.979 36.2648 0 
190.961 46.2822 0 
176.375 37.4185 0 
177.171 33.7053 0 
236.112 89.6571 0 
90.488 40.6778 0 
94.8795 168.719 0 
98.4492 168.694 0 
246.03 84.0701 0 
195.617 -16.2838 0 
79.4465 154.962 0 
135.055 247.698 0 
136.269 243.943 0 
132.377 244.565 0 
133.637 240.765 0 
129.418 241.597 0 
130.952 237.654 0 
134.998 236.898 0 
126.645 238.418 0 
180.611 86.7574 0 
182.882 88.815 0 
224.544 117.127 0 
76.225 156.017 0 
73.7024 153.754 0 
213.329 90.349 0 
151.115 36.4745 0 
32.7839 69.152 0 
224.191 80.6053 0 
5.68813 83.8155 0 
6.55022 80.2084 0 
131.978 109.139 0 
121.015 270.391 0 
177.556 -30.4769 0 
124.848 56.6239 0 
56.2407 187.688 0 
58.7834 189.952 0 
9.36504 147.618 0 
132.42 233.699 0 
136.42 232.993 0 
225.486 81.8199 0 
206.028 -11.9007 0 
51.5623 168.619 0 
54.5531 167.648 0 
144.432 156.98 0 
140.364 157.174 0 
148.183 156.908 0 
57.4968 213.394 0 
60.9791 212.448 0 
28.7005 141.045 0 
228.902 74.1917 0 
71.3234 119.757 0 
27.7962 184.814 0 
233.263 86.8896 0 
147.674 56.8711 0 
272.274 50.6979 0 
60.829 68.6898 0 
157.18 135.638 0 
6.53628 113.022 0 
3.0264 114.196 0 
2.29639 117.843 0 
153.071 29.0536 0 
200.631 117.753 0 
197.295 118.807 0 
245.121 88.5107 0 
-4.75595 139.399 0 
202.196 86.4869 0 
35.5305 71.7503 0 
3.79858 110.647 0 
199.495 87.3688 0 
29.2165 125.033 0 
29.9424 121.654 0 
90.9991 63.1406 0 
123.969 60.1084 0 
120.462 61.0773 0 
80.7681 199.935 0 
117.058 80.6003 0 
116.309 83.9366 0 
156.616 77.2901 0 
23.3803 64.5037 0 
19.4664 65.6381 0 
259.372 97.4257 0 
257.233 98.845 0 
12.8888 95.2202 0 
158.953 -33.0034 0 
72.9969 157.048 0 
70.4788 154.815 0 
75.7142 159.825 0 
135.16 108.054 0 
223.068 -28.4353 0 
244.36 83.417 0 
105.975 187.299 0 
107.809 184.053 0 
68.4311 62.2378 0 
58.3597 209.899 0 
61.8632 208.91 0 
64.4747 211.434 0 
-4.04434 135.756 0 
169.474 87.587 0 
170.153 84.4694 0 
154.794 35.4726 0 
133.8 229.765 0 
137.838 229.072 0 
248.924 53.7988 0 
246.524 51.4248 0 
8.7957 165.213 0 
5.77892 166.235 0 
194.713 116.467 0 
193.961 119.842 0 
200.122 84.6118 0 
153.825 39.1537 0 
102.296 106.628 0 
-19.4824 68.5336 0 
234.553 86.0284 0 
19.3038 186.587 0 
17.2829 188.614 0 
183.533 85.8195 0 
181.255 83.7526 0 
96.8947 117.985 0 
5.19929 169.409 0 
2.70671 167.309 0 
223.777 82.3536 0 
223.832 92.3054 0 
86.0889 178.046 0 
240.732 13.8768 0 
236.241 12.8517 0 
93.5744 119.101 0 
182.041 105.683 0 
181.422 108.766 0 
178.418 109.75 0 
230.191 35.9323 0 
191.748 42.7272 0 
194.494 45.2934 0 
74.712 118.657 0 
69.7816 158.085 0 
67.2894 155.844 0 
228.586 55.4804 0 
225.681 56.3565 0 
138.89 257.66 0 
30.1382 185.516 0 
180.782 111.885 0 
177.714 112.895 0 
180.132 115.064 0 
177.024 116.081 0 
179.474 118.282 0 
218.852 71.1389 0 
178.117 -70.8496 0 
61.9701 188.852 0 
82.6708 153.899 0 
245.822 82.3184 0 
146.659 -7.16189 0 
24.0448 148.642 0 
243.147 86.139 0 
231.35 54.8328 0 
127.425 59.129 0 
194.319 139.153 0 
128.37 55.7872 0 
70.2759 65.508 0 
-0.503171 115.385 0 
32.5629 123.986 0 
33.277 120.557 0 
30.6514 118.225 0 
33.9898 117.114 0 
36.6183 119.454 0 
143.011 246.659 0 
89.5488 136.016 0 
146.278 153.694 0 
96.6357 165.628 0 
100.204 165.588 0 
102.025 168.668 0 
103.781 165.543 0 
105.619 168.59 0 
107.398 165.469 0 
109.236 168.611 0 
111.031 165.44 0 
109.164 162.313 0 
112.818 162.247 0 
221.103 70.4358 0 
219.292 68.8263 0 
205.12 -7.66839 0 
209.232 -8.98452 0 
208.303 -4.73248 0 
2.96066 81.2654 0 
3.82846 77.5634 0 
2.27981 85.0911 0 
119.179 113.546 0 
134.516 111.344 0 
182.656 102.643 0 
92.3445 109.91 0 
89.0171 111.024 0 
106.699 114.539 0 
126.549 62.6012 0 
181.331 -30.617 0 
36.5472 68.1153 0 
103.452 252.778 0 
20.7788 172.185 0 
2.12503 170.579 0 
183.309 -8.28481 0 
84.3072 175.012 0 
-17.1158 157.292 0 
-15.1734 160.547 0 
113.877 81.6855 0 
113.075 85.031 0 
114.952 78.2654 0 
97.2915 220.876 0 
55.493 191.029 0 
31.3584 114.773 0 
135.367 225.966 0 
139.28 225.168 0 
52.1158 165.556 0 
150.003 153.635 0 
151.936 156.825 0 
72.1794 62.2921 0 
36.2366 159.526 0 
43.7054 135.65 0 
72.096 116.335 0 
68.68 117.422 0 
33.0245 172.909 0 
176.311 119.31 0 
178.805 121.536 0 
199.878 121.183 0 
203.27 120.089 0 
50.3249 148.68 0 
157.489 38.1564 0 
109.584 205.828 0 
151.147 55.7347 0 
96.2014 121.421 0 
183.096 -33.9956 0 
140.519 232.343 0 
16.4886 185.746 0 
14.3366 187.921 0 
253.588 74.0961 0 
256.412 73.4585 0 
-1.23179 119.054 0 
3.35972 164.166 0 
-0.437135 168.405 0 
181.932 -47.2102 0 
231.085 32.0578 0 
20.4345 61.7016 0 
16.6583 62.6745 0 
24.3378 60.5959 0 
37.3317 116.006 0 
39.9618 118.347 0 
114.693 165.403 0 
116.49 162.182 0 
-7.62634 136.981 0 
82.5269 178.114 0 
233.133 85.3415 0 
231.836 86.2316 0 
-18.3064 111.637 0 
212.458 -6.05986 0 
211.521 -1.78704 0 
67.9683 152.567 0 
109.541 187.187 0 
-14.705 91.5228 0 
179.551 -27.2639 0 
175.732 -27.1263 0 
61.3281 192.2 0 
144.315 123.86 0 
10.6255 124.89 0 
129.952 61.6642 0 
129.108 65.0972 0 
-8.61829 140.37 0 
111.36 183.923 0 
131.862 226.325 0 
259.618 99.9694 0 
257.331 101.426 0 
254.779 99.9263 0 
255.046 102.722 0 
252.775 101.569 0 
252.897 104.063 0 
250.786 102.848 0 
250.786 105.293 0 
250.813 100.308 0 
248.913 101.641 0 
248.815 99.7107 0 
247.227 100.673 0 
252.995 106.62 0 
250.715 107.985 0 
253.228 109.388 0 
246.969 98.8679 0 
245.623 99.8548 0 
245.653 101.577 0 
244.021 100.384 0 
244.052 102.44 0 
242.477 101.461 0 
252.654 127.123 0 
65.2738 207.998 0 
68.0318 210.444 0 
197.415 85.4577 0 
148.097 150.436 0 
244.096 81.6545 0 
13.5104 184.887 0 
228.197 29.6661 0 
225.117 83.5982 0 
223.335 84.1768 0 
198.052 82.6962 0 
185.15 -30.7627 0 
180.474 -54.2332 0 
137.684 110.256 0 
39.2945 70.7234 0 
184.99 104.667 0 
185.624 101.668 0 
242.404 103.411 0 
196.775 88.2428 0 
148.42 53.2895 0 
128.442 -12.4759 0 
130.164 -8.64267 0 
251.332 56.2133 0 
252.239 52.8774 0 
254.727 55.4023 0 
110.942 159.13 0 
89.7178 107.582 0 
86.3836 108.697 0 
267.655 86.2871 0 
265.062 85.1779 0 
110.96 82.683 0 
109.982 86.1272 0 
245.538 80.4482 0 
247.375 81.1844 0 
126.014 -9.07051 0 
127.705 -5.2942 0 
123.599 -5.75856 0 
125.266 -1.99631 0 
121.176 -2.46573 0 
122.697 1.18595 0 
126.775 2.4368 0 
118.731 0.803004 0 
120.243 4.46283 0 
116.285 4.08514 0 
117.923 7.85169 0 
113.998 7.50573 0 
115.486 11.1715 0 
112.082 3.72005 0 
119.241 11.7817 0 
111.562 10.8424 0 
113.036 14.5113 0 
108.952 14.0771 0 
110.593 17.8787 0 
201.364 58.8847 0 
204.301 57.9509 0 
-13.892 87.9175 0 
38.2984 74.441 0 
42.0165 73.4152 0 
226.404 53.3703 0 
223.465 54.2664 0 
55.141 164.549 0 
223.726 -23.872 0 
219.633 -25.6139 0 
64.7764 153.597 0 
183.556 35.1753 0 
144.941 54.4173 0 
200.832 27.3898 0 
236.317 91.0927 0 
237.421 90.199 0 
237.626 91.5171 0 
238.596 90.7049 0 
238.8 91.9298 0 
239.65 91.1335 0 
237.863 92.6829 0 
93.0773 165.665 0 
215.695 -3.12086 0 
214.766 1.16992 0 
218.951 -0.170256 0 
218.021 4.13947 0 
94.8252 162.582 0 
42.1671 49.2494 0 
238.964 93.0784 0 
238.097 93.7969 0 
239.124 94.1859 0 
238.289 94.88 0 
239.318 95.2686 0 
238.464 95.9777 0 
164.541 68.0076 0 
118.941 261.159 0 
0.185405 78.5994 0 
1.03698 74.821 0 
184.192 82.8187 0 
181.906 80.7359 0 
-6.90872 133.271 0 
160.17 122.1 0 
77.1029 193.817 0 
238.499 89.3864 0 
215.654 40.3861 0 
167.122 85.4836 0 
156.523 41.8141 0 
160.165 40.8251 0 
161.144 37.1716 0 
236.955 77.1921 0 
167.78 82.3438 0 
231.698 84.6479 0 
222.765 57.2605 0 
220.539 55.202 0 
73.9931 65.5497 0 
72.1114 68.7434 0 
75.8999 62.3522 0 
41.2737 180.548 0 
43.4985 182.576 0 
177.866 63.088 0 
136.538 221.97 0 
140.704 221.228 0 
112.405 88.4026 0 
109.19 89.4343 0 
-1.04383 171.725 0 
1.56217 173.906 0 
250.676 110.883 0 
253.28 112.441 0 
80.2132 224.734 0 
234.428 84.4521 0 
235.867 85.1598 0 
234.986 111.147 0 
132.5 64.1598 0 
131.675 67.5687 0 
217.631 77.3656 0 
233.98 34.7888 0 
233.077 38.6378 0 
248.569 98.0316 0 
247.161 97.2731 0 
-13.5515 156.892 0 
234.927 31.0899 0 
200.742 81.8633 0 
279.616 66.772 0 
31.6448 127.888 0 
221.626 68.1225 0 
153.762 153.559 0 
155.718 156.79 0 
202.516 123.595 0 
205.915 122.463 0 
140.628 269.08 0 
-4.44853 52.0941 0 
185.444 13.5013 0 
115.307 56.0834 0 
267.369 83.2829 0 
144.402 150.492 0 
-11.2366 90.3772 0 
219.887 58.0118 0 
217.632 56.0893 0 
118.378 165.243 0 
120.176 162.106 0 
74.0866 59.0997 0 
23.4254 36.6896 0 
142.734 173.932 0 
107.327 159.19 0 
109.078 156.046 0 
112.048 131.708 0 
43.3742 102.211 0 
46.0451 104.695 0 
118.28 158.953 0 
121.963 158.889 0 
164.611 130.217 0 
167.54 11.6207 0 
163.658 12.7311 0 
166.714 15.3333 0 
138.335 106.983 0 
145.687 50.8326 0 
121.405 131.766 0 
134.621 127.446 0 
69.3875 113.951 0 
66.0158 115.072 0 
72.9124 112.974 0 
135.692 136.359 0 
146.257 80.0995 0 
131.839 -4.82114 0 
210.249 -39.3629 0 
81.9834 157.241 0 
40.2628 66.9159 0 
65.9017 89.2515 0 
88.3188 114.465 0 
98.7328 199.828 0 
162.871 106.341 0 
91.7885 212.171 0 
209.001 78.0821 0 
64.4832 138.091 0 
52.7351 162.502 0 
49.6898 163.502 0 
31.2455 99.1751 0 
27.8719 100.126 0 
131.372 112.443 0 
86.9202 80.1208 0 
122.388 140.973 0 
246.347 70.4854 0 
154.937 -14.5723 0 
166.982 -2.97097 0 
9.99828 112.146 0 
150.333 26.3338 0 
116.479 168.281 0 
255.594 76.2155 0 
125.603 66.0557 0 
198.692 79.9432 0 
130.995 85.5135 0 
79.738 85.0539 0 
154.407 109.383 0 
40.6599 183.498 0 
42.8843 185.538 0 
40.0375 186.452 0 
42.2914 188.493 0 
140.14 25.6593 0 
143.395 224.436 0 
144.816 220.456 0 
142.115 217.252 0 
146.241 216.462 0 
143.472 213.215 0 
147.643 212.451 0 
144.871 209.18 0 
149.092 208.4 0 
83.7458 93.6091 0 
109.427 129.397 0 
112.744 128.272 0 
173.592 105.661 0 
117.893 31.9156 0 
11.225 187.179 0 
53.3933 132.342 0 
222.101 93.6238 0 
222.427 95.837 0 
98.7762 136.157 0 
139.003 188.05 0 
37.735 48.9897 0 
2.85702 149.964 0 
199.08 124.709 0 
65.0978 172.486 0 
175.663 41.0441 0 
195.966 80.7572 0 
75.3621 196.91 0 
94.0865 -2.25345 0 
45.9539 91.7233 0 
121.18 103.62 0 
160.76 241.062 0 
92.8777 122.537 0 
162.553 95.5212 0 
170.834 81.3448 0 
59.253 206.36 0 
106.442 17.4138 0 
107.998 21.1746 0 
155.104 92.2184 0 
-0.398396 151.164 0 
25.2697 162.586 0 
20.8633 75.8622 0 
236.848 37.5208 0 
235.906 41.3019 0 
239.61 40.225 0 
195.243 41.6401 0 
198.01 44.3261 0 
194.337 -64.7052 0 
68.2149 171.435 0 
29.5731 183.093 0 
27.2691 182.38 0 
17.5149 58.8169 0 
13.5253 59.9966 0 
-24.9403 137.078 0 
107.499 215.169 0 
177.763 -23.8426 0 
173.857 -23.7155 0 
120.897 198.633 0 
9.37994 96.3151 0 
231.25 65.1363 0 
242.676 82.8017 0 
248.41 96.4982 0 
247.112 95.8593 0 
246.049 96.5318 0 
246.017 95.3593 0 
43.3356 89.1949 0 
46.8333 88.1796 0 
239.556 96.3813 0 
238.625 97.158 0 
142.181 51.9799 0 
44.418 132.352 0 
15.2437 191.37 0 
126.819 181.004 0 
39.3612 189.39 0 
41.5681 191.632 0 
240.79 102.446 0 
233.982 101.501 0 
216.614 -7.11029 0 
107.816 190.506 0 
146.298 205.123 0 
150.583 204.342 0 
140.842 109.168 0 
190.93 59.0827 0 
65.7568 169.225 0 
258.436 75.5818 0 
259.282 72.6424 0 
96.4475 80.3658 0 
147.797 252.654 0 
7.52048 76.512 0 
128.761 245.786 0 
23.9498 194.153 0 
248.236 95.1666 0 
135.084 66.5967 0 
134.22 70.0223 0 
182.889 145.558 0 
186.964 -34.2334 0 
189.076 -30.8726 0 
222.211 2.79492 0 
221.259 7.10624 0 
220.135 94.9566 0 
220.588 97.4005 0 
218.327 96.476 0 
218.68 99.0006 0 
221.954 82.8729 0 
2.32456 136.955 0 
250.662 85.5771 0 
133.48 251.536 0 
238.832 76.7212 0 
18.7053 183.829 0 
154.103 25.4469 0 
151.126 23.0051 0 
162.757 213.468 0 
221.858 91.4769 0 
-2.76031 75.943 0 
-1.81093 71.9987 0 
268.434 95.1509 0 
173.782 117.103 0 
10.471 184.121 0 
175.604 122.576 0 
178.129 124.832 0 
181.349 123.77 0 
180.666 127.127 0 
183.878 126.026 0 
183.25 129.448 0 
-3.96556 116.601 0 
-3.23023 112.903 0 
198.068 103.796 0 
181.59 -23.9337 0 
237.468 95.5767 0 
-10.5102 134.503 0 
-3.65507 169.528 0 
-3.01981 166.159 0 
196.522 110.027 0 
225.611 91.1352 0 
255.727 52.0411 0 
253.522 49.6563 0 
258.313 54.5744 0 
270.179 84.4853 0 
169.531 179.408 0 
165.663 181.852 0 
165.694 177.137 0 
161.721 179.43 0 
161.713 184.062 0 
161.811 174.85 0 
157.763 181.672 0 
157.634 186.226 0 
250.186 97.2033 0 
33.46 201.29 0 
159.206 44.4605 0 
257.556 78.3562 0 
221.483 84.7911 0 
124.854 191.511 0 
137.113 113.538 0 
221.096 51.7911 0 
216.458 130.153 0 
-8.50526 54.0886 0 
259.768 102.716 0 
142.968 48.4513 0 
139.439 49.5408 0 
2.03109 70.9289 0 
-3.32487 132.079 0 
80.683 175.112 0 
82.5088 172.023 0 
107.079 9.79941 0 
154.257 83.8465 0 
186.615 128.348 0 
78.731 178.412 0 
147.741 201.03 0 
157.642 153.409 0 
159.608 156.731 0 
155.595 150.246 0 
-4.77726 120.267 0 
243.238 52.3556 0 
239.302 74.8659 0 
248.208 109.359 0 
248.166 112.314 0 
-15.5391 153.783 0 
36.8244 63.9267 0 
66.5799 59.0791 0 
105.555 156.322 0 
146.193 147.279 0 
75.8288 68.7286 0 
73.9488 71.9168 0 
235.749 83.5547 0 
124.904 212.294 0 
122.921 215.695 0 
79.3346 43.9014 0 
157.677 160.151 0 
142.597 147.351 0 
161.704 160.096 0 
217.134 59.3636 0 
183.833 110.866 0 
31.2585 86.2858 0 
114.468 18.116 0 
106.389 143.568 0 
-0.890852 68.0595 0 
175.92 -20.3615 0 
171.965 -20.235 0 
239.943 93.5247 0 
120.066 155.746 0 
123.749 155.659 0 
194.666 86.3015 0 
194.058 89.0804 0 
37.0223 176.74 0 
66.7175 111.594 0 
63.356 112.722 0 
62.6507 116.197 0 
59.997 113.844 0 
59.29 117.32 0 
56.6388 114.972 0 
55.9339 118.449 0 
53.4807 116.146 0 
52.8174 119.617 0 
201.965 55.8412 0 
205.003 54.8771 0 
236.81 109.228 0 
237.559 111.83 0 
115.588 -18.2754 0 
103.916 20.7624 0 
105.462 24.5397 0 
93.3527 147.511 0 
95.9204 149.798 0 
55.7462 161.426 0 
250.213 16.4725 0 
12.0347 98.9079 0 
147.578 223.696 0 
247.061 79.2156 0 
65.4603 150.322 0 
62.2695 151.368 0 
261.477 74.9381 0 
262.363 71.792 0 
264.597 74.2154 0 
265.686 71.0482 0 
263.242 68.4829 0 
266.683 67.6267 0 
168.44 79.1902 0 
171.522 78.1914 0 
11.5421 137.4 0 
162.826 43.4778 0 
152.05 200.368 0 
201.803 127.206 0 
225.778 40.8275 0 
174.053 -16.8489 0 
196.964 -5.09309 0 
210.611 2.52779 0 
77.8154 59.1723 0 
28.0157 115.888 0 
73.5557 193.858 0 
75.2889 190.783 0 
71.8127 196.944 0 
196.273 -45.6705 0 
153.87 183.794 0 
141.497 105.916 0 
184.859 79.7876 0 
182.558 77.6983 0 
14.514 55.9351 0 
18.5407 54.7849 0 
73.6188 200.006 0 
206.937 -16.1292 0 
203.727 -19.0391 0 
245.086 95.9161 0 
245.039 94.9159 0 
245.853 94.3235 0 
244.983 93.9802 0 
245.745 93.3289 0 
244.696 93.0422 0 
41.192 63.064 0 
84.323 181.194 0 
238.365 78.5643 0 
227.132 81.2227 0 
28.7197 112.428 0 
32.0353 111.475 0 
169.887 -23.6304 0 
167.965 -20.1127 0 
-1.65039 175.08 0 
0.986816 177.271 0 
-10.501 86.8055 0 
230.371 85.5636 0 
220.023 83.4049 0 
121.966 165.11 0 
50.3181 160.448 0 
47.3467 161.523 0 
-9.79201 130.756 0 
85.1088 156.142 0 
101.413 24.1278 0 
103.051 27.9661 0 
98.9984 27.5333 0 
100.641 31.2896 0 
172.925 35.1238 0 
174.254 31.1487 0 
177.999 29.9651 0 
175.091 27.3462 0 
171.236 28.1904 0 
178.854 26.1741 0 
104.613 31.7922 0 
176.564 159.95 0 
79.599 62.4118 0 
81.5147 59.2707 0 
216.297 98.1338 0 
216.633 100.704 0 
193.852 48.9552 0 
111.722 91.6985 0 
108.427 92.4922 0 
135.939 63.2431 0 
29.0026 180.62 0 
26.6167 179.882 0 
87.0928 105.273 0 
83.7458 106.37 0 
90.4501 104.186 0 
106.743 87.0374 0 
198.777 40.5722 0 
201.461 43.1615 0 
196.029 38.0219 0 
194.053 -69.3614 0 
182.573 117.218 0 
66.7377 159.155 0 
149.579 196.629 0 
237.194 84.2711 0 
196.776 68.3593 0 
53.9941 112.491 0 
50.4679 113.96 0 
217.096 8.42907 0 
220.291 11.3707 0 
103.904 171.629 0 
73.0786 141.571 0 
84.5008 159.636 0 
110.127 125.963 0 
113.506 124.83 0 
106.807 127.074 0 
262.223 101.107 0 
175.909 23.5211 0 
182.227 91.8125 0 
139.339 214.142 0 
-6.24706 167.444 0 
75.9961 55.884 0 
35.9061 45.1311 0 
33.4521 48.7813 0 
40.7471 152.047 0 
95.5062 124.858 0 
15.6394 97.8355 0 
14.7775 101.473 0 
39.2494 121.791 0 
78.9057 172.128 0 
245.159 78.4566 0 
45.6909 184.591 0 
44.2291 85.7286 0 
47.7642 84.7277 0 
264.216 65.0533 0 
267.803 64.0944 0 
15.2188 174.315 0 
42.5322 105.576 0 
83.0437 109.82 0 
15.884 145.349 0 
41.1618 133.488 0 
150.353 -24.7464 0 
227.204 61.3278 0 
125.648 158.817 0 
127.429 155.579 0 
206.492 60.1036 0 
138.519 65.6333 0 
-4.81823 69.2321 0 
160.678 10.1223 0 
195.394 -55.9511 0 
125.523 152.43 0 
129.191 152.342 0 
26.3138 170.44 0 
154.886 203.581 0 
223.4 69.775 0 
248.851 80.0596 0 
8.00288 186.377 0 
8.90313 189.765 0 
-3.61393 197.035 0 
68.8977 168.035 0 
111.647 190.116 0 
64.0593 109.239 0 
235.591 59.2141 0 
70.2453 71.9226 0 
72.0661 75.1691 0 
68.5387 75.021 0 
75.7733 75.1329 0 
179.923 130.564 0 
182.555 132.951 0 
89.8141 203.006 0 
219.135 101.654 0 
217.028 103.399 0 
219.624 104.361 0 
217.461 106.207 0 
214.747 105.173 0 
215.187 108.113 0 
125.002 177.698 0 
102.547 16.82 0 
142.088 205.905 0 
117.218 -3.14378 0 
2.19823 153.348 0 
-1.06217 154.522 0 
-3.83146 152.209 0 
196.625 77.9758 0 
77.8393 133.729 0 
67.261 124.303 0 
256.014 110.763 0 
256.106 114.046 0 
253.22 115.778 0 
256.235 117.538 0 
28.8007 155.8 0 
210.145 134.79 0 
24.2842 133.236 0 
-7.78985 89.2108 0 
-8.50979 92.8185 0 
-5.01808 91.6425 0 
-5.75494 95.2886 0 
32.0613 184.006 0 
44.6863 190.58 0 
43.8868 193.952 0 
201.374 79.1484 0 
40.4611 136.775 0 
161.728 153.108 0 
148.65 132.347 0 
115.928 114.65 0 
118.512 116.92 0 
143.171 96.1748 0 
156.82 28.0673 0 
141.096 184.422 0 
1.59183 121.504 0 
187.946 103.668 0 
188.575 100.655 0 
109.592 193.61 0 
123.071 50.7547 0 
130.7 70.976 0 
133.25 73.4119 0 
105.713 55.5148 0 
269.938 81.2869 0 
121.767 115.811 0 
121.102 119.19 0 
124.364 118.082 0 
138.916 89.0092 0 
206.646 118.975 0 
209.175 121.302 0 
209.869 117.781 0 
212.988 120.31 0 
153.849 179.45 0 
128.31 98.2061 0 
143.974 108.096 0 
143.339 111.33 0 
193.044 -80.155 0 
172.002 -33.5569 0 
237.569 17.1823 0 
233.213 16.2167 0 
260.59 88.848 0 
67.4295 108.109 0 
-7.61258 117.789 0 
239.312 109.977 0 
240.241 112.622 0 
66.4715 181.305 0 
164.729 83.3488 0 
-13.5399 131.819 0 
-14.2132 135.799 0 
157.846 24.3956 0 
15.3371 66.2672 0 
214.767 57.0715 0 
215.378 54.0137 0 
4.14434 175.858 0 
109.606 180.778 0 
113.342 180.738 0 
114.56 184.237 0 
25.3623 113.544 0 
259.347 51.0507 0 
185.142 90.8745 0 
80.3989 107.485 0 
95.3135 45.1482 0 
92.1881 125.967 0 
89.5521 123.651 0 
8.87103 100.224 0 
11.7791 164.219 0 
9.42302 162.11 0 
12.4522 161.104 0 
10.084 159.048 0 
13.1143 157.987 0 
193.923 78.7003 0 
190.291 -66.5967 0 
61.5226 50.8809 0 
36.4441 144.473 0 
220.142 -21.0391 0 
208.216 95.1474 0 
136.71 72.4662 0 
135.874 75.863 0 
30.533 188.07 0 
161.873 47.0898 0 
165.467 46.1153 0 
38.422 192.393 0 
234.716 8.43333 0 
66.8517 221.738 0 
239.795 97.577 0 
238.799 98.4669 0 
112.237 40.2322 0 
180.612 49.6103 0 
10.6515 56.937 0 
164.086 86.5101 0 
96.7827 31.0372 0 
95.7687 230.364 0 
100.033 230.841 0 
102.162 235.122 0 
104.474 231.17 0 
106.749 235.163 0 
108.989 231.28 0 
111.264 235.19 0 
113.46 231.316 0 
109.028 239.08 0 
113.488 239.03 0 
-6.12564 163.639 0 
240.723 96.6767 0 
-2.21433 94.0959 0 
-2.94436 97.7839 0 
190.912 -34.4079 0 
193.077 -31.0364 0 
188.749 -37.7533 0 
156.355 199.564 0 
80.7284 169.048 0 
99.5011 120.293 0 
99.4423 148.601 0 
55.9449 207.381 0 
56.6999 203.796 0 
60.1632 202.832 0 
45.7893 170.682 0 
58.1794 163.516 0 
218.046 109.162 0 
111.316 227.486 0 
115.634 227.554 0 
37.9201 134.596 0 
245.652 92.306 0 
244.676 91.8902 0 
243.79 92.5023 0 
243.733 91.4595 0 
242.916 92.0744 0 
242.769 91.0241 0 
246.658 92.6549 0 
191.197 -27.4557 0 
262.421 104.149 0 
264.947 102.393 0 
26.07 110.069 0 
22.7228 111.199 0 
230.526 87.1802 0 
229.041 86.5097 0 
250.882 36.5749 0 
88.8452 127.032 0 
138.678 53.1347 0 
240.625 36.4164 0 
174.914 125.872 0 
172.396 123.609 0 
207.816 -20.3759 0 
204.777 -23.2362 0 
268.304 73.5018 0 
187.905 -13.4989 0 
69.346 180.132 0 
102.286 35.0099 0 
198.237 128.386 0 
257.125 57.9734 0 
3.06482 66.9731 0 
-0.090855 63.3141 0 
89.8804 53.6566 0 
12.3182 175.334 0 
71.7736 190.825 0 
23.4629 107.856 0 
213.01 70.6437 0 
131.304 278.263 0 
234.296 82.8408 0 
214.081 59.9932 0 
42.5874 120.686 0 
-8.95467 181.335 0 
219.833 66.4178 0 
165.917 -23.5216 0 
146.776 46.9735 0 
224.727 85.4092 0 
135.938 50.6896 0 
202.591 52.6944 0 
205.612 51.7658 0 
16.0588 201.256 0 
169.107 76.0117 0 
172.167 75.0558 0 
165.941 76.9778 0 
35.3136 52.5522 0 
246.73 77.112 0 
208.167 82.7795 0 
44.0862 65.8932 0 
140.448 45.5181 0 
98.266 244.602 0 
100.814 -11.6698 0 
151.904 52.1486 0 
151.113 215.69 0 
122.097 -9.26085 0 
20.0789 109.233 0 
223.177 -1.5498 0 
40.6767 114.894 0 
219.53 85.4144 0 
260.11 21.4088 0 
160.584 27.0565 0 
198.973 56.8447 0 
28.3217 178.112 0 
126.883 215.733 0 
233.305 70.9589 0 
244.741 76.3404 0 
237.529 97.9642 0 
191.854 87.0267 0 
159.805 13.9387 0 
156.872 11.3721 0 
237.696 99.3829 0 
218.348 42.8257 0 
214.993 43.7664 0 
218.324 -30.4505 0 
62.9245 148.084 0 
59.7332 149.167 0 
59.0811 152.41 0 
262.052 53.6892 0 
144.355 144.158 0 
147.956 144.104 0 
223.959 67.4352 0 
225.726 69.1189 0 
107.32 153.056 0 
110.714 153.129 0 
127.275 149.22 0 
130.931 149.125 0 
129.359 158.753 0 
82.4969 190.591 0 
245.703 103.455 0 
-20.5488 58.8518 0 
199.611 36.9185 0 
215.671 111.202 0 
86.2209 124.759 0 
126.807 174.214 0 
253.452 94.1248 0 
123.504 149.753 0 
85.4389 128.148 0 
208.446 124.777 0 
47.9177 158.422 0 
51.0467 156.988 0 
44.9676 159.48 0 
166.488 42.5465 0 
111.299 242.904 0 
115.727 242.861 0 
84.2196 168.985 0 
70.1335 200.078 0 
244.054 49.0077 0 
240.751 50.0185 0 
159.689 163.557 0 
163.783 163.51 0 
165.777 159.951 0 
-6.54074 98.978 0 
-3.70074 101.504 0 
-7.35284 102.733 0 
55.268 121.91 0 
51.939 123.033 0 
216.166 12.6605 0 
219.326 15.57 0 
58.8361 160.47 0 
117.824 231.355 0 
119.724 227.734 0 
123.695 121.463 0 
126.957 120.349 0 
44.3927 162.527 0 
189.893 -70.9361 0 
236.019 106.72 0 
84.5184 102.957 0 
118.833 28.1838 0 
122.491 26.9431 0 
226.424 97.1927 0 
56.9626 169.617 0 
25.2957 97.7142 0 
31.0718 52.2553 0 
29.1698 48.4341 0 
159.136 202.819 0 
85.8946 152.82 0 
88.3768 154.997 0 
-7.7016 121.262 0 
208.732 -24.6125 0 
205.537 -27.6437 0 
244.217 95.4397 0 
244.234 96.3989 0 
114.957 90.6679 0 
114.231 93.8887 0 
217.407 67.1782 0 
252.319 27.8496 0 
248.565 29.4498 0 
140.153 144.298 0 
143.355 187.907 0 
-7.06095 85.5944 0 
-9.86233 83.142 0 
224.374 -19.3331 0 
161.733 188.816 0 
185.528 76.7527 0 
183.183 74.672 0 
25.8803 177.376 0 
57.5051 200.365 0 
54.0738 201.233 0 
178.007 98.6441 0 
115.071 29.276 0 
238.179 114.655 0 
241.112 115.517 0 
144.643 104.888 0 
179.696 22.3416 0 
182.612 25.002 0 
176.755 19.6891 0 
68.6362 149.317 0 
24.3067 179.37 0 
107.508 123.644 0 
229.153 88.1917 0 
45.0448 62.1036 0 
154.637 54.5991 0 
12.9247 81.8229 0 
73.52 187.786 0 
242.35 81.0716 0 
215.766 89.5231 0 
160.078 251.048 0 
-6.93388 170.725 0 
-9.50168 168.709 0 
240.951 97.9432 0 
245.487 91.1432 0 
178.987 81.6881 0 
77.2759 169.086 0 
191.424 117.463 0 
163.991 -20.0285 0 
161.856 -23.456 0 
105.97 193.745 0 
102.244 180.964 0 
50.3783 87.1832 0 
51.2742 83.6161 0 
49.0227 81.1134 0 
52.3301 80.0622 0 
54.864 82.6151 0 
55.7793 79.0321 0 
53.6212 76.3575 0 
58.403 81.6118 0 
59.4599 78.214 0 
61.9668 80.7389 0 
184.485 93.8381 0 
187.394 92.93 0 
5.3644 188.905 0 
6.38687 192.565 0 
125.499 -21.9383 0 
70.3406 78.4115 0 
10.6665 156.061 0 
13.7696 154.904 0 
16.1703 156.986 0 
16.8242 153.847 0 
19.1884 155.998 0 
70.5803 173.606 0 
254.023 39.3983 0 
249.869 40.6617 0 
187.136 81.8685 0 
139.222 74.9113 0 
138.37 78.2705 0 
178.041 -16.9847 0 
52.1787 213.606 0 
98.6038 152.139 0 
212.349 107.006 0 
241.11 82.5395 0 
220.541 81.5387 0 
218.55 81.9985 0 
226.386 1.38583 0 
94.8176 128.288 0 
124.883 219.195 0 
47.0931 192.899 0 
46.5328 196.085 0 
43.0995 197.225 0 
14.7451 177.247 0 
180.263 75.6113 0 
180.852 72.5381 0 
15.5139 51.8276 0 
111.454 177.527 0 
115.209 177.482 0 
224.679 124.896 0 
164.524 49.7037 0 
98.1121 127.167 0 
31.0943 178.759 0 
234.222 94.7191 0 
30.3972 102.631 0 
201.054 130.913 0 
230.237 83.9417 0 
254.838 78.9447 0 
256.717 81.0288 0 
259.417 80.4634 0 
-4.51652 155.665 0 
214.106 99.6917 0 
240.674 104.374 0 
242.402 105.472 0 
238.836 103.538 0 
38.5334 131.099 0 
168.089 48.7348 0 
4.17021 185.524 0 
195.237 -27.6234 0 
197.163 -31.0602 0 
176.164 -13.4413 0 
172.157 -13.3061 0 
174.264 -9.87683 0 
196.179 91.0944 0 
146.46 110.257 0 
145.984 113.532 0 
52.1152 179.991 0 
234.523 20.4242 0 
230.312 19.517 0 
238.648 21.4878 0 
19.4575 50.8217 0 
243.413 95.9155 0 
243.383 96.8749 0 
132.851 152.242 0 
72.0459 203.014 0 
237.302 85.8748 0 
238.61 84.9927 0 
42.4446 59.2826 0 
41.8489 124.035 0 
145.096 197.97 0 
251.776 93.3052 0 
190.674 120.799 0 
272.812 82.655 0 
276.902 90.0772 0 
107.826 196.954 0 
111.271 196.524 0 
196.699 34.4905 0 
193.207 35.5064 0 
194.03 31.7747 0 
41.015 77.0159 0 
37.3528 78.0923 0 
32.9334 56.04 0 
155.658 163.624 0 
235.66 81.9066 0 
224.767 9.66225 0 
68.0213 197.064 0 
145.646 63.9267 0 
192.562 -37.9905 0 
-12.9041 127.688 0 
-1.54136 157.77 0 
165.779 172.384 0 
161.62 23.4084 0 
212.483 54.9883 0 
213.148 51.8802 0 
-22.023 149.741 0 
37.1744 187.229 0 
261.893 41.6841 0 
211.087 -17.4627 0 
215.266 16.8368 0 
83.2802 62.4796 0 
171.847 126.755 0 
169.366 124.46 0 
237.051 93.4258 0 
45.1129 107.897 0 
69.6165 187.232 0 
48.5733 107.131 0 
226.297 66.7772 0 
228.082 68.4565 0 
213.718 96.9607 0 
254.116 81.4269 0 
169.783 72.8122 0 
172.717 71.8453 0 
78.9931 166.156 0 
75.6051 166.136 0 
86.3475 30.0488 0 
6.96559 93.8648 0 
209.632 -28.8547 0 
242.128 68.6709 0 
-17.1055 133.067 0 
139.42 62.2532 0 
265.237 105.582 0 
262.378 107.711 0 
189.118 -85.3577 0 
258.534 82.8935 0 
232.25 42.3951 0 
222.105 60.2107 0 
190.794 102.682 0 
191.32 99.8084 0 
190.314 105.688 0 
53.142 188.771 0 
-0.101069 100.271 0 
242.978 93.0266 0 
242.181 92.6357 0 
150.117 181.496 0 
270.062 66.9459 0 
271.425 63.1335 0 
268.879 60.558 0 
272.602 59.4223 0 
-11.8927 153.374 0 
-13.9161 150.242 0 
235.065 44.9817 0 
231.452 45.9964 0 
120.362 122.588 0 
132.41 76.816 0 
123.228 174.255 0 
60.743 199.379 0 
38.4629 181.535 0 
146.117 141.014 0 
149.703 140.967 0 
-5.37609 123.454 0 
49.8615 195.018 0 
260.728 65.9534 0 
45.5254 156.391 0 
253.13 119.364 0 
256.333 121.208 0 
212.235 41.5084 0 
211.796 44.6292 0 
262.961 50.0028 0 
193.382 91.8009 0 
183.737 64.3659 0 
179.149 134.054 0 
181.817 136.478 0 
185.3 135.353 0 
85.2413 59.486 0 
220.766 -16.4937 0 
41.5128 204.334 0 
153.921 187.985 0 
156.028 15.2926 0 
153.068 12.6301 0 
229.33 79.0899 0 
218.651 112.235 0 
206.38 -31.734 0 
161.667 84.3719 0 
161.036 87.5452 0 
190.468 -41.3329 0 
42.5854 157.445 0 
238.849 117.7 0 
239.959 53.2941 0 
237.329 50.97 0 
241.871 58.6673 0 
190.732 -62.2019 0 
186.683 -63.9979 0 
189.433 53.3574 0 
-2.26308 178.48 0 
172.961 20.8275 0 
212.96 9.75521 0 
27.7838 175.526 0 
79.6969 110.945 0 
64.7655 105.756 0 
61.4287 106.814 0 
117.469 224.094 0 
117.899 239.023 0 
192.198 114.167 0 
225.159 71.4153 0 
18.3745 100.303 0 
194.535 75.9354 0 
197.312 75.1981 0 
150.164 40.1511 0 
17.5775 176.276 0 
-16.5803 117.712 0 
138.995 103.734 0 
221.073 86.8329 0 
134.432 149.124 0 
132.646 145.938 0 
153.983 255.145 0 
169.927 121.332 0 
-16.296 85.4747 0 
-0.825813 103.999 0 
103.731 159.474 0 
224.931 -14.6422 0 
242.208 110.605 0 
186.599 -41.0677 0 
188.39 -44.5605 0 
158.153 166.902 0 
167.134 52.2961 0 
157.842 206.695 0 
161.738 206.107 0 
151.547 144.041 0 
153.854 8.69726 0 
150.09 9.96312 0 
149.26 13.8773 0 
146.286 11.2098 0 
147.113 7.33277 0 
143.302 8.53942 0 
142.486 12.4612 0 
139.503 9.80252 0 
138.624 13.504 0 
135.701 11.0263 0 
134.823 14.7164 0 
140.202 6.02599 0 
131.909 12.2692 0 
131.111 16.1708 0 
141.198 16.2347 0 
134.675 18.8889 0 
130.432 20.118 0 
127.371 17.4684 0 
132.726 8.39788 0 
128.927 9.6685 0 
89.6641 184.243 0 
95.203 153.14 0 
98.3162 156.06 0 
117.506 92.9188 0 
116.714 96.1223 0 
120.044 95.1746 0 
81.3773 65.6091 0 
85.0113 65.6713 0 
83.139 68.769 0 
273.007 100.969 0 
116.062 127.173 0 
39.9231 103.221 0 
39.2057 106.49 0 
77.0826 187.679 0 
75.2471 184.733 0 
37.2389 137.869 0 
34.7069 135.703 0 
91.2931 162.615 0 
115.239 118.005 0 
96.7734 23.3265 0 
122.976 181.07 0 
61.9398 119.661 0 
227.63 87.4601 0 
61.3083 162.284 0 
15.3013 132.963 0 
3.29638 203.937 0 
215.295 92.0194 0 
54.5414 125.351 0 
51.326 126.578 0 
57.8597 124.235 0 
112.631 144.298 0 
115.222 146.71 0 
204.191 -3.27291 0 
75.0619 147.177 0 
140.105 71.5271 0 
83.4416 56.1775 0 
82.3477 113.264 0 
36.5553 37.5626 0 
122.108 231.29 0 
86.92 121.327 0 
83.5882 122.444 0 
68.2386 190.755 0 
263.53 94.8735 0 
23.9914 120.447 0 
5.95147 69.8426 0 
7.01153 65.8869 0 
170.587 14.2854 0 
263.213 77.1833 0 
102.387 227.13 0 
155.651 45.3884 0 
243.653 90.3734 0 
242.67 89.8707 0 
183.542 -79.7334 0 
75.4615 203.064 0 
73.8712 206.08 0 
77.3039 206.148 0 
75.5741 209.266 0 
79.1474 209.285 0 
77.367 212.455 0 
81.0042 212.461 0 
82.76 209.263 0 
79.1943 215.741 0 
75.5737 215.705 0 
208.438 42.3146 0 
40.6915 86.6709 0 
166.462 102.463 0 
142.745 114.586 0 
145.407 116.814 0 
142.161 117.888 0 
235.682 -0.513854 0 
125.622 111.327 0 
143.87 24.6271 0 
135.244 54.2239 0 
98.7104 193.577 0 
122.989 124.852 0 
175.338 110.714 0 
98.5173 174.882 0 
56.6659 158.609 0 
22.6684 53.6666 0 
-10.0741 149.924 0 
188.94 115.113 0 
150.16 177.26 0 
153.837 175.142 0 
45.6904 199.525 0 
240.096 78.0836 0 
217.542 45.9009 0 
220.247 45.0325 0 
217.911 64.5348 0 
215.433 65.3236 0 
60.7196 165.405 0 
87.3807 146.237 0 
167.986 -27.1701 0 
29.7317 80.1484 0 
127.56 162.027 0 
69.0746 161.385 0 
14.4076 151.775 0 
84.6316 212.366 0 
86.3552 209.214 0 
84.5075 206.128 0 
166.211 -16.6582 0 
19.956 92.9469 0 
191.993 76.7545 0 
244.232 97.4355 0 
243.345 97.9032 0 
178.42 11.9238 0 
192.062 0.0805953 0 
6.99398 160.314 0 
128.834 212.326 0 
130.9 215.767 0 
176.599 131.639 0 
56.4623 150.136 0 
57.0514 146.891 0 
249.129 24.9726 0 
106.169 35.5026 0 
114.36 32.8645 0 
159.013 215.666 0 
158.815 219.801 0 
161.047 50.5735 0 
146.143 227.737 0 
150.321 227.031 0 
148.907 231.1 0 
67.0891 213.96 0 
162.308 81.1789 0 
92.9749 135.011 0 
186.79 -59.0527 0 
182.607 -61.3935 0 
72.2165 55.8102 0 
74.1011 52.5814 0 
70.5698 52.473 0 
77.756 52.8577 0 
193.06 123.372 0 
-17.8742 137.038 0 
192.961 81.4426 0 
259.336 119.606 0 
22.0399 114.674 0 
183.472 21.1699 0 
-4.57816 56.5528 0 
-8.51407 58.7219 0 
-0.666977 54.4466 0 
186.384 23.8383 0 
185.502 27.5966 0 
250.379 117.203 0 
68.1533 104.646 0 
70.8984 107.096 0 
71.6312 103.618 0 
119.409 24.2265 0 
167.959 163.402 0 
224.376 65.008 0 
-15.1293 140.132 0 
-18.825 141.098 0 
17.5641 150.751 0 
207.891 74.3281 0 
183.258 99.6899 0 
272.555 78.8886 0 
5.42114 152.161 0 
249.474 82.1378 0 
166.049 122.41 0 
167.324 119.142 0 
-4.91513 176.231 0 
218.338 19.5156 0 
231.576 83.0235 0 
238.735 86.5614 0 
240.271 85.5134 0 
240.153 87.2711 0 
107.757 177.609 0 
63.6055 201.85 0 
193.32 -24.0245 0 
189.318 -23.9009 0 
216.148 114.464 0 
120.137 242.834 0 
117.976 246.681 0 
103.89 38.6752 0 
99.9906 38.2199 0 
256.296 87.8019 0 
204.532 129.713 0 
184.533 138.918 0 
153.266 140.925 0 
155.124 143.975 0 
108.989 149.94 0 
190.65 32.8615 0 
238.764 71.3472 0 
212.032 104.095 0 
208.937 106.129 0 
164.353 26.0474 0 
163.342 29.7854 0 
61.0259 84.1539 0 
64.5642 83.1546 0 
160.581 198.734 0 
229.922 82.098 0 
231.458 81.4987 0 
104.19 124.75 0 
203.376 81.0141 0 
203.977 78.3557 0 
202.009 76.4944 0 
93.0079 159.649 0 
24.6174 101.23 0 
258.941 112.38 0 
106.997 242.894 0 
109.144 246.884 0 
221.057 110.067 0 
189.306 26.5144 0 
203.24 49.3691 0 
200.068 50.492 0 
48.6275 124.245 0 
163.488 89.6178 0 
227.456 -2.94491 0 
224.096 -5.98432 0 
2.71524 191.634 0 
3.6325 195.693 0 
7.66971 196.459 0 
-11.1571 159.767 0 
78.8447 184.571 0 
189.67 111.827 0 
250.879 74.7403 0 
-12.1992 146.811 0 
46.8243 58.1305 0 
184.413 122.675 0 
140.261 150.676 0 
122.643 274.229 0 
125.042 271.056 0 
123.609 266.842 0 
127.624 267.607 0 
125.959 263.697 0 
130.147 264.278 0 
128.416 260.585 0 
131.812 268.141 0 
134.336 264.833 0 
170.076 -9.83596 0 
196.01 60.6439 0 
222.907 98.2034 0 
175.746 135.249 0 
174.527 77.323 0 
-12.5278 56.2179 0 
-12.4606 60.9589 0 
197.123 132.714 0 
194.519 129.695 0 
221.611 102.484 0 
222.445 105.31 0 
115.387 102.312 0 
112.839 100.003 0 
109.573 101.087 0 
247.373 48.0162 0 
244.881 45.526 0 
153.152 230.336 0 
151.503 234.37 0 
147.378 235.186 0 
149.95 238.44 0 
145.945 239.183 0 
148.709 242.478 0 
25.3071 174.85 0 
47.772 64.9718 0 
46.8561 68.6538 0 
244.8 26.4602 0 
245.739 22.0246 0 
234.19 81.0655 0 
186.202 73.1833 0 
11.8146 178.791 0 
222.225 18.7112 0 
221.496 22.5744 0 
35.1446 126.325 0 
72.2985 49.2256 0 
214.451 82.9812 0 
104.892 121.321 0 
108.268 120.223 0 
168.734 205.643 0 
100.087 251.323 0 
183.491 -75.77 0 
124.863 184.42 0 
203.774 133.449 0 
113.179 174.366 0 
153.547 167.201 0 
195.552 93.9151 0 
261.656 62.5308 0 
258.341 63.5477 0 
165.429 22.4485 0 
77.0658 108.584 0 
77.7516 105.117 0 
274.184 88.2716 0 
103.485 128.181 0 
18.5321 159.068 0 
21.5212 158.075 0 
22.1912 155.031 0 
160.071 -19.8057 0 
157.712 -23.3852 0 
246.524 74.7633 0 
244.348 74.0983 0 
146.68 179.254 0 
153.254 241.412 0 
151.402 245.876 0 
213.108 112.971 0 
30.1479 34.08 0 
118.473 145.571 0 
117.881 149.079 0 
160.619 90.5871 0 
89.5477 165.671 0 
218.595 -37.9094 0 
54.7344 197.981 0 
105.51 150.172 0 
157.337 195.553 0 
62.2072 103.198 0 
151.445 137.557 0 
200.553 -21.7908 0 
235.566 80.2137 0 
206.642 48.2646 0 
44.7165 76.1031 0 
39.9053 140.091 0 
210.599 131.073 0 
36.503 104.244 0 
141.002 191.531 0 
-6.33458 81.9032 0 
-9.36435 79.2776 0 
242.061 118.498 0 
244.721 116.257 0 
66.3241 165.95 0 
66.5745 71.8907 0 
210.409 108.723 0 
126.643 21.3384 0 
123.621 18.6997 0 
-1.52647 90.4628 0 
195.226 73.105 0 
132.619 211.82 0 
118.195 89.5691 0 
-16.8889 163.929 0 
151.468 222.882 0 
250.123 120.76 0 
221.244 78.1007 0 
81.3362 160.511 0 
83.7979 163.01 0 
62.5769 170.309 0 
34.2812 139.075 0 
31.7615 136.875 0 
32.0796 133.615 0 
2.69124 102.836 0 
51.9573 93.2641 0 
132.452 51.844 0 
133.192 48.2376 0 
129.694 49.4039 0 
130.44 45.7954 0 
134.134 44.0547 0 
111.316 30.3809 0 
260.924 126.852 0 
226.215 100.963 0 
277.869 87.0387 0 
116.364 155.953 0 
38.0566 112.597 0 
211.645 98.592 0 
172.23 -6.58577 0 
176.268 -6.53959 0 
150.424 173.148 0 
217.688 91.3188 0 
20.9411 191.627 0 
251.969 95.1437 0 
253.518 96.1509 0 
212.922 92.7584 0 
49.2809 152.013 0 
0.38496 180.673 0 
112.656 115.746 0 
84.2887 119.006 0 
80.9225 120.077 0 
79.009 114.394 0 
207.052 115.506 0 
226.409 84.7735 0 
181.547 94.7501 0 
242.298 93.5828 0 
241.499 93.1878 0 
241.599 93.9151 0 
241.382 92.3394 0 
127.601 116.958 0 
130.212 119.234 0 
129.537 122.635 0 
132.784 121.543 0 
236.313 98.8075 0 
236.281 97.4368 0 
89.1867 151.714 0 
216.199 -23.3272 0 
243.028 93.8766 0 
133.428 118.103 0 
136.063 120.377 0 
241.673 90.6484 0 
241.481 89.4565 0 
242.608 88.5711 0 
47.6605 131.187 0 
123.733 226.66 0 
242.458 96.3806 0 
275.726 81.0657 0 
236.923 80.9384 0 
124.988 146.17 0 
104.137 196.84 0 
105.943 200.041 0 
-8.18091 146.51 0 
238.449 83.397 0 
131.209 161.903 0 
133.08 158.654 0 
129.069 165.104 0 
45.0732 128.876 0 
111.84 26.7048 0 
243.303 39.1516 0 
244.314 35.1949 0 
241.456 32.5369 0 
124.937 171.103 0 
237.356 87.3759 0 
239.123 99.9399 0 
192.581 94.4712 0 
194.745 96.6978 0 
186.821 95.8505 0 
64.985 75.5331 0 
14.7593 163.215 0 
219.312 87.2668 0 
217.567 86.1067 0 
266.001 53.0401 0 
156.649 140.957 0 
158.848 143.716 0 
140.849 -10.9873 0 
243.408 95.0394 0 
158.216 88.5602 0 
-14.5303 120.767 0 
189.78 36.6296 0 
97.2312 130.614 0 
-19.5001 48.6679 0 
228.689 83.2953 0 
236.601 100.409 0 
155.642 245.427 0 
90.4554 132.641 0 
87.0499 133.738 0 
-8.46339 63.1412 0 
-12.6486 65.7948 0 
174.802 -65.7398 0 
231.544 23.6237 0 
41.9747 83.1872 0 
38.4419 84.0713 0 
-16.0714 146.94 0 
74.1714 169.409 0 
28.9795 55.9891 0 
30.7915 59.5396 0 
16.9867 179.271 0 
177.997 73.4749 0 
178.592 70.3457 0 
181.906 69.7686 0 
193.307 -73.6531 0 
188.143 90.0433 0 
200.024 33.5143 0 
203.072 35.8757 0 
182.681 -65.6708 0 
169.813 159.718 0 
167.782 156.279 0 
171.536 156.207 0 
155.329 51.0855 0 
128.727 171.012 0 
188.041 137.638 0 
187.642 141.331 0 
188.986 134.124 0 
55.702 153.448 0 
126.958 46.886 0 
127.783 43.2407 0 
116.664 174.265 0 
261.267 82.4912 0 
151.794 163.397 0 
198.28 92.9391 0 
103.076 248.786 0 
264.647 99.1958 0 
47.8862 189.387 0 
228.849 15.4238 0 
126.006 230.647 0 
198.074 72.5465 0 
66.561 46.5429 0 
9.32794 176.336 0 
8.55787 179.606 0 
137.904 56.7016 0 
134.361 57.5121 0 
97.1169 253.223 0 
119.307 98.3953 0 
122.628 97.2614 0 
219.214 115.369 0 
145.064 191.481 0 
141.575 77.2946 0 
140.697 80.6174 0 
137.533 81.5777 0 
148.952 112.402 0 
149.48 108.928 0 
61.8668 159.257 0 
253.344 23.4181 0 
193.341 104.614 0 
167.575 210.915 0 
242.523 75.7003 0 
242.192 73.3554 0 
-13.4153 163.682 0 
-15.0605 166.9 0 
252.624 43.3597 0 
186.542 -91.2209 0 
9.74968 68.8404 0 
162.32 20.0234 0 
72.5641 42.2461 0 
120.927 184.413 0 
191.197 -20.587 0 
187.339 -20.2859 0 
135.098 161.454 0 
147.386 187.992 0 
210.63 -32.9014 0 
-10.2783 171.981 0 
236.803 54.2263 0 
4.81058 155.443 0 
180.192 -13.5809 0 
181.837 -16.7157 0 
101.464 41.6613 0 
159.28 82.2323 0 
140.1 83.8108 0 
137.035 84.5893 0 
110.19 97.8945 0 
106.924 98.8829 0 
106.286 102.189 0 
103.692 99.9 0 
104.322 96.5593 0 
101.087 97.5981 0 
101.775 94.1842 0 
98.5355 95.2823 0 
97.7985 98.6842 0 
95.3067 96.3423 0 
99.2424 91.8645 0 
94.5104 99.77 0 
91.9694 97.4179 0 
97.1114 102.071 0 
102.481 90.9372 0 
99.9149 88.4444 0 
17.1134 47.548 0 
20.891 46.8272 0 
12.3761 48.0748 0 
256.06 85.7819 0 
26.7473 106.704 0 
267.859 103.693 0 
17.6214 103.892 0 
13.958 105.084 0 
-3.6363 84.2519 0 
-3.60049 209.086 0 
124.564 14.8653 0 
221.077 -12.3025 0 
217.204 -13.7342 0 
19.7391 178.087 0 
254.069 85.1226 0 
24.283 157.362 0 
25.069 154.331 0 
227.77 89.1827 0 
229.343 89.8634 0 
226.136 88.1912 0 
166.697 -35.712 0 
198.674 -28.0648 0 
43.3549 55.4138 0 
47.0103 53.9263 0 
220.372 63.968 0 
-13.7916 177.977 0 
216.057 50.9701 0 
77.329 218.987 0 
72.8059 218.675 0 
75.2624 222.931 0 
252.399 79.8567 0 
-13.322 117.405 0 
3.2153 99.1594 0 
153.721 248.915 0 
198.024 -41.2664 0 
199.296 -37.1936 0 
-2.82402 181.853 0 
258.161 86.6093 0 
69.1426 203.474 0 
219.074 80.1184 0 
217.047 80.5457 0 
36.9035 56.3772 0 
214.024 20.5622 0 
61.0408 55.2419 0 
64.6461 53.4046 0 
164.567 119.657 0 
164.993 116.928 0 
168.085 115.934 0 
159.957 140.711 0 
189.602 -75.0116 0 
114.095 -14.2567 0 
112.796 -10.5235 0 
108.654 -9.53544 0 
117.958 -15.2363 0 
119.3 -18.863 0 
121.763 -15.8426 0 
111.402 -6.66549 0 
107.451 -5.72896 0 
109.988 -2.79551 0 
106.12 -1.88374 0 
103.027 -4.9072 0 
101.906 -0.982456 0 
104.8 2.21451 0 
100.583 3.12127 0 
35.8788 107.526 0 
189.798 124.295 0 
172.619 163.058 0 
65.7407 188.061 0 
141.052 22.061 0 
145.054 20.8479 0 
-22.4561 129.906 0 
243.711 93.4434 0 
267.005 48.928 0 
250.317 94.3452 0 
250.234 92.6012 0 
-2.35311 162.881 0 
227.353 22.6666 0 
264.663 56.5215 0 
239.566 80.188 0 
122.191 246.77 0 
120.204 250.545 0 
124.443 250.628 0 
122.946 254.975 0 
127.248 254.242 0 
166.677 125.817 0 
90.0701 160.044 0 
240.621 106.471 0 
41.3491 111.539 0 
43.8061 114.212 0 
70.5091 213.014 0 
192.498 107.709 0 
155.616 -19.4551 0 
-10.0977 100.164 0 
-10.8802 103.998 0 
-8.10975 106.556 0 
-11.7608 107.818 0 
-8.94821 110.588 0 
-12.3748 111.707 0 
-14.8088 105.011 0 
121.073 218.765 0 
32.6522 198.192 0 
35.6302 198.401 0 
34.4201 195.471 0 
242.667 95.5293 0 
241.959 95.8195 0 
227.928 91.0731 0 
121.221 -24.8083 0 
275.54 62.2675 0 
276.242 58.5534 0 
207.817 54.0241 0 
259.676 47.8518 0 
216.521 117.892 0 
220.793 118.768 0 
217.294 121.455 0 
214.265 124.163 0 
217.878 126.116 0 
118.468 177.656 0 
-4.51597 159.7 0 
-7.7307 157.228 0 
-16.4284 62.6576 0 
206.114 80.2365 0 
204.236 76.1732 0 
137.33 22.6551 0 
-15.7569 124.606 0 
1.329 92.8842 0 
244.813 119.302 0 
-12.6403 80.7225 0 
-12.0922 76.7089 0 
-8.75775 75.0078 0 
-11.5591 72.6113 0 
81.4316 218.742 0 
162.213 194.334 0 
134.378 82.4607 0 
235.916 116.229 0 
235.698 119.887 0 
29.0622 134.578 0 
165.263 113.642 0 
168.667 112.76 0 
166.505 110.535 0 
169.464 109.649 0 
167.37 107.455 0 
-15.1161 74.6549 0 
159.889 -26.7635 0 
155.023 -26.9736 0 
29.6849 131.171 0 
228.374 -17.1841 0 
50.5264 67.7314 0 
49.5686 71.2549 0 
53.3298 70.363 0 
170.628 51.118 0 
171.629 47.7426 0 
174.246 50.3748 0 
175.039 47.2395 0 
64.9901 79.4936 0 
68.124 81.563 0 
71.9882 81.5636 0 
86.7104 68.9776 0 
202.95 -36.7916 0 
224.335 129.303 0 
148.809 192.108 0 
268.727 56.7547 0 
159.842 78.9698 0 
10.9586 64.8093 0 
7.91496 62.2699 0 
244.055 71.9536 0 
0.0633303 184.352 0 
174.005 -2.39437 0 
178.407 -3.19606 0 
170.525 106.587 0 
143.256 83.0381 0 
246.628 89.1989 0 
127.406 275.555 0 
183.317 -50.8587 0 
187.834 147.12 0 
205.86 139.36 0 
52.6191 151.494 0 
53.6421 147.731 0 
54.2837 144.416 0 
121.605 171.054 0 
98.4358 -3.76094 0 
251.929 96.8504 0 
34.9146 129.566 0 
-21.0043 134.096 0 
68.966 183.466 0 
107.879 39.2603 0 
136.468 146.039 0 
134.062 143.02 0 
97.6734 41.6205 0 
96.1397 37.877 0 
241.319 83.9816 0 
103.631 6.42214 0 
99.3307 7.28445 0 
102.384 10.3579 0 
97.8153 11.7415 0 
96.2548 4.75496 0 
234.901 98.2011 0 
234.859 96.5255 0 
136.608 152.4 0 
245.956 97.6946 0 
215.171 67.9248 0 
212.703 66.5469 0 
213.398 63.426 0 
234.696 52.0488 0 
100.961 153.949 0 
241.484 86.5106 0 
184.812 -54.6994 0 
187.487 -51.3588 0 
257.267 66.9066 0 
267.947 107.194 0 
109.906 36.2452 0 
109.157 42.2764 0 
168.243 25.2333 0 
114.697 150.121 0 
192.918 133.315 0 
252.677 99.5905 0 
115.574 -7.48229 0 
-3.44656 201.613 0 
0.61203 199.386 0 
198.127 -72.8936 0 
178.604 -63.2634 0 
126.332 -16.9437 0 
63.1078 218.821 0 
179.002 -40.2032 0 
129.572 24.1383 0 
156.347 234.057 0 
136.085 268.639 0 
133.524 271.901 0 
51.0995 58.7442 0 
123.647 259.782 0 
266.942 79.977 0 
244.237 94.598 0 
-12.8365 50.8943 0 
-16.6409 54.6247 0 
36.7821 201.718 0 
39.268 198.598 0 
239.826 92.3546 0 
141.316 261.377 0 
99.0358 239.579 0 
213.72 49.1495 0 
210.35 49.5521 0 
142.426 86.3025 0 
137.756 272.763 0 
228.706 65.9818 0 
230.448 67.8018 0 
229.833 70.0918 0 
258.302 27.2453 0 
235.232 93.769 0 
235.627 95.1868 0 
233.136 96.0228 0 
161.117 170.085 0 
-12.1684 123.868 0 
-16.3337 128.915 0 
-9.30772 127.144 0 
179.548 67.5539 0 
176.09 68.1451 0 
170.388 69.4643 0 
-0.765263 58.8983 0 
3.02671 56.513 0 
122.725 222.335 0 
126.414 222.692 0 
47.8045 110.608 0 
204.085 32.1061 0 
76.9845 181.597 0 
77.2525 163.288 0 
74.0744 163.105 0 
130.741 142.968 0 
247.222 90.683 0 
248.385 91.0621 0 
138.533 265.113 0 
73.733 181.838 0 
75.2593 178.671 0 
76.8499 175.404 0 
129.738 5.71383 0 
133.624 4.73705 0 
126.055 6.9257 0 
172.5 44.3427 0 
245.444 89.7313 0 
169.589 152.705 0 
84.8798 71.9202 0 
81.2864 71.8566 0 
82.8906 74.9845 0 
165.732 167.512 0 
169.92 170.387 0 
201.852 -30.2543 0 
84.0499 222.144 0 
-9.89037 163.349 0 
167.223 70.4933 0 
220.589 88.8087 0 
222.735 88.2448 0 
242.385 99.7916 0 
252.567 77.174 0 
250.186 76.9395 0 
235.268 92.2196 0 
20.6238 161.224 0 
152.554 48.7463 0 
51.3452 109.909 0 
54.8753 108.997 0 
52.2839 106.404 0 
237.872 47.5068 0 
243.771 87.6954 0 
107.856 5.14973 0 
142.018 64.7492 0 
257.094 42.1189 0 
240.757 100.467 0 
120.601 15.9292 0 
228.7 43.4662 0 
228.018 47.0074 0 
230.29 49.4137 0 
225.404 44.5305 0 
225.101 48.073 0 
23.5565 198.506 0 
20.1062 199.623 0 
16.8548 197.449 0 
13.232 198.778 0 
19.9626 196.027 0 
13.9737 194.899 0 
188.985 -54.9943 0 
191.339 -51.3239 0 
96.5457 159.501 0 
12.2516 202.694 0 
144.841 120.294 0 
148.307 119.436 0 
141.528 121.316 0 
233.689 105.605 0 
235.504 104.389 0 
171.995 111.763 0 
229.744 91.7009 0 
233.271 67.028 0 
161.978 117.959 0 
248.607 72.7345 0 
271.195 97.4022 0 
268.02 98.2893 0 
200.712 46.8723 0 
87.303 56.6437 0 
85.3305 52.8563 0 
90.3901 57.1989 0 
140.983 124.915 0 
244.441 98.7389 0 
210.897 17.6859 0 
217.526 94.0095 0 
258.616 90.4721 0 
135.097 214.957 0 
239.454 56.3599 0 
155.237 217.333 0 
155.531 213.822 0 
2.05442 106.391 0 
5.28478 104.99 0 
-1.54604 107.395 0 
245.356 110.941 0 
245.904 107.939 0 
143.088 61.3699 0 
144.58 67.3788 0 
240.123 94.5779 0 
218.511 62.0759 0 
211.085 95.9515 0 
115.738 250.651 0 
203.232 73.9588 0 
1.85413 89.0246 0 
-15.4755 95.6203 0 
251.604 91.4323 0 
51.5715 198.614 0 
50.7494 201.864 0 
157.465 173.026 0 
80.6865 181.363 0 
82.5657 184.324 0 
228.492 -7.53033 0 
231.82 -4.32386 0 
248.894 103.772 0 
248.289 106.296 0 
55.5969 105.379 0 
64.4922 198.387 0 
165.712 152.909 0 
167.578 149.44 0 
163.671 149.638 0 
159.535 149.968 0 
187.759 -81.225 0 
229.356 63.2365 0 
43.1365 154.235 0 
40.1213 155.238 0 
39.4881 158.374 0 
258.865 108.703 0 
262.859 121.98 0 
265.248 118.025 0 
262.491 114.316 0 
226.974 108.415 0 
136.785 261.338 0 
134.931 257.907 0 
249.774 90.7741 0 
111.864 119.116 0 
-18.599 167.076 0 
-16.376 170.819 0 
22.8736 151.962 0 
240.859 93.628 0 
108.032 254.01 0 
88.4738 66.0711 0 
213.755 -30.1495 0 
215.016 -34.3643 0 
248.148 126.262 0 
160.446 209.678 0 
119.558 126 0 
174.18 -61.5028 0 
178.183 -58.6725 0 
221.061 123.107 0 
251.745 81.9816 0 
205.473 82.985 0 
116.975 123.695 0 
97.3451 256.017 0 
138.917 19.2273 0 
227.532 70.7949 0 
226.833 73.0185 0 
133.444 219.391 0 
117.416 -22.6476 0 
224.348 73.5914 0 
172.779 132.869 0 
219.926 48.1716 0 
228.346 99.7326 0 
84.9684 34.424 0 
89.7444 33.346 0 
90.7542 28.7306 0 
167.874 67.0188 0 
163.785 71.2628 0 
148.757 -20.1955 0 
20.3644 175.156 0 
228.719 -12.384 0 
169.619 174.976 0 
234.072 49.0051 0 
37.8679 184.387 0 
35.8538 182.323 0 
36.3684 179.622 0 
33.7351 180.463 0 
34.147 177.802 0 
32.189 175.775 0 
34.7887 184.965 0 
34.4594 187.981 0 
36.3804 190.045 0 
33.7124 190.662 0 
158.056 53.5535 0 
157.287 57.0776 0 
244.691 68.1671 0 
106.679 227.359 0 
104.599 223.598 0 
109.002 223.719 0 
106.878 220.096 0 
103.228 220.446 0 
111.083 220.348 0 
113.365 223.855 0 
115.521 220.222 0 
231.165 78.6043 0 
255.941 46.263 0 
178.197 155.11 0 
122.267 238.974 0 
203.88 45.6812 0 
204.823 42.186 0 
135.348 123.82 0 
229.408 39.7158 0 
165.561 186.524 0 
187.367 20.016 0 
197.359 48.0316 0 
196.663 51.4953 0 
193.003 52.3724 0 
195.989 55.1669 0 
192.18 55.7223 0 
188.508 75.8042 0 
-19.8084 126.135 0 
122.878 187.943 0 
119.095 188.199 0 
-18.6472 83.4624 0 
183.935 -84.5479 0 
68.528 206.957 0 
255.23 97.3693 0 
73.8931 78.4665 0 
77.5176 78.4289 0 
75.5764 81.3785 0 
-9.6665 114.177 0 
163.086 202.401 0 
148.5 66.9069 0 
262.442 86.8862 0 
184.422 -44.2052 0 
219.654 76.7256 0 
50.9034 145.402 0 
233.283 97.7898 0 
235.017 77.7262 0 
161.152 146.615 0 
-4.07279 192.419 0 
3.29807 52.2255 0 
128.904 250.252 0 
180.476 -43.744 0 
37.6614 152.955 0 
169.899 18.1002 0 
12.7591 181.726 0 
120.103 20.1821 0 
240.422 123.83 0 
87.7462 25.6314 0 
92.0974 24.3886 0 
93.3012 20.196 0 
90.1216 16.7447 0 
94.9165 15.9694 0 
91.9937 11.6718 0 
122.219 128.296 0 
64.6861 191.328 0 
63.0711 185.615 0 
63.9187 194.466 0 
60.6443 195.595 0 
150.998 -29.6717 0 
161.171 68.9623 0 
160.502 72.3338 0 
163.291 74.6752 0 
66.4418 162.607 0 
43.369 79.5315 0 
232.682 103.234 0 
143.218 235.792 0 
141.792 239.598 0 
199.576 67.4663 0 
116.589 -11.5492 0 
242.486 107.776 0 
232.462 80.1722 0 
174.6 64.8253 0 
214.689 72.3891 0 
100.44 223.247 0 
97.931 227.123 0 
249.083 93.4623 0 
165.578 146.219 0 
46.1567 153.1 0 
69.6156 216.282 0 
164.407 209.596 0 
173.698 16.9625 0 
224.982 59.2806 0 
224.702 62.2915 0 
123.279 94.0305 0 
215.694 78.488 0 
52.7798 154.456 0 
124.252 44.3116 0 
80.2515 123.567 0 
120.087 235.31 0 
99.3163 44.8399 0 
93.8406 41.9461 0 
33.1578 105.017 0 
145.956 183.928 0 
193.88 69.2751 0 
160.335 245.973 0 
34.9019 174.926 0 
29.9896 173.717 0 
243.715 89.1509 0 
245.38 14.8559 0 
19.1985 96.5534 0 
125.131 -26.741 0 
107.656 147.236 0 
103.512 146.992 0 
21.3019 102.439 0 
33.8111 101.64 0 
136.93 158.556 0 
57.2203 127.698 0 
240.32 95.5825 0 
241.069 94.9801 0 
159.552 125.445 0 
162.924 124.505 0 
162.02 127.969 0 
238.696 43.9354 0 
105.347 42.5771 0 
190.232 49.8765 0 
186.32 -68.2648 0 
205.688 63.0148 0 
208.563 62.2379 0 
209.383 59.3263 0 
211.373 61.3008 0 
210.536 64.2601 0 
182.15 -69.5772 0 
248.519 44.436 0 
157.791 70.0158 0 
70.5353 225.396 0 
157.741 177.262 0 
0.428833 207.529 0 
206.407 77.5354 0 
157.128 73.4875 0 
260.014 69.4095 0 
42.0243 160.498 0 
41.5071 163.49 0 
43.8175 165.496 0 
39.129 161.504 0 
38.5686 164.564 0 
36.6486 162.38 0 
279.316 71.0782 0 
275.463 73.054 0 
276.107 68.7794 0 
271.912 70.7952 0 
207.156 57.0724 0 
188.519 56.7454 0 
203.873 116.685 0 
202.809 83.7317 0 
204.873 85.7465 0 
211.364 68.8874 0 
69.5022 164.834 0 
115.67 235.204 0 
15.4812 160.07 0 
227.567 79.5716 0 
153.444 147.137 0 
181.218 62.0679 0 
67.0245 85.6321 0 
153.531 207.514 0 
52.2822 192.512 0 
243.2 77.8842 0 
222.788 79.3531 0 
-4.5541 60.9913 0 
107.677 28.3537 0 
-24.6159 145.467 0 
256.98 129.142 0 
29.0099 169.172 0 
235.947 86.7014 0 
233.266 113.997 0 
43.061 138.995 0 
181.036 139.967 0 
6.11781 148.773 0 
8.65115 150.937 0 
228.842 80.7873 0 
163.009 -34.3172 0 
166.237 -31.3987 0 
34.7418 59.9022 0 
32.4371 63.1163 0 
27.8036 62.9474 0 
-4.97439 109.618 0 
222.147 42.3741 0 
194.51 21.8123 0 
197.652 24.6728 0 
193.782 25.8702 0 
196.683 28.6539 0 
27.2015 173.047 0 
8.75121 72.6785 0 
12.3538 71.5828 0 
11.474 75.4335 0 
15.1397 74.2419 0 
14.1194 78.1679 0 
-21.1376 52.8923 0 
136.461 101.523 0 
45.8169 72.3633 0 
48.3198 74.7956 0 
-6.23655 129.742 0 
-2.81514 128.7 0 
0.183145 130.922 0 
0.521077 127.52 0 
3.64541 129.719 0 
4.09474 126.333 0 
7.07685 128.678 0 
6.44613 132.094 0 
9.74876 131.339 0 
9.15834 134.549 0 
5.76841 135.789 0 
215.824 -18.3542 0 
184.861 -37.4562 0 
246.955 94.7366 0 
190.442 92.3242 0 
75.5861 172.356 0 
50.7182 51.7413 0 
101.966 162.47 0 
195.792 -20.344 0 
12.5857 146.459 0 
133.421 23.0474 0 
128.622 28.1495 0 
237.715 4.54404 0 
233.051 4.07503 0 
229.574 7.95511 0 
31.1101 171.012 0 
49.6893 103.78 0 
209.857 39.1364 0 
235.467 24.5352 0 
239.783 25.8949 0 
255.788 83.4672 0 
19.1446 144.25 0 
39.9894 53.0373 0 
222.354 -32.9683 0 
195.535 -51.0552 0 
46.7127 164.498 0 
46.1767 167.486 0 
43.2656 168.511 0 
82.2767 46.2264 0 
78.76 47.5755 0 
75.2231 45.6592 0 
71.6553 209.097 0 
67.8068 136.992 0 
67.0854 140.38 0 
63.804 141.465 0 
66.3627 143.751 0 
69.7408 142.67 0 
61.2208 139.184 0 
60.6921 142.598 0 
143.537 201.883 0 
139.332 202.698 0 
137.946 206.69 0 
135.333 203.44 0 
133.394 207.252 0 
136.373 198.944 0 
140.725 209.95 0 
140.963 198.583 0 
201.632 69.2972 0 
202.367 137.512 0 
266.371 44.5656 0 
240.531 90.3038 0 
240.041 88.9177 0 
260.353 85.0639 0 
43.7271 150.864 0 
42.3281 200.662 0 
62.6529 205.471 0 
147.073 107.011 0 
150.091 105.845 0 
147.715 103.887 0 
145.317 101.731 0 
150.751 102.852 0 
153.034 104.718 0 
142.191 102.713 0 
139.666 100.478 0 
142.755 99.4571 0 
145.729 98.4526 0 
43.0555 69.6608 0 
48.5999 169.526 0 
160.837 236.566 0 
156.753 238.648 0 
188.218 118.394 0 
122.859 195.127 0 
118.914 195.193 0 
116.939 198.849 0 
120.918 191.635 0 
117.196 191.595 0 
115.06 188.25 0 
118.95 202.104 0 
115.057 202.511 0 
117.073 205.615 0 
4.82622 199.553 0 
112.346 22.3266 0 
224.073 110.118 0 
224.48 113.701 0 
118.758 129.422 0 
117.998 132.857 0 
-0.502636 134.529 0 
-27.2038 141.458 0 
74.3707 106.119 0 
75.1115 102.651 0 
78.5087 101.626 0 
72.5311 100.143 0 
88.2186 212.264 0 
84.0749 147.275 0 
213.114 116.226 0 
272.156 75.0513 0 
269.367 77.5393 0 
82.9707 215.496 0 
89.941 209.157 0 
1.58179 156.67 0 
1.26095 159.787 0 
226.976 82.9816 0 
187.645 78.8298 0 
190.066 80.9457 0 
189.524 83.9796 0 
186.485 84.8747 0 
188.883 87.249 0 
7.80627 45.6621 0 
7.60756 50.1707 0 
11.7836 43.1606 0 
42.9989 171.761 0 
192.255 -44.8646 0 
147.103 246.189 0 
61.9912 173.59 0 
142.421 141.004 0 
138.917 140.914 0 
144.29 137.823 0 
170.586 118.112 0 
173.101 120.34 0 
147.748 137.905 0 
146.27 134.99 0 
140.87 137.92 0 
34.5837 75.4605 0 
33.5392 79.0318 0 
166.466 88.6129 0 
165.948 91.6331 0 
21.3246 184.71 0 
21.1407 182.247 0 
23.3801 183.149 0 
60.5176 126.52 0 
63.2143 128.867 0 
63.8612 125.388 0 
7.67447 90.018 0 
19.5447 38.7823 0 
23.4649 40.9535 0 
27.7665 38.339 0 
27.4083 43.9212 0 
30.7557 41.1218 0 
185.845 87.946 0 
47.6155 209.748 0 
47.634 205.623 0 
50.7289 207.423 0 
86.0849 190.531 0 
178.395 137.583 0 
175.005 138.91 0 
87.038 62.8435 0 
37.2968 100.723 0 
194.867 -60.3577 0 
109.494 174.469 0 
242.432 18.671 0 
39.1392 178.638 0 
222.771 72.0037 0 
213.868 5.48452 0 
209.744 6.8529 0 
206.51 3.95039 0 
205.656 8.21027 0 
202.512 5.29215 0 
203.306 1.07725 0 
199.277 2.24537 0 
200.095 -1.86878 0 
207.407 -0.372836 0 
208.909 11.0045 0 
204.612 12.0622 0 
212.081 13.8038 0 
112.705 53.5725 0 
111.859 57.0774 0 
114.432 59.5625 0 
111.007 60.5516 0 
113.556 63.0203 0 
110.151 64.0039 0 
112.692 66.4594 0 
109.304 67.4359 0 
111.838 69.8776 0 
108.459 70.8469 0 
115.216 68.9103 0 
105.927 68.4138 0 
105.047 71.8078 0 
107.608 74.2506 0 
104.201 75.2025 0 
107.585 61.5196 0 
106.74 77.5876 0 
103.409 78.603 0 
102.449 69.3422 0 
114.344 72.2488 0 
117.731 71.3431 0 
118.593 67.9456 0 
121.101 70.3959 0 
120.368 73.659 0 
123.622 72.8146 0 
105.918 81.0215 0 
102.458 81.9029 0 
110.078 76.6627 0 
122.963 76.3373 0 
126.254 75.2366 0 
126.995 71.8959 0 
103.361 65.9532 0 
100.747 76.0783 0 
121.965 66.9966 0 
99.9558 66.9065 0 
129.688 74.3589 0 
129.186 77.7051 0 
104.188 62.4614 0 
101.523 59.9226 0 
131.821 80.0937 0 
116.98 62.0442 0 
128.129 68.5266 0 
109.235 54.558 0 
158.445 3.39528 0 
154.627 4.70045 0 
151.714 2.16429 0 
21.6083 146.475 0 
151.011 121.952 0 
147.76 122.942 0 
151.616 118.576 0 
149.183 115.681 0 
80.7795 187.488 0 
253.673 58.7027 0 
79.3965 75.1334 0 
141.39 55.5252 0 
132.734 170.922 0 
58.8801 174.739 0 
31.1075 143.349 0 
89.6658 190.52 0 
87.9052 187.35 0 
123.001 63.5627 0 
128.963 146.048 0 
127.354 142.928 0 
70.4448 139.277 0 
72.4632 144.939 0 
163.669 53.1895 0 
166.41 55.7839 0 
189.695 95.0976 0 
136.598 116.912 0 
122.122 8.40758 0 
169.327 101.545 0 
57.7814 155.637 0 
121.864 152.781 0 
114.87 195.195 0 
38.4927 125.133 0 
41.1689 127.554 0 
61.3659 155.29 0 
199.549 -17.6245 0 
158.401 47.917 0 
87.4699 162.135 0 
85.9247 165.735 0 
87.7697 168.779 0 
90.712 145.156 0 
231.815 12.0276 0 
153.023 42.6712 0 
149.346 43.8889 0 
146.63 41.0362 0 
-7.83532 153.453 0 
80.8789 206.115 0 
82.6188 203.024 0 
136.858 -11.5354 0 
138.473 -7.6472 0 
134.389 -8.15102 0 
136.097 -4.32815 0 
140.15 -3.83931 0 
137.744 -0.216584 0 
142.12 0.0422137 0 
144.271 -3.42222 0 
145.988 0.330118 0 
148.145 -2.97733 0 
133.427 -1.16648 0 
91.3094 168.729 0 
89.5738 171.861 0 
162.291 109.413 0 
135.82 104.786 0 
173.831 80.4393 0 
174.497 113.911 0 
172.846 108.661 0 
77.7057 65.5593 0 
151.951 -17.3112 0 
169.291 193.442 0 
114.593 159.074 0 
223.437 90.2846 0 
57.4501 85.1672 0 
59.9309 87.6946 0 
56.5831 68.7923 0 
58.9302 72.0233 0 
79.2168 81.61 0 
81.0411 78.3229 0 
82.9469 81.602 0 
161.512 6.15464 0 
120.738 91.8089 0 
126.455 92.8588 0 
137.08 98.2615 0 
207.72 64.9848 0 
140.97 35.8284 0 
143.747 38.4797 0 
140.167 39.3751 0 
143.026 42.2845 0 
137.321 36.7983 0 
136.619 40.6787 0 
178.676 43.4633 0 
159.571 30.7931 0 
35.4299 192.748 0 
141.046 68.1635 0 
45.625 123.011 0 
45.8779 119.239 0 
145.322 14.9087 0 
147.938 17.7578 0 
152.092 16.3711 0 
155.402 18.7914 0 
53.8872 86.1705 0 
52.9192 89.7319 0 
7.14757 54.3102 0 
91.47 187.361 0 
4.65311 172.561 0 
129.979 39.1909 0 
115.636 87.3101 0 
104.943 58.9891 0 
119.549 -6.20517 0 
-0.496818 49.8998 0 
199.345 77.2323 0 
189.959 130.219 0 
100.53 202.927 0 
161.75 227.29 0 
104.142 190.478 0 
23.3519 171.146 0 
91.8388 154.029 0 
42.5341 142.277 0 
276.547 54.1403 0 
167.347 28.9922 0 
166.291 32.6566 0 
258.38 38.1585 0 
81.5684 52.9486 0 
162.366 33.5173 0 
165.087 36.2294 0 
168.786 35.2387 0 
167.395 38.867 0 
176.383 93.6762 0 
75.7153 143.825 0 
202.276 39.5513 0 
182.376 10.7463 0 
181.448 14.6531 0 
70.024 193.903 0 
63.0591 99.716 0 
57.369 111.475 0 
11.2353 102.607 0 
10.83 106.04 0 
13.799 108.301 0 
59.6625 100.68 0 
18.7611 69.2 0 
129.326 -1.45497 0 
110.954 73.2005 0 
146.2 95.2576 0 
255 16.7057 0 
124.997 243.104 0 
54.658 211.112 0 
40.5707 194.774 0 
116.964 74.9847 0 
131.303 128.542 0 
128.749 126.159 0 
132.057 125.024 0 
97.32 76.9763 0 
164.028 -5.83854 0 
165.305 -10.0445 0 
161.791 -12.6631 0 
158.046 -11.4889 0 
158.81 -15.7744 0 
95.5389 83.6946 0 
98.9862 82.769 0 
167.152 132.565 0 
167.891 129.132 0 
105.561 162.41 0 
100.134 159.539 0 
-4.46852 105.272 0 
23.6213 136.594 0 
110.896 122.522 0 
181.759 28.83 0 
171.434 10.3619 0 
86.2529 137.133 0 
83.6569 134.887 0 
114.669 134.014 0 
2.9775 133.335 0 
4.98866 139.499 0 
224.258 14.4539 0 
124.984 114.685 0 
25.031 129.674 0 
40.7565 99.722 0 
153.428 87.0792 0 
154.909 -31.3428 0 
132.566 200.617 0 
65.3199 118.53 0 
93.7687 90.5473 0 
201.508 9.16313 0 
126.833 187.922 0 
173.134 83.5222 0 
157.446 229.128 0 
158.291 224.438 0 
264.208 110.936 0 
-1.97464 122.638 0 
191.727 -14.7711 0 
155.781 31.7793 0 
35.8908 122.874 0 
117.892 58.5806 0 
54.0042 128.906 0 
101.486 72.729 0 
130.779 115.805 0 
155.062 80.6768 0 
80.3323 94.6201 0 
82.8705 97.0787 0 
86.3217 96.0371 0 
85.3501 99.544 0 
79.4932 98.0821 0 
172.83 38.7107 0 
78.904 190.687 0 
163.554 103.366 0 
62.8416 71.8713 0 
118.87 86.1966 0 
76.0333 127.973 0 
147.454 37.4569 0 
130.749 174.14 0 
217.099 69.5641 0 
135.066 79.1951 0 
126.033 39.9575 0 
49.2237 120.554 0 
48.3258 116.987 0 
98.7955 123.722 0 
77.3208 120.982 0 
170.171 -0.368447 0 
23.4358 91.8122 0 
5.03941 120.117 0 
105.671 117.906 0 
109.948 142.023 0 
98.6283 181.051 0 
161.656 -30.3388 0 
58.567 120.781 0 
179.295 92.7477 0 
96.9361 196.717 0 
93.073 106.515 0 
18.0396 173.257 0 
100.145 116.794 0 
187.211 -27.3377 0 
87.8872 181.134 0 
95.6778 108.827 0 
62.8048 58.9663 0 
0.233086 165.272 0 
186.491 112.843 0 
187.016 109.694 0 
39.867 90.2177 0 
105.914 180.871 0 
104.059 177.78 0 
198.717 100.825 0 
195.647 102.017 0 
82.8784 125.875 0 
82.0437 129.317 0 
90.2489 120.215 0 
36.9177 141.258 0 
76.3746 111.985 0 
98.3851 162.551 0 
232.133 89.3153 0 
106.103 130.508 0 
102.853 131.676 0 
260.696 57.1672 0 
124.459 102.557 0 
28.3259 158.788 0 
138.903 180.937 0 
152.31 131.101 0 
129.225 271.589 0 
87.9635 199.894 0 
15.9275 182.377 0 
90.9477 116.781 0 
105.416 133.95 0 
71.8301 148.25 0 
87.1322 92.5675 0 
30.7872 76.4496 0 
86.0397 171.97 0 
106.753 64.9646 0 
34.6869 98.2 0 
100.402 100.99 0 
171.824 -27.0724 0 
43.2595 117.264 0 
67.9799 120.863 0 
26.3822 52.27 0 
24.9922 47.9743 0 
100.132 145.099 0 
172.172 24.4851 0 
153.849 58.1804 0 
38.4305 41.4644 0 
34.7253 113.787 0 
143.881 4.08211 0 
70.1923 110.554 0 
116.082 65.4865 0 
90.1455 215.193 0 
85.6847 112.14 0 
163.851 39.8529 0 
171.202 114.92 0 
86.1316 83.5679 0 
81.1255 104.033 0 
98.9937 107.737 0 
18.0288 119.198 0 
87.9099 76.6406 0 
142.386 73.9339 0 
144.852 76.2721 0 
14.0344 166.36 0 
142.499 153.833 0 
158.462 34.491 0 
29.3215 109.123 0 
197.383 106.883 0 
137.614 69.0682 0 
117.921 104.648 0 
79.4726 126.941 0 
237.544 105.11 0 
151.762 150.407 0 
186.251 66.3841 0 
185.406 69.6444 0 
27.3153 119.329 0 
26.0892 94.2548 0 
73.4495 96.6358 0 
132.565 137.594 0 
170.081 54.199 0 
131.112 155.487 0 
32.3423 82.6537 0 
175.75 96.6352 0 
126.234 123.76 0 
124.489 69.4565 0 
157.767 191.007 0 
153.078 192.682 0 
78.7456 158.284 0 
109.494 199.911 0 
249.737 20.9068 0 
130.886 58.3456 0 
87.6202 117.894 0 
75.2808 131.387 0 
108.875 104.464 0 
102.022 150.858 0 
0.519442 96.6479 0 
122.411 112.442 0 
69.9546 97.679 0 
117.786 120.28 0 
136.515 7.22103 0 
225.566 5.50214 0 
104.386 239.147 0 
77.1809 199.975 0 
133.479 87.8207 0 
191.177 4.17209 0 
16.0195 129.55 0 
76.1671 86.4873 0 
60.7252 110.383 0 
116.691 21.3867 0 
112.683 156.116 0 
93.4964 209.106 0 
113.346 112.381 0 
205.992 -39.9053 0 
125.748 53.3279 0 
180.315 100.655 0 
100.268 171.745 0 
29.4843 152.766 0 
102.115 135.11 0 
178.177 -10.0834 0 
112.888 168.521 0 
37.2908 87.7267 0 
13.445 127.163 0 
144.549 170.778 0 
66.5862 127.785 0 
57.4404 75.5056 0 
127.647 101.465 0 
84.9867 115.578 0 
124.305 -12.7342 0 
128.799 110.215 0 
208.321 92.1725 0 
20.6615 121.562 0 
52.9895 61.733 0 
95.4927 137.306 0 
68.4113 68.706 0 
120.371 48.1293 0 
128.171 13.5598 0 
177.212 0.951903 0 
98.3687 34.6273 0 
94.0831 34.8104 0 
123.869 162.05 0 
15.4376 84.3058 0 
18.9816 83.276 0 
80.3718 136.021 0 
105.921 205.982 0 
-20.1526 145.272 0 
12.7696 114.514 0 
16.2074 113.404 0 
150.018 160.113 0 
158.713 85.4415 0 
146.611 27.355 0 
82.393 166.083 0 
96.7676 177.982 0 
14.6582 136.378 0 
185.732 116.17 0 
32.7918 193.204 0 
31.0583 190.811 0 
149.245 49.793 0 
24.6781 116.996 0 
128.488 83.3574 0 
76.0421 99.0787 0 
114.943 0.270017 0 
140.686 177.39 0 
136.341 26.408 0 
100.502 196.738 0 
7.23075 109.937 0 
159.198 17.563 0 
117.089 35.6192 0 
94.6507 255.311 0 
0.242427 111.739 0 
79.5363 68.7044 0 
141.984 228.441 0 
108.39 58.0351 0 
119.514 64.5188 0 
82.9509 138.267 0 
154.812 133.167 0 
111.686 147.756 0 
242.485 55.5163 0 
238.784 59.5436 0 
241.398 61.6028 0 
7.87874 122.353 0 
135.898 89.9523 0 
-4.33553 88.0144 0 
184.432 107.711 0 
136.705 47.0548 0 
178.342 84.7007 0 
175.408 85.6379 0 
105.645 -12.5895 0 
169.032 45.2018 0 
242.974 84.4563 0 
3.55721 179.048 0 
170.087 -16.7213 0 
172.966 177.361 0 
105.594 105.551 0 
-6.27487 149.58 0 
-4.94725 146.718 0 
100.502 190.452 0 
6.42476 163.223 0 
214.058 85.4246 0 
119.216 142.14 0 
70.004 176.852 0 
153.536 112.395 0 
179.791 -20.4136 0 
168.884 90.6248 0 
79.0353 203.043 0 
117.991 152.546 0 
26.118 138.904 0 
260.365 77.7432 0 
194.36 7.13608 0 
201.062 -6.34902 0 
54.4943 182.183 0 
51.4311 183.112 0 
49.0999 180.89 0 
53.8183 185.417 0 
128.834 184.469 0 
210.037 -13.2441 0 
195.556 113.219 0 
150.165 255.497 0 
64.3823 157.249 0 
206.38 38.4251 0 
250.424 59.4175 0 
252.591 61.6861 0 
102.32 56.4686 0 
88.0888 206.1 0 
110.063 113.476 0 
140.228 112.415 0 
151.977 -2.2295 0 
171.452 103.547 0 
116.599 181.12 0 
128.962 94.9971 0 
192.228 73.7176 0 
17.7129 162.202 0 
180.779 32.5662 0 
81.6633 116.68 0 
100.568 215.009 0 
103.934 214.956 0 
212.726 -26.0231 0 
213.862 -10.6103 0 
56.6399 131.178 0 
16.8776 165.461 0 
58.1765 193.396 0 
79.682 56.0518 0 
70.3292 59.0401 0 
149.8 147.191 0 
102.324 206.001 0 
136.938 191.544 0 
125.393 10.977 0 
28.7535 189.61 0 
192.96 -3.96593 0 
91.6642 206.06 0 
19.9631 79.6793 0 
181.396 46.0379 0 
195.456 -34.8241 0 
121.407 88.4434 0 
103.005 103.266 0 
48.4365 155.247 0 
165.354 80.1748 0 
179.667 78.6684 0 
41.0864 166.585 0 
93.9542 131.683 0 
177.439 128.135 0 
148.933 219.739 0 
230.701 0.202556 0 
86.5701 215.305 0 
57.5588 166.538 0 
218.045 29.1517 0 
17.2725 107.155 0 
49.8751 177.776 0 
134.727 155.421 0 
156.496 60.6328 0 
86.2189 203.003 0 
34.6969 204.688 0 
48.5038 94.2523 0 
53.4278 159.464 0 
224.299 51.1929 0 
227.235 50.2746 0 
176.011 107.678 0 
50.2032 133.48 0 
159.67 96.427 0 
157.359 94.4032 0 
124.726 130.673 0 
126.831 208.914 0 
219.819 -4.36575 0 
83.3621 150.581 0 
49.414 90.7177 0 
124.265 234.866 0 
109.264 116.841 0 
182.732 -40.6296 0 
26.6009 151.26 0 
4.50295 62.7921 0 
137.636 240.131 0 
205.929 72.687 0 
157.665 7.407 0 
78.618 130.361 0 
18.3203 147.544 0 
39.4525 143.362 0 
192.512 39.1332 0 
174.514 13.0825 0 
65.5711 102.234 0 
173.755 -30.3637 0 
166.522 73.7055 0 
265.832 93.6303 0 
265.886 96.4442 0 
19.8716 152.914 0 
63.2324 144.785 0 
21.6622 72.0305 0 
56.4354 172.686 0 
184.491 31.3843 0 
99.9523 79.4727 0 
101.197 85.1724 0 
100.369 177.928 0 
147.562 23.8222 0 
64.6538 68.6766 0 
91.3859 129.306 0 
198.876 90.1532 0 
10.5256 193.24 0 
27.9248 161.704 0 
265.256 61.7322 0 
144.703 231.802 0 
137.828 126.175 0 
181.934 120.485 0 
16.4473 94.0854 0 
128.863 219.198 0 
139.097 236.293 0 
11.3018 52.8759 0 
17.3408 194.143 0 
220.855 31.801 0 
221.821 28.0151 0 
94.9676 -6.5304 0 
-4.29208 172.894 0 
21.4111 57.7737 0 
159.946 75.673 0 
183.257 114.008 0 
99.7029 104.36 0 
46.9509 178.72 0 
36.6233 166.77 0 
33.4934 145.519 0 
242.183 42.9688 0 
174.108 129.246 0 
77.6284 71.9121 0 
136.605 210.627 0 
-17.8204 150.579 0 
227.635 -21.9228 0 
207.266 98.1083 0 
33.8041 88.7745 0 
115.38 130.574 0 
183.371 -27.3376 0 
4.85328 73.7244 0 
177.553 15.8093 0 
21.3539 118.111 0 
224.625 120.887 0 
163.79 156.527 0 
195.27 83.507 0 
250.097 98.7281 0 
157.839 254.949 0 
191.573 142.44 0 
255.257 95.1584 0 
73.3558 175.454 0 
146.626 174.624 0 
99.9904 19.8716 0 
178.613 95.6825 0 
205.525 107.035 0 
179.957 53.1078 0 
74.3808 150.473 0 
197.633 136.458 0 
84.3624 199.914 0 
68.0611 55.467 0 
28.7245 83.7083 0 
111.404 215.335 0 
196.489 122.292 0 
113.565 246.733 0 
10.0162 173.326 0 
7.64598 171.338 0 
64.5788 121.976 0 
108.755 1.06121 0 
-4.59593 65.3825 0 
160.55 56.304 0 
66.044 147.057 0 
71.1558 151.537 0 
128.193 113.572 0 
86.1222 184.252 0 
22.6966 95.2886 0 
-9.22983 96.4681 0 
105.088 93.3599 0 
221.055 99.9202 0 
223.481 100.632 0 
143.287 70.6271 0 
162.305 222.515 0 
81.9052 100.597 0 
212.892 109.906 0 
279.724 89.4344 0 
118.056 254.413 0 
168.17 -13.1668 0 
159.9 59.5997 0 
205.173 125.987 0 
212.894 37.8652 0 
154.98 138.156 0 
214.909 80.7419 0 
119.024 215.554 0 
-14.9883 69.9272 0 
8.12849 154.119 0 
151.661 134.164 0 
96.4044 105.449 0 
206.246 103.964 0 
152.741 90.1267 0 
209.738 75.8726 0 
200.061 74.6339 0 
113.298 205.818 0 
-8.29924 67.2481 0 
61.2207 123.094 0 
125.412 165.124 0 
86.6354 149.512 0 
150.901 6.07377 0 
253.177 122.913 0 
144.111 57.9258 0 
237.741 33.7236 0 
10.3021 79.1601 0 
-11.3734 138.149 0 
22.5566 163.444 0 
195.201 3.0056 0 
232.004 87.7596 0 
93.7958 103.135 0 
180.924 97.6876 0 
63.1705 182.227 0 
157.283 146.943 0 
214.439 -38.6193 0 
11.9265 149.7 0 
34.5161 33.8603 0 
50.4631 186.713 0 
232.314 27.8128 0 
233.004 83.7509 0 
32.4413 186.468 0 
243.674 79.8319 0 
59.4405 171.572 0 
98.9402 70.199 0 
220.115 107.119 0 
193.127 61.3492 0 
72.1801 160.352 0 
214.793 94.4631 0 
241.406 46.4939 0 
91.2143 100.843 0 
204.359 113.374 0 
264.404 82.0927 0 
102.327 193.638 0 
199.375 53.7557 0 
235.956 88.211 0 
188.996 40.2454 0 
210.854 91.158 0 
54.7794 141.234 0 
257.477 104.017 0 
208.788 80.4886 0 
55.4142 92.246 0 
218.288 53.1541 0 
239.656 69.1996 0 
207.466 85.0914 0 
243.281 113.352 0 
104.824 13.5997 0 
125.945 25.3315 0 
151.815 252.279 0 
54.6921 214.204 0 
22.8509 176.94 0 
261.911 98.3643 0 
125.188 29.6343 0 
200.964 92.0609 0 
255.655 107.853 0 
224.473 107.123 0 
175.724 152.158 0 
185.952 131.856 0 
228.91 84.8795 0 
256.442 125.14 0 
165.325 205.747 0 
211.989 58.0592 0 
-22.8506 141.193 0 
279.352 62.1465 0 
195.478 -77.2101 0 
133.968 114.691 0 
95.3368 224.106 0 
162.925 78.0092 0 
236.621 92.2826 0 
15.1197 148.581 0 
183.881 -12.5062 0 
121.81 144.405 0 
240.561 76.2442 0 
76.2639 41.5255 0 
214.482 102.391 0 
29.8649 195.873 0 
102.195 174.744 0 
218.06 83.9929 0 
180.549 18.5088 0 
181.045 -37.1246 0 
102.454 244.195 0 
-12.7324 169.587 0 
215.881 62.2644 0 
207.391 -35.759 0 
68.9831 101.205 0 
93.848 227.13 0 
7.06756 183.061 0 
196.063 -1.01405 0 
188.491 16.2121 0 
98.0029 48.1352 0 
84.3257 187.423 0 
190.466 22.8368 0 
131.177 42.5941 0 
98.7794 217.824 0 
89.6437 94.9211 0 
78.3259 117.731 0 
241.427 79.4769 0 
176.119 53.8653 0 
137.276 3.52222 0 
195.519 125.952 0 
23.4062 160.445 0 
140.174 97.2347 0 
153.8 160.15 0 
221.509 126.728 0 
89.9426 148.473 0 
192.562 84.3868 0 
153.347 101.359 0 
87.8916 101.902 0 
18.7443 115.763 0 
250.633 113.905 0 
1.71237 188.011 0 
134.881 275.964 0 
37.023 156.14 0 
247.613 83.0747 0 
249.347 84.0695 0 
237.056 82.655 0 
189.363 73.1922 0 
-0.497044 82.4015 0 
87.6922 37.5964 0 
125.867 96.0713 0 
194.192 58.3526 0 
-11.9524 94.0678 0 
148.202 100.572 0 
92.574 150.777 0 
75.6616 115.38 0 
53.1849 204.806 0 
4.3232 158.592 0 
114.378 121.408 0 
222.133 65.7618 0 
176.083 82.6023 0 
138.849 195.062 0 
139.664 115.727 0 
229.278 52.5816 0 
237.964 73.371 0 
-11.3089 175.331 0 
94.5394 156.58 0 
152.162 211.417 0 
125.61 140.01 0 
193.062 110.498 0 
198.672 59.8536 0 
23.6888 185.619 0 
72.0103 184.536 0 
209.123 102.863 0 
155.718 103.42 0 
249.824 50.5194 0 
224.555 30.8427 0 
38.6966 59.9988 0 
125.488 127.226 0 
168.357 93.6292 0 
233.57 57.0472 0 
56.4156 88.7149 0 
9.54252 199.682 0 
30.3872 66.4221 0 
104.498 84.4896 0 
170.133 41.3811 0 
200.967 71.9377 0 
49.1429 166.531 0 
256.044 61.0972 0 
102.305 199.892 0 
165.388 191.101 0 
170.944 129.546 0 
69.2021 146.04 0 
125.151 99.3456 0 
226.9 105.807 0 
181.189 -0.267456 0 
96.1292 -10.769 0 
-15.133 109.769 0 
270.537 87.4476 0 
238.549 107.285 0 
73.6357 109.552 0 
180.256 143.452 0 
-5.5322 179.748 0 
-8.18677 177.533 0 
54.8778 194.442 0 
63.6613 214.975 0 
170.473 32.0311 0 
185.417 -23.9089 0 
61.1306 74.9799 0 
184.402 17.3729 0 
132.696 261.161 0 
173.813 173.213 0 
51.3378 210.605 0 
105.809 174.613 0 
222.914 86.0916 0 
92.8929 93.9669 0 
-15.1082 114.148 0 
232.729 73.066 0 
226.774 64.1038 0 
212.064 -21.6926 0 
197.391 -24.3397 0 
183.89 96.7681 0 
-8.9947 207.179 0 
23.334 192.017 0 
249.218 62.1809 0 
35.0301 164.408 0 
85.1126 218.428 0 
-15.7213 58.6622 0 
128.376 234.259 0 
247.034 37.8938 0 
19.5038 112.455 0 
226.162 86.4757 0 
224.379 87.2435 0 
230.858 73.6577 0 
153.672 171.172 0 
238.784 88.0371 0 
241.373 88.0076 0 
50.8032 130.068 0 
219.87 92.6983 0 
-13.8977 143.761 0 
224.504 96.6349 0 
248.557 75.7089 0 
182.274 -4.28798 0 
237.237 88.8275 0 
185.071 119.41 0 
137.963 218.146 0 
88.7295 98.4906 0 
241.72 97.1413 0 
63.2724 167.237 0 
31.4721 181.531 0 
229.499 72.1737 0 
48.3089 127.861 0 
224.156 103.005 0 
138.481 122.605 0 
169.897 146.965 0 
116.808 14.854 0 
62.42 90.1948 0 
191.731 127.257 0 
240.051 98.8564 0 
186.287 98.7801 0 
246.221 105.605 0 
218.839 25.4839 0 
58.1338 107.827 0 
72.3016 166.291 0 
186.267 37.7314 0 
104.081 202.98 0 
249.565 95.6672 0 
53.0246 102.857 0 
-7.55417 174.073 0 
77.1451 227.196 0 
189.957 -47.9843 0 
259.889 105.595 0 
20.7138 149.714 0 
148.642 97.3365 0 
169.98 -30.3908 0 
-0.9769 86.541 0 
245.965 41.773 0 
176.765 79.5621 0 
5.07385 87.569 0 
97.273 0.580787 0 
122.743 -19.0438 0 
165.445 94.5873 0 
44.817 203.14 0 
172.38 136.637 0 
45.1866 187.523 0 
232.885 82.1189 0 
63.4779 86.6803 0 
130.306 222.836 0 
148.101 3.34585 0 
18.4083 191.461 0 
243.557 94.3089 0 
47.1862 114.096 0 
142.871 180.635 0 
183.564 -20.2474 0 
12.215 190.221 0 
187.434 106.668 0 
256.539 89.785 0 
24.5073 195.963 0 
241.458 71.0631 0 
11.2583 152.916 0 
123.035 22.7869 0 
189.06 97.8929 0 
21.9141 98.9214 0 
228.22 97.784 0 
91.1155 36.6453 0 
-3.22309 80.1636 0 
262.09 79.9362 0 
207.379 112.236 0 
-7.88395 160.737 0 
69.292 88.2776 0 
110.971 250.657 0 
34.9069 85.1315 0 
113.539 36.404 0 
224.759 24.8529 0 
187.177 33.9588 0 
103.402 115.551 0 
58.9008 104.28 0 
252.588 86.4366 0 
186.017 -47.684 0 
109.053 80.0119 0 
96.1136 92.9346 0 
163.05 92.5615 0 
230.635 88.7493 0 
145.468 249.719 0 
191.607 136.58 0 
146.379 70.1894 0 
216.733 71.7948 0 
88.0128 50.5789 0 
242.132 98.2632 0 
185.679 -72.7747 0 
37.2902 195.398 0 
212.341 23.9475 0 
259.189 115.904 0 
60.2427 145.942 0 
22.8691 173.877 0 
167.965 -6.68174 0 
242.477 87.3848 0 
224.616 -10.1837 0 
259.107 17.5179 0 
216.581 82.538 0 
210.191 114.357 0 
183.637 142.258 0 
160.181 93.5182 0 
24.0539 104.59 0 
240.689 92.7813 0 
131.28 1.99713 0 
226.27 18.7435 0 
102.585 119.063 0 
-5.7146 143.266 0 
183.093 -89.2726 0 
222.394 81.0963 0 
255.302 105.277 0 
225.034 99.016 0 
140.413 243.397 0 
81.1585 132.662 0 
240.7 91.6353 0 
257.144 70.5409 0 
234.145 79.4201 0 
127.937 280.618 0 
154.156 -23.0068 0 
87.9328 130.421 0 
242.15 94.1963 0 
241.73 94.5287 0 
96.3091 134.018 0 
97.909 86.0536 0 
237.298 94.4982 0 
188.195 30.1576 0 
25.5562 184.001 0 
209.628 21.3481 0 
139.098 119.106 0 
101.889 122.493 0 
88.9733 59.9653 0 
90.0246 69.3186 0 
84.5468 131.529 0 
-0.236237 194.428 0 
140.474 58.9646 0 
121.86 100.449 0 
248.095 33.7552 0 
136.585 254.497 0 
115.89 25.5279 0 
246.067 72.7337 0 
107.524 171.546 0 
139.356 147.575 0 
101.182 125.931 0 
142.38 -7.09976 0 
99.6302 132.822 0 
84.4624 77.904 0 
-10.4438 143.626 0 
46.1733 49.9269 0 
144.495 242.917 0 
120.386 276.385 0 
166.822 202.114 0 
108.298 32.4479 0 
177.411 76.5382 0 
100.416 129.398 0 
160.149 137.663 0 
183.654 71.8241 0 
176.593 164.313 0 
275.813 77.2486 0 
180.703 -73.3806 0 
133.429 60.8228 0 
209.189 46.0949 0 
271.651 105.21 0 
96.9337 89.4939 0 
207.284 132.139 0 
-13.0424 84.5034 0 
207.711 14.8262 0 
25.1055 56.8711 0 
238.691 29.9787 0 
46.2427 181.625 0 
244.177 104.46 0 
57.5075 143.56 0 
173.246 68.2417 0 
70.4502 84.7693 0 
207.894 128.486 0 
211.493 127.085 0 
118.432 101.514 0 
137.515 43.7707 0 
242.081 95.1386 0 
119.756 265.911 0 
247.667 84.8191 0 
6.62913 58.7785 0 
163.977 -27.0274 0 
244.561 90.794 0 
28.1008 128.723 0 
136.927 59.9633 0 
129.995 230.153 0 
101.497 47.3554 0 
97.2525 250.38 0 
81.9171 49.6669 0 
71.0826 45.7668 0 
238.866 62.4952 0 
8.29792 138.348 0 
48.882 61.522 0 
187.491 121.735 0 
71.1972 170.184 0 
225.513 75.2297 0 
-5.40239 73.3047 0 
76.0985 49.6222 0 
130.113 209.162 0 
60.0885 168.446 0 
200.341 94.8741 0 
32.4144 37.6348 0 
251.442 64.4409 0 
191.742 29.0778 0 
242.059 91.6633 0 
27.2581 103.431 0 
148.153 163.434 0 
227.319 74.999 0 
-2.80538 148.823 0 
236.642 78.914 0 
92.6543 2.46157 0 
177.459 50.6053 0 
113.3 75.5714 0 
164.62 198.434 0 
165.657 105.254 0 
40.808 169.84 0 
211.796 101.313 0 
115.829 99.2203 0 
203.264 15.771 0 
12.3205 134.1 0 
29.8842 105.862 0 
16.5145 80.7412 0 
168.466 104.475 0 
175.088 74.2854 0 
107.741 202.962 0 
261.478 96.0874 0 
254.92 68.9136 0 
7.08123 174.483 0 
48.4681 183.902 0 
239.186 101.606 0 
237.443 102.115 0 
111.175 171.47 0 
150.37 169.29 0 
131.928 55.0741 0 
247.262 102.529 0 
154.32 225.828 0 
248.017 115.259 0 
94.769 27.7073 0 
120.251 -12.4526 0 
246.441 91.5213 0 
35.2411 132.611 0 
113.313 96.9585 0 
31.708 45.0099 0 
130.552 257.185 0 
206.177 34.7124 0 
216.103 84.7411 0 
200.44 12.9605 0 
33.9655 142.347 0 
-3.35886 205.198 0 
169.168 21.676 0 
73.9575 212.302 0 
250.627 47.0277 0 
145.237 86.1365 0 
162.649 -16.4113 0 
175.622 71.0563 0 
66.7842 193.951 0 
237.619 96.6688 0 
12.9199 130.57 0 
73.3445 228.429 0 
194.173 -41.7 0 
98.8214 15.688 0 
102.933 143.641 0 
198.378 6.16297 0 
242.992 94.5416 0 
62.4008 47.1342 0 
169.406 188.754 0 
51.5208 142.206 0 
162.847 115.299 0 
222.029 -37.1002 0 
178.648 -67.3198 0 
218.804 -34.2127 0 
170.17 -36.6633 0 
110.877 94.7815 0 
37.6508 127.935 0 
241.258 99.1447 0 
189.999 108.681 0 
239.867 83.9656 0 
197.494 95.8932 0 
150.26 185.446 0 
-19.6095 153.689 0 
19.4172 43.4944 0 
182.191 -57.653 0 
-5.93613 183.19 0 
107.638 95.6617 0 
274.293 97.9886 0 
139.425 153.999 0 
168.155 144.085 0 
117.857 77.7372 0 
232.063 69.3313 0 
111.376 202.921 0 
230.317 80.3603 0 
36.2471 81.3436 0 
167.179 208.174 0 
214.884 127.323 0 
91.2349 157.03 0 
121.044 147.644 0 
259.44 60.3449 0 
255.178 64.1418 0 
135.53 139.994 0 
191.281 -58.2675 0 
198.941 70.0748 0 
104.103 153.297 0 
-20.4862 63.9376 0 
105.786 90.1833 0 
114.726 171.306 0 
272.7 85.8001 0 
230.871 90.386 0 
232.289 -15.0121 0 
129.277 52.5942 0 
123.869 278.142 0 
209.916 56.0971 0 
3.82834 95.2038 0 
238.307 81.6194 0 
219.913 90.8041 0 
7.50112 157.263 0 
39.83 80.3841 0 
80.4885 163.394 0 
186.864 125.003 0 
183.109 67.1452 0 
186.001 144.644 0 
66.8589 200.955 0 
240.122 73.0995 0 
-12.6612 98.0346 0 
149.551 249.272 0 
244.885 31.0318 0 
161.695 166.313 0 
42.0711 130.674 0 
93.2104 55.7231 0 
191.127 89.5874 0 
138.954 135.145 0 
143.879 45.2995 0 
235.188 100.064 0 
248.868 92.2123 0 
247.866 92.932 0 
200.39 134.209 0 
28.9069 191.678 0 
178.237 47.048 0 
3.56989 182.189 0 
186.367 -87.9026 0 
44.1678 125.889 0 
-6.38683 113.784 0 
114.276 153.253 0 
210.599 93.6473 0 
155.13 221.464 0 
141.332 273.279 0 
227.95 11.6958 0 
142.012 265.295 0 
46.8334 78.6335 0 
189.232 -17.1412 0 
221.472 112.981 0 
6.47411 177.634 0 
-11.538 166.361 0 
66.4169 217.38 0 
32.6429 108.293 0 
244.225 106.645 0 
95.535 8.32387 0 
45.5322 82.1536 0 
109.064 24.6199 0 
231.381 71.5466 0 
112.146 44.1293 0 
227.647 85.7123 0 
58.0475 197.247 0 
113.562 -3.55276 0 
92.2763 59.7563 0 
196.691 98.7568 0 
128.053 226.552 0 
166.025 18.9432 0 
121.023 44.4939 0 
157.824 91.5031 0 
109.662 144.976 0 
279.385 79.7774 0 
278.849 83.592 0 
252.318 84.796 0 
31.4929 140.218 0 
259.246 122.995 0 
280.112 57.3238 0 
268.529 69.9835 0 
126.454 50.0875 0 
35.5284 110.704 0 
72.136 179.12 0 
142.809 194.93 0 
155.826 251.745 0 
47.6366 186.44 0 
241.968 29.07 0 
186.604 -77.1714 0 
245.087 96.9233 0 
155.244 106.428 0 
220.539 -8.3315 0 
146.336 83.4535 0 
235.9 113.547 0 
66.0103 204.451 0 
218.026 88.8531 0 
83.2625 84.9695 0 
269.792 101.02 0 
209.184 138.553 0 
231.222 91.7663 0 
209.362 99.8902 0 
162.953 16.4221 0 
220.993 79.8021 0 
52.0617 73.4746 0 
-12.5016 180.881 0 
123.695 79.2088 0 
-10.6915 120.3 0 
215.903 87.4035 0 
17.4968 76.9148 0 
104.057 -8.74454 0 
74.005 84.2265 0 
273.674 65.8472 0 
18.7631 181.098 0 
73.8529 39.2701 0 
185.626 -16.7325 0 
238.01 100.69 0 
235.728 102.102 0 
228.546 25.988 0 
5.80761 101.454 0 
180.596 65.0127 0 
-24.5267 132.94 0 
38.6107 109.558 0 
62.5065 77.7919 0 
28.9453 137.937 0 
262.653 84.5634 0 
103.436 87.7107 0 
-0.493637 203.533 0 
139.093 160.793 0 
213.583 -14.6795 0 
215.004 70.2365 0 
267.042 100.816 0 
66.4402 184.985 0 
123.664 47.4698 0 
153.619 196.867 0 
55.5204 72.5932 0 
10.3429 127.961 0 
196.092 70.8385 0 
246.833 93.6552 0 
155.555 89.3885 0 
68.7662 49.3603 0 
162.93 139.974 0 
162.323 143.189 0 
4.45423 91.4274 0 
130.595 253.743 0 
131.994 203.678 0 
20.6319 105.861 0 
21.6706 179.757 0 
269.439 53.0789 0 
210.342 52.9596 0 
246.778 18.4608 0 
241.201 95.7168 0 
-18.2669 107.834 0 
239.458 90.0508 0 
179.935 -7.1937 0 
120.227 257.573 0 
150.136 47.0218 0 
152.355 107.534 0 
136.853 164.244 0 
158.808 21.1724 0 
216.181 -27.2783 0 
229.055 3.82413 0 
107.866 83.6768 0 
235.783 -5.20291 0 
119.946 168.188 0 
41.7456 108.579 0 
48.5265 198.345 0 
267.413 110.521 0 
245.908 113.624 0 
170.114 166.464 0 
113.168 199.318 0 
14.5007 179.89 0 
-0.955027 190.208 0 
54.4208 156.542 0 
-18.1028 81.1335 0 
4.00271 161.485 0 
-18.1867 114.82 0 
18.3808 72.7965 0 
38.1023 204.963 0 
126.914 168.18 0 
6.34464 97.7035 0 
243.02 121.551 0 
246.877 122.06 0 
99.6131 247.961 0 
25.0487 181.631 0 
7.35473 125.552 0 
157.12 248.622 0 
123.729 4.47926 0 
241.612 96.347 0 
-18.8151 73.0165 0 
51.3323 64.6845 0 
31.8447 195.611 0 
201.907 -25.9234 0 
143.327 79.4644 0 
-15.4473 82.5182 0 
193.969 99.2969 0 
70.7932 221.621 0 
22.3961 195.749 0 
189.231 -89.1207 0 
28.7787 171.481 0 
63.8233 164.105 0 
130.742 168.03 0 
266.144 77.0135 0 
242.179 22.809 0 
208.206 51.2853 0 
-6.06574 77.6808 0 
26.5336 135.861 0 
236.902 61.2169 0 
34.7449 40.8452 0 
149.155 135.393 0 
64.6265 56.4318 0 
195.953 -38.4766 0 
240.955 94.2713 0 
44.5007 111.155 0 
164.783 108.381 0 
261.377 110.809 0 
16.771 110.357 0 
107.954 45.4603 0 
106.719 249.908 0 
65.2061 49.8925 0 
222.387 63.1678 0 
132.967 164.717 0 
29.8413 176.391 0 
8.30405 103.684 0 
236.454 96.1496 0 
123.361 168.133 0 
248.586 78.001 0 
191.827 97.1979 0 
206.547 135.874 0 
23.527 44.7035 0 
87.2914 220.791 0 
-0.898883 211.505 0 
151.662 110.688 0 
43.9102 52.1703 0 
99.5718 -7.73032 0 
220 130.01 0 
253.354 97.9159 0 
154.725 22.0449 0 
50.3487 77.5233 0 
4.10963 123.098 0 
33.796 66.1465 0 
213.385 129.84 0 
131.715 247.967 0 
242.604 94.1798 0 
260.256 130.99 0 
170.365 -3.69033 0 
11.0888 196.521 0 
248.966 85.5843 0 
211.244 123.517 0 
87.5766 158.32 0 
118.08 171.215 0 
112.037 79.1466 0 
193.053 101.665 0 
105.64 246.333 0 
275.357 84.7372 0 
224.791 89.1641 0 
13.323 111.299 0 
-1.73365 145.518 0 
193.072 -48.1797 0 
244.033 109.138 0 
253.243 83.3222 0 
193.49 71.6159 0 
5.84533 180.308 0 
126.28 78.1699 0 
0.572919 124.281 0 
26.0556 159.739 0 
131.107 274.572 0 
263.008 59.5364 0 
168.157 213.339 0 
112.434 193.296 0 
250.568 80.688 0 
239.693 82.0834 0 
203.261 28.9518 0 
231.94 52.1034 0 
149.755 166.089 0 
250.802 95.946 0 
173.114 159.094 0 
185.115 147.167 0 
189.171 144.362 0 
156.226 86.3934 0 
-21.2096 137.913 0 
27.1161 132.207 0 
137.993 138.162 0 
-18.048 104.104 0 
27.331 59.2712 0 
228.883 92.9779 0 
93.2077 31.2272 0 
64.1977 160.506 0 
151.454 19.6946 0 
2.39263 60.109 0 
199.982 30.2991 0 
21.6984 193.889 0 
85.8143 74.582 0 
219.454 78.5176 0 
93.2227 38.9129 0 
-13.1832 172.502 0 
199.354 -33.9058 0 
40.3632 56.6552 0 
59.3032 157.853 0 
241.826 85.2561 0 
52.6165 195.802 0 
147.739 76.8741 0 
207.775 109.206 0 
224.913 105.024 0 
157.257 242.188 0 
50.6082 189.983 0 
161.086 255.133 0 
236.311 94.1841 0 
143.92 177.167 0 
244.248 93.8641 0 
152.382 219.246 0 
272.638 55.4412 0 
32.5394 188.799 0 
244.463 89.8839 0 
210.292 111.233 0 
-10.5269 156.192 0 
96.6103 19.0163 0 
256.399 20.1911 0 
164.043 111.199 0 
146.554 194.794 0 
156.624 210.227 0 
191.743 79.1327 0 
67.4499 52.1195 0 
91.3373 66.5001 0 
113.028 217.94 0 
170.123 202.559 0 
122.397 263.324 0 
250.529 78.9208 0 
15.4016 69.9153 0 
175.069 179.127 0 
26.5342 34.298 0 
-2.70289 125.526 0 
124.326 143.187 0 
227.729 84.2311 0 
149.965 -5.73637 0 
132.338 140.509 0 
238.133 80.0603 0 
217.121 22.6729 0 
47.7306 201.91 0 
250.995 83.6138 0 
71.306 162.987 0 
102.497 44.4911 0 
222.101 115.589 0 
151.227 113.38 0 
188.103 71.0185 0 
101.931 156.998 0 
140.245 2.69119 0 
216.221 95.9942 0 
211.793 -36.1993 0 
-12.9161 101.518 0 
164.969 -13.6029 0 
0.935803 162.445 0 
239.587 120.733 0 
195.904 105.053 0 
228.277 82.0099 0 
19.6391 193.591 0 
226.784 98.9084 0 
119.989 174.439 0 
240.94 74.6531 0 
236.214 27.8539 0 
222.27 108.056 0 
234.239 54.4918 0 
242.608 97.3127 0 
-15.8017 47.1092 0 
45.7606 116.406 0 
177.304 65.7513 0 
121.786 178.043 0 
110.576 7.4883 0 
207.569 32.1857 0 
227.178 92.4591 0 
236.624 56.7375 0 
49.8255 55.6448 0 
147.752 171.014 0 
256.843 49.3726 0 
25.0087 172.672 0 
175.53 44.0251 0 
165.793 212.8 0 
269.833 46.7007 0 
137.099 143.05 0 
263.683 97.054 0 
240.829 81.0719 0 
119.964 181.598 0 
247.574 91.8443 0 
116.736 257.76 0 
217.78 79.0071 0 
121.236 -21.4602 0 
257.303 23.8433 0 
33.6678 182.62 0 
153.504 237.386 0 
220.538 61.92 0 
257.779 84.7632 0 
-11.8925 141.208 0 
118.844 -9.29051 0 
258.273 88.3993 0 
247.488 118.473 0 
157.83 -29.7143 0 
78.6638 160.903 0 
-1.39341 187.107 0 
112.434 186.743 0 
196.841 58.1617 0 
265.437 108.389 0 
168.859 -33.3823 0 
234.397 103.224 0 
192.196 -76.9088 0 
94.7387 252.226 0 
218.455 50.5872 0 
152.741 45.7813 0 
10.2612 181.493 0 
117.872 184.82 0 
136.778 87.3948 0 
239.288 105.38 0 
209.515 97.5379 0 
-8.65121 165.911 0 
10.4961 109.086 0 
144.266 17.8514 0 
15.4339 44.4744 0 
144.137 -10.2941 0 
-8.3954 71.1208 0 
233.925 69.0286 0 
119.931 76.4015 0 
188.988 126.936 0 
264.47 79.554 0 
148.556 20.9509 0 
39.7354 201.857 0 
131.688 82.789 0 
129.06 80.5058 0 
172.694 153.166 0 
156.942 83.3006 0 
261.256 25.6525 0 
117.732 17.8441 0 
207.811 76.0732 0 
-5.9628 126.454 0 
133.229 254.974 0 
144.913 72.8712 0 
259.613 44.6297 0 
231.365 -19.8731 0 
165.719 194.912 0 
72.9781 172.202 0 
4.72105 107.967 0 
139.576 86.5514 0 
146.227 43.9587 0 
213.309 68.7659 0 
-15.0862 78.4654 0 
-11.4426 69.3259 0 
224.443 21.4017 0 
-19.1552 130.556 0 
67.4445 77.8688 0 
160.579 115.365 0 
134.227 85.0663 0 
160.155 119.791 0 
145.43 132.301 0 
32.5424 130.923 0 
149.009 0.092031 0 
132.858 197.473 0 
12.7602 68.283 0 
240.635 108.423 0 
137.334 149.419 0 
-16.6133 66.2974 0 
157.56 138.36 0 
222.742 49.0507 0 
172.944 41.5497 0 
122.52 12.4354 0 
26.7396 156.816 0 
72.4924 215.196 0 
-8.92834 123.948 0 
155.46 48.2825 0 
126.507 257.578 0 
195.083 107.954 0 
101.278 13.6414 0 
149.24 70.1192 0 
139.931 42.3397 0 
-10.9221 178.573 0 
111.308 33.4074 0 
259.995 87.0005 0 
105.12 217.875 0 
134.787 1.71655 0 
12.9895 192.433 0 
248.002 94.0577 0 
133.393 40.747 0 
175.44 -68.8407 0 
13.3959 62.7773 0 
257.588 106.338 0 
167.09 58.5095 0 
111.908 150.57 0 
141.261 88.4373 0 
221.817 89.8589 0 
192.923 -17.747 0 
243.588 69.9672 0 
-18.6337 86.0369 0 
216.739 48.5342 0 
241.559 77.4994 0 
207.578 79.0857 0 
1.18458 109.09 0 
-15.7169 180.152 0 
203.663 -33.5564 0 
217.859 -10.4178 0 
30.5655 197.54 0 
236.956 103.561 0 
109.007 217.941 0 
120.18 150.428 0 
253.077 19.8099 0 
150.691 189.242 0 
197.308 31.6784 0 
226.447 89.7493 0 
225.516 27.9073 0 
174.638 155.948 0 
22.776 50.5062 0 
125.639 247.337 0 
133.685 223.215 0 
118.013 218.335 0 
162.626 121.299 0 
137.512 16.3969 0 
-17.2473 143.815 0 
245.514 98.6813 0 
152.107 -20.6448 0 
247.274 104.331 0 
206.595 44.9083 0 
245.046 97.8947 0 
212.87 94.9129 0 
158.21 50.7858 0 
181.157 -10.6557 0 
157.665 80.3307 0 
53.3134 208.499 0 
129.819 201.762 0 
71.0676 205.694 0 
237.07 122.929 0 
270.439 109.391 0 
50.5547 154.052 0 
65.8131 196.133 0 
101.96 217.771 0 
262.92 46.277 0 
111.685 -0.0377646 0 
236.632 95.1191 0 
76.9407 83.7512 0 
190.607 139.378 0 
51.0501 117.467 0 
170.28 37.6952 0 
242.766 94.9834 0 
71.1113 181.988 0 
222.792 46.1539 0 
236.118 93.132 0 
214.4 46.5793 0 
169.757 57.2033 0 
189.883 77.791 0 
246.133 90.4273 0 
164.628 127.662 0 
255.404 26.3177 0 
-6.01384 207.004 0 
194.516 136.119 0 
276.665 65.1297 0 
-2.03329 110.334 0 
192.507 -54.3184 0 
34.6091 161.619 0 
53.388 67.5298 0 
10.5047 60.4266 0 
114.251 191.505 0 
230.283 -24.4246 0 
233.344 117.443 0 
-2.9181 184.802 0 
219.317 60.1777 0 
79.3348 221.373 0 
27.4474 153.997 0 
170.222 149.962 0 
-1.38375 160.438 0 
240.435 93.9997 0 
156.693 169.758 0 
49.5916 192.077 0 
68.9117 219.25 0 
137.47 155.764 0 
266.334 58.9217 0 
172.821 53.1011 0 
91.9958 43.8889 0 
191.312 82.6665 0 
249.166 94.6027 0 
189.661 -78.6026 0 
163.455 55.7524 0 
21.5145 197.605 0 
-10.5667 116.858 0 
160.933 53.3174 0 
79.183 50.3055 0 
100.236 220.27 0 
250.284 123.853 0 
211.891 47.201 0 
153.94 135.665 0 
190.478 75.0981 0 
7.79957 106.832 0 
158.936 212.517 0 
169.732 131.995 0 
23.1094 181.231 0 
-16.5628 50.723 0 
142.098 19.2444 0 
243.299 99.014 0 
120.696 224.718 0 
46.6432 125.921 0 
169.304 127.033 0 
118.933 221.233 0 
251.632 98.2995 0 
235.342 79.0685 0 
261.924 117.757 0 
50.3956 204.695 0 
190.652 -82.397 0 
49.6973 212.791 0 
-12.3394 114.63 0 
205.947 74.9608 0 
CELLS 11460 45840
3 2236 3411 3409 3 2356 3632 3631 3 2316 4471 3845 3 224 3795 223 3 3851 5173 5117 
3 235 3341 2277 3 27 3516 2111 3 3365 3798 1450 3 3410 4726 1325 3 253 3929 3193 
3 3369 5600 2063 3 3157 3557 3556 3 1516 3878 3876 3 3373 3415 2306 3 2291 3507 3482 
3 188 3263 187 3 2114 4463 3457 3 556 3888 3498 3 1963 4843 4259 3 2111 3516 3213 
3 3226 5464 4178 3 4183 5589 3254 3 3129 3473 1525 3 259 5779 3764 3 3170 5134 4024 
3 3394 5336 3917 3 3581 5483 2471 3 2328 3369 2063 3 5173 5442 3402 3 3254 4594 4183 
3 1872 4294 2210 3 1784 4304 3389 3 2659 3765 3673 3 3867 5254 3327 3 2708 3581 2471 
3 3957 4477 2621 3 3619 4155 4154 3 5110 5200 3153 3 3439 5480 719 3 5308 5562 3376 
3 3059 4996 3627 3 2534 3843 3404 3 1017 3625 704 3 3944 4974 2634 3 4266 5371 150 
3 259 58 260 3 2621 5341 3957 3 1507 4852 3816 3 1037 2296 84 3 127 3432 942 
3 1629 3572 3570 3 3746 5247 1933 3 3157 5361 3557 3 3851 5442 5173 3 1525 3777 505 
3 3262 5247 3746 3 2484 4462 3429 3 3481 5423 2641 3 3914 3915 1975 3 2838 4595 3750 
3 3375 3458 3184 3 3554 3900 2355 3 4293 4967 2548 3 260 5779 259 3 2356 5082 3632 
3 4521 4717 3205 3 3534 3683 3566 3 4268 4961 4267 3 3494 3545 2570 3 5401 5525 3358 
3 4180 5461 4016 3 3406 5371 4266 3 3469 5113 2361 3 3404 5676 2534 3 3327 5254 5024 
3 3491 3795 3794 3 5009 5282 3819 3 940 4539 3953 3 4321 5101 3236 3 3498 3863 556 
3 3816 4852 3817 3 3532 5085 3399 3 3641 3642 2385 3 3464 4365 757 3 2566 3456 126 
3 1041 5184 3632 3 3629 5389 3628 3 2283 4623 4532 3 940 3953 3521 3 2480 3835 2219 
3 1450 3797 3365 3 3364 5460 1213 3 4178 5464 2852 3 2610 3052 1073 3 143 5367 3117 
3 1367 3574 3468 3 1897 4993 3637 3 125 3456 124 3 16 2610 1073 3 1992 3845 3844 
3 2405 3694 3693 3 223 3795 865 3 3700 4726 3410 3 3052 4953 1075 3 2534 3518 209 
3 2955 5053 4829 3 3035 5193 3973 3 2405 5266 3694 3 4857 5291 3161 3 1085 3798 1022 
3 3825 4973 2153 3 2130 4716 3639 3 4024 5134 4485 3 2382 3535 308 3 308 3535 307 
3 76 3608 75 3 3799 3800 3668 3 1992 5257 3845 3 1251 3916 1382 3 3704 4544 312 
3 3727 3728 2569 3 4050 4051 3300 3 2015 3709 215 3 3170 3901 3114 3 3537 5156 3078 
3 3214 5324 4049 3 3441 3801 2152 3 3596 3723 2715 3 1685 5444 3994 3 3311 4836 3720 
3 2170 5190 5018 3 3141 5200 5110 3 121 5390 120 3 3960 4595 2838 3 3628 5389 2784 
3 3618 4155 3619 3 3341 3342 2277 3 2399 4891 4047 3 3929 5880 3193 3 1141 3688 277 
3 2379 4826 3418 3 4552 5365 3844 3 4531 4532 932 3 1520 3839 3729 3 1169 4634 3877 
3 3650 5855 1996 3 559 4169 3563 3 4047 4049 2399 3 1561 4155 3618 3 4812 4906 1880 
3 1367 3468 1131 3 1441 3683 3534 3 2659 5334 3765 3 3311 5438 4836 3 1952 5526 3413 
3 3745 5286 3813 3 2625 3548 3421 3 3201 3698 3517 3 1897 3637 1899 3 2953 4552 3844 
3 1996 3533 1670 3 1552 4971 4952 3 757 4513 3464 3 3729 3838 1520 3 3845 4421 2316 
3 1516 3876 3677 3 3494 5515 3545 3 3877 4711 1169 3 3428 5851 3582 3 4154 4156 3619 
3 3654 5894 4667 3 1263 3685 1127 3 3922 5199 2615 3 3670 5009 3819 3 3994 4990 1685 
3 2648 5250 5167 3 3117 4766 143 3 2612 5461 4180 3 3522 4011 728 3 3917 5336 1923 
3 3973 5185 3035 3 1213 5152 3364 3 1669 5143 51 3 2631 4717 4521 3 1094 4595 3960 
3 3921 5199 3922 3 2931 5801 3853 3 3183 5387 3182 3 3300 4052 4050 3 4866 5474 3233 
3 5034 5206 3492 3 3668 3800 2682 3 5562 5671 3376 3 120 10 121 3 3493 3778 1201 
3 3421 3549 2625 3 3993 5110 3153 3 1353 5005 3707 3 909 3773 456 3 2236 3412 3411 
3 3415 5063 2306 3 124 12 125 3 3877 4980 4711 3 3418 3702 2379 3 3482 3508 2291 
3 3728 3729 2569 3 3913 5177 2866 3 3829 4360 874 3 1781 5141 4226 3 3041 5154 5084 
3 704 3625 666 3 3314 4664 3689 3 3632 5184 4270 3 3161 5291 2427 3 3542 5354 5284 
3 3488 3490 1961 3 2363 3862 3499 3 3540 3541 1857 3 2286 4294 1872 3 3793 3795 224 
3 312 87 313 3 3654 4667 1062 3 5084 5154 3864 3 2931 3853 3382 3 4952 4971 3395 
3 2114 5425 4463 3 4186 5540 2123 3 3565 3685 1263 3 3454 3576 859 3 1826 5206 5034 
3 3642 4922 2385 3 2383 5525 5401 3 2048 5255 3332 3 1793 4226 4224 3 127 5816 3432 
3 3228 4360 3829 3 3813 5040 3029 3 5343 5352 2522 3 1382 3916 1543 3 3338 5675 3827 
3 2842 4157 2592 3 3473 3474 1525 3 3466 4214 1811 3 3878 4980 3877 3 126 3456 125 
3 252 5654 251 3 3420 3705 2770 3 3102 4186 2123 3 76 5052 3608 3 719 5480 258 
3 3459 4707 1381 3 3491 5351 3795 3 1094 5240 4595 3 3806 5352 5343 3 196 3699 195 
3 3813 5286 2964 3 5167 5250 3552 3 4226 4433 1781 3 3170 5353 3901 3 3627 4996 2988 
3 2393 4820 3758 3 298 910 81 3 1793 5388 4226 3 1390 3562 3561 3 2784 5280 3628 
3 2940 5386 5316 3 1702 5000 3708 3 2534 5035 3518 3 3639 4716 3095 3 4922 5611 3896 
3 3456 5526 124 3 2252 3549 2655 3 3898 4882 4808 3 2957 4779 4737 3 2472 3528 3188 
3 2886 3474 2885 3 2978 4361 4242 3 2770 3953 3420 3 4267 4961 2090 3 3522 4012 4011 
3 3236 5341 4321 3 285 4977 284 3 3827 4773 3338 3 4 3039 3 3 3618 3620 1561 
3 3685 5328 3372 3 4242 4361 4243 3 3129 5818 3473 3 1961 3598 3488 3 2570 3546 3494 
3 3149 4974 3944 3 3707 5005 3706 3 5103 5142 3164 3 4532 5603 2283 3 2140 3569 1959 
3 4203 4426 4205 3 1450 3798 1085 3 2862 4868 2863 3 3409 4037 2236 3 2677 3723 3596 
3 3033 5016 4703 3 5316 5386 3336 3 3642 5611 4922 3 1972 3666 3647 3 2826 3840 3155 
3 3664 4638 2844 3 1584 3635 1586 3 4204 4206 1453 3 5284 5354 2396 3 3183 5399 5387 
3 3413 5289 1952 3 3088 3889 3805 3 3002 4768 4301 3 3951 4184 3076 3 292 5787 77 
3 505 3777 503 3 356 4156 354 3 187 30 188 3 2794 3792 3791 3 1073 3052 1075 
3 3918 5830 3606 3 3780 4800 3672 3 2825 3840 2826 3 3657 3685 3372 3 2700 5126 3631 
3 2288 5348 3519 3 1874 5408 5327 3 3370 5439 1358 3 4703 5068 3033 3 3530 3929 2421 
3 3616 4310 2777 3 3588 5618 3328 3 184 4850 3516 3 3499 4868 2363 3 1209 3590 1656 
3 4078 5197 3065 3 4037 5095 2235 3 2715 3723 3500 3 1629 5478 3572 3 1996 5099 3533 
3 733 3838 735 3 124 5526 123 3 2118 3593 3558 3 2964 5040 3813 3 3319 5483 3581 
3 2627 3579 3547 3 2641 5423 3365 3 462 3717 464 3 232 231 46 3 4294 5085 3532 
3 4634 5211 3970 3 3805 3889 2869 3 3521 3954 940 3 4259 4843 3225 3 3389 4216 1784 
3 2288 3519 299 3 1783 5778 3462 3 3767 4732 3127 3 1322 4292 1319 3 3530 5880 3929 
3 3541 3625 1857 3 3689 4664 1454 3 4253 4360 3228 3 2039 3918 3606 3 3900 4751 2355 
3 5173 5828 96 3 2623 3648 3599 3 3582 5851 1710 3 3186 4800 3780 3 2048 3332 26 
3 246 4052 245 3 2985 5063 3416 3 3987 4916 946 3 3882 5403 2671 3 4049 5324 2399 
3 3429 4462 3073 3 3516 4850 3213 3 2421 4982 3530 3 1367 5604 3574 3 3509 4267 2090 
3 3627 5135 3059 3 1953 3529 3007 3 2899 5277 3503 3 890 5194 3986 3 1037 2297 2296 
3 3708 5000 3639 3 3986 5436 890 3 5491 5578 2798 3 158 5719 157 3 1731 3566 3523 
3 215 3709 42 3 2955 5317 5053 3 4079 4420 2465 3 2098 3757 3756 3 3620 3634 1561 
3 2574 3588 3328 3 1169 5211 4634 3 574 3710 572 3 2093 5567 3364 3 5018 5190 3206 
3 4799 5423 2250 3 3839 3923 2723 3 1435 3755 1844 3 2208 4807 3730 3 1964 3568 3560 
3 3637 4993 3124 3 285 70 71 3 2641 4927 3481 3 2361 5557 3469 3 2297 3817 2296 
3 3517 3699 2900 3 3840 5604 1367 3 4554 5661 2173 3 3710 4094 572 3 3613 4701 1869 
3 3199 4784 4751 3 2719 3884 3759 3 2193 4194 2577 3 3228 4878 4253 3 2750 5856 3547 
3 3474 3777 1525 3 1193 3546 1195 3 3676 4898 3677 3 3943 5187 3942 3 3030 5635 4451 
3 4642 5437 3304 3 5183 5474 85 3 49 3341 235 3 1857 3625 1017 3 312 4544 311 
3 2928 4039 2228 3 3389 4304 3057 3 3677 4898 1516 3 2625 3549 2252 3 3233 5544 4866 
3 2117 3593 2118 3 4824 5262 3475 3 859 5127 3454 3 1811 4603 3466 3 1880 4906 3759 
3 1195 3546 1203 3 4451 5151 3030 3 3271 3835 2480 3 3364 5152 2093 3 2291 5067 3507 
3 3419 5894 3654 3 2937 5590 3487 3 3758 4820 3756 3 1441 3534 1103 3 3845 4471 3072 
3 3565 5328 3685 3 90 1335 317 3 5528 5579 1908 3 4134 5542 5208 3 5327 5408 3195 
3 4038 4039 2928 3 1375 4088 3692 3 3503 3614 2899 3 2266 3832 3485 3 1358 5668 3370 
3 3461 5176 4665 3 3485 3833 2266 3 891 3954 880 3 1117 4732 3767 3 3702 4830 2379 
3 3759 3884 1880 3 2922 4973 3825 3 3711 5038 3005 3 456 3773 447 3 3518 5035 3353 
3 3919 4877 3921 3 4247 5579 5528 3 3566 5342 3534 3 4521 4848 3902 3 1174 3648 2623 
3 3502 5091 1455 3 3609 3610 2373 3 5176 5580 4665 3 2098 3756 3755 3 3416 5606 2985 
3 3953 4539 3420 3 3669 3671 2213 3 4794 4886 3591 3 2559 4294 3532 3 1838 4886 4794 
3 2747 4831 3646 3 63 3097 1503 3 3475 5262 3777 3 1844 3630 2109 3 3239 5431 5185 
3 4371 5177 3913 3 1201 3778 1191 3 3483 5137 2479 3 2548 4835 4293 3 4132 5453 5074 
3 3458 5439 3184 3 2001 3728 3726 3 5208 5542 1506 3 3469 5305 5113 3 3671 3672 2213 
3 3176 5225 3601 3 4323 5572 5179 3 1141 5586 3688 3 559 4923 4169 3 1159 5628 5086 
3 2479 5669 3483 3 2348 4038 3882 3 322 5340 3539 3 3097 3260 1503 3 2695 3947 3177 
3 1325 5633 3410 3 3417 4982 2421 3 4824 5166 1055 3 4301 5090 3002 3 5355 5508 708 
3 3202 4805 3961 3 3212 5314 3551 3 2885 3474 3473 3 1062 4941 3654 3 2421 5298 3417 
3 3193 5654 252 3 3352 3709 2015 3 4959 5357 4616 3 2983 5129 3515 3 56 3929 253 
3 3523 3539 1731 3 2457 3622 3621 3 3881 5403 3882 3 2133 5499 5238 3 4903 5060 3306 
3 3921 4877 2975 3 1601 3699 196 3 5181 5361 3237 3 1844 3755 3630 3 3850 3851 3650 
3 4737 5593 2957 3 3589 5618 3588 3 3558 5504 5046 3 1672 3650 1996 3 2995 5174 1335 
3 3260 3583 2985 3 57 719 258 3 2592 4157 3252 3 5593 5605 3090 3 3138 3150 2668 
3 2152 5114 3441 3 1670 3533 1660 3 2551 5272 3487 3 183 3516 182 3 1455 5590 3502 
3 3076 5483 4975 3 3403 5576 3624 3 3947 4174 3177 3 225 3793 224 3 3819 5433 3780 
3 3532 3997 2559 3 3487 5272 2937 3 4310 5636 2777 3 3585 5387 5309 3 3666 5015 3647 
3 3078 5495 3537 3 251 55 252 3 4182 5269 2582 3 3539 4897 322 3 73 4023 2800 
3 4259 5711 1963 3 3538 5248 3467 3 1206 3590 1209 3 3155 3840 3597 3 2472 3188 2598 
3 5179 5572 3442 3 310 86 311 3 3560 3661 1964 3 3757 3857 2719 3 3730 5678 2208 
3 3064 5095 4037 3 3276 4856 3277 3 3452 3453 2535 3 73 4937 4023 3 3263 5489 187 
3 3698 3699 3517 3 2457 3621 1183 3 2726 5071 5017 3 5314 5411 3551 3 2974 5345 4025 
3 2098 3755 1435 3 2228 4039 3527 3 74 3617 73 3 3601 5013 3176 3 3621 5693 3807 
3 3791 3792 513 3 2582 5322 4182 3 3629 4678 3234 3 4912 5310 3275 3 4957 4958 2365 
3 3835 5047 2219 3 932 5482 4531 3 2627 3580 3579 3 3353 4504 3518 3 3537 5873 5156 
3 277 3688 276 3 3635 5882 1586 3 3948 4733 3569 3 1114 3638 1118 3 1966 3672 1968 
3 3817 4871 2296 3 2210 4294 2559 3 2468 5540 5290 3 5323 5359 626 3 237 3949 50 
3 2938 4990 3994 3 1744 4734 4499 3 1975 4932 3914 3 210 3843 2534 3 3915 5531 1975 
3 3340 5123 5086 3 2633 4269 3600 3 2059 2472 2058 3 4829 5053 2654 3 3003 4906 4812 
3 2928 5153 4038 3 2534 5676 5035 3 3501 5636 5297 3 3511 4259 3225 3 1862 2058 1861 
3 1570 5527 3512 3 1565 5142 5103 3 2535 5737 3452 3 157 20 158 3 1065 5293 5198 
3 2886 3475 3474 3 182 3516 27 3 3599 3649 2623 3 2135 3676 3675 3 4051 4700 3300 
3 5191 5203 3707 3 314 1497 88 3 273 5275 2631 3 614 5263 3434 3 3631 5126 3633 
3 3969 3970 2320 3 4206 5625 1453 3 1584 5804 3635 3 3887 4830 3702 3 3434 5609 614 
3 3574 5178 2512 3 1096 3674 1019 3 3413 5526 4889 3 2090 4422 3509 3 2800 4023 3515 
3 5198 5293 4597 3 71 4977 285 3 5297 5636 1977 3 5062 5605 5593 3 309 5695 85 
3 4203 5637 4426 3 3636 5123 3340 3 4501 4963 4223 3 3478 5566 1944 3 4939 5417 2107 
3 3663 3664 656 3 3414 5657 5648 3 4751 4784 2158 3 290 3609 2373 3 3622 5693 3621 
3 1857 3674 3540 3 2190 4256 3513 3 5648 5657 2681 3 3926 4792 3928 3 2607 3657 3372 
3 195 3699 3698 3 123 1952 11 3 823 4563 3350 3 3175 4998 4990 3 3699 5277 2900 
3 1319 4292 1887 3 2226 4142 2680 3 947 3717 3553 3 700 5038 3711 3 599 5433 3819 
3 4501 5426 2526 3 3212 5151 4451 3 2625 3550 3548 3 3306 5060 3084 3 4153 5027 1454 
3 2844 5454 3664 3 3990 4941 1062 3 3640 4554 2716 3 2551 5562 5272 3 1381 5812 3459 
3 3580 4966 1213 3 3508 5508 5355 3 517 3785 515 3 2719 3759 3757 3 5404 5438 3311 
3 3710 5191 3707 3 972 4053 918 3 216 823 43 3 3723 5564 3500 3 940 3954 891 
3 1676 3718 3584 3 3763 4018 4017 3 464 3717 947 3 261 1557 59 3 5248 5384 3467 
3 1725 5179 3442 3 3477 4704 1826 3 2543 3865 3262 3 1503 3260 2985 3 1335 5174 317 
3 5046 5504 3386 3 85 5695 5183 3 3065 5621 4078 3 4856 5406 3277 3 4990 4998 1685 
3 2924 4848 4521 3 728 4333 3522 3 3399 5085 3400 3 1988 4868 3651 3 1578 1583 1579 
3 1049 3627 2988 3 1959 3569 1964 3 3673 3765 2827 3 1516 5843 3878 3 3942 5187 2035 
3 1874 5327 1201 3 2526 5426 5395 3 3846 5057 2731 3 2039 3606 3603 3 3989 4916 3987 
3 3270 5512 5449 3 3623 4213 2850 3 184 3516 183 3 209 3518 40 3 4975 5483 3319 
3 2853 5162 4419 3 2086 4961 4273 3 3605 5564 3723 3 1520 3838 733 3 3790 3791 513 
3 3526 5757 3380 3 3609 3612 3610 3 2861 5830 3918 3 1860 1862 1861 3 3748 4292 1322 
3 266 3761 471 3 1909 3822 3696 3 2117 3594 3593 3 3032 5101 4321 3 953 5065 3691 
3 1099 4156 356 3 4574 5399 5241 3 5084 5380 3041 3 2708 5785 3581 3 2387 5437 4642 
3 2623 3773 909 3 5074 5453 1619 3 3517 5265 3201 3 4050 4052 246 3 245 4052 950 
3 3631 3633 2356 3 1576 1578 1577 3 2382 4866 3535 3 2631 5275 4717 3 5238 5499 4080 
3 4451 5314 3212 3 216 4563 823 3 1674 3850 3650 3 3099 5685 5473 3 144 5367 143 
3 3327 5024 1710 3 1154 4902 4606 3 4463 5792 3457 3 3239 5185 47 3 3775 5073 1539 
3 3814 5167 3552 3 1860 1861 1720 3 896 3681 3680 3 3449 5207 3450 3 1127 3685 1125 
3 3529 3530 3007 3 1789 3588 2574 3 16 669 141 3 51 5143 237 3 4584 5258 4795 
3 5103 5548 1241 3 5086 5628 3340 3 3763 4019 4018 3 2140 3948 3569 3 3347 5380 5084 
3 1869 5767 3613 3 5290 5540 3383 3 3147 5515 3494 3 5066 5287 4458 3 4273 5827 2086 
3 5449 5512 1044 3 1454 5027 3689 3 5161 5214 957 3 1862 3946 2060 3 3383 5540 4186 
3 4924 5271 2987 3 2905 5012 4885 3 3630 3749 2109 3 3928 4792 2504 3 1676 3717 462 
3 1862 2059 2058 3 3798 5423 4799 3 3442 5742 1725 3 3486 3833 3485 3 896 3680 137 
3 5473 5685 3423 3 117 3471 8 3 2703 5792 4463 3 3967 5842 3615 3 3948 5728 4733 
3 3611 5537 4937 3 3403 5660 5576 3 311 4544 310 3 4105 5214 5161 3 3299 5276 3298 
3 63 1502 274 3 3343 5801 2931 3 3373 5854 3415 3 68 3514 282 3 3690 5099 1996 
3 4273 4961 4268 3 3473 5818 3828 3 4776 5054 3910 3 3113 5172 4237 3 3619 4157 2842 
3 3510 4581 3067 3 4007 4008 2217 3 2363 4847 3862 3 2577 4194 3416 3 2788 4351 4158 
3 182 28 183 3 83 3582 304 3 3429 4945 2484 3 3865 5247 3262 3 4734 5663 4499 
3 5192 5496 1911 3 3547 5856 3660 3 3675 3996 2135 3 5207 5332 3450 3 4295 5208 1506 
3 3546 3778 3494 3 1131 3468 1129 3 1390 4813 3562 3 3795 5351 865 3 3743 3744 3742 
3 3860 4231 3863 3 3582 4981 3428 3 2669 3138 2668 3 735 3838 2001 3 2850 4214 3623 
3 1964 3569 3568 3 2193 4570 4194 3 3375 5860 3458 3 3798 4799 1022 3 3515 4023 2983 
3 4025 5345 4026 3 1026 4603 1029 3 2135 3785 3676 3 1826 5034 3477 3 289 3617 74 
3 1112 3638 1114 3 976 4010 974 3 910 1350 81 3 4808 4882 2506 3 2716 4553 3640 
3 5150 5432 342 3 1576 5887 4729 3 4007 4887 4006 3 3761 5736 3549 3 5116 5117 96 
3 3584 3717 1676 3 1944 5887 3478 3 3505 5293 1065 3 157 5719 3543 3 2153 3674 1096 
3 1213 5460 3580 3 5307 5434 3422 3 3076 4975 3951 3 1539 5073 3470 3 3804 4676 3718 
3 5725 5821 2633 3 2306 5063 3583 3 1749 3959 779 3 3039 5288 3 3 64 3687 275 
3 54 3529 1953 3 1121 3657 2607 3 5048 5406 3269 3 4883 5207 3449 3 1506 5283 4295 
3 3182 5387 3585 3 5003 5195 3103 3 3591 4607 1153 3 1193 3778 3546 3 2990 5188 3525 
3 2654 3736 841 3 3603 3752 2039 3 5153 5366 727 3 4160 4225 3578 3 3449 5861 4883 
3 2059 3528 2472 3 3139 3140 3138 3 7 331 330 3 4389 5543 3256 3 3525 5662 2990 
3 3681 5506 2971 3 1572 1576 1574 3 3040 3244 88 3 2582 5269 3479 3 3882 5372 2348 
3 3480 5412 1851 3 354 4156 4154 3 4237 5769 3113 3 1065 5222 3505 3 3451 5737 3180 
3 3492 5206 865 3 4685 5417 4939 3 3558 5046 2118 3 3479 5236 2582 3 3441 4326 3801 
3 2986 3662 3661 3 375 3634 378 3 5276 5706 3298 3 3736 5778 1783 3 942 1176 1175 
3 409 5574 3396 3 1103 3534 94 3 1719 1720 1583 3 2001 3838 3728 3 335 4087 337 
3 415 5248 3538 3 3348 3351 2015 3 3376 5627 5308 3 3181 4615 4607 3 3970 4053 2320 
3 5145 5305 2993 3 4419 5162 3207 3 3475 5166 4824 3 237 5143 3949 3 1672 1996 1670 
3 1313 4184 3951 3 1381 4707 3871 3 991 4320 1102 3 2213 3672 1966 3 3464 4513 3465 
3 3063 5319 3331 3 3396 5640 409 3 3805 5578 5491 3 2881 5310 4912 3 4102 4585 2041 
3 3763 4017 3762 3 4054 5255 2048 3 3256 5644 4389 3 3510 5337 4581 3 3237 5361 3157 
3 2702 5037 3997 3 120 5390 3472 3 47 3266 232 3 63 1503 1502 3 168 5303 656 
3 2844 4638 3956 3 4250 4700 4051 3 4008 4290 2217 3 4836 5438 2499 3 331 333 332 
3 2173 5498 4554 3 4070 5438 5404 3 3180 5414 3451 3 3590 4854 1656 3 1860 3946 1862 
3 1710 5851 3327 3 3327 5487 3867 3 1181 1182 1180 3 3095 4716 3986 3 1190 3807 1874 
3 3463 4896 2584 3 284 4977 283 3 4532 5331 932 3 2746 3721 3443 3 823 3348 43 
3 3640 5661 4554 3 409 3656 262 3 3437 4214 3466 3 4761 5007 3116 3 3679 5889 2908 
3 3494 3778 3493 3 5395 5529 2526 3 2355 5580 3554 3 1203 3546 2570 3 3824 3825 2153 
3 1871 3732 2286 3 3728 3838 3729 3 3462 5135 1783 3 3596 3855 2677 3 3715 5059 4515 
3 1187 3807 1190 3 3932 5529 5395 3 2662 5511 3825 3 1661 5110 3993 3 3651 4868 2862 
3 1669 5524 5143 3 919 5563 3559 3 2730 3707 3706 3 4142 4143 2680 3 1181 3906 1713 
3 3538 5775 415 3 3767 5527 1570 3 2863 4868 3499 3 1658 1660 1659 3 4544 5695 310 
3 3495 5281 2992 3 45 520 519 3 3235 5596 4804 3 2823 3817 2297 3 3159 5366 5153 
3 43 3348 2015 3 4469 4669 4355 3 1272 5028 4908 3 1129 1263 1127 3 3559 5581 3215 
3 3188 3401 2598 3 2743 5485 3764 3 1851 5571 3480 3 3714 3715 2651 3 143 4766 17 
3 3633 5359 5323 3 2634 5420 3944 3 2160 5842 3967 3 656 3721 3663 3 2569 5004 3727 
3 1251 4938 3916 3 1183 3621 1182 3 1190 1201 1191 3 2248 4954 2013 3 3762 4017 1949 
3 1019 3674 1857 3 4903 5030 1487 3 3862 4847 3861 3 130 3695 839 3 2213 4727 3669 
3 4571 5548 5103 3 2970 5057 3846 3 3547 5321 2750 3 2668 3369 2328 3 15 2784 140 
3 3623 4432 4213 3 5241 5399 3183 3 1561 3634 375 3 1859 1860 1720 3 3468 3564 1263 
3 2330 2668 2328 3 3225 5079 3511 3 3070 4801 3694 3 4804 5378 3235 3 1176 1178 1177 
3 5563 5581 3559 3 918 4053 736 3 1178 1180 1179 3 310 5695 309 3 4080 5197 4078 
3 5439 5602 1358 3 3672 4800 1968 3 3820 3996 3675 3 1133 1367 1131 3 3052 5301 4953 
3 2528 4963 4501 3 4833 5055 2460 3 3559 5659 919 3 1539 3784 3775 3 1701 5656 5411 
3 1129 3468 1263 3 3556 5883 3157 3 3381 5757 5239 3 5239 5435 3381 3 592 3785 517 
3 4852 4871 3817 3 2566 4889 3456 3 4136 4143 4142 3 2107 5417 5299 3 1322 4661 3748 
3 4321 5341 2621 3 2376 4676 3804 3 5117 5173 96 3 3782 4051 557 3 953 3691 315 
3 426 3871 429 3 865 5351 3492 3 841 3736 923 3 2686 5755 5722 3 3380 5446 3526 
3 3732 4240 2286 3 1234 4087 335 3 816 3887 1369 3 2973 5509 5065 3 1931 5660 3403 
3 953 4767 3653 3 3467 5384 1764 3 2963 5286 3911 3 4908 5028 4008 3 1518 4910 1762 
3 3769 4225 4160 3 3794 5256 3491 3 1570 3512 1572 3 3333 5502 4628 3 777 5022 775 
3 2225 4142 2226 3 3460 5745 2255 3 4628 5587 3333 3 276 3687 64 3 2125 4913 4313 
3 1187 1190 1189 3 3368 5412 3480 3 1549 3661 2065 3 2465 5238 4079 3 4805 5650 3961 
3 1636 4750 3598 3 3514 3515 2169 3 4334 5339 5231 3 5231 5339 3098 3 2098 3857 3757 
3 3714 4904 3715 3 4057 4064 4058 3 283 69 284 3 2061 3528 2059 3 507 3996 3820 
3 3718 4676 3584 3 5722 5755 3550 3 1660 3533 1661 3 5017 5071 3667 3 3028 5441 4092 
3 226 3790 513 3 3739 3740 3738 3 3600 5725 2633 3 814 3887 816 3 3632 5082 1041 
3 2957 4928 4779 3 3490 4832 1961 3 2633 5821 3992 3 1578 1719 1583 3 4427 4955 2918 
3 1190 1191 1189 3 4701 5044 1869 3 4213 4432 1914 3 110 5620 6 3 2662 5680 5511 
3 3570 5100 1629 3 5411 5656 3551 3 2255 5771 3460 3 3598 4750 3360 3 3991 4740 9 
3 515 3785 2135 3 1264 4141 4138 3 1576 1577 1574 3 1581 3666 1972 3 3513 5358 2190 
3 5294 5669 4058 3 3863 4231 556 3 3388 5271 4924 3 884 4064 4059 3 1884 4684 4299 
3 1764 5484 3467 3 3611 4937 3617 3 2730 3706 2413 3 3071 5357 4959 3 644 4299 4139 
3 3452 5737 3451 3 194 3698 3201 3 3636 5161 957 3 583 3892 2706 3 2584 5333 3463 
3 4861 5482 932 3 3401 3402 3158 3 656 5303 3721 3 471 3761 3421 3 227 3790 226 
3 4086 4087 1234 3 4011 4012 1829 3 629 4141 1264 3 2153 4973 3674 3 114 3747 2093 
3 7 330 115 3 1181 1183 1182 3 1178 3906 1181 3 2484 3753 1940 3 3653 5065 953 
3 1945 3398 292 3 1375 5126 4088 3 3078 3749 2976 3 2460 4838 4833 3 631 4141 629 
3 4607 4615 1153 3 4355 4447 1274 3 2850 4652 4214 3 2217 4887 4007 3 3726 4093 2001 
3 3724 3730 2632 3 1886 4792 3926 3 4406 5404 3209 3 3697 3703 2785 3 1178 1181 1180 
3 3488 3598 3360 3 5053 5317 3259 3 1203 1205 1204 3 2992 5747 3495 3 1512 4942 1345 
3 307 3535 1037 3 3306 5030 4903 3 2986 4158 3662 3 513 3793 225 3 32 2827 191 
3 267 3761 266 3 1040 5022 3667 3 45 519 229 3 3365 3797 2816 3 3986 5194 3095 
3 5273 5360 997 3 4004 4892 4003 3 2679 3703 3697 3 3553 5167 947 3 7 1892 331 
3 3528 5045 3188 3 3368 5736 3761 3 1964 3661 1549 3 5587 5785 3455 3 4833 4838 3954 
3 4137 4142 2225 3 232 5405 231 3 4138 4144 1264 3 5740 5801 3626 3 4773 5094 3338 
3 917 4093 970 3 1153 4794 3591 3 1393 4565 1246 3 2857 3868 3660 3 4214 4652 1811 
3 3480 5736 3368 3 3561 5687 1390 3 313 3704 312 3 5099 5110 3533 3 1578 1579 1577 
3 3464 5536 4365 3 1720 3496 1583 3 3660 4989 2857 3 2536 5054 4776 3 3102 4187 4186 
3 4355 4669 4447 3 2188 5256 4735 3 2807 4585 4102 3 4571 5103 3164 3 3624 5302 3316 
3 5750 5830 3712 3 266 471 61 3 2976 3749 3630 3 2225 4148 4137 3 110 4966 4568 
3 4059 4063 884 3 4101 4873 4795 3 1120 1121 1119 3 1674 3650 1672 3 4102 4873 4101 
3 3737 3739 3738 3 3621 3807 1185 3 3733 4532 4531 3 2323 3739 3737 3 573 3776 3100 
3 4004 4929 4892 3 2382 5474 4866 3 1949 4331 3762 3 2866 5029 3913 3 564 5037 2702 
3 3622 5788 5408 3 1182 1185 1184 3 4958 5762 2365 3 1497 3040 88 3 1274 4447 3830 
3 228 3714 2651 3 3595 3959 2642 3 3199 4751 3900 3 4515 5577 3715 3 3300 5706 4052 
3 561 3776 573 3 3038 4662 4368 3 1886 3926 3924 3 1177 4026 1325 3 3830 4364 1274 
3 3623 4214 3437 3 2170 5018 3889 3 3626 5801 3343 3 974 4010 2320 3 1176 1177 1175 
3 1381 3871 426 3 1909 5667 3822 3 3515 5418 2800 3 1797 3724 2632 3 4019 5699 2261 
3 2575 3963 2660 3 3204 5287 5066 3 3115 4845 3903 3 3466 5218 3438 3 2570 3544 1205 
3 3133 4364 3830 3 655 3779 589 3 507 3820 3129 3 4092 5494 3028 3 2721 3823 3786 
3 4299 4684 4139 3 3081 5169 5159 3 921 4320 991 3 1942 3868 2237 3 2566 4726 3700 
3 1205 3590 1206 3 3784 4663 3775 3 286 3307 71 3 5299 5417 3296 3 429 3871 3866 
3 913 4331 1949 3 2381 5326 4235 3 3499 3863 3498 3 1591 3974 3766 3 942 1175 13 
3 3730 3731 2632 3 1240 5397 4135 3 1656 1658 1657 3 2794 5607 3792 3 3549 5736 2655 
3 571 4094 1480 3 2864 5491 2798 3 3038 4313 3686 3 4031 4032 2919 3 2652 5434 5307 
3 3771 5336 3394 3 3363 5012 2905 3 3457 5610 2114 3 572 4094 571 3 211 3843 210 
3 683 4290 398 3 1114 1116 1115 3 2788 4158 2986 3 4177 4603 1026 3 5408 5693 3622 
3 3908 4086 1234 3 936 4997 4950 3 5773 5833 4173 3 1441 3684 3683 3 3358 5525 3477 
3 2320 4053 972 3 4173 5833 4456 3 1185 1187 1186 3 2169 3781 281 3 3298 5706 3300 
3 3892 3911 2706 3 2323 3737 2301 3 1662 1670 1660 3 3786 3823 2821 3 2706 3745 585 
3 1112 1114 1113 3 4334 4763 2891 3 3593 3595 2642 3 3552 5656 3814 3 155 4269 2633 
3 3758 5690 2393 3 3438 5218 5210 3 205 3719 2152 3 62 4030 270 3 2900 5277 2899 
3 2031 3872 2028 3 32 3041 2827 3 1931 5794 5546 3 1487 5030 3655 3 212 3843 211 
3 5092 5383 2981 3 2460 5055 2920 3 1583 1584 1579 3 2679 4475 3703 3 111 4966 110 
3 409 5318 3656 3 3150 5045 3369 3 2019 4909 2776 3 93 5340 322 3 2918 4031 2919 
3 1246 4565 1455 3 3333 5587 3455 3 5042 5361 1567 3 3178 5360 5273 3 1572 3512 1576 
3 3991 5519 3043 3 2777 5636 3501 3 1174 4790 3648 3 779 3959 777 3 4384 4559 1989 
3 3680 5889 3679 3 3751 4298 1759 3 2658 5026 3678 3 2598 3401 3158 3 1287 3824 2153 
3 4393 4671 3080 3 2777 4921 3616 3 3827 5675 1716 3 3601 5225 1873 3 3331 5319 4834 
3 1203 2570 1205 3 212 211 41 3 3496 5804 1583 3 318 5145 91 3 3634 4695 378 
3 2642 3959 1749 3 1187 1189 1188 3 1498 4376 3720 3 471 2736 61 3 2574 2646 2575 
3 2512 5835 3574 3 1125 3685 3657 3 1118 1119 1116 3 3486 5585 3833 3 2307 3850 1865 
3 3671 3819 3780 3 16 1073 669 3 2807 4102 4100 3 3881 3882 3880 3 1557 1644 59 
3 4707 4853 3804 3 3757 3758 3756 3 4024 5353 3170 3 5677 5719 2391 3 275 3687 3097 
3 2727 3743 2324 3 4346 4764 4348 3 4085 4876 2419 3 4125 4810 4342 3 1125 3657 1122 
3 3426 5496 5192 3 3169 5335 4182 3 1178 1179 1177 3 4984 5031 2543 3 3686 4662 3038 
3 3612 4701 3610 3 1586 3587 1588 3 2175 3768 2177 3 3796 4027 1758 3 1182 3621 1185 
3 2727 3744 3743 3 3328 3701 2646 3 5 480 109 3 3513 3811 3349 3 1197 5391 3624 
3 5721 5894 3870 3 3160 5205 3077 3 4082 4083 564 3 1004 3627 1049 3 2864 5195 5003 
3 3722 4966 3580 3 3664 5454 656 3 85 2382 308 3 4729 5887 1944 3 3816 3817 2823 
3 2785 4027 3697 3 4158 4351 2419 3 4182 5322 3169 3 3511 5839 3009 3 3399 3400 3398 
3 3954 4838 880 3 2723 5513 3839 3 4059 4064 4057 3 3234 5422 3629 3 4368 4662 1493 
3 3403 5794 1931 3 3520 3784 198 3 3426 5708 3427 3 2898 4635 3197 3 4383 4384 1989 
3 307 1037 84 3 5256 5607 4735 3 3138 5534 3150 3 2988 3589 3588 3 3431 5385 3906 
3 2706 5286 3745 3 2 5559 1 3 719 5733 3439 3 3839 5490 3923 3 3768 3770 3769 
3 1762 4910 4394 3 1578 4729 1719 3 3563 5626 559 3 4474 4870 4034 3 2028 3872 1883 
3 557 4257 3782 3 2543 5031 3865 3 2320 4010 3969 3 3782 4250 4051 3 4635 4689 3197 
3 3342 5501 4742 3 3029 5112 3813 3 1755 5393 5362 3 1121 2607 2426 3 4872 5553 5333 
3 3145 4298 3751 3 5065 5509 3691 3 957 5123 3636 3 4285 5547 5507 3 34 3698 194 
3 4285 5507 4642 3 3906 5848 3431 3 1589 4845 4789 3 1790 4461 4148 3 4226 5141 4225 
3 3141 5110 5099 3 3346 5432 5150 3 4556 5530 5476 3 1158 5278 67 3 534 3810 537 
3 2278 4671 4393 3 3712 5830 2861 3 4175 4851 3151 3 2808 4276 4171 3 3387 3974 1591 
3 5264 5266 3966 3 39 739 206 3 1914 4432 4060 3 2363 4868 1988 3 1201 5327 3493 
3 4904 5059 3715 3 4818 5061 3230 3 3822 5667 3257 3 4066 4411 2867 3 3601 5270 5013 
3 3638 5051 1118 3 270 4030 1851 3 3671 3780 3672 3 839 3789 129 3 3646 5550 2747 
3 1133 3597 1367 3 4245 5705 3367 3 280 1158 67 3 853 4877 3919 3 3505 5111 3872 
3 4387 4968 4862 3 4139 4342 644 3 1345 4010 976 3 5108 5144 3809 3 80 5892 296 
3 1122 3657 1121 3 5011 5041 4221 3 2451 3831 2813 3 2844 3956 3955 3 4100 4103 2807 
3 2730 4094 3710 3 4313 4913 3686 3 3036 5094 4773 3 1121 2426 1119 3 3314 5852 4664 
3 3791 5233 2794 3 1099 4157 4156 3 4187 4527 2436 3 3859 4231 3860 3 1 1909 986 
3 1126 1127 1125 3 3266 5185 3973 3 3160 5627 5205 3 4795 5258 4101 3 967 4230 726 
3 3879 3881 3880 3 1094 4771 927 3 1658 1662 1660 3 1936 3722 1938 3 3209 5462 4406 
3 1108 1109 1078 3 2819 4723 3924 3 4163 4809 4682 3 4038 5153 3880 3 3902 4848 4030 
3 5069 5121 4683 3 1077 1078 1076 3 296 4082 295 3 1195 1203 1197 3 1972 3647 3646 
3 1002 1783 1004 3 2398 5252 3147 3 3804 4853 2376 3 3785 4898 3676 3 1719 4729 1944 
3 722 3884 2719 3 3862 3863 3499 3 3557 5361 5042 3 3639 5000 2130 3 2648 5167 3553 
3 1191 3778 1193 3 85 5474 2382 3 3515 5129 2169 3 5410 5471 3330 3 1752 3854 345 
3 197 3784 1539 3 1238 4553 1093 3 4161 5130 4790 3 1789 2574 1947 3 2752 2753 2466 
3 1124 1125 1122 3 1272 4908 4003 3 3624 5576 1197 3 3222 4357 4162 3 995 4555 922 
3 923 3736 1002 3 1191 1193 1192 3 3694 5266 3070 3 2986 3661 3560 3 2730 3710 3707 
3 4958 5023 4920 3 1188 3713 3116 3 3624 5391 5302 3 357 5740 3626 3 3770 4224 3769 
3 2619 4888 3231 3 4993 5309 3124 3 564 2702 79 3 304 3582 1710 3 2646 3963 2575 
3 1029 4603 1811 3 15 5280 2784 3 1206 1209 1208 3 2607 3371 3126 3 3401 5173 3402 
3 3204 5311 5287 3 2420 5165 5015 3 4742 5613 3342 3 4135 5710 1240 3 1049 2988 1534 
3 2227 4598 4255 3 427 3955 2287 3 3482 3856 3508 3 1440 3824 1287 3 627 4145 624 
3 3579 5321 3547 3 1075 1076 1074 3 282 3514 2169 3 3372 3818 3371 3 198 3784 197 
3 4119 4342 4121 3 3454 5127 3692 3 3512 5887 1576 3 3116 5007 1202 3 1660 1661 1659 
3 1790 4167 4140 3 2237 3868 2857 3 2001 4093 917 3 3994 4991 2938 3 1467 5144 5108 
3 2373 3617 289 3 3081 5170 5169 3 3070 5266 5264 3 3230 5416 4818 3 922 4555 840 
3 1205 1206 1204 3 3555 4250 3782 3 2574 3328 2646 3 2288 5858 5348 3 1128 1129 1127 
3 3959 5022 777 3 300 3867 2288 3 2607 3372 3371 3 4088 5126 2700 3 3740 3741 3738 
3 1570 1572 1571 3 1637 5010 3602 3 1887 5798 3783 3 1769 5041 5011 3 1718 3752 2661 
3 575 577 576 3 3775 4663 2748 3 577 581 580 3 1385 3767 1570 3 4148 4461 4137 
3 3943 4319 1902 3 3661 3662 2065 3 2570 3545 3544 3 1182 1184 1180 3 1719 1859 1720 
3 3768 3769 2177 3 2918 4955 4031 3 3655 5033 1487 3 4003 4892 1272 3 4680 4753 3978 
3 468 3814 1701 3 573 575 574 3 178 2048 26 3 3828 5464 3226 3 98 3837 2508 
3 429 3866 448 3 1114 1118 1116 3 2013 2457 1183 3 2436 4188 4187 3 2929 4776 3910 
3 213 3843 212 3 3525 5188 4508 3 2929 3910 3909 3 1940 3753 1937 3 4140 4461 1790 
3 458 3802 460 3 3769 4160 2177 3 3921 3922 3920 3 3368 3761 267 3 39 740 739 
3 127 942 13 3 3851 5503 3650 3 1093 4553 2716 3 3405 4849 3406 3 35 1601 196 
3 2406 4753 4680 3 3960 4771 1094 3 1345 4942 4010 3 1203 1204 1197 3 1130 1131 1129 
3 3459 4853 4707 3 3203 5311 3204 3 1102 4320 1902 3 3991 5330 4740 3 3788 4485 2920 
3 36 3520 198 3 4235 5761 2381 3 1724 3881 3879 3 3079 3932 3931 3 4272 4431 4274 
3 520 522 521 3 970 4093 1699 3 130 839 129 3 1185 3807 1187 3 5259 5534 96 
3 901 3920 1655 3 1658 1659 1657 3 1109 1112 1111 3 1534 3588 1789 3 4937 5537 2984 
3 2012 3883 3407 3 4515 5585 3486 3 3979 4171 2122 3 1945 3399 3398 3 138 896 137 
3 3870 5894 3419 3 295 4082 564 3 3942 5215 3941 3 1109 2245 1112 3 3911 5645 2963 
3 3820 4631 3129 3 2063 5600 2061 3 1677 5617 3526 3 4293 5813 4967 3 3753 5261 480 
3 3543 5719 5677 3 1132 1133 1131 3 2177 4715 1980 3 4171 4276 2122 3 164 3955 427 
3 4341 4614 3849 3 136 3680 3679 3 3876 3877 3874 3 4074 4500 2196 3 4082 4084 4083 
3 493 3894 523 3 480 5261 109 3 2719 3857 1031 3 2235 5095 3135 3 3707 5203 1353 
3 3859 3860 2156 3 398 4290 390 3 45 1984 520 3 4274 4431 2433 3 3924 4723 1886 
3 3764 5485 5465 3 3888 5732 3498 3 523 3894 2696 3 3005 5038 4087 3 553 3827 1716 
3 3544 3590 1205 3 2574 2575 1947 3 3526 5446 1677 3 2299 2823 2297 3 3258 3898 2397 
3 3695 5473 839 3 331 332 330 3 3140 5116 3138 3 2330 2669 2668 3 1520 3958 3839 
3 2957 5593 3090 3 2661 3752 3603 3 2966 3886 3702 3 1416 3905 1712 3 3404 3843 213 
3 1343 4044 2067 3 3244 3704 88 3 378 4695 380 3 9 1458 118 3 3575 3670 3669 
3 2542 4269 455 3 4297 4298 3144 3 1987 4727 1967 3 3002 5090 3121 3 2299 3737 2823 
3 1572 1574 1573 3 3860 3863 3862 3 3371 5566 3126 3 1589 3695 131 3 3737 3738 2823 
3 2195 4669 4469 3 1783 3627 1004 3 138 5458 896 3 2245 3638 1112 3 1765 4207 4200 
3 1939 3868 1942 3 3834 3847 2571 3 561 573 572 3 163 3841 2021 3 394 4028 397 
3 4347 5001 4880 3 38 3801 203 3 3920 3922 1655 3 2327 2328 2063 3 3763 5699 4019 
3 2718 3858 3217 3 4995 5107 2461 3 1109 3774 2245 3 4220 4936 4221 3 2728 3890 2305 
3 3144 4298 3145 3 2737 4006 3930 3 3382 5836 4308 3 3808 4699 3809 3 2861 3918 2403 
3 2368 5447 4192 3 4151 4668 4150 3 5188 5481 4508 3 4079 5520 4420 3 1369 3887 3886 
3 5362 5393 3265 3 1209 1210 1208 3 549 553 548 3 595 3779 1691 3 2122 4170 3979 
3 1254 3905 1416 3 4049 4081 3214 3 3064 4037 2943 3 345 3854 347 3 3739 3743 3742 
3 150 5371 18 3 1455 3597 1133 3 1733 4964 4874 3 1671 1672 1670 3 3244 4544 3704 
3 3277 5406 5048 3 3078 5807 3749 3 5115 5128 3198 3 3367 5713 4245 3 3898 4808 2141 
3 2428 5128 5115 3 2451 3890 3831 3 5485 5733 5465 3 3765 5104 190 3 2332 5429 5329 
3 1814 4614 4341 3 3873 3876 3874 3 547 548 546 3 3808 4694 1531 3 1365 3885 1265 
3 1723 3886 2966 3 1903 5630 4900 3 1120 1122 1121 3 5170 5289 3412 3 3079 3931 1646 
3 3181 4607 3891 3 2535 3768 2175 3 965 4228 3826 3 537 3990 539 3 3658 5457 3659 
3 4281 4286 3074 3 3810 3990 537 3 3082 3847 3834 3 3048 3505 2688 3 600 4933 4656 
3 4348 4764 2458 3 3738 3816 2823 3 3677 3876 3873 3 3837 5595 3196 3 3947 5324 3214 
3 2988 3588 1534 3 1902 4319 4029 3 4885 5012 3010 3 2413 3706 2644 3 2741 4834 4593 
3 5215 5253 3941 3 587 3745 655 3 1795 3724 1797 3 4426 5043 4205 3 1716 5584 3776 
3 589 3779 595 3 3783 5533 1887 3 3453 3768 2535 3 1 986 104 3 2403 3918 961 
3 587 655 589 3 4255 4598 4145 3 1209 1656 1308 3 427 1427 22 3 3181 3891 2272 
3 42 3709 214 3 4320 5187 3943 3 2128 4422 2089 3 1765 4200 4199 3 4920 5023 3273 
3 545 546 544 3 3575 3669 3219 3 3652 5338 2280 3 1118 1120 1119 3 2397 3898 2141 
3 2150 4855 4670 3 3278 3856 2946 3 2165 2730 2413 3 3475 3777 3474 3 3009 5839 4740 
3 458 3866 3802 3 1401 4579 1063 3 1967 4727 2213 3 137 3680 136 3 3596 4815 3855 
3 4682 4809 2462 3 3858 3864 3217 3 3320 5524 3965 3 2217 4290 683 3 3765 5334 5104 
3 1433 3752 1718 3 4144 4413 4122 3 3904 3958 729 3 2436 4412 4188 3 664 5158 5119 
3 3901 5147 3114 3 3879 3880 727 3 2644 3706 3542 3 1139 4592 1266 3 3733 5603 4532 
3 2784 5389 5157 3 2733 4782 3238 3 3004 5107 4995 3 945 4331 913 3 271 4030 62 
3 3220 3575 3219 3 3412 5539 5170 3 3649 3773 2623 3 4343 4755 3142 3 3097 3261 3260 
3 4264 4921 2776 3 1117 3767 1385 3 3730 4807 3731 3 2632 3732 1871 3 1626 4288 1624 
3 834 4022 688 3 655 5112 3779 3 164 427 22 3 1643 3883 2012 3 2929 3909 1820 
3 2160 3967 179 3 2419 4876 4158 3 2426 4732 1119 3 4335 5506 3681 3 141 5280 15 
3 3518 4504 1609 3 853 4874 3754 3 5059 5585 4515 3 135 3679 3115 3 3600 4269 2542 
3 3274 3640 2714 3 1358 5602 4266 3 543 544 542 3 1758 4656 3796 3 3719 5805 2152 
3 19 455 156 3 4138 4413 4144 3 2301 3737 2299 3 2923 5803 4994 3 1385 1570 1569 
3 5468 5619 3927 3 4802 4855 3952 3 5245 5362 3049 3 3548 5755 5398 3 3640 4553 2714 
3 204 3801 38 3 1524 3885 1365 3 577 580 576 3 1690 4272 4271 3 1950 4851 4175 
3 3826 4229 965 3 986 4763 104 3 2227 4548 4149 3 2644 3542 3541 3 1690 4431 4272 
3 4986 4987 3317 3 2289 2307 1865 3 575 576 574 3 946 5744 3987 3 65 1141 277 
3 2661 2678 2677 3 1105 2340 455 3 200 3318 37 3 2776 4909 4264 3 585 3745 587 
3 2867 4458 4066 3 2752 3696 2753 3 2340 2542 455 3 90 2993 1335 3 501 3907 502 
3 4221 4936 885 3 2249 4831 2747 3 2688 3872 2031 3 1797 2632 1871 3 3809 4699 4666 
3 3505 5222 5111 3 2118 5046 4362 3 2340 2543 2542 3 813 4829 2654 3 3745 3813 655 
3 1931 5546 4219 3 3893 4449 1968 3 4872 5698 3241 3 2324 3743 2323 3 3597 5091 3155 
3 3144 4460 4297 3 2651 3790 227 3 3697 4027 3796 3 726 4230 720 3 448 3866 458 
3 4950 4997 3465 3 723 3859 2156 3 541 542 540 3 3748 4661 3831 3 3349 3811 3348 
3 580 3892 583 3 3983 3989 3987 3 3668 5316 2622 3 527 528 526 3 132 3903 1589 
3 2661 2677 1841 3 3677 3873 2712 3 532 3810 534 3 1209 1308 1210 3 4308 5885 3382 
3 3604 3605 2678 3 2993 5305 3469 3 4223 4353 1359 3 2060 2061 2059 3 573 574 572 
3 1377 4549 4167 3 546 3815 2360 3 690 3904 729 3 1076 1913 1074 3 3587 3601 1588 
3 1387 4371 3912 3 2353 4399 1934 3 1906 4406 1532 3 525 526 524 3 2755 4668 4151 
3 1264 4145 627 3 1002 3736 1783 3 4606 5552 1154 3 3626 5738 357 3 2039 3752 1257 
3 3472 5519 3991 3 3669 4727 3219 3 4306 4684 1884 3 889 3920 901 3 1738 2662 1694 
3 236 1229 49 3 1718 2661 1841 3 4306 4685 4133 3 2796 4785 4749 3 1185 1186 1184 
3 4836 5089 3720 3 2551 3487 1858 3 537 539 538 3 1804 3988 2130 3 75 3608 291 
3 4073 4500 4074 3 4034 4870 2919 3 5398 5755 2469 3 4162 4357 1013 3 3597 3840 1367 
3 1050 4209 1052 3 3995 5764 3774 3 3396 5443 4952 3 4135 5554 4136 3 4160 4715 2177 
3 1031 3857 1155 3 3931 4009 1646 3 2703 4463 4462 3 4233 4235 4193 3 1658 4854 1662 
3 2669 3139 3138 3 3792 3793 513 3 534 537 536 3 2050 4005 2737 3 3027 5494 3962 
3 539 3990 1062 3 2027 4583 2822 3 1359 4688 1248 3 1453 5139 4204 3 65 3323 1141 
3 1699 2683 1795 3 248 4257 557 3 1176 3906 1178 3 539 540 538 3 3877 4634 3874 
3 2741 4593 95 3 3978 4947 3979 3 4143 4146 2680 3 3309 5383 5092 3 688 4022 658 
3 4239 4442 4271 3 3270 5419 3848 3 299 3519 298 3 4141 4810 4125 3 1724 3879 147 
3 1568 4837 1384 3 1341 5181 4983 3 866 4376 1498 3 3831 3890 2728 3 3604 4651 3605 
3 2867 4743 4458 3 3594 3595 3593 3 2975 5199 3921 3 3982 3989 3983 3 2323 3743 3739 
3 473 4073 475 3 3667 5022 3595 3 3082 4089 3847 3 2715 3274 2714 3 3955 3956 2287 
3 5717 5796 4842 3 2683 3725 3724 3 4200 4207 4202 3 3823 4673 2821 3 2891 4763 986 
3 1480 4094 2165 3 3412 3413 3411 3 5530 5555 3938 3 4167 4549 4140 3 300 2288 299 
3 4330 5242 4105 3 3199 3900 2912 3 276 3688 3687 3 3930 4230 967 3 555 3776 561 
3 3270 5449 5419 3 3670 3671 3669 3 3080 4265 3907 3 2662 3825 3824 3 4005 4006 2737 
3 1989 4708 4383 3 4547 4694 2893 3 2042 4097 4096 3 948 4376 866 3 2042 4096 4095 
3 3739 3742 3740 3 1839 5468 5400 3 990 4590 945 3 120 3472 119 3 2543 3262 2542 
3 3670 3819 3671 3 4881 4910 1436 3 4069 4071 4070 3 4228 4629 3096 3 1930 4592 1139 
3 1694 3824 1440 3 2967 3870 3419 3 2042 4103 4097 3 4121 4342 4139 3 3988 4716 2130 
3 2602 3175 2936 3 3849 4614 479 3 3599 4241 3649 3 2607 3126 2426 3 4017 4018 4015 
3 1257 3752 1433 3 1958 4029 3935 3 1187 1188 1186 3 485 3894 493 3 3135 4817 3885 
3 3645 4311 3917 3 2518 4819 3162 3 1759 4695 3751 3 4730 5597 2508 3 4032 4536 4034 
3 4364 4881 1436 3 3842 4757 2875 3 257 1415 256 3 522 566 565 3 466 3814 468 
3 4439 5592 454 3 1114 1115 1113 3 4060 4061 1914 3 2971 5087 3681 3 4862 4968 2121 
3 539 541 540 3 4685 4939 4133 3 3027 5320 2478 3 2936 2938 2937 3 4021 4783 4022 
3 2152 3801 204 3 1686 2403 961 3 168 656 167 3 553 1716 555 3 2966 3418 2967 
3 661 4574 3036 3 3696 3822 2753 3 19 1105 455 3 2348 4039 4038 3 1191 1192 1189 
3 3432 5848 942 3 2247 5398 2469 3 3398 5787 292 3 98 2508 97 3 3712 5780 5696 
3 5476 5530 3938 3 1387 3912 201 3 4125 4342 4119 3 3550 5755 3548 3 3149 3944 2279 
3 1109 1111 1078 3 2943 4037 3409 3 4105 5242 5214 3 2404 2860 2403 3 4006 4230 3930 
3 5159 5169 2949 3 4097 4103 4100 3 2884 4714 3711 3 1521 4061 1916 3 233 3239 47 
3 5555 5622 3936 3 2448 4106 2635 3 537 538 536 3 3102 4527 4187 3 3603 3604 2678 
3 3845 5257 4421 3 1775 3980 3977 3 1952 5532 11 3 131 3695 130 3 2610 4766 3117 
3 5021 5566 3371 3 479 4072 3849 3 135 3115 134 3 3209 5404 3311 3 2041 4873 4102 
3 4166 4251 2775 3 2875 4697 3842 3 1820 3909 1053 3 4249 4660 3108 3 4028 4318 397 
3 129 3789 128 3 2683 3724 1795 3 2964 5286 2963 3 3869 5244 3307 3 1180 3682 1179 
3 4033 4536 4032 3 2272 3891 2274 3 3418 3870 2967 3 1002 1004 1003 3 3855 4815 4713 
3 3080 4671 4265 3 295 564 79 3 583 2706 585 3 2270 4440 3181 3 929 1686 961 
3 3853 5836 3382 3 1582 4840 1580 3 3731 3733 3732 3 1229 1230 49 3 3757 3759 3758 
3 1902 4320 3943 3 2280 5702 3652 3 1328 2507 1072 3 1154 3836 529 3 4849 5371 3406 
3 1145 4209 1050 3 2269 5471 5410 3 3882 4038 3880 3 4238 5666 5332 3 2457 4448 3622 
3 3294 4970 4880 3 529 530 528 3 4005 4007 4006 3 3715 3716 2651 3 2132 4617 2904 
3 4016 4021 4020 3 1481 4358 1448 3 3982 3983 2189 3 92 5113 319 3 114 2093 113 
3 273 2631 272 3 1340 3952 858 3 4271 4442 1690 3 2069 5374 5349 3 2801 3124 2507 
3 2631 3902 272 3 1676 3802 3718 3 2117 4282 3594 3 132 1589 131 3 2517 5177 3440 
3 4029 4319 3935 3 2079 3968 1777 3 4171 4409 2808 3 4831 5459 3646 3 4014 4017 4015 
3 1004 1049 1048 3 2924 5803 2923 3 3956 3957 2287 3 4670 4855 2925 3 1629 4288 1626 
3 1397 4293 1350 3 3801 4326 203 3 3074 5071 2726 3 1968 4449 1727 3 1517 3907 501 
3 4255 4548 2227 3 4058 5573 5294 3 5156 5807 3078 3 1503 2985 1721 3 2439 2714 1970 
3 2214 5741 4063 3 1765 4199 1610 3 2753 4846 3772 3 2293 4700 4250 3 3074 4674 4281 
3 1731 5342 3566 3 2276 3858 2718 3 4790 5130 3648 3 3667 5071 1040 3 5276 5520 4077 
3 4133 4684 4306 3 3209 3311 2735 3 741 4216 739 3 814 4830 3887 3 3139 3690 3140 
3 5127 5614 3692 3 3505 3872 2688 3 2930 5630 3701 3 541 543 542 3 1780 4755 4343 
3 3725 3730 3724 3 1723 2966 2211 3 4188 4412 4209 3 468 1701 485 3 320 5113 92 
3 3421 3761 3549 3 3938 5555 3936 3 3012 5007 3011 3 1758 4028 394 3 3919 3920 889 
3 3206 3948 2514 3 4193 4356 4233 3 3909 3910 1340 3 1112 1113 1111 3 1597 4044 1343 
3 1377 4340 4147 3 1378 4580 4196 3 1686 2404 2403 3 3905 4821 3175 3 1877 3982 2189 
3 2164 2752 2466 3 2635 4106 3636 3 525 527 526 3 1712 3905 2602 3 2227 4149 673 
3 3291 4970 3294 3 2080 3933 3550 3 1322 4983 4661 3 1819 3965 1669 3 1076 4677 1913 
3 3744 5615 3742 3 352 355 354 3 3957 4190 2287 3 4016 4020 1855 3 2089 4422 2090 
3 2717 4090 1845 3 282 2169 281 3 4362 5826 2118 3 3519 4960 910 3 2248 5746 4954 
3 3744 5800 832 3 1436 4910 1518 3 471 3190 2736 3 523 524 500 3 194 3201 33 
3 4194 4570 2854 3 2860 3712 2861 3 3564 3565 1263 3 4623 5331 4532 3 2745 4310 3950 
3 1938 1941 1939 3 3726 3727 3725 3 551 4773 3827 3 963 4697 887 3 1858 4565 1393 
3 1718 1841 1840 3 3583 5703 2306 3 5232 5459 3087 3 4673 4724 2879 3 595 1691 602 
3 4651 4918 3605 3 739 3719 206 3 941 3909 1340 3 4196 4580 4195 3 3898 5781 4882 
3 2966 2967 2211 3 2067 3911 3892 3 1865 3850 1674 3 523 525 524 3 4014 4015 1855 
3 5268 5279 3282 3 1055 3981 3980 3 753 4227 862 3 2627 3547 1941 3 929 961 960 
3 333 334 332 3 965 4629 4228 3 3606 3607 3604 3 1255 1820 1053 3 4554 4555 2716 
3 549 3827 553 3 1610 4199 483 3 3547 3660 1941 3 4458 4743 1990 3 2946 3856 3482 
3 355 357 356 3 3852 3853 1683 3 2544 4046 4045 3 947 5167 3814 3 1193 1195 1194 
3 4065 4411 4066 3 1716 5675 5584 3 1861 3496 1720 3 1829 3837 99 3 4383 4708 4530 
3 1938 3722 2627 3 690 729 689 3 1656 1657 1308 3 427 1428 1427 3 2731 5057 3842 
3 3430 4359 4146 3 3260 5347 3583 3 464 947 466 3 2678 3723 2677 3 2066 3376 2859 
3 2514 3948 2140 3 1531 4699 3808 3 2683 3726 3725 3 4349 4764 4346 3 2244 2594 2243 
3 352 3852 1683 3 2662 3824 1694 3 3706 5005 3542 3 3980 3981 3977 3 660 689 659 
3 2870 4855 4802 3 1784 4216 741 3 3542 5284 3541 3 1576 4729 1578 3 2111 2456 2276 
3 1893 3945 1530 3 3311 3720 2735 3 2508 5377 4730 3 460 3802 1676 3 100 4011 1829 
3 2305 3890 2302 3 1400 4029 1958 3 3733 4531 4240 3 1531 4694 4547 3 2954 5121 5069 
3 3973 5193 3972 3 1806 3988 1804 3 460 1676 462 3 1412 3886 1723 3 1295 1931 1425 
3 155 2633 154 3 2803 4992 4341 3 1914 4061 1521 3 301 3867 300 3 852 3919 889 
3 3936 5622 3934 3 642 659 641 3 4067 4579 1401 3 331 4956 333 3 4192 5731 2368 
3 1845 4090 181 3 1428 2243 1427 3 1075 1077 1076 3 2520 4660 4249 3 2626 4043 4042 
3 1691 2066 1905 3 1343 2067 581 3 3721 5303 3443 3 838 4014 1855 3 4281 4674 1069 
3 365 4155 1561 3 1807 3896 1878 3 476 3980 1775 3 3780 5433 3186 3 1001 3918 2039 
3 146 727 145 3 1063 4579 999 3 2298 2299 2297 3 290 2373 289 3 1305 2098 1435 
3 1645 4065 2617 3 609 641 608 3 3886 3887 3702 3 291 3609 290 3 553 554 548 
3 3754 4877 853 3 3136 4044 1597 3 1230 1231 49 3 195 3698 34 3 2239 3999 2494 
3 930 4411 1027 3 1134 4184 1313 3 1415 5748 5298 3 146 3879 727 3 5429 5768 5329 
3 3703 4913 2125 3 4146 4359 2680 3 152 1358 151 3 3873 3874 2455 3 2622 5819 3668 
3 1077 1108 1078 3 3903 4845 1589 3 2749 3775 2748 3 3876 3878 3877 3 3116 5107 4761 
3 2351 2946 2888 3 3779 5205 1691 3 3720 4376 2735 3 832 5615 3744 3 3023 4055 3063 
3 543 545 544 3 5090 5536 3121 3 3188 5828 3401 3 2860 5780 3712 3 357 359 358 
3 1108 3774 1109 3 35 3470 1601 3 527 4450 897 3 3741 3816 3738 3 2456 3858 2276 
3 4144 4145 1264 3 739 4216 3719 3 2237 2856 2670 3 593 608 592 3 136 3679 135 
3 3930 4211 2737 3 2803 5006 4992 3 4016 5461 4021 3 2595 3202 2594 3 3964 4153 667 
3 2300 2301 2299 3 530 531 528 3 1055 5166 3981 3 648 4153 1454 3 199 613 36 
3 4076 4077 1743 3 530 2116 532 3 2856 3061 2670 3 2042 4095 1665 3 4015 4180 4016 
3 3782 4257 2913 3 2785 4721 4027 3 1624 4288 1765 3 631 4810 4141 3 1930 5758 4924 
3 3521 3953 2771 3 2879 4279 4278 3 4739 4754 1327 3 3218 3219 2442 3 3054 3591 3055 
3 2978 5006 2803 3 22 3841 163 3 2560 2735 2147 3 4048 4081 4049 3 2633 3992 154 
3 2947 3278 2946 3 1762 4955 4427 3 1583 5804 1584 3 530 532 531 3 3563 4169 4168 
3 1428 2244 2243 3 1603 4009 1768 3 2244 2595 2594 3 1282 4184 1134 3 2194 4258 2733 
3 3585 3586 2738 3 2904 4617 4270 3 475 4073 479 3 2618 3914 3339 3 896 4335 3681 
3 2913 4257 1732 3 321 2361 320 3 2237 2670 2049 3 3381 3783 3379 3 2169 5129 3781 
3 1155 3857 1305 3 1124 1126 1125 3 1019 1857 1017 3 4349 4536 4033 3 2235 3135 2233 
3 57 5465 719 3 3485 3832 3278 3 1641 4024 1991 3 2369 3136 1597 3 740 741 739 
3 2857 3123 2856 3 218 2383 217 3 1034 4237 4236 3 2834 4040 2871 3 1939 1942 1940 
3 4156 4157 3619 3 3999 4001 2494 3 3950 4309 2745 3 1716 3776 555 3 2946 3482 2888 
3 698 3964 667 3 2771 3953 2770 3 4065 4066 2617 3 2544 4045 2051 3 2484 4945 3753 
3 359 361 360 3 29 2241 185 3 3792 3794 3793 3 27 2111 1845 3 2303 2323 2301 
3 5332 5666 3450 3 3000 3001 2998 3 2729 2987 2855 3 2351 2888 2092 3 1053 3909 941 
3 2085 2351 2092 3 4874 4964 3754 3 454 5724 4439 3 2891 5339 4334 3 493 523 500 
3 2303 2324 2323 3 3637 5638 1899 3 1773 4041 4035 3 1410 2729 2515 3 1564 4148 1715 
3 4342 4810 644 3 673 4149 707 3 520 3971 522 3 1930 4924 4592 3 4353 4688 1359 
3 4020 4022 834 3 2111 2276 1845 3 1768 4009 2380 3 3802 3866 3803 3 3470 3503 1601 
3 1475 4309 1473 3 444 4170 2122 3 2593 4643 4588 3 3051 4032 4031 3 1484 4103 1554 
3 2595 3374 3202 3 557 4051 4050 3 2775 4756 4166 3 3975 4170 446 3 2867 4411 930 
3 1092 4596 1237 3 692 3904 690 3 2748 3945 2312 3 2538 3054 2540 3 304 1710 303 
3 3574 5835 3468 3 107 4217 1135 3 1340 4802 3952 3 3310 5420 4613 3 566 570 569 
3 3566 3683 3001 3 5045 5600 3369 3 2432 2455 2079 3 3047 3048 2688 3 563 592 517 
3 2911 3554 2913 3 1427 3841 22 3 862 4227 2159 3 2108 4277 2422 3 3054 4607 3591 
3 2575 2660 2576 3 905 5168 5064 3 1942 2237 2049 3 13 2566 126 3 4663 4865 3945 
3 3616 4395 4310 3 3924 3926 3925 3 1795 1797 1796 3 5397 5554 4135 3 1841 3855 1842 
3 927 929 928 3 1427 4092 3841 3 1380 4354 1239 3 3470 3504 3503 3 3214 4081 2264 
3 553 555 554 3 3522 4333 3018 3 1253 5663 5228 3 2085 2092 2083 3 172 3966 171 
3 4048 4049 4047 3 2116 3810 532 3 2452 2727 2324 3 1370 4065 1645 3 2199 4895 2916 
3 2385 5601 3641 3 102 4261 728 3 4183 4594 1652 3 2807 4103 1484 3 430 4189 2018 
3 3075 4062 2685 3 1698 4215 2094 3 925 1094 927 3 785 4414 4089 3 2721 4422 2128 
3 1613 4159 2353 3 981 4163 979 3 3926 3928 3927 3 2712 3873 2432 3 3060 3258 2397 
3 545 547 546 3 4513 4950 3465 3 2834 2835 2832 3 500 3884 722 3 361 363 362 
3 1588 3601 1873 3 347 3854 3852 3 2312 3945 1893 3 1916 4061 2345 3 520 521 519 
3 694 4263 2163 3 3175 4990 2936 3 3470 5073 3504 3 1942 2049 1943 3 945 4590 4331 
3 4440 4615 3181 3 4604 5699 5672 3 3213 3347 2456 3 1699 1795 1700 3 1715 4148 2225 
3 3256 5758 5644 3 3610 3613 3611 3 3520 4865 4663 3 1701 3894 485 3 2677 3855 1841 
3 3692 4088 2782 3 915 4229 849 3 4789 5872 1589 3 2163 3904 692 3 2302 2303 2301 
3 3919 3921 3920 3 1310 4208 1145 3 453 3975 446 3 78 4647 293 3 3983 3984 2189 
3 756 4315 759 3 2850 4213 1444 3 3231 4888 4524 3 2996 3000 2998 3 1073 1074 669 
3 2619 3231 3045 3 532 534 533 3 3979 4170 3976 3 923 1002 996 3 3866 3871 3803 
3 316 1677 89 3 2626 4042 2192 3 4145 4598 624 3 4565 5590 1455 3 2627 3722 3580 
3 573 3100 575 3 1001 2039 1257 3 2233 3885 1524 3 99 3837 98 3 355 356 354 
3 4089 4414 3847 3 2476 4358 1481 3 436 4036 2865 3 2819 3924 3264 3 2800 3869 288 
3 502 504 503 3 205 2152 204 3 2083 3901 2017 3 1116 4732 1117 3 2718 3217 2900 
3 2606 3989 3982 3 2602 2936 2603 3 349 352 351 3 1369 3886 1412 3 2944 4292 3748 
3 3453 3770 3768 3 3831 4661 2813 3 1073 1075 1074 3 1938 1939 1937 3 352 354 351 
3 4197 4198 3187 3 3010 4259 3511 3 901 1655 903 3 3523 3566 3001 3 2432 3873 2455 
3 2911 2913 1732 3 4233 4356 1267 3 2722 4106 2448 3 548 3815 546 3 4056 4163 1023 
3 2939 4968 4387 3 1970 4553 1238 3 27 1845 181 3 961 3918 1001 3 1695 1738 1694 
3 3808 3809 3022 3 3208 3915 3914 3 1449 5265 3864 3 1646 4009 1603 3 5131 5171 1828 
3 2304 2305 2302 3 4147 4549 1377 3 4405 4741 4646 3 1305 3857 2098 3 4027 4721 4028 
3 502 503 495 3 941 1340 858 3 2178 4636 2884 3 2661 3603 2678 3 3022 3023 3021 
3 4241 4445 2809 3 2729 2855 2515 3 2422 4277 3216 3 2944 3748 2728 3 2191 2929 1820 
3 248 557 247 3 2264 4081 1324 3 3054 3055 2540 3 4511 5424 5363 3 2884 3711 3005 
3 2544 4048 4047 3 288 3869 287 3 243 4076 1743 3 228 2651 227 3 2276 2718 2717 
3 1395 4386 1262 3 349 3852 352 3 925 927 926 3 1713 2013 1183 3 1206 1208 1207 
3 2835 4195 2832 3 2329 2330 2328 3 2966 3702 3418 3 557 4050 247 3 4208 4209 1145 
3 901 903 902 3 2602 3905 3175 3 2183 3011 2181 3 1479 4218 1614 3 3569 4733 3568 
3 3756 4820 2977 3 3051 4033 4032 3 1739 1988 1738 3 3983 3985 3984 3 3218 3220 3219 
3 2256 2363 1988 3 3976 4170 3975 3 2675 4194 2854 3 3063 3331 3196 3 889 901 900 
3 1938 2627 1941 3 542 3888 556 3 3011 4760 2181 3 1473 4309 3950 3 3115 5370 4845 
3 3435 3436 3434 3 903 919 904 3 1833 2319 2318 3 2165 4094 2730 3 4015 4016 1855 
3 2138 4283 3305 3 5457 5629 3659 3 965 4229 915 3 1957 4723 2819 3 4596 4979 4597 
3 357 358 356 3 3917 4311 3392 3 4178 5589 4183 3 4900 5538 1903 3 1687 4067 1401 
3 4310 4395 3950 3 947 3814 466 3 1293 4340 1377 3 1609 1623 1610 3 1966 1968 1727 
3 4872 5333 2584 3 2094 4215 2781 3 2279 3944 2701 3 2560 3209 2735 3 3280 3538 3467 
3 3348 3811 3351 3 4223 4963 4353 3 546 2360 544 3 3676 3677 2712 3 2635 3340 2934 
3 3020 3808 3022 3 4350 5827 4940 3 887 4697 2875 3 2551 5671 5562 3 760 4278 762 
3 2439 2715 2714 3 3437 3438 3436 3 3472 3991 119 3 2711 2748 2312 3 3554 3555 2913 
3 3351 3352 2015 3 3563 4168 2740 3 1777 4942 1512 3 4656 4933 3796 3 504 506 505 
3 4322 4473 2229 3 4006 4887 4230 3 2380 4009 3026 3 2967 3419 2968 3 4077 4079 4078 
3 1965 3982 1877 3 1532 4406 1595 3 1554 4103 2042 3 729 731 730 3 4097 4098 4096 
3 506 3996 507 3 1953 2911 1732 3 352 1683 355 3 3104 5243 4393 3 2138 2731 2137 
3 2451 2452 2324 3 2618 3339 2377 3 525 4450 527 3 4104 4106 2722 3 1730 2233 1524 
3 1723 2211 1791 3 1098 4056 1023 3 2435 2728 2305 3 1835 4024 1641 3 593 609 608 
3 458 460 459 3 575 3899 577 3 460 462 461 3 1929 4382 3373 3 1790 4148 1564 
3 563 593 592 3 3902 4030 271 3 268 3368 267 3 262 3656 261 3 2157 4445 4241 
3 729 730 689 3 2191 3275 2929 3 2448 2635 2449 3 3020 3022 3021 3 694 2163 692 
3 4880 5001 3294 3 2270 3181 2272 3 5157 5389 3303 3 3008 3199 2912 3 2860 2861 2403 
3 223 865 222 3 570 597 596 3 1547 4218 1479 3 3208 3914 2618 3 2927 5014 4976 
3 853 3919 852 3 462 464 463 3 2947 3485 3278 3 2274 3891 2538 3 2635 2934 2449 
3 2879 4278 760 3 1494 4167 1790 3 1698 2094 2043 3 4449 4619 1593 3 1078 4677 1076 
3 919 925 920 3 464 466 465 3 2022 4283 2138 3 2464 2618 2377 3 466 468 467 
3 468 485 484 3 493 500 499 3 485 493 492 3 2284 4185 2892 3 1855 4020 836 
3 2715 3500 3274 3 1262 4386 2519 3 3924 3925 3264 3 2544 4047 4046 3 2606 3982 1965 
3 359 360 358 3 2692 2693 2404 3 166 2844 165 3 609 642 641 3 2938 4991 3502 
3 2298 2300 2299 3 1049 1534 1110 3 2979 4068 4067 3 4246 4247 2704 3 547 549 548 
3 3207 3208 2618 3 2380 3026 3025 3 3605 3723 2678 3 2564 4091 2939 3 2844 3955 165 
3 1433 1718 1717 3 4152 4788 4151 3 2790 3080 2212 3 1151 4926 1100 3 4254 4354 1380 
3 751 4227 753 3 3345 3434 3344 3 3940 3942 3941 3 4429 4639 984 3 431 4189 430 
3 1789 1947 1882 3 3875 3970 3969 3 2932 4060 3345 3 4287 4681 1252 3 2873 4195 2835 
3 1651 3149 2279 3 1010 1012 1009 3 2317 4293 1397 3 2351 2947 2946 3 1312 4899 1452 
3 678 4177 712 3 2119 2448 2120 3 2740 4168 2417 3 1909 2890 986 3 236 3949 1229 
3 4096 4104 2722 3 712 4177 1026 3 1160 4211 1046 3 642 660 659 3 4172 4173 2751 
3 2147 4376 948 3 4165 4166 4085 3 1091 4585 1152 3 4749 4785 4074 3 1942 1943 1940 
3 3726 3728 3727 3 1688 4191 2824 3 3869 5418 5244 3 206 3719 205 3 3912 3913 3318 
3 2753 3772 2466 3 1287 2153 1096 3 861 4014 838 3 3749 3750 2109 3 2300 2302 2301 
3 2347 3076 2057 3 4077 4078 1743 3 515 2135 510 3 3617 4937 73 3 2741 5377 4834 
3 1878 3896 2164 3 2294 4067 1687 3 1392 2405 1651 3 3127 4732 2426 3 2884 3005 2697 
3 1586 5882 3587 3 3926 3927 3925 3 2863 3497 2476 3 3985 3986 3984 3 1609 1610 483 
3 2448 2449 2120 3 1246 1455 1133 3 2022 2137 1386 3 1623 2386 1625 3 4018 4180 4015 
3 3940 3941 3939 3 2782 4088 2636 3 858 3952 829 3 3823 4724 4673 3 731 1520 733 
3 380 4695 1759 3 4239 4271 2959 3 2520 4249 4248 3 2080 3550 2625 3 707 4149 4107 
3 1387 5686 4371 3 3502 5590 2937 3 2485 4045 3760 3 40 3518 1609 3 829 2150 803 
3 3304 3846 2731 3 2716 4555 995 3 660 690 689 3 2593 4588 4587 3 1590 3998 1398 
3 1665 4095 1667 3 2022 2138 2137 3 2705 4246 2704 3 1190 1874 1201 3 4095 4096 2722 
3 775 5022 1040 3 1012 2187 1870 3 2733 3238 3094 3 3748 3831 2728 3 2084 2085 2083 
3 825 853 852 3 473 4500 4073 3 4122 4255 4144 3 2932 3344 3343 3 2145 2688 2031 
3 4238 4627 1301 3 4165 4251 4166 3 3380 5757 3381 3 1949 4017 4014 3 207 4197 3187 
3 2026 4183 1652 3 439 442 438 3 1648 1694 1440 3 2939 4387 4386 3 322 4897 321 
3 4670 5027 4153 3 293 1945 292 3 1962 4344 421 3 2425 2681 2187 3 1370 1645 1603 
3 1034 4236 892 3 2701 3310 3309 3 2494 4005 2050 3 3174 3476 2681 3 1043 1070 1042 
3 4782 4941 3238 3 2258 4252 1707 3 4398 5149 5140 3 361 362 360 3 3023 3063 3062 
3 294 4647 78 3 2287 4190 1428 3 3026 3445 3444 3 2134 2377 1819 3 3586 4969 2738 
3 1534 1789 1535 3 3435 3437 3436 3 4458 5287 4066 3 4691 5049 2168 3 1662 1671 1670 
3 1071 1235 1070 3 4222 4223 1359 3 437 438 436 3 2979 4067 2294 3 1239 4354 1054 
3 1419 4081 4048 3 1358 4266 151 3 1623 1624 1610 3 3118 4486 4218 3 1195 1197 1196 
3 707 4107 799 3 3026 3444 3025 3 4032 4034 2919 3 2742 2932 2931 3 3252 3253 2591 
3 2114 2606 1965 3 508 510 506 3 1412 1723 1599 3 4318 4721 1747 3 1008 1009 990 
3 1236 1347 1235 3 1513 1593 1469 3 1349 1469 1347 3 2119 4095 2722 3 1193 1194 1192 
3 3874 3875 2455 3 671 4165 4085 3 3603 3606 3604 3 1934 4399 2409 3 1111 4677 1078 
3 1641 1991 1639 3 3251 3280 3250 3 577 1331 581 3 5547 5704 1786 3 2856 4734 3061 
3 1595 3787 1915 3 2237 2857 2856 3 4181 4339 3034 3 2057 4184 1282 3 2138 3304 2731 
3 3860 3862 3861 3 1867 4161 1654 3 2218 4338 4239 3 2854 3164 2989 3 2813 3157 2452 
3 581 3892 580 3 2710 2979 2294 3 4220 4221 2960 3 4001 4002 2494 3 2938 3502 2937 
3 2150 4670 3964 3 2421 3929 254 3 4261 4763 4334 3 4179 4581 1997 3 3535 4478 2298 
3 1941 3868 1939 3 722 2719 1031 3 40 1609 483 3 4000 4004 4003 3 1400 1958 1682 
3 1023 4163 981 3 1765 4288 4207 3 4209 4412 1052 3 2325 2790 2212 3 3937 3940 3939 
3 2199 2916 2690 3 100 1829 99 3 2834 2871 2835 3 1505 4254 1380 3 597 611 610 
3 89 953 315 3 1998 4179 1997 3 3000 3523 3001 3 852 889 888 3 803 3964 698 
3 2916 5685 3099 3 270 1851 269 3 482 1055 478 3 728 4011 101 3 743 4303 1784 
3 813 2654 841 3 2234 2235 2233 3 1667 2119 1896 3 3610 3611 2373 3 2567 4172 2751 
3 3907 4265 502 3 2816 4280 2358 3 1081 4337 2349 3 2538 3891 3054 3 1349 1513 1469 
3 1392 1651 1650 3 2239 2494 2050 3 1116 1117 1115 3 4439 5484 1764 3 435 436 434 
3 1949 4014 861 3 2786 4089 3082 3 1236 1349 1347 3 2775 4251 864 3 2034 4212 3006 
3 4487 4625 4041 3 2477 2478 1105 3 3253 4000 3999 3 2164 3896 2752 3 94 3534 325 
3 3826 4228 2780 3 54 1732 249 3 4236 4237 4234 3 3651 5850 1988 3 1712 2602 2115 
3 3135 3885 2233 3 1946 4185 2284 3 2920 5055 3788 3 2156 3883 1643 3 2685 4062 2684 
3 103 4261 102 3 1043 1071 1070 3 1071 1236 1235 3 3437 3466 3438 3 1707 4252 1499 
3 4283 4284 3305 3 253 3193 252 3 829 3952 2150 3 3634 5008 4695 3 765 1733 796 
3 3026 4009 3931 3 3345 3435 3434 3 2082 2083 2017 3 2425 4357 3222 3 2178 2884 2697 
3 2386 4256 1625 3 392 4656 1758 3 446 4170 444 3 1046 4211 3930 3 514 515 510 
3 1150 4065 1370 3 4244 4245 2757 3 2531 4174 3947 3 1673 1674 1672 3 2636 4088 2700 
3 112 1213 111 3 959 4085 2419 3 2051 4045 2485 3 1645 2616 1646 3 2049 2703 1943 
3 4232 4233 1267 3 3251 3281 3280 3 154 3992 153 3 1680 4048 2544 3 3821 5858 3326 
3 2912 3900 2911 3 4199 4200 4198 3 1682 3933 2080 3 2873 4196 4195 3 2845 4473 4322 
3 2255 4287 1383 3 2987 4384 4383 3 2411 2684 2410 3 1455 5091 3597 3 210 2534 209 
3 641 1516 608 3 4057 4058 2479 3 1833 3998 2319 3 526 1880 524 3 2358 4280 2045 
3 2594 3961 2596 3 1478 4309 1475 3 1419 4048 1680 3 476 1775 474 3 477 478 476 
3 481 482 478 3 272 3902 271 3 488 489 482 3 494 495 489 3 501 502 495 
3 2119 2120 1896 3 1247 4222 1359 3 475 476 474 3 1879 2050 1756 3 2212 3907 1517 
3 1016 1042 1015 3 115 3747 114 3 2485 3760 3030 3 255 2421 254 3 3394 3917 3392 
3 1266 4592 1410 3 1645 1646 1603 3 3473 3828 3226 3 2303 2451 2324 3 2319 3998 2940 
3 3931 3932 3445 3 3445 3446 3444 3 148 1724 147 3 2932 3345 3344 3 1600 4378 1894 
3 3961 3962 2596 3 2451 2813 2452 3 1881 3103 1822 3 2591 3999 2239 3 165 3955 164 
3 4000 4003 4001 3 1232 1233 1231 3 4674 4870 1069 3 1593 1978 1736 3 3497 4358 2476 
3 3937 3939 3938 3 961 1001 960 3 2018 4909 2019 3 667 4153 648 3 108 4217 107 
3 3150 3369 2668 3 281 3781 280 3 913 1949 861 3 4035 4639 4429 3 2871 2872 2835 
3 4150 4668 4227 3 1231 3341 49 3 1444 4213 1446 3 4753 4947 3978 3 4098 4105 4104 
3 2425 3174 2681 3 1012 2425 2187 3 3344 3626 3343 3 3202 3961 2594 3 2742 4060 2932 
3 3380 3381 3379 3 1258 4332 1402 3 1413 4191 1688 3 4284 4285 3305 3 1012 4357 2425 
3 4021 4022 4020 3 47 5185 3266 3 1980 4715 1979 3 1879 2239 2050 3 2345 2742 2638 
3 4677 4678 1913 3 133 3903 132 3 2111 3213 2456 3 363 367 366 3 1014 1015 1013 
3 748 4150 751 3 580 583 582 3 1383 4287 1252 3 555 561 560 3 1804 2130 1802 
3 4136 5554 4143 3 2701 3944 3310 3 1008 1010 1009 3 1978 2410 1986 3 2594 2596 2243 
3 4277 4595 3216 3 2616 3806 3079 3 864 4251 737 3 3521 4833 3954 3 229 3714 228 
3 1877 2189 1806 3 3162 4819 4540 3 2444 4311 2744 3 3935 3937 3936 3 3246 4905 3826 
3 2187 2795 1870 3 2094 2636 2095 3 2684 4059 4057 3 724 4474 4454 3 483 4199 4197 
3 759 4673 2879 3 2021 4291 162 3 1012 1870 1009 3 4150 4227 751 3 221 1826 220 
3 3044 4091 2564 3 2527 4220 2960 3 1773 4487 4041 3 2319 2682 2488 3 2636 2700 2095 
3 1859 1889 1860 3 611 624 623 3 1651 2279 1650 3 653 4598 2227 3 2871 4035 2872 
3 1044 5512 5492 3 4450 4451 897 3 1627 4256 2190 3 3469 4404 2994 3 3777 5262 503 
3 1261 4262 1394 3 2282 2546 2545 3 3656 4907 1557 3 1667 4095 2119 3 2518 3162 2611 
3 50 3949 236 3 1016 1043 1042 3 523 2696 525 3 4232 4236 4234 3 478 3980 476 
3 442 509 438 3 1042 1044 1015 3 2895 3020 3019 3 2392 4239 2959 3 522 565 521 
3 2520 4248 2521 3 838 1855 836 3 2139 4339 4181 3 4197 4199 4198 3 2411 2685 2684 
3 2813 3237 3157 3 997 4388 827 3 4261 4334 4333 3 881 4253 1034 3 1623 1625 1624 
3 950 4076 244 3 3190 3329 2736 3 2731 3842 2137 3 762 4278 765 3 3803 3804 3718 
3 107 1135 106 3 1210 1254 1211 3 3061 3835 2670 3 1394 4262 1876 3 3186 3346 3185 
3 504 505 503 3 3393 3394 3392 3 4062 4063 4059 3 3253 3999 2591 3 2675 2854 2676 
3 1633 4176 1631 3 1376 4167 1494 3 1324 4081 1419 3 2911 3900 3554 3 2505 2641 2358 
3 1663 4208 1310 3 504 508 506 3 2351 4514 2947 3 1978 2411 2410 3 3395 3771 3394 
3 3983 3987 3985 3 2488 3071 2489 3 2261 5699 4604 3 4098 4104 4096 3 347 3852 349 
3 2151 2212 1517 3 1696 4215 1698 3 2410 4057 2479 3 1025 4232 1267 3 2189 3988 1806 
3 1823 4238 1303 3 2631 4521 3902 3 2951 3075 2685 3 1247 1248 1233 3 1080 1500 1005 
3 1391 4211 1160 3 2165 2413 2412 3 2758 4244 2757 3 2119 2722 2448 3 3208 3916 3915 
3 1876 4262 2518 3 2546 3251 3250 3 4338 4442 4239 3 2546 3250 3249 3 1086 4423 1528 
3 4261 4333 728 3 4186 4187 3069 3 4079 4080 4078 3 2493 4831 2249 3 3965 5524 1669 
3 4134 4289 4120 3 4200 4202 4201 3 2885 3226 2408 3 2564 2939 2259 3 157 3543 19 
3 1303 4238 1301 3 2932 3343 2931 3 2092 3901 2083 3 2934 3033 3032 3 3005 4087 4086 
3 2887 3027 2478 3 3377 4292 2944 3 2546 4359 3251 3 4120 4289 4116 3 448 458 457 
3 2196 4749 4074 3 2927 4491 1490 3 2698 4086 3908 3 2832 4195 2830 3 836 4020 834 
3 4278 4279 1733 3 1939 1940 1937 3 2078 2079 1777 3 3052 5545 5301 3 1645 2617 2616 
3 3076 4184 2057 3 729 3958 731 3 2464 3207 2618 3 2073 2258 1707 3 740 742 741 
3 1898 4760 3004 3 2710 3068 2979 3 2506 2551 1858 3 2781 2782 2636 3 2134 2464 2377 
3 712 798 797 3 3104 4393 2790 3 934 1060 1033 3 147 3879 146 3 4024 4485 1991 
3 1567 5361 5181 3 2711 2749 2748 3 2416 3161 2427 3 2780 4228 2778 3 1126 1128 1127 
3 2088 4314 2091 3 563 4493 593 3 1754 1755 1753 3 1837 2191 1820 3 2742 2931 2638 
3 561 572 571 3 1536 4336 2220 3 3594 3667 3595 3 550 551 549 3 2744 4311 3645 
3 1040 4286 773 3 2472 2598 2473 3 245 950 244 3 1460 1696 1515 3 1501 1959 1549 
3 570 2356 597 3 1635 1637 1633 3 3610 4701 3613 3 1288 1460 1396 3 4089 4324 785 
3 1697 1979 1696 3 2435 2944 2728 3 1841 1842 1840 3 2531 3214 2264 3 1662 4854 2639 
3 333 335 334 3 1013 4357 1010 3 2567 2751 2583 3 959 1284 1030 3 2616 3079 1646 
3 3483 3484 2740 3 1498 4263 807 3 2225 2226 1891 3 3388 5758 3256 3 3151 4851 4343 
3 1248 1288 1283 3 753 862 755 3 3560 3567 2789 3 2786 4324 4089 3 2751 4456 3447 
3 3675 3676 2712 3 474 3975 453 3 2729 4924 2987 3 3914 4932 3339 3 2046 2358 2045 
3 2094 2095 2043 3 1876 2518 2223 3 2684 4062 4059 3 2377 3965 1819 3 2783 3454 2782 
3 2295 4514 2085 3 2203 4323 856 3 862 1754 1753 3 4302 4304 4303 3 1410 2515 1411 
3 4200 4201 4198 3 1653 4683 4608 3 1247 1359 1248 3 1997 3118 1750 3 419 4325 1962 
3 2892 4172 2567 3 1392 1650 24 3 1776 1777 1512 3 795 4366 793 3 2276 2717 1845 
3 2398 3147 3146 3 4234 4235 4233 3 2701 3309 2746 3 1602 1879 1756 3 678 712 711 
3 2041 4585 1091 3 862 1753 755 3 26 3332 622 3 83 5521 3582 3 1680 2544 2051 
3 1614 1745 1478 3 746 750 748 3 2792 4186 3069 3 2319 2488 2318 3 1704 4254 1505 
3 67 2365 279 3 2689 2712 2432 3 3848 4644 3167 3 4002 4008 4007 3 4097 4099 4098 
3 2005 4282 2007 3 102 728 101 3 1510 1567 1404 3 1822 4056 1098 3 2847 3243 3242 
3 4303 4304 1784 3 1242 4029 1400 3 3854 5836 3853 3 2274 2538 2537 3 2226 2680 2282 
3 180 4090 2160 3 4127 4295 4130 3 2680 4359 2282 3 747 4300 1045 3 2046 2505 2358 
3 2641 3365 2816 3 1958 3935 3934 3 315 3691 314 3 1155 1305 1299 3 4098 4330 4105 
3 2226 2282 2281 3 2824 4185 1946 3 2407 2408 2026 3 2162 2416 2161 3 4272 4274 4273 
3 4232 4234 4233 3 3103 4056 1822 3 1273 1669 51 3 2890 3642 3641 3 1446 4213 1914 
3 54 1953 1732 3 3893 4619 4449 3 2151 2325 2212 3 3020 4694 3808 3 1052 1501 1426 
3 4300 4301 1045 3 879 4360 4253 3 1273 1819 1669 3 2284 2567 2285 3 828 829 803 
3 671 4085 959 3 3937 3938 3936 3 1284 1684 1285 3 1466 4339 2139 3 3927 5619 3925 
3 3055 3313 3056 3 1485 1487 1332 3 4027 4028 1758 3 1684 2046 2045 3 2416 2427 2161 
3 773 4286 771 3 1856 2022 1386 3 2751 3447 2583 3 4069 4070 1906 3 2819 3264 2820 
3 1232 1247 1233 3 1402 4332 1832 3 1785 4300 749 3 2007 4282 2117 3 436 2865 434 
3 2261 5689 4019 3 1750 4218 1547 3 2538 2540 2539 3 745 4303 743 3 2150 3964 803 
3 1684 4351 2046 3 593 4493 2201 3 263 409 262 3 1946 2284 2036 3 1960 2140 1959 
3 1807 4922 3896 3 1602 1756 1391 3 671 959 958 3 3370 5668 3992 3 742 744 743 
3 1290 4367 1173 3 2734 4191 1413 3 959 2419 1284 3 4224 4226 4225 3 1637 4176 1633 
3 4271 4272 4268 3 2046 4351 2788 3 1305 1435 1434 3 3026 3931 3445 3 2314 2514 2140 
3 3560 3568 3567 3 367 369 368 3 2847 3242 2342 3 3609 5867 3612 3 2300 2304 2302 
3 1015 4162 1013 3 1701 5411 3894 3 2016 2017 1835 3 2700 3631 2810 3 2430 2432 2079 
3 1347 1348 1235 3 937 1005 936 3 1020 4340 1293 3 1699 4093 2683 3 2380 3025 2502 
3 438 4036 436 3 3097 3687 3261 3 3393 3395 3394 3 3839 5513 3729 3 3262 3746 3600 
3 1009 4590 990 3 2419 4351 1284 3 101 4011 100 3 455 4269 156 3 2959 4268 4267 
3 473 474 453 3 3454 3692 2782 3 4147 4340 4109 3 1715 2225 1891 3 96 5534 5116 
3 1593 1736 1469 3 427 2287 1428 3 4000 4001 3999 3 3858 5084 3864 3 4225 5141 3578 
3 1759 4298 4296 3 1014 1016 1015 3 4454 4474 4034 3 2094 2781 2636 3 1006 1080 1005 
3 1775 3977 3976 3 1027 4411 1150 3 516 517 515 3 3226 4178 2408 3 1482 2807 1484 
3 415 683 398 3 551 3827 549 3 4760 4761 3004 3 846 1734 1020 3 4386 4387 2519 
3 534 536 535 3 934 1033 963 3 1894 4378 2333 3 434 4189 431 3 2650 3206 2514 
3 343 1752 345 3 1119 4732 1116 3 1691 1905 602 3 1688 1946 1689 3 2684 4057 2410 
3 3716 5233 3791 3 723 2156 1643 3 4385 4497 787 3 3875 4634 3970 3 1959 1964 1549 
3 2410 2479 1986 3 3391 3392 2445 3 670 4165 671 3 1696 1698 1515 3 1957 2819 2354 
3 1979 4215 1696 3 3251 4359 3430 3 2524 4220 2527 3 1978 1986 1736 3 750 4151 4150 
3 4608 4683 4314 3 1931 4219 1425 3 4613 5786 3310 3 1294 4222 1247 3 3482 3507 2888 
3 2969 3383 2792 3 742 743 741 3 363 1772 367 3 731 733 732 3 1377 4167 1376 
3 4202 4203 4201 3 3087 5685 5232 3 1494 1790 1564 3 1398 1833 1397 3 1979 4546 4215 
3 2635 3636 3340 3 1050 1052 955 3 1614 1746 1745 3 471 3421 3190 3 433 434 431 
3 207 3187 39 3 162 4291 161 3 1684 2045 1825 3 2091 4314 2496 3 522 1041 566 
3 3191 4672 2614 3 2757 4246 2705 3 3607 4651 3604 3 4305 4306 1884 3 2885 3473 3226 
3 3735 4769 4752 3 4168 4169 3161 3 3332 3333 622 3 1435 1844 1843 3 1293 1377 1376 
3 2034 3006 2375 3 254 3929 56 3 2739 2740 2417 3 2084 2295 2085 3 3662 4756 2065 
3 2050 2737 1756 3 2175 2177 1980 3 2531 3947 3214 3 1715 1891 1890 3 1746 1977 1745 
3 181 4090 180 3 1625 1626 1624 3 821 4719 2280 3 4345 4349 4346 3 2567 2583 2285 
3 243 1743 242 3 1501 1549 1426 3 3280 3467 3250 3 1554 2042 1665 3 750 4150 748 
3 4224 4225 3769 3 2155 2161 1998 3 1759 4296 384 3 2734 4192 4191 3 1386 4697 963 
3 1413 1688 1526 3 1668 2792 1663 3 635 4299 644 3 3935 3936 3934 3 2352 3010 3009 
3 823 3349 3348 3 1460 1515 1396 3 785 4324 782 3 1460 1697 1696 3 353 4155 365 
3 2527 2960 2529 3 4296 4298 4297 3 2159 2400 1754 3 1288 1396 1283 3 2319 2940 2682 
3 1953 2912 2911 3 1862 2060 2059 3 2521 4248 2524 3 4109 4340 1734 3 1605 2927 1490 
3 892 4236 939 3 2284 2892 2567 3 3027 5379 5320 3 954 955 907 3 483 4197 208 
3 3080 3907 2212 3 2734 4356 4193 3 2417 4168 2416 3 247 4050 246 3 2947 4514 3486 
3 2649 2650 2514 3 1688 2824 1946 3 2407 2885 2408 3 3484 3563 2740 3 2496 2915 2914 
3 2244 3236 2595 3 1329 4356 2734 3 1329 1413 1403 3 1613 2353 1934 3 4130 4135 4131 
3 927 4771 929 3 3844 3845 3072 3 1755 3786 2821 3 3468 5835 3564 3 479 4073 4072 
3 2663 2664 2222 3 226 513 225 3 1243 4373 2129 3 171 1392 24 3 217 4563 216 
3 1231 4381 3341 3 4646 4741 4196 3 363 366 362 3 53 3065 241 3 879 4253 881 
3 1329 2734 1413 3 1611 4159 1613 3 4108 4110 4109 3 3561 3562 2650 3 825 852 851 
3 2961 3895 3452 3 1389 1438 1437 3 2953 3844 3072 3 2960 2961 2529 3 1697 1980 1979 
3 1746 2414 1977 3 1832 4212 2034 3 2768 2770 2765 3 939 4232 1025 3 4108 4109 1734 
3 3091 3521 2771 3 2013 4954 2457 3 939 4236 4232 3 1025 1267 1137 3 2392 2959 2958 
3 2218 4239 2392 3 3692 5614 1375 3 2496 4314 2915 3 1237 4596 1611 3 2953 3072 2414 
3 1718 1840 1717 3 1268 1329 1270 3 3179 4174 2531 3 2259 4386 1395 3 1248 1283 1233 
3 1398 3998 1833 3 2781 2783 2782 3 771 4286 4281 3 1389 1437 1388 3 2763 2769 2761 
3 1081 2349 1080 3 3267 3763 3762 3 1829 5595 3837 3 765 4278 1733 3 4110 4111 4109 
3 3246 3826 2780 3 901 902 900 3 1306 4350 1823 3 611 626 624 3 2952 3185 2951 
3 2795 3267 3042 3 2792 3069 1663 3 1438 2113 1437 3 2047 4280 2622 3 527 529 528 
3 4161 4790 1654 3 3011 4761 4760 3 1725 3479 3034 3 2778 4228 3096 3 2791 3104 2790 
3 1069 4870 4474 3 1370 1603 1496 3 4976 5014 3179 3 1102 1902 1242 3 3383 4186 2792 
3 1594 1858 1393 3 2475 2778 2474 3 1399 1591 1590 3 2370 2847 2342 3 847 858 829 
3 2653 2708 2471 3 854 4312 2203 3 639 4305 1884 3 2959 4271 4268 3 163 2021 162 
3 180 2160 179 3 784 786 785 3 1373 1725 1462 3 2157 4241 3599 3 2577 2626 2192 
3 1591 3766 1590 3 4126 4295 4127 3 881 1034 892 3 929 960 928 3 4116 4289 4115 
3 3008 3200 3199 3 2992 4441 1736 3 3977 3978 3976 3 2221 2222 1605 3 2401 2704 2400 
3 1216 4446 3013 3 1751 1997 1750 3 562 563 517 3 1470 1663 1310 3 846 1020 969 
3 903 904 902 3 796 825 824 3 1732 4257 249 3 4106 5161 3636 3 1644 2743 59 
3 1581 1972 1708 3 790 791 789 3 1243 1324 1323 3 2132 2904 2902 3 73 2800 288 
3 1564 1715 1714 3 1501 1960 1959 3 2125 4313 2124 3 1174 2623 909 3 765 796 766 
3 3245 5213 5171 3 3755 3756 2977 3 590 4664 4493 3 772 774 773 3 2327 2329 2328 
3 786 4414 785 3 2996 2998 2997 3 2524 4248 4220 3 774 776 775 3 4154 4155 353 
3 772 773 771 3 3118 4218 1750 3 1494 1564 1563 3 1313 4337 1090 3 2783 3576 3454 
3 784 785 782 3 1376 1494 1457 3 4112 4113 4111 3 804 936 763 3 1347 4441 1348 
3 4110 4112 4111 3 906 907 864 3 2284 2285 2036 3 774 775 773 3 1628 1629 1626 
3 799 4107 846 3 3217 3517 2900 3 4317 4550 4316 3 4437 5141 1781 3 3162 3163 2611 
3 3151 4343 3143 3 1499 4252 1422 3 2129 2264 1324 3 2162 2417 2416 3 1293 1376 1337 
3 4127 4130 4129 3 4028 4721 4318 3 2109 4277 2108 3 3245 3246 2780 3 1179 4026 1177 
3 2161 4179 1998 3 663 4329 664 3 3987 4327 3985 3 737 4251 713 3 4107 4108 1734 
3 1020 1293 1056 3 2481 3306 3084 3 4099 4330 4098 3 889 900 888 3 740 1453 742 
3 801 803 698 3 2779 2780 2778 3 1052 1426 955 3 3802 3803 3718 3 1128 1130 1129 
3 770 772 771 3 4114 4115 4113 3 959 1030 958 3 1074 3628 669 3 753 755 754 
3 751 753 752 3 3133 4881 4364 3 1446 1914 1521 3 954 1050 955 3 748 751 749 
3 4409 4947 2498 3 2996 4404 3000 3 4056 4809 4163 3 4296 4297 600 3 776 777 775 
3 869 934 887 3 1134 1313 1090 3 367 4352 369 3 2342 4161 1867 3 2840 4177 678 
3 731 3958 1520 3 3020 3021 3019 3 1946 2036 1689 3 1668 2969 2792 3 1960 2314 2140 
3 1736 4441 1469 3 2739 3483 2740 3 1267 1268 1137 3 746 748 747 3 788 789 786 
3 250 3529 54 3 1972 3646 1973 3 4035 4429 1773 3 885 4936 4827 3 1832 4332 4212 
3 1426 4379 955 3 2129 4373 3137 3 1230 1232 1231 3 1338 4589 2666 3 1432 4652 2850 
3 2915 2975 2914 3 1768 2380 2064 3 2778 3096 2474 3 1011 1013 1010 3 2518 2611 2223 
3 4272 4273 4268 3 4714 4946 3711 3 442 4276 2808 3 799 846 844 3 490 4423 1086 
3 4752 4769 911 3 2455 3968 2079 3 4595 5240 3216 3 1351 1399 1398 3 609 4401 642 
3 2444 2667 2309 3 1470 1668 1663 3 3152 4175 3151 3 3143 4343 3142 3 171 3966 1392 
3 2070 4416 2866 3 788 790 789 3 1399 1590 1398 3 583 585 584 3 1501 4412 1960 
3 386 4296 600 3 696 4345 1808 3 1826 4704 220 3 11 3081 2202 3 1090 4337 1081 
3 1956 2342 1867 3 2735 4376 2147 3 4307 4308 1752 3 907 4379 2775 3 1130 1132 1131 
3 244 4076 243 3 4345 4346 1808 3 717 1072 680 3 1741 1750 1547 3 668 4312 699 
3 119 3991 9 3 907 2775 864 3 4112 4114 4113 3 854 2203 856 3 1503 1721 1502 
3 4115 4126 4117 3 2282 2545 2281 3 2503 3735 3734 3 1842 4713 3171 3 769 4281 1069 
3 1306 1823 1303 3 2054 4706 2853 3 2416 4168 3161 3 2761 4244 2758 3 1267 4356 1268 
3 3984 3988 2189 3 691 692 690 3 927 928 926 3 498 2840 678 3 2940 3668 2682 
3 3660 3868 1941 3 2641 2816 2358 3 906 954 907 3 2546 3249 2545 3 4115 4289 4126 
3 1748 1749 779 3 4033 4764 4349 3 613 1089 36 3 2240 2591 2239 3 151 4266 150 
3 2155 2162 2161 3 2226 2281 1891 3 2099 2474 1704 3 4245 4246 2757 3 2047 2622 2437 
3 1977 2745 1745 3 2788 2789 2505 3 1432 2850 1444 3 744 746 745 3 3794 3795 3793 
3 423 4344 1381 3 4114 4116 4115 3 771 4281 769 3 759 2879 760 3 2530 2531 2264 
3 1688 1689 1526 3 1479 1614 1478 3 3232 4690 2590 3 2346 2347 2057 3 4035 4041 2872 
3 2768 2771 2770 3 2796 4328 2004 3 685 4410 675 3 2942 3269 3268 3 617 4405 2180 
3 3614 5295 2899 3 408 410 407 3 411 416 410 3 699 4312 854 3 2065 4379 1426 
3 827 4388 894 3 1316 1318 1317 3 4171 4947 4409 3 747 1045 745 3 406 407 405 
3 842 864 737 3 1413 1526 1403 3 897 1154 529 3 1595 4406 3787 3 2122 4276 441 
3 40 483 208 3 675 4410 679 3 1727 4449 1513 3 2333 2942 2941 3 1284 1285 1030 
3 770 771 769 3 1324 1419 1323 3 1318 1320 1319 3 1150 1370 1330 3 2762 2763 2761 
3 4181 4182 2605 3 208 4197 207 3 1624 1765 1610 3 2314 2649 2514 3 1288 4510 1460 
3 1072 4574 680 3 2442 4727 1987 3 343 4307 1752 3 2593 4587 4586 3 752 4365 1785 
3 757 4365 754 3 2959 4267 2958 3 1797 1871 1798 3 2415 2953 2414 3 1627 1628 1626 
3 3145 3151 3143 3 4100 4101 4099 3 4346 4347 1808 3 3643 3644 3107 3 2045 4280 2047 
3 1960 4412 2436 3 4135 4136 4131 3 1329 1403 1270 3 700 4307 341 3 919 920 904 
3 3096 4629 4354 3 2954 3191 2614 3 731 732 730 3 3421 3548 3190 3 1723 1791 1599 
3 2027 2822 2029 3 713 4165 670 3 1725 3034 1462 3 1756 4211 1391 3 5252 5515 3147 
3 1363 4367 1290 3 4123 4134 4120 3 782 4324 780 3 1044 4162 1015 3 504 4265 508 
3 1132 1246 1133 3 2470 2471 2347 3 2760 2761 2758 3 2879 4724 4279 3 862 2159 1754 
3 1916 2345 2344 3 2100 5279 5268 3 1233 4381 1231 3 341 4307 343 3 2756 2757 2705 
3 1045 4303 745 3 510 3996 506 3 2413 2644 2643 3 2754 2951 2685 3 433 435 434 
3 2447 2803 2802 3 4122 4413 4112 3 2073 4566 2258 3 5400 5468 3927 3 435 437 436 
3 2231 4322 2229 3 866 1498 807 3 653 2227 673 3 2345 4061 2742 3 2099 2475 2474 
3 2164 2466 2313 3 2139 4181 2605 3 1542 2255 1383 3 869 4517 934 3 2958 4267 3509 
3 1060 1067 1033 3 4121 4123 4120 3 397 4318 400 3 1536 2220 1363 3 4126 4127 4117 
3 2986 3560 2789 3 635 644 633 3 2764 2765 2763 3 437 439 438 3 2737 4211 1756 
3 2527 2529 2528 3 202 1387 201 3 2409 3375 3184 3 1528 4423 2503 3 842 906 864 
3 566 569 565 3 2139 2605 2364 3 4119 4120 4116 3 265 1552 60 3 705 4345 696 
3 2515 4013 2608 3 664 4305 645 3 713 4251 4165 3 2269 4283 2022 3 2067 3892 581 
3 2113 3805 2869 3 2454 3142 2231 3 2159 2401 2400 3 4130 4131 4129 3 3509 5245 3049 
3 693 694 692 3 2010 2447 2446 3 1810 2125 2124 3 361 4210 363 3 1884 4299 637 
3 2148 2640 1749 3 2785 3703 2125 3 442 682 509 3 5014 5056 3179 3 712 797 711 
3 2649 3561 2650 3 1480 2165 1726 3 663 664 645 3 2961 3452 3451 3 386 600 389 
3 538 4231 3859 3 1734 4340 1020 3 4203 4205 4204 3 3339 3965 2377 3 1755 2821 1753 
3 1285 1378 1030 3 1470 4395 1668 3 1878 2164 2037 3 2475 2779 2778 3 1686 2692 2404 
3 1969 4336 1536 3 1764 5592 4439 3 473 475 474 3 1284 4351 1684 3 1477 1478 1475 
3 3142 4755 4322 3 3142 4322 2231 3 1243 2129 1324 3 2345 2638 2637 3 4264 5290 4921 
3 5109 5128 4391 3 1846 1881 1822 3 1298 1316 1315 3 2644 3541 3540 3 1625 1627 1626 
3 5119 5158 3297 3 4475 4913 3703 3 1351 1398 1397 3 1775 3976 3975 3 2066 2859 1905 
3 2176 2535 2175 3 2769 4244 2761 3 1958 3934 3933 3 2786 2787 2148 3 2282 4359 2546 
3 249 4257 248 3 2592 3252 2591 3 2004 4328 1761 3 783 784 782 3 1715 1890 1714 
3 3359 3360 3357 3 3100 3899 575 3 1682 2080 1927 3 4346 4348 4347 3 1328 2801 2507 
3 2174 2175 1980 3 3447 3449 3448 3 790 4453 791 3 1668 4395 3616 3 1010 4357 1012 
3 1292 1822 1098 3 502 4265 504 3 2803 4341 2802 3 1259 4523 4522 3 846 4107 1734 
3 2447 2802 2446 3 2194 2733 2732 3 4409 4754 4739 3 1007 1008 990 3 1259 4522 1172 
3 4124 4132 4123 3 3071 3658 2489 3 3242 4161 2342 3 4166 4876 4085 3 2565 3044 2564 
3 2640 2642 1749 3 1772 4352 367 3 4115 4117 4113 3 3391 3393 3392 3 1011 1014 1013 
3 400 4318 403 3 529 3836 530 3 1684 1825 1285 3 856 4323 898 3 3591 4886 3055 
3 400 401 399 3 1392 3966 2405 3 2010 2446 2008 3 925 926 920 3 2687 5457 3658 
3 1463 4339 1466 3 1555 1652 1438 3 989 990 945 3 3354 3513 3349 3 4060 4432 3345 
3 2524 2527 2525 3 755 4315 756 3 3082 3362 2787 3 2446 4372 2008 3 2804 4372 2446 
3 406 4494 408 3 2779 3245 2780 3 3602 5752 1637 3 2009 2010 2008 3 2266 4875 3832 
3 4118 4119 4116 3 2801 3637 3124 3 359 614 361 3 1354 4418 1170 3 1216 3013 1228 
3 863 4345 705 3 2370 3109 2847 3 3682 4025 1179 3 404 405 402 3 2952 3186 3185 
3 1748 4324 2786 3 4189 4890 2018 3 261 3656 1557 3 542 556 540 3 775 1040 773 
3 2718 2899 2717 3 1856 2269 2022 3 2427 4179 2161 3 2281 4445 1891 3 2500 3038 3037 
3 2124 4313 2500 3 2802 4341 3849 3 2325 2791 2790 3 128 5816 127 3 1255 1837 1820 
3 2533 4691 2168 3 1604 1605 1490 3 1747 1810 1809 3 1466 2139 1545 3 4110 4122 4112 
3 2025 2026 1652 3 2006 4372 2796 3 506 507 505 3 3935 4319 3937 3 2406 2407 2026 
3 1810 2785 2125 3 4616 5357 3800 3 2408 4183 2026 3 380 1759 384 3 2500 4313 3038 
3 637 4299 635 3 615 4469 4355 3 2686 4336 1969 3 4119 4121 4120 3 611 623 610 
3 2045 2047 1825 3 863 4349 4345 3 3392 4311 2445 3 679 4329 663 3 3051 4434 4033 
3 2220 4367 1363 3 2790 4393 3080 3 678 711 677 3 1248 4688 1288 3 4087 5038 337 
3 2007 2008 2006 3 2696 4450 525 3 419 1962 421 3 798 833 797 3 842 4370 906 
3 4107 4149 4108 3 4196 4741 1378 3 791 1778 789 3 202 4326 1387 3 2138 3305 3304 
3 2987 4383 2855 3 3895 5041 1769 3 597 610 596 3 639 1884 637 3 4111 4147 4109 
3 1667 1896 1895 3 1737 2204 2074 3 508 514 510 3 846 969 844 3 1376 1457 1337 
3 1494 1563 1457 3 1564 1714 1563 3 1020 1056 969 3 1088 4373 1243 3 2006 2796 2004 
3 1844 2109 2108 3 1956 2370 2342 3 3145 3152 3151 3 3167 4457 2418 3 2936 2937 2603 
3 769 1069 767 3 2893 4694 2895 3 1232 1294 1247 3 3082 3834 3362 3 988 4355 1274 
3 2640 3558 2642 3 1748 2148 1749 3 752 1785 749 3 2786 3082 2787 3 2170 3088 1881 
3 2839 4497 4385 3 1625 4256 1627 3 439 4276 442 3 1000 1088 1064 3 1311 1470 1310 
3 2401 2705 2704 3 423 1381 426 3 750 4152 4151 3 1489 1602 1391 3 715 863 705 
3 626 627 624 3 712 1026 798 3 1810 2124 1809 3 3198 4317 4316 3 3558 3593 2642 
3 570 596 569 3 2454 3143 3142 3 1146 1310 1145 3 3620 5008 3634 3 2005 2006 2004 
3 2521 2524 2523 3 2967 2968 2211 3 444 2122 441 3 2003 2004 1761 3 1293 1337 1056 
3 3962 5379 3027 3 2474 4254 1704 3 2744 3643 3107 3 898 4323 1278 3 2934 3032 2449 
3 2447 2978 2803 3 1751 1998 1997 3 1268 4356 1329 3 2113 2869 1437 3 191 3765 190 
3 365 1561 375 3 9 4740 1458 3 743 1784 741 3 4144 4255 4145 3 1170 4418 2196 
3 702 1327 1326 3 4100 4102 4101 3 3336 5386 3766 3 475 477 476 3 433 4316 435 
3 413 4325 419 3 1511 1702 1510 3 4097 4100 4099 3 2704 4542 2400 3 1929 3373 2306 
3 2605 4242 2364 3 5165 5350 5015 3 4176 4622 3572 3 1864 2520 2144 3 1761 4328 1519 
3 650 670 651 3 4114 4118 4116 3 661 3036 578 3 645 4305 639 3 2279 2701 2483 
3 2139 2364 1545 3 780 4324 1748 3 883 4743 2867 3 2409 4399 3375 3 1570 1571 1569 
3 744 745 743 3 1834 1835 1641 3 1473 3950 1471 3 2056 2057 1282 3 178 3967 2048 
3 1776 2078 1777 3 762 765 764 3 403 4318 1747 3 2054 2853 2597 3 791 1779 1778 
3 413 4780 4325 3 3198 4316 1468 3 4390 4391 2428 3 3555 3782 2913 3 1609 4504 1623 
3 384 4296 386 3 2070 2866 2367 3 4371 5686 3440 3 1177 1325 1175 3 3288 3296 3292 
3 738 842 737 3 4121 4124 4123 3 2756 2758 2757 3 1046 3930 967 3 1405 1510 1404 
3 615 4355 988 3 2333 4378 2942 3 714 737 713 3 421 4344 423 3 4040 4639 2871 
3 2718 2900 2899 3 1226 4377 1224 3 392 1758 394 3 756 759 758 3 1327 1389 1388 
3 3489 3490 3488 3 670 671 651 3 2477 2887 2478 3 4648 4660 1827 3 477 481 478 
3 2568 4363 2136 3 3422 3655 3093 3 2229 4473 1488 3 2811 4430 2149 3 2760 2762 2761 
3 1801 1802 1703 3 2046 2788 2505 3 2802 3849 2804 3 481 488 482 3 488 494 489 
3 494 501 495 3 1327 1388 1326 3 5349 5374 3362 3 354 4154 351 3 1468 4316 433 
3 1741 1751 1750 3 2012 3407 2372 3 2260 2564 2259 3 364 4403 350 3 725 767 724 
3 1615 4375 2106 3 4301 4302 1045 3 798 4459 833 3 4187 4188 3069 3 2762 2764 2763 
3 2469 2686 1969 3 2302 3890 2303 3 944 945 913 3 3577 3578 3576 3 3411 3700 3410 
3 2005 2007 2006 3 1268 1270 1269 3 3361 3488 3360 3 2503 3734 3221 3 650 672 670 
3 2133 2134 1819 3 3950 4395 1471 3 5493 5712 3527 3 2124 2500 2126 3 407 1992 405 
3 2007 2009 2008 3 335 337 336 3 2093 5152 113 3 2515 2608 1411 3 4117 4428 4113 
3 442 2808 682 3 848 4518 869 3 2003 2005 2004 3 2425 3222 3174 3 2008 4372 2006 
3 894 1924 952 3 744 4602 746 3 1055 3980 478 3 1364 4338 2218 3 1746 2415 2414 
3 3038 4368 3037 3 2724 2811 2149 3 2243 4092 1427 3 988 1274 1171 3 1745 4309 1478 
3 2005 4484 4282 3 1225 4380 1227 3 2216 2229 1488 3 2961 3451 2529 3 648 1454 646 
3 404 406 405 3 892 939 938 3 2295 4515 4514 3 498 678 677 3 2477 3255 2887 
3 4122 4548 4255 3 2767 2768 2765 3 2464 4419 3207 3 2500 3037 2965 3 394 396 393 
3 2809 4445 2281 3 2653 3272 2708 3 2939 4386 2259 3 3923 5490 2163 3 2424 2428 2341 
3 921 941 858 3 2734 4193 4192 3 1373 1462 1374 3 2698 3908 2950 3 3287 4415 3285 
3 3013 3014 1228 3 3940 3943 3942 3 955 4379 907 3 2918 2919 2917 3 585 587 586 
3 592 4898 3785 3 1025 1137 1136 3 1278 1373 1279 3 1051 1145 1050 3 2136 4363 1529 
3 672 713 670 3 3378 3379 3377 3 1958 3933 1682 3 1808 4410 685 3 2772 3091 2771 
3 696 1808 685 3 807 4263 694 3 403 1747 414 3 2555 2568 2136 3 1491 4375 1615 
3 1152 4585 1482 3 2246 2918 2917 3 1421 4377 1226 3 392 393 391 3 4118 4125 4119 
3 4111 4428 4147 3 793 4453 790 3 2555 3192 2568 3 1396 1976 1283 3 507 3129 1525 
3 432 2898 1468 3 881 892 891 3 1656 4854 1658 3 3053 4397 2126 3 2445 4311 2444 
3 3842 4697 2137 3 2855 4013 2515 3 2245 5684 3638 3 1227 4380 1491 3 1339 1450 1085 
3 1529 2315 1421 3 2230 2231 2229 3 3197 3198 1468 3 939 1025 1024 3 400 402 401 
3 2086 4350 1306 3 337 339 338 3 1491 4380 4375 3 1528 2503 2384 3 3806 5311 3203 
3 1171 4364 1436 3 201 3912 200 3 1615 2106 2104 3 2802 2804 2446 3 787 788 786 
3 389 391 388 3 898 1278 985 3 2267 2555 2136 3 1519 4418 1354 3 1747 1809 414 
3 550 552 551 3 675 679 663 3 1529 4363 2315 3 652 663 645 3 1748 2786 2148 
3 640 645 639 3 2700 2810 2095 3 638 639 637 3 4127 4129 4128 3 1417 4069 1906 
3 3978 3979 3976 3 4124 4133 4132 3 374 2214 364 3 1779 2571 1778 3 363 4210 1772 
3 416 4421 410 3 1705 2099 1704 3 636 637 635 3 2795 3042 1870 3 1830 2136 1529 
3 634 635 633 3 2424 4390 2428 3 2082 2084 2083 3 2725 2726 2172 3 339 341 340 
3 2221 2663 2222 3 3986 4716 3984 3 544 3888 542 3 1513 4449 1593 3 2709 2710 2294 
3 2190 4537 1630 3 392 394 393 3 4205 4206 4204 3 3396 5574 5443 3 3053 4398 4397 
3 652 675 663 3 1101 1255 1053 3 632 633 631 3 1620 1704 1505 3 640 652 645 
3 767 4474 724 3 298 3519 910 3 1274 4364 1171 3 341 343 342 3 2724 3134 2811 
3 386 388 385 3 2898 3197 1468 3 801 828 803 3 749 4300 747 3 2010 4361 2447 
3 770 885 772 3 2872 2873 2835 3 4073 4074 4072 3 4596 4597 4159 3 638 640 639 
3 2315 4377 1421 3 4756 4876 4166 3 318 5305 5145 3 2126 4397 1809 3 343 345 344 
3 2127 4837 1568 3 414 4408 404 3 2593 4586 980 3 2600 2739 2417 3 1334 1391 1160 
3 2744 3107 2667 3 3618 3619 2842 3 2246 4427 2918 3 403 404 402 3 2002 2003 1761 
3 2019 2776 2549 3 3296 3297 3292 3 2124 2126 1809 3 345 347 346 3 1627 2190 1630 
3 4128 4428 4117 3 350 4403 348 3 2389 4417 3386 3 1601 5277 3699 3 3290 4415 3287 
3 636 638 637 3 4173 4456 2751 3 1052 4412 1501 3 883 2867 930 3 934 4517 1060 
3 384 385 383 3 1830 2267 2136 3 347 349 348 3 406 408 407 3 2689 3675 2712 
3 1463 1466 1465 3 2310 2312 1893 3 894 4388 1924 3 3270 3848 3167 3 4136 4142 4137 
3 2037 2114 1965 3 349 351 350 3 1088 1243 1147 3 3096 4354 4254 3 2571 3847 1778 
3 3069 4208 1663 3 789 4414 786 3 2308 3093 2206 3 1775 3975 474 3 2191 4042 3275 
3 3108 4660 4648 3 3293 3295 3290 3 2488 2489 2318 3 400 403 402 3 389 392 391 
3 2270 2272 2271 3 4275 4373 1088 3 380 383 379 3 1638 1639 1635 3 3849 4072 2804 
3 871 874 873 3 1000 4275 1088 3 1311 1471 1470 3 2129 2530 2264 3 3937 4319 3940 
3 634 636 635 3 2268 2341 2267 3 2500 2965 2126 3 1710 5024 303 3 4002 4007 4005 
3 4394 4955 1762 3 1902 4029 1242 3 4366 4453 793 3 1466 1545 1544 3 828 847 829 
3 804 937 936 3 3267 3762 3042 3 4203 4204 4201 3 756 757 754 3 408 411 410 
3 1760 1761 1519 3 367 368 366 3 879 881 880 3 1429 1830 1529 3 1665 1667 1666 
3 378 379 377 3 2392 2958 2628 3 2336 3302 2359 3 2527 2528 2525 3 375 377 374 
3 833 4275 1000 3 1554 1665 1664 3 1484 1554 1553 3 1967 2213 1966 3 411 417 416 
3 2174 2176 2175 3 1566 2259 1395 3 628 629 627 3 2958 3509 3049 3 702 1326 1314 
3 412 415 398 3 2218 2392 2254 3 2117 2118 2009 3 1697 2174 1980 3 1767 3101 2123 
3 1429 1529 1421 3 746 747 745 3 1634 1635 1633 3 753 754 752 3 751 752 749 
3 748 749 747 3 2557 3235 2209 3 1803 1804 1802 3 988 1171 1170 3 3046 3232 2590 
3 1256 1421 1226 3 386 389 388 3 1604 2221 1605 3 156 4269 155 3 3036 4773 578 
3 1632 1633 1631 3 617 2180 607 3 3447 3448 2583 3 3185 4772 2951 3 3133 3830 2815 
3 417 430 416 3 606 1771 616 3 1027 1150 1149 3 365 374 364 3 2788 2986 2789 
3 1171 1436 1354 3 2453 2454 2231 3 1170 2196 987 3 1879 2240 2239 3 4347 4410 1808 
3 1830 2268 2267 3 3096 4254 2474 3 369 371 370 3 397 399 396 3 1518 1762 1760 
3 2268 2814 2424 3 2491 2889 1812 3 4695 5008 3751 3 1429 4392 1830 3 2389 3386 3385 
3 2043 4617 2132 3 1549 2065 1426 3 671 958 651 3 2745 4309 1745 3 2965 3053 2126 
3 2268 2424 2341 3 1668 3616 2969 3 2744 3645 3643 3 148 4849 1724 3 408 4494 1817 
3 2407 2886 2885 3 3830 4390 2815 3 4935 5661 5652 3 1630 1631 1628 3 632 634 633 
3 3598 5658 1636 3 2854 2989 2676 3 630 631 629 3 1262 2519 843 3 768 770 769 
3 3144 3145 3143 3 4138 4141 4125 3 4121 4139 4124 3 1462 1463 1374 3 875 879 877 
3 384 386 385 3 1438 4594 2113 3 1342 1404 1341 3 2601 2828 2055 3 1331 1343 581 
3 1373 1374 1279 3 379 884 377 3 2724 4394 3134 3 2814 3132 2815 3 1640 1641 1639 
3 2814 2815 2424 3 759 760 758 3 2444 2744 2667 3 1992 4369 405 3 1146 1311 1310 
3 403 414 404 3 351 4154 353 3 3731 3732 2632 3 4636 4714 2884 3 1364 2218 1907 
3 4398 4408 4397 3 1389 1555 1438 3 394 397 396 3 1278 1279 985 3 2503 4423 3735 
3 1318 1321 1320 3 2265 2724 2149 3 1227 1491 1271 3 1462 4339 1463 3 912 913 861 
3 1698 2043 1742 3 1830 4392 2268 3 2120 4321 2621 3 2714 4553 1970 3 1430 1490 1276 
3 2931 3382 2638 3 203 4326 202 3 1222 1493 1220 3 615 988 987 3 2002 2172 2003 
3 2214 4403 364 3 1466 1544 1465 3 1256 1429 1421 3 1227 1256 1226 3 647 4164 1352 
3 4397 4408 414 3 1809 4397 414 3 3860 3861 2156 3 339 700 341 3 863 4536 4349 
3 860 861 838 3 2105 2149 1616 3 3631 3632 2810 3 2268 4392 2814 3 4118 4138 4125 
3 380 384 383 3 1216 1228 1217 3 2430 2689 2432 3 3277 4578 2547 3 405 4369 402 
3 1518 1519 1354 3 4328 4418 1519 3 26 622 177 3 458 459 457 3 1164 4400 1828 
3 1492 1770 1271 3 3945 4865 1530 3 717 1328 1072 3 1066 4075 2652 3 1292 1846 1822 
3 1227 1271 1256 3 1491 1615 1492 3 598 4625 4487 3 3061 5047 3835 3 852 888 851 
3 2007 2117 2009 3 1189 3713 1188 3 428 454 425 3 1181 1713 1183 3 4361 4362 4243 
3 2742 4061 4060 3 1150 4411 4065 3 2025 2406 2026 3 2815 4390 2424 3 4218 4486 1614 
3 4178 4183 2408 3 2833 2834 2832 3 1471 4395 1470 3 1243 1323 1147 3 3132 3133 2815 
3 1168 1216 1215 3 2216 2230 2229 3 2524 2525 2523 3 1164 1828 1166 3 214 3709 3404 
3 3251 3430 3281 3 714 738 737 3 1086 1174 909 3 2520 2521 2144 3 4519 4550 4317 
3 1890 2157 2101 3 4388 4389 1924 3 4466 5791 2021 3 378 380 379 3 5771 5845 3460 
3 2411 2754 2685 3 4408 4494 406 3 1465 1509 1464 3 1162 4400 1164 3 118 4731 117 
3 3288 3292 3289 3 1555 2025 1652 3 404 4408 406 3 293 4647 1945 3 755 756 754 
3 2345 2637 2344 3 2538 2539 2537 3 765 766 764 3 2819 2820 2354 3 3283 3286 3285 
3 1482 1484 1483 3 1620 1705 1704 3 2998 2999 2997 3 1400 1682 1548 3 1760 2002 1761 
3 3286 3288 3287 3 4242 4243 2364 3 3034 4339 1462 3 2764 2767 2765 3 1038 4436 1259 
3 3847 4414 1778 3 2080 2625 2252 3 375 378 377 3 2447 4361 2978 3 2791 3105 3104 
3 2725 3074 2726 3 4127 4128 4117 3 3852 3854 3853 3 2003 4484 2005 3 706 715 705 
3 1221 1414 1223 3 1491 1492 1271 3 1463 1465 1464 3 629 1264 627 3 365 375 374 
3 1868 2151 1517 3 490 909 456 3 1705 2100 2099 3 4113 4428 4111 3 2132 2902 2901 
3 2748 4663 3945 3 1477 1479 1478 3 1518 1760 1519 3 1463 1464 1374 3 4149 4548 4108 
3 3693 3694 3272 3 1028 4459 798 3 3295 4415 3290 3 514 516 515 3 432 1468 433 
3 3716 3791 3790 3 1171 1354 1170 3 2065 4756 4379 3 1615 2104 1616 3 988 1170 987 
3 1901 5105 2552 3 4390 4447 4391 3 382 1272 376 3 1986 2992 1736 3 430 2018 558 
3 3264 3460 2820 3 672 714 713 3 1256 4407 1429 3 1615 1616 1492 3 1890 4445 2157 
3 2018 2019 558 3 937 1006 1005 3 2055 4479 1825 3 792 793 790 3 3249 4439 4438 
3 2701 2746 2483 3 1960 2436 2314 3 2733 3094 2732 3 2755 2756 2705 3 630 632 631 
3 1805 1806 1804 3 2692 2838 2693 3 796 824 766 3 754 4365 752 3 3055 3056 2540 
3 1162 4502 4400 3 1285 4479 1378 3 2230 2453 2231 3 2105 2265 2149 3 4151 4788 2755 
3 616 650 617 3 991 1053 941 3 1225 1227 1226 3 2157 3599 2656 3 397 400 399 
3 1436 1518 1354 3 1271 4407 1256 3 825 851 824 3 1268 1269 1137 3 2285 2433 2036 
3 2831 2832 2830 3 3014 3282 3015 3 395 398 390 3 1757 1867 1654 3 3797 5251 2816 
3 2530 3179 2531 3 2104 2458 2105 3 1223 1224 1222 3 1036 4444 1930 3 1429 4407 4392 
3 4112 4413 4114 3 1225 1226 1224 3 2336 4443 3302 3 2265 3050 2724 3 1379 1380 1239 
3 2828 4479 2055 3 709 2217 683 3 974 2320 972 3 958 4405 651 3 1388 1390 1326 
3 3435 3623 3437 3 799 844 800 3 2783 3577 3576 3 353 365 364 3 3401 5828 5173 
3 1955 1956 1867 3 1846 2170 1881 3 2497 2721 2128 3 1008 1011 1010 3 3050 4394 2724 
3 4110 4548 4122 3 402 4369 401 3 854 856 855 3 4240 4531 3400 3 2754 2952 2951 
3 837 838 836 3 3602 3788 3092 3 1593 4619 1978 3 3912 4371 3913 3 716 725 724 
3 653 673 654 3 2078 2430 2079 3 1545 2389 1544 3 1229 3525 1230 3 2129 3137 2530 
3 1770 4407 1271 3 1369 1412 1372 3 1762 4427 1760 3 2726 4484 2172 3 1066 2652 1856 
3 1088 1147 1064 3 1469 4441 1347 3 1509 2069 2068 3 2759 2760 2758 3 3291 3293 3290 
3 964 965 915 3 2814 4468 3132 3 1778 4414 789 3 2104 2105 1616 3 682 702 701 
3 1051 1146 1145 3 1038 1259 1172 3 898 985 899 3 886 5258 4584 3 3875 3969 3968 
3 856 898 857 3 2246 2917 2725 3 440 441 439 3 2265 3051 3050 3 724 4454 715 
3 606 616 607 3 532 533 531 3 2002 2246 2172 3 616 4374 650 3 2251 2294 1687 
3 2246 2725 2172 3 2321 2864 2798 3 3107 3330 2667 3 756 758 757 3 1106 2490 1028 
3 1891 4445 1890 3 3289 3290 3287 3 238 1273 51 3 2192 4042 2191 3 822 997 827 
3 673 707 674 3 482 4824 1055 3 2817 4677 1111 3 2776 2777 2549 3 335 336 334 
3 470 486 469 3 2687 5591 3897 3 697 705 696 3 854 855 802 3 875 4360 879 
3 1603 1768 1496 3 1689 1690 1526 3 2434 2435 2305 3 451 469 450 3 452 615 472 
3 3110 3111 3109 3 626 628 627 3 2942 3268 2941 3 650 4374 672 3 498 4352 2840 
3 2304 2434 2305 3 1069 4474 767 3 2768 2772 2771 3 1223 1225 1224 3 3286 3287 3285 
3 1680 2051 1681 3 707 799 708 3 1767 4464 3101 3 4118 4413 4138 3 2196 4500 987 
3 2422 3216 3215 3 1093 2716 995 3 776 778 777 3 1225 4435 4380 3 1221 1222 1220 
3 2149 4430 1616 3 699 854 802 3 2101 5180 5155 3 1221 1223 1222 3 538 3859 536 
3 408 1817 411 3 1619 1620 1505 3 2120 2621 1896 3 1370 1496 1330 3 716 724 715 
3 469 984 450 3 4002 4005 2494 3 2437 3336 2601 3 3051 4031 3050 3 2170 3889 3088 
3 1509 2044 1464 3 1006 1081 1080 3 430 558 416 3 3184 5439 3370 3 2178 2697 2179 
3 1936 1938 1937 3 3276 3277 2547 3 3288 3289 3287 3 2016 2082 2017 3 2051 2485 2052 
3 954 1051 1050 3 825 4874 853 3 1044 5492 4162 3 3005 4086 2697 3 2485 3030 2486 
3 1876 2223 2171 3 443 2195 445 3 2565 3229 3044 3 781 783 782 3 1334 1489 1391 
3 2380 2502 2064 3 3014 3015 1228 3 3449 3450 3448 3 3101 3102 2123 3 2047 2437 2055 
3 1492 4430 1770 3 2389 3119 1544 3 2887 3028 3027 3 892 938 891 3 1608 1654 1357 
3 1620 2107 1705 3 88 3704 313 3 4114 4413 4118 3 2503 3221 2384 3 2821 4673 4315 
3 401 4369 2805 3 2454 3144 3143 3 2154 2155 1998 3 3145 3751 3152 3 1514 1727 1513 
3 3940 4319 3943 3 3228 3829 3227 3 3289 3291 3290 3 2364 4417 1545 3 898 899 857 
3 3697 3796 2849 3 3089 3180 2176 3 3112 3227 3111 3 874 4360 875 3 1419 1680 1420 
3 1920 2991 1918 3 353 364 350 3 3291 3294 3293 3 615 987 472 3 3487 4565 1858 
3 2215 3131 2793 3 577 3899 1331 3 856 857 855 3 2236 4037 2235 3 524 3884 500 
3 715 4454 863 3 1403 4338 1270 3 725 1769 768 3 3577 4160 3578 3 1414 4435 1223 
3 1504 1505 1380 3 935 4436 1038 3 2021 5791 4291 3 587 589 588 3 2389 3385 3119 
3 2519 4370 843 3 3108 4827 4249 3 2215 2216 1488 3 1825 4479 1285 3 1279 2818 985 
3 1216 1217 1215 3 638 1781 640 3 1214 1488 1167 3 4136 4137 4131 3 1242 1400 1368 
3 4373 4736 3137 3 794 795 793 3 1244 2270 1408 3 1465 4425 1509 3 1026 1028 798 
3 449 450 83 3 1072 5399 4574 3 774 3108 776 3 2679 2849 2453 3 2889 4543 1812 
3 652 676 675 3 417 432 431 3 2357 2560 2147 3 1828 4446 1166 3 682 701 509 
3 816 1369 820 3 2303 3890 2451 3 640 4433 652 3 1509 2068 2044 3 784 787 786 
3 1168 4446 1216 3 2906 2923 2253 3 881 891 880 3 628 630 629 3 1213 4966 111 
3 3000 4404 3524 3 3166 3167 2418 3 939 1024 938 3 4243 4417 2364 3 2068 2336 2262 
3 651 4405 617 3 1616 4430 1492 3 3060 3259 3258 3 4423 4645 3735 3 2516 2874 2071 
3 3162 4944 3163 3 3688 5586 4867 3 1837 2192 2191 3 855 2799 802 3 3283 3285 3284 
3 843 4370 842 3 636 4437 638 3 2337 2909 2262 3 3574 5604 5178 3 4407 4468 4392 
3 1648 1695 1694 3 1544 4425 1465 3 432 433 431 3 2230 2679 2453 3 3283 3284 3015 
3 2346 2470 2347 3 4129 4140 4128 3 676 685 675 3 768 769 767 3 4082 5892 4967 
3 2945 3377 2944 3 3002 3121 2589 3 11 2202 122 3 1504 1619 1505 3 1210 1211 1208 
3 2035 5215 3942 3 2865 4189 434 3 539 1062 541 3 647 1352 649 3 781 1827 783 
3 2679 3697 2849 3 1326 4464 1314 3 3086 3087 2493 3 3010 3511 3009 3 1464 4452 1374 
3 3245 5171 5131 3 1219 1221 1220 3 3131 3686 2793 3 3135 5062 4817 3 351 353 350 
3 2552 3337 2553 3 1270 1364 1269 3 2890 3641 2891 3 634 859 636 3 2470 2653 2471 
3 3366 3420 1799 3 1545 4417 2389 3 5008 5124 3152 3 349 350 348 3 3484 5669 5294 
3 1305 1434 1299 3 2215 2793 2216 3 4063 5500 2214 3 2769 5802 3705 3 686 696 685 
3 1760 4427 2002 3 2588 3002 2589 3 369 498 371 3 1374 4452 1279 3 1219 1220 1218 
3 387 390 382 3 347 348 346 3 3520 4663 3784 3 2773 3571 3570 3 1289 1786 1361 
3 2056 2346 2057 3 1025 1136 1024 3 3282 3283 3015 3 3830 4447 4390 3 2602 2603 2115 
3 1878 1965 1877 3 1614 4486 1746 3 345 346 344 3 2683 4093 3726 3 558 4421 416 
3 1509 4425 2069 3 4128 4549 4428 3 1733 4874 796 3 3419 3654 2968 3 686 1793 697 
3 1729 1730 1524 3 2458 4434 2105 3 2773 3570 2774 3 1165 2845 1163 3 2401 2755 2705 
3 1753 4315 755 3 2365 5278 4957 3 443 444 441 3 697 706 705 3 343 344 342 
3 3121 3464 3122 3 2089 2090 2087 3 1728 1966 1727 3 2307 5442 3850 3 2902 2903 2901 
3 2240 2592 2591 3 783 4385 784 3 2002 4427 2246 3 1435 1843 1434 3 1611 4596 4159 
3 738 843 842 3 725 768 767 3 1217 1218 1215 3 1047 1162 1161 3 1983 4774 3397 
3 1425 4219 1910 3 2545 2809 2281 3 3203 3204 2839 3 341 342 340 3 1223 4435 1225 
3 2806 3510 3067 3 432 4509 2898 3 2453 4460 2454 3 672 4374 2848 3 369 4352 498 
3 1461 1536 1363 3 417 431 430 3 2247 2469 1969 3 1770 4468 4407 3 1217 1219 1218 
3 1807 1877 1806 3 1037 3535 2298 3 2105 4434 2265 3 177 4489 176 3 358 1099 356 
3 179 3967 178 3 3121 3122 2589 3 1321 1341 1320 3 3023 3062 3021 3 2081 2467 1451 
3 339 340 338 3 305 449 83 3 2162 2600 2417 3 1489 1950 1602 3 1240 1379 1239 
3 3156 3169 1868 3 2468 3148 2467 3 1498 5089 4263 3 337 338 336 3 472 473 453 
3 1730 2234 2233 3 1379 1504 1380 3 1922 1969 1536 3 758 4513 757 3 2265 4434 3051 
3 1890 2101 1714 3 835 836 834 3 1721 2675 1974 3 2216 4475 2230 3 3313 3314 3056 
3 2207 2309 2308 3 4468 4503 3132 3 1304 1306 1303 3 2247 5336 3771 3 445 446 444 
3 4392 4468 2814 3 750 4602 4152 3 4195 4580 2830 3 2068 4443 2336 3 781 782 780 
3 3119 4425 1544 3 2811 4503 4430 3 2496 2914 2910 3 2143 2839 1863 3 452 472 453 
3 2392 2628 2254 3 2667 4472 2309 3 445 452 446 3 2991 4696 1918 3 452 453 446 
3 2764 2773 2767 3 2958 3049 2628 3 1228 4470 1217 3 2577 3415 2626 3 3683 4965 3001 
3 4188 4209 4208 3 3508 5355 2291 3 2068 2262 2044 3 1037 2298 2297 3 4315 4673 759 
3 443 445 444 3 1021 1023 981 3 3464 3465 3122 3 1061 1239 1054 3 1511 1703 1702 
3 3570 3572 2774 3 702 1314 701 3 4069 4926 4071 3 3015 4470 1228 3 848 869 868 
3 1394 1876 1556 3 733 735 734 3 623 653 625 3 422 1764 420 3 1172 4522 1289 
3 2260 2565 2564 3 2135 3996 510 3 2044 4452 1464 3 1405 1511 1510 3 778 779 777 
3 1270 4338 1364 3 2047 2055 1825 3 1168 1215 1214 3 1417 1906 1532 3 2760 2766 2762 
3 2796 4749 4328 3 1166 1168 1167 3 509 4036 438 3 2437 2601 2055 3 2069 4443 2068 
3 4821 4998 3175 3 591 4260 606 3 1152 1482 1344 3 2624 2711 2312 3 2218 2254 1907 
3 3127 5527 3767 3 2773 2774 2767 3 1627 1630 1628 3 1788 5541 5455 3 2272 2274 2273 
3 1214 2215 1488 3 1307 2086 1306 3 2666 3897 1508 3 780 1748 779 3 440 443 441 
3 1168 1214 1167 3 2756 2759 2758 3 4370 4528 906 3 706 716 715 3 1936 4568 3722 
3 415 684 683 3 2019 2549 2316 3 1166 1167 1165 3 2250 5423 3481 3 1409 1537 1423 
3 1244 4440 2270 3 1968 4800 3893 3 606 4260 1771 3 1164 1166 1165 3 1563 4467 1457 
3 2799 4529 802 3 1557 4907 1737 3 1740 1741 1547 3 1047 1161 1160 3 3104 5369 5243 
3 760 761 758 3 643 4164 647 3 1000 1064 1063 3 385 1763 383 3 3255 4466 2887 
3 516 562 517 3 1472 1473 1471 3 2219 4402 1007 3 4034 4536 4454 3 2019 2316 558 
3 369 370 368 3 2772 3092 3091 3 1283 4381 1233 3 3284 4470 3015 3 239 4424 238 
3 4452 4534 2818 3 2172 4484 2003 3 2454 4460 3144 3 733 734 732 3 2710 3189 3068 
3 2600 3495 2739 3 1279 4452 2818 3 2998 4965 2999 3 4302 4303 1045 3 1362 1363 1290 
3 1695 1739 1738 3 562 590 563 3 1086 1357 1174 3 966 1054 964 3 1086 1528 1357 
3 4247 4542 2704 3 844 845 800 3 1566 2260 2259 3 401 424 399 3 4215 4546 2781 
3 4297 4933 600 3 735 2001 917 3 879 880 877 3 1864 4660 2520 3 2242 5029 4675 
3 4140 4549 4128 3 2230 4475 2679 3 3800 5357 2682 3 512 591 511 3 2044 4534 4452 
3 2703 4462 1943 3 2472 2473 2058 3 1623 4504 2386 3 2151 2582 2325 3 762 763 761 
3 1457 1459 1337 3 686 697 696 3 2308 3422 3093 3 691 693 692 3 4375 4797 2106 
3 1739 2256 1988 3 2521 2523 2522 3 2370 3110 3109 3 5118 5140 3192 3 5309 5387 3124 
3 2793 4475 2216 3 460 461 459 3 1608 1757 1654 3 706 905 716 3 1757 1955 1867 
3 1922 2247 1969 3 968 1047 1046 3 760 762 761 3 833 1000 999 3 1079 5508 3856 
3 2091 2496 2495 3 2549 4471 2316 3 2849 4460 2453 3 868 4366 795 3 2777 3501 2549 
3 4188 4208 3069 3 899 908 857 3 487 496 486 3 622 4489 177 3 2086 5827 4350 
3 2134 2465 2464 3 1066 1856 1386 3 2336 2359 2337 3 1161 1334 1160 3 1291 1292 1098 
3 2988 4996 3589 3 2040 2588 2587 3 2336 2337 2262 3 3720 5089 1498 3 2875 4366 868 
3 2619 3045 2750 3 1166 4446 1168 3 1097 1098 1023 3 799 800 708 3 2197 4840 1582 
3 2980 2981 2388 3 1047 1160 1046 3 885 5011 4221 3 490 1086 909 3 381 382 376 
3 1574 3665 1575 3 833 4459 4275 3 676 686 685 3 4398 4494 4408 3 1461 1922 1536 
3 1526 4442 1403 3 2759 4426 2760 3 1164 1165 1163 3 2036 4431 1689 3 567 3156 1868 
3 2863 3498 3497 3 1430 1604 1490 3 764 4481 804 3 1827 1863 783 3 1555 2498 2025 
3 3249 4438 2545 3 3106 3433 3105 3 1250 1467 1298 3 593 2201 609 3 2157 2656 2101 
3 764 804 763 3 1770 4503 4468 3 693 695 694 3 968 1046 967 3 1206 1207 1204 
3 452 4469 615 3 1269 4526 1137 3 2588 2589 2587 3 1369 1372 820 3 1379 1506 1504 
3 1082 2041 1091 3 809 4480 850 3 451 470 469 3 2375 2648 2647 3 2768 4512 2772 
3 2846 3367 3366 3 1528 2384 1608 3 806 967 726 3 1390 4464 1326 3 1311 1472 1471 
3 3525 4508 1230 3 1546 1547 1479 3 1150 1330 1149 3 1136 2846 1799 3 3599 3648 2656 
3 3366 3705 3420 3 801 4529 828 3 1039 1562 962 3 874 875 873 3 1082 1090 1081 
3 2174 3089 2176 3 3105 5369 3104 3 449 451 450 3 650 651 617 3 3489 3491 3490 
3 2971 3678 2197 3 831 834 688 3 2195 4469 445 3 2279 2483 1650 3 1302 1303 1301 
3 1632 1636 1634 3 472 4500 473 3 1689 4431 1690 3 1976 4381 1283 3 1943 2484 1940 
3 497 511 496 3 2034 2375 2374 3 1817 4509 411 3 1188 3116 1202 3 605 4520 568 
3 1474 1475 1473 3 373 376 372 3 3539 5340 1731 3 1014 1744 1016 3 614 4210 361 
3 4131 4461 4129 3 766 4481 764 3 1864 2144 2143 3 4377 5102 5070 3 2085 4514 2351 
3 1162 1164 1163 3 475 479 477 3 791 4453 2463 3 1342 1405 1404 3 673 674 654 
3 1746 4486 2415 3 437 440 439 3 2468 4264 3148 3 1572 1573 1571 3 2779 5237 5213 
3 1221 4569 1414 3 1100 4926 1280 3 1832 2034 2033 3 2697 2698 2179 3 346 1360 344 
3 2497 3823 2721 3 1528 1608 1357 3 3179 5056 4174 3 3089 4353 3180 3 707 708 674 
3 1061 1240 1239 3 4129 4461 4140 3 788 792 790 3 672 2848 714 3 3440 5177 4371 
3 2562 3212 3211 3 2909 4534 2262 3 2994 4404 2996 3 2895 3019 3018 3 2893 2895 2894 
3 966 1061 1054 3 1771 4374 616 3 916 964 915 3 1827 1864 1863 3 1334 1780 1489 
3 2335 3234 2127 3 3977 4680 3978 3 2450 2852 2020 3 1217 4470 1219 3 806 2238 968 
3 3063 3196 3062 3 3163 4465 2611 3 1757 2368 1955 3 1460 4510 1697 3 3091 5055 4833 
3 1080 4856 1500 3 1801 1803 1802 3 906 4528 954 3 2081 2468 2467 3 1057 2147 948 
3 1781 4433 640 3 1795 1796 1700 3 1273 2133 1819 3 1056 2224 969 3 1428 4190 2244 
3 987 4500 472 3 1767 2123 2081 3 1955 2381 1956 3 399 4575 396 3 887 2875 868 
3 2321 4640 2864 3 850 915 849 3 1036 1930 1139 3 721 805 726 3 2116 5428 5296 
3 1490 4491 1276 3 791 2463 1779 3 1195 1196 1194 3 2846 3366 1799 3 638 4437 1781 
3 710 721 720 3 983 1345 976 3 1446 1521 1447 3 652 4433 676 3 1162 1163 1161 
3 1051 2851 1146 3 2436 4527 2314 3 4055 5144 1467 3 806 968 967 3 2145 3047 2688 
3 1067 4075 1033 3 980 4586 982 3 684 710 709 3 5 4568 1936 3 828 4529 2035 
3 19 2477 1105 3 966 1144 1061 3 496 1773 486 3 443 4519 2195 3 1136 1799 1024 
3 2490 4459 1028 3 2760 4426 2766 3 3684 4965 3683 3 1472 2121 1474 3 3221 3592 2384 
3 4430 4503 1770 3 445 4469 452 3 591 598 511 3 2316 4421 558 3 2806 4552 3510 
3 1484 1553 1483 3 1554 1664 1553 3 3345 4432 3435 3 2855 4530 4013 3 850 1792 916 
3 3347 5084 2456 3 1314 1451 701 3 1706 1707 1499 3 2088 4608 4314 3 2467 4659 1451 
3 1488 4473 1167 3 1493 4600 1220 3 2974 4811 2322 3 660 691 690 3 4570 4571 3164 
3 4068 4579 4067 3 2767 4512 2768 3 859 4437 636 3 2525 2526 2523 3 2781 4546 2783 
3 1402 1832 1692 3 3361 3489 3488 3 214 3404 213 3 2697 4086 2698 3 2309 4472 2308 
3 3110 3112 3111 3 1916 2344 1917 3 2821 4315 1753 3 830 1983 1982 3 2215 4488 3131 
3 3448 4564 2583 3 985 4507 899 3 1410 1411 1366 3 2829 2830 2828 3 1690 4442 1526 
3 1415 5298 256 3 3204 4497 2839 3 2201 4401 609 3 176 1766 175 3 1314 4464 1767 
3 784 4385 787 3 1165 4473 2845 3 486 4429 469 3 684 709 683 3 680 4574 661 
3 388 4455 385 3 804 2880 937 3 916 966 964 3 4229 4605 849 3 2762 4476 2764 
3 4618 4742 1976 3 1123 1124 1122 3 441 4276 439 3 2611 2612 2223 3 2923 4793 2253 
3 591 606 598 3 3501 4471 2549 3 2433 4431 2036 3 3333 3455 622 3 1737 2205 2204 
3 1338 2666 1508 3 804 4481 2880 3 616 617 607 3 1362 1461 1363 3 2854 4570 3164 
3 3049 3265 2628 3 4479 4580 1378 3 2601 2829 2828 3 2521 2522 2144 3 3359 3361 3360 
3 417 4509 432 3 4635 5118 3192 3 805 806 726 3 850 916 915 3 1218 4488 1215 
3 2972 2973 2434 3 1419 1420 1323 3 1167 4473 1165 3 1316 4666 1318 3 1476 1477 1475 
3 2883 3708 3639 3 2185 2956 2550 3 699 802 801 3 1029 1106 1028 3 4194 5606 3416 
3 1403 4442 4338 3 2314 4527 2649 3 1323 4561 1147 3 882 4518 848 3 3864 5265 3217 
3 1292 2541 1846 3 1314 1767 1451 3 1699 1700 1083 3 1997 4581 3118 3 4316 4550 435 
3 2043 2132 1742 3 2274 2537 2536 3 1364 1907 1787 3 2818 4507 985 3 1793 4483 697 
3 2528 4501 2525 3 4137 4461 4131 3 440 4519 443 3 1378 4741 1030 3 3788 5720 4485 
3 536 3859 723 3 3330 4472 2667 3 762 764 763 3 3112 3228 3227 3 1266 1410 1366 
3 721 726 720 3 1901 2552 2076 3 2817 4678 4677 3 240 2812 239 3 3166 3270 3167 
3 1137 4526 1136 3 938 940 891 3 710 720 709 3 1979 4715 4546 3 619 1527 605 
3 567 1517 501 3 238 4424 1273 3 1527 4520 605 3 3134 4609 2811 3 2143 3203 2839 
3 935 4507 4436 3 2449 4321 2120 3 4108 4548 4110 3 608 4898 592 3 2772 3308 3092 
3 1767 2081 1451 3 4227 4668 2159 3 462 463 461 3 2764 4476 2773 3 1215 4488 1214 
3 2587 3276 2547 3 949 1244 1058 3 3305 4642 3304 3 2352 4885 3010 3 1300 1301 1156 
3 1667 1895 1666 3 3555 5176 4250 3 1559 4416 1854 3 1396 4618 1976 3 401 2805 424 
3 389 4656 392 3 761 4513 758 3 2872 4599 2873 3 1146 4492 1311 3 3257 5288 3822 
3 1307 2087 2086 3 1060 1068 1067 3 2806 3066 424 3 4428 4549 4147 3 3871 4707 3803 
3 2465 4419 2464 3 1985 2619 2440 3 989 1007 990 3 878 2460 2459 3 1900 4760 1898 
3 1879 4601 2240 3 1346 1512 1345 3 1630 1632 1631 3 954 4528 1051 3 104 4763 103 
3 1214 4488 2215 3 653 654 625 3 1106 4491 2490 3 2791 3106 3105 3 746 4602 750 
3 498 677 371 3 3875 3968 2455 3 816 817 815 3 1097 1291 1098 3 1907 1908 1787 
3 1751 2154 1998 3 2545 4438 2809 3 958 4741 4405 3 3262 3600 2542 3 1289 4522 1786 
3 411 4509 417 3 1844 2108 1843 3 3308 3602 3092 3 2285 4564 2433 3 4488 4600 3131 
3 1218 4600 4488 3 899 935 908 3 1091 1134 1090 3 3284 4569 4470 3 4503 4609 3132 
3 567 1868 1517 3 2355 4751 1993 3 3435 4432 3623 3 944 989 945 3 835 890 837 
3 1632 1634 1633 3 1364 1787 1269 3 1560 3797 1450 3 3106 3442 3433 3 2772 4512 3308 
3 1818 2219 1007 3 1304 1307 1306 3 857 4482 855 3 2155 4457 2162 3 2927 4798 4491 
3 1107 1276 1106 3 2947 3486 3485 3 526 4812 1880 3 3122 4495 2589 3 2583 4564 2285 
3 1021 1097 1023 3 3420 4539 1799 3 3469 5557 4404 3 2839 4385 1863 3 2828 4580 4479 
3 4041 4625 4599 3 1029 1811 1107 3 2779 5213 3245 3 396 1782 393 3 2773 4476 3571 
3 1747 4721 1810 3 4372 4785 2796 3 706 4483 905 3 1634 1638 1635 3 2341 4689 2267 
3 4415 4709 4630 3 2207 2308 2206 3 2813 4661 3237 3 464 465 463 3 697 4483 706 
3 1482 1483 1344 3 448 456 447 3 3315 3316 2501 3 1649 1776 1512 3 850 4480 1792 
3 2310 2624 2312 3 1678 5060 4903 3 3531 3532 3399 3 4403 4551 348 3 2806 3067 3066 
3 429 447 428 3 2463 2970 1779 3 4021 5285 4783 3 721 809 805 3 1261 4572 4262 
3 2665 3256 2663 3 4470 4569 1219 3 302 5254 82 3 1818 3083 2480 3 4401 4692 642 
3 531 4812 528 3 1854 1995 1994 3 1950 4601 1602 3 1472 1474 1473 3 1546 1788 1740 
3 2491 3114 2889 3 466 467 465 3 1680 1681 1420 3 1786 4541 1361 3 4566 5346 2258 
3 912 946 944 3 606 607 598 3 2589 4495 2587 3 437 4550 440 3 468 484 467 
3 485 492 484 3 1956 4560 2370 3 493 499 492 3 2051 2052 1681 3 2040 2547 1994 
3 426 428 425 3 628 1375 630 3 1834 2016 1835 3 2154 2418 2155 3 4530 4999 4013 
3 802 4529 801 3 1410 4592 2729 3 714 4572 738 3 3110 3113 3112 3 855 4482 2799 
3 1482 4585 2807 3 4415 4630 3285 3 4797 4816 2106 3 1318 1319 1317 3 2251 2709 2294 
3 1007 4402 1008 3 2485 2486 2052 3 809 850 849 3 1320 1322 1319 3 457 490 456 
3 2811 4609 4503 3 362 1794 360 3 2615 2954 2614 3 1258 4562 4332 3 1444 1446 1445 
3 3299 5520 5276 3 1618 3774 1108 3 969 4511 844 3 844 4511 845 3 3403 3624 3316 
3 2783 4546 3577 3 1337 4490 1056 3 695 807 694 3 1521 1916 1522 3 1302 1304 1303 
3 828 2035 847 3 3458 5602 5439 3 1342 1531 1405 3 1803 1805 1804 3 689 4980 659 
3 552 578 551 3 1412 1592 1372 3 1316 1317 1315 3 848 868 795 3 2766 4476 2762 
3 684 2232 710 3 589 595 594 3 4418 4749 2196 3 3216 3559 3215 3 1457 4467 1459 
3 1864 2143 1863 3 1147 4562 1064 3 1787 4526 1269 3 3556 3557 2556 3 677 1831 371 
3 1876 2171 1556 3 2040 2587 2547 3 370 373 372 3 1697 4510 2174 3 968 4502 1047 
3 1321 1342 1341 3 4367 4556 1173 3 2873 4646 4196 3 1002 1003 996 3 3241 5553 4872 
3 1339 1560 1450 3 3450 3573 3448 3 2183 3012 3011 3 1161 4505 1334 3 1632 4537 1636 
3 1416 1712 1711 3 2333 2941 2585 3 1097 2250 1291 3 1602 4601 1879 3 851 886 824 
3 77 329 76 3 2496 2910 2495 3 1995 2040 1994 3 3007 3008 2912 3 869 887 868 
3 235 2277 234 3 1791 4258 2194 3 935 962 908 3 391 559 388 3 1047 4502 1162 
3 1652 4594 1438 3 2914 3754 2910 3 2132 2901 1742 3 1769 5064 3895 3 2707 2974 2322 
3 2280 4506 818 3 4012 5679 3062 3 738 1261 843 3 423 425 422 3 1665 1666 1664 
3 1043 1253 1071 3 1016 4499 1043 3 2383 4563 217 3 2272 2273 2271 3 1082 1091 1090 
3 2845 4505 1163 3 983 1346 1345 3 1407 1970 1238 3 1924 4444 952 3 4124 4684 4133 
3 982 1021 981 3 3716 5577 5233 3 2869 4813 1437 3 1833 2318 2317 3 2438 2439 1970 
3 2072 2073 1707 3 809 849 805 3 3286 4759 3288 3 4454 4536 863 3 4288 5100 4207 
3 481 1814 488 3 1771 4540 4374 3 1232 4508 1294 3 816 820 817 3 1135 5209 5146 
3 4163 4682 979 3 1894 2333 2311 3 1575 3666 1581 3 1276 4491 1106 3 1163 4505 1161 
3 2810 4617 2095 3 1011 4538 1014 3 935 1038 962 3 2359 2387 2337 3 1361 1362 1290 
3 470 487 486 3 1280 4069 1417 3 1477 1546 1479 3 3271 5274 3835 3 2596 4092 2243 
3 370 372 368 3 3246 4948 4905 3 590 4493 563 3 3762 4331 3042 3 2980 3663 2981 
3 1038 1039 962 3 778 780 779 3 1307 2088 2087 3 1152 1282 1134 3 970 1699 1083 
3 1102 1242 1241 3 1546 1740 1547 3 1638 1640 1639 3 2411 4619 2754 3 348 4551 346 
3 2746 5092 3721 3 2262 4534 2044 3 1026 1029 1028 3 2381 4560 1956 3 1261 1262 843 
3 511 4487 496 3 4354 4629 1054 3 2495 2497 2128 3 1054 4629 964 3 497 518 512 
3 3891 4607 3054 3 469 4429 984 3 1854 2070 1995 3 2613 2614 2110 3 1394 1395 1262 
3 1556 1566 1395 3 2798 3254 2450 3 668 4582 4312 3 4370 4686 4528 3 2587 4495 3276 
3 3378 3380 3379 3 4405 4646 2180 3 2610 3117 3052 3 3154 4991 3994 3 1006 1082 1081 
3 2418 4457 2155 3 2725 4674 3074 3 1523 1524 1365 3 837 860 838 3 1800 1801 1703 
3 699 801 698 3 4010 4942 3969 3 860 912 861 3 810 883 882 3 982 1022 1021 
3 912 944 913 3 871 873 872 3 1060 4517 2504 3 1412 1599 1592 3 1032 2292 914 
3 1346 1649 1512 3 875 877 876 3 2539 2925 2870 3 1219 4569 1221 3 2250 3481 2350 
3 1349 1514 1513 3 1474 1476 1475 3 1476 4496 1477 3 2475 5237 2779 3 2774 4512 2767 
3 1878 2037 1965 3 1136 4526 2846 3 1896 4477 1895 3 4041 4599 2872 3 908 4482 857 
3 1649 2020 1776 3 3056 4679 2540 3 1985 4888 2619 3 1277 1430 1276 3 3608 3609 291 
3 1630 4537 1632 3 1172 1173 1039 3 1289 1290 1173 3 500 722 499 3 1334 4505 1780 
3 623 625 610 3 1001 1257 1148 3 1327 4754 1389 3 448 457 456 3 429 448 447 
3 826 4719 821 3 702 4739 1327 3 1082 4624 2041 3 1051 4528 2851 3 847 921 858 
3 2091 2128 2089 3 426 429 428 3 2851 4492 1146 3 1978 4619 2411 3 1640 1834 1641 
3 1515 4618 1396 3 867 4440 949 3 1230 4508 1232 3 3504 3615 3614 3 809 4557 4480 
3 1800 2893 2023 3 1740 2077 1741 3 2088 2089 2087 3 833 999 797 3 2809 4762 4241 
3 647 649 648 3 899 4507 935 3 2395 2882 1982 3 423 426 425 3 2162 4457 2600 
3 1260 2283 1442 3 3855 4713 1842 3 3573 4564 3448 3 1251 1252 1087 3 2805 2806 424 
3 1038 1172 1039 3 908 4498 4482 3 3504 3614 3503 3 1089 3520 36 3 1983 3397 2556 
3 1818 2480 2219 3 4380 4778 4375 3 668 698 667 3 978 2593 980 3 1664 1875 1553 
3 998 1839 924 3 883 930 924 3 2159 4668 2401 3 1741 4516 1751 3 346 4551 1360 
3 1382 1383 1252 3 646 4664 590 3 1311 4492 1472 3 2481 4558 3306 3 2250 2350 1291 
3 2062 2063 2061 3 902 957 900 3 1344 2056 1282 3 2565 3414 3229 3 1302 1653 1304 
3 2238 4502 968 3 2883 3095 2882 3 878 1812 876 3 2981 4658 2388 3 2709 4525 2710 
3 1566 2261 2260 3 1562 4498 962 3 3668 5819 3799 3 1091 1152 1134 3 2375 2647 2374 
3 3957 5452 4477 3 2370 4560 3110 3 1029 1107 1106 3 4599 4646 2873 3 1681 2513 1420 
3 1172 1289 1173 3 4512 4622 3308 3 4285 4642 3305 3 3341 5501 3342 3 1289 1361 1290 
3 2234 2236 2235 3 977 983 976 3 1818 4621 3083 3 2034 2374 2033 3 2321 2798 2450 
3 1870 4590 1009 3 1084 1085 1022 3 2841 2842 2592 3 3981 4680 3977 3 176 4489 1766 
3 440 4550 4519 3 613 1142 1089 3 2645 3652 3120 3 1649 2321 2020 3 3455 4489 622 
3 1863 4385 783 3 2648 3553 2647 3 2308 4472 3422 3 2460 2920 2459 3 3592 4533 2384 
3 4262 4819 2518 3 507 1525 505 3 2088 2091 2089 3 1361 1371 1362 3 4036 4787 2865 
3 2798 5578 3254 3 3178 5518 5486 3 435 4550 437 3 2894 3098 2023 3 2091 2495 2128 
3 421 423 422 3 1854 4416 2070 3 2525 4501 2526 3 607 4625 598 3 3530 4982 3007 
3 2517 3057 2516 3 4462 4463 3073 3 1352 4582 649 3 778 781 780 3 1895 4477 2554 
3 1541 1542 1383 3 3567 4927 2789 3 2505 4927 2641 3 2095 4617 2043 3 3535 4866 4478 
3 1261 1394 1262 3 3132 4609 3133 3 2805 4552 2806 3 1679 1957 1912 3 2830 4580 2828 
3 2443 2445 2444 3 1459 4490 1337 3 2774 4622 4512 3 4983 5181 3237 3 2848 4572 714 
3 2174 4510 3089 3 3065 4803 241 3 1300 1302 1301 3 1983 2395 1982 3 3219 4727 2442 
3 1288 4688 4510 3 1024 4539 938 3 2270 2271 1408 3 2274 2536 2273 3 1943 4462 2484 
3 3212 3551 3211 3 3355 3356 3354 3 952 1036 1035 3 2078 2431 2430 3 2423 3064 2943 
3 1220 4600 1218 3 835 837 836 3 1064 1258 1063 3 1776 4649 2078 3 894 952 951 
3 1693 2935 2573 3 982 1084 1022 3 340 599 338 3 1805 1807 1806 3 2180 4625 607 
3 1791 2194 1824 3 543 2926 545 3 2384 4533 1608 3 3105 5415 5369 3 2367 2516 2071 
3 1768 2064 1975 3 1854 1994 1853 3 1957 2354 1993 3 2458 4893 4348 3 530 3836 2116 
3 3414 5672 5657 3 487 497 496 3 1000 1063 999 3 1991 5010 1639 3 1394 1556 1395 
3 1757 4533 2368 3 821 2280 818 3 174 3070 173 3 1832 2033 1692 3 2660 3995 3230 
3 649 667 648 3 872 2291 870 3 2154 2868 2418 3 2443 2444 2309 3 1142 1336 1143 
3 2221 2665 2663 3 1472 4492 2121 3 4090 5295 2160 3 869 4518 4517 3 3177 3178 3046 
3 3298 3300 2563 3 1929 2306 2131 3 1152 1344 1282 3 490 4645 4423 3 2395 2883 2882 
3 4409 4739 2808 3 2956 2957 2550 3 2300 4478 2304 3 2502 2990 2604 3 3093 4558 2206 
3 2843 3618 2842 3 1574 1575 1573 3 3553 3584 2647 3 649 668 667 3 2130 5000 1802 
3 2000 2590 1607 3 3901 5353 2017 3 1409 4573 1537 3 1895 2554 2388 3 4643 4710 4588 
3 1999 2399 2000 3 2486 2561 2052 3 3632 4270 2810 3 971 972 918 3 633 4810 631 
3 1454 4664 646 3 2843 3620 3618 3 2597 3299 3298 3 2611 4465 2612 3 2754 3893 2952 
3 527 897 529 3 983 2462 1346 3 1155 1299 1156 3 831 835 834 3 849 4605 805 
3 1849 1850 1542 3 1068 1332 1067 3 2874 4567 2071 3 623 4598 653 3 2258 5223 4252 
3 2224 4511 969 3 2984 4691 2533 3 4285 5704 5547 3 3268 3951 2941 3 787 4720 788 
3 2695 3177 3046 3 3272 4869 2708 3 2653 3693 3272 3 964 4629 965 3 4528 4686 2851 
3 3874 4634 3875 3 878 2459 1812 3 3083 3248 2480 3 373 381 376 3 2467 4787 4659 
3 1292 4576 2541 3 1291 4576 1292 3 962 4498 908 3 512 4620 591 3 827 894 893 
3 1608 4533 1757 3 2883 3639 3095 3 2078 4649 2431 3 385 4455 1763 3 1342 4699 1531 
3 1803 2385 1805 3 1008 4402 1011 3 4645 4769 3735 3 1031 1155 1032 3 4630 4709 1414 
3 4924 5758 3388 3 2056 2634 2346 3 1056 4490 2224 3 1853 1925 1558 3 1420 4561 1323 
3 975 977 976 3 1260 4623 2283 3 805 4605 806 3 2164 2313 2037 3 2555 4635 3192 
3 1351 1397 1350 3 2812 4424 239 3 810 848 795 3 2240 2841 2592 3 1039 4556 1562 
3 580 582 576 3 4827 4936 4249 3 4569 4630 1414 3 1236 4524 1349 3 497 512 511 
3 2459 2491 1812 3 1004 1048 1003 3 674 1079 654 3 1799 4539 1024 3 2871 4639 4035 
3 2846 4687 3367 3 197 1539 35 3 2053 2293 1850 3 1432 1444 1443 3 4374 4540 2848 
3 1511 1800 1703 3 3979 4947 4171 3 2240 4601 2841 3 600 4656 389 3 2852 4649 2020 
3 574 5191 3710 3 875 876 873 3 1477 4496 1546 3 1338 1339 1085 3 727 5366 145 
3 624 4598 623 3 1318 4666 1321 3 1560 3800 3799 3 1176 5848 3906 3 1273 4424 2133 
3 2868 3168 3166 3 160 2391 159 3 792 794 793 3 43 2015 215 3 3665 3666 1575 
3 1357 4790 1174 3 916 4535 966 3 2163 5490 3904 3 1889 3946 1860 3 2554 2980 2388 
3 2942 4962 3269 3 695 1153 808 3 966 4535 1144 3 1842 3171 2343 3 494 567 501 
3 2689 3820 3675 3 735 736 734 3 421 422 420 3 930 1027 998 3 2054 2597 2563 
3 1461 1923 1922 3 1881 5003 3103 3 1706 2072 1707 3 3194 5645 4044 3 1493 4662 4600 
3 1336 1558 1495 3 1560 3799 3797 3 3285 4630 3284 3 952 4444 1036 3 1807 1878 1877 
3 877 878 876 3 2868 3166 2418 3 1521 1522 1447 3 1913 4678 3629 3 3551 3552 3211 
3 738 4572 1261 3 2070 2071 1995 3 518 604 568 3 4248 4936 4220 3 3031 5698 3787 
3 2895 4694 3020 3 4304 5249 3057 3 5140 5149 3192 3 193 1449 192 3 479 4614 477 
3 1792 4535 916 3 3964 4670 4153 3 1027 1149 1087 3 518 568 512 3 806 4605 2238 
3 695 808 807 3 1849 2054 2053 3 4736 4798 3137 3 1446 1447 1445 3 2808 4739 682 
3 4514 4515 3486 3 4387 4686 2519 3 668 699 698 3 1014 4538 1744 3 1984 3972 3971 
3 1298 1315 1297 3 1382 1543 1541 3 1064 4562 1258 3 2575 2576 1947 3 2102 2569 2394 
3 1993 4751 2158 3 2321 2450 2020 3 2204 2481 2074 3 1895 2388 1666 3 938 4539 940 
3 2206 4558 2204 3 424 4575 399 3 2486 2562 2561 3 1698 1742 1515 3 3553 3717 3584 
3 3655 5030 3093 3 776 4648 778 3 3248 3271 2480 3 845 871 870 3 910 4960 1351 
3 2990 3321 3320 3 2097 2181 1900 3 883 924 882 3 1258 1401 1063 3 1598 4969 2369 
3 1917 1918 1522 3 2244 4190 3236 3 4561 4562 1147 3 1299 1300 1156 3 1682 1927 1548 
3 5185 5431 3035 3 4675 5029 4416 3 4599 4625 2180 3 2289 2511 2307 3 4270 4617 2810 
3 1546 4496 1788 3 766 4584 4481 3 1538 1929 1928 3 2077 4516 1741 3 591 4620 4260 
3 2374 2376 2033 3 2562 3210 2561 3 3572 4622 2774 3 808 867 866 3 4022 4783 658 
3 2435 2945 2944 3 1984 3971 520 3 1995 4567 2040 3 3360 4750 3357 3 2465 4420 4419 
3 1035 4737 951 3 2572 2949 2038 3 2040 4567 2588 3 867 949 948 3 2895 3018 2894 
3 2539 2870 2537 3 2905 4885 4745 3 1791 1824 1599 3 1005 4997 936 3 949 1058 1057 
3 1107 1277 1276 3 1538 4382 1929 3 3576 5583 859 3 2841 2843 2842 3 3155 4991 3154 
3 3032 4321 2449 3 824 4584 766 3 1155 1156 1032 3 4074 4785 4072 3 4002 4908 4008 
3 1447 2112 1445 3 710 4557 721 3 1916 1917 1522 3 3110 4560 3113 3 3091 4833 3521 
3 2695 3046 2590 3 2613 2615 2614 3 2000 2695 2590 3 2827 3765 191 3 2211 4258 1791 
3 2204 4558 2481 3 2180 4646 4599 3 989 1818 1007 3 3460 3461 2820 3 4247 5450 4542 
3 2555 4689 4635 3 975 976 974 3 1692 2251 1687 3 4383 4530 2855 3 4092 5441 3841 
3 3319 3581 2586 3 396 4575 1782 3 1773 4429 486 3 2945 3378 3377 3 4072 4785 2804 
3 2887 4466 3028 3 2275 2907 1824 3 1423 1538 1499 3 1430 4559 1604 3 2562 3211 3210 
3 3284 4630 4569 3 1833 2317 1397 3 2517 3440 3058 3 457 4645 490 3 1254 1416 1356 
3 1258 1402 1401 3 1173 4556 1039 3 794 810 795 3 3781 5463 1158 3 3408 5725 3746 
3 3279 4525 2709 3 4669 5109 4391 3 792 1990 794 3 3390 3391 2445 3 1361 4541 1371 
3 722 1031 914 3 3108 4648 776 3 2897 3279 2709 3 1333 1886 1486 3 1768 1975 1496 
3 2014 2248 2013 3 1686 4771 2692 3 1277 1432 1431 3 1060 2504 1068 3 326 956 94 
3 3716 3790 2651 3 3304 5437 3846 3 2962 3429 3073 3 1443 1989 1431 3 1751 4516 2154 
3 936 4950 763 3 3355 3357 3356 3 2333 2585 2311 3 519 3714 229 3 2498 4754 4409 
3 2621 4477 1896 3 2710 4525 3189 3 1402 1687 1401 3 781 4648 1827 3 2071 4567 1995 
3 886 4584 824 3 2797 4986 3317 3 1250 1298 1297 3 914 4738 499 3 2251 2897 2709 
3 2880 4624 937 3 1847 1848 1355 3 2422 3215 2613 3 4403 4777 4551 3 1405 4547 1511 
3 595 602 601 3 2247 5868 5398 3 528 4812 526 3 3131 4662 3686 3 381 387 382 
3 1800 2023 1801 3 1402 1692 1687 3 3361 3492 3489 3 2108 2422 2110 3 1638 1961 1640 
3 830 1982 831 3 3460 5845 3461 3 2755 4788 2756 3 973 975 974 3 604 618 605 
3 3147 3494 3493 3 2112 4999 4530 3 3042 4590 1870 3 835 4657 890 3 200 3912 3318 
3 1744 4499 1016 3 3973 4859 3266 3 2608 3363 2905 3 534 535 533 3 1175 4726 13 
3 13 4726 2566 3 4587 4589 4586 3 540 4231 538 3 3123 4734 2856 3 2585 2586 2311 
3 928 4641 926 3 2917 4674 2725 3 1251 1382 1252 3 2350 4576 1291 3 3504 5025 3615 
3 4485 5720 1991 3 419 421 420 3 1925 4962 4722 3 2072 2720 2073 3 514 2278 516 
3 1559 1854 1853 3 381 1836 387 3 1531 4547 1405 3 873 4543 872 3 1783 5135 3627 
3 5192 5708 3426 3 1031 1032 914 3 4497 4720 787 3 2502 2604 2064 3 2754 4619 3893 
3 2901 4742 4618 3 1388 4813 1390 3 2367 2517 2516 3 2665 3388 3256 3 2908 5370 3679 
3 4902 5875 4606 3 4139 4684 4124 3 1452 4899 1622 3 2893 2894 2023 3 934 963 887 
3 2070 2367 2071 3 2723 3923 3024 3 2921 3218 2442 3 4447 4669 4391 3 1919 1920 1918 
3 618 657 619 3 1362 4545 1461 3 547 550 549 3 2137 4697 1386 3 657 687 658 
3 2401 4668 2755 3 1301 4627 1156 3 5064 5168 3895 3 3397 3556 2556 3 3019 3522 3018 
3 496 4487 1773 3 1254 4821 3905 3 413 419 418 3 536 723 535 3 499 4738 492 
3 4314 4683 2915 3 2491 3170 3114 3 1929 2131 1928 3 358 4577 1099 3 1555 4754 2498 
3 946 4621 944 3 687 830 688 3 3856 5508 3508 3 2193 2577 2192 3 2260 4604 2565 
3 1382 1541 1383 3 3774 5764 2245 3 647 648 646 3 3916 5575 1543 3 3066 4575 424 
3 555 560 554 3 1917 1919 1918 3 4600 4662 3131 3 2267 4689 2555 3 1999 2000 1607 
3 5036 5076 1831 3 3729 5513 2569 3 2615 5199 2954 3 1635 5010 1637 3 1834 2188 2016 
3 1541 1849 1542 3 980 982 981 3 885 4827 772 3 463 911 461 3 949 4440 1244 
3 596 2266 569 3 2513 4561 1420 3 2205 2207 2206 3 2829 3974 2831 3 845 870 800 
3 882 4626 4518 3 2441 2442 1987 3 2273 2881 2271 3 687 688 658 3 1617 1618 1108 
3 1730 2429 2234 3 930 998 924 3 1983 2556 2395 3 4212 5032 3006 3 1408 1409 1245 
3 1444 1445 1443 3 1257 1433 1275 3 830 831 688 3 5003 5491 2864 3 657 658 619 
3 1254 1356 1211 3 814 816 815 3 481 4614 1814 3 1495 1530 1143 3 894 951 893 
3 1594 2506 1858 3 618 619 605 3 2547 4578 1994 3 477 4614 481 3 559 4455 388 
3 926 1159 920 3 808 866 807 3 952 1035 951 3 360 4577 358 3 2597 3298 2563 
3 4343 4851 1780 3 1036 1138 1035 3 1650 4718 24 3 604 605 568 3 2470 4612 2653 
3 1849 2053 1850 3 613 2242 1142 3 2882 4657 1982 3 3750 4277 2109 3 4520 4620 568 
3 1027 1087 998 3 2228 3527 1735 3 2498 4753 2025 3 1149 1251 1087 3 3098 4637 2023 
3 649 4582 668 3 1249 1441 1103 3 937 4624 1006 3 562 643 590 3 3809 5144 3022 
3 3023 5144 4055 3 1006 4624 1082 3 1336 1559 1558 3 2108 2110 1843 3 1336 1495 1143 
3 1827 4660 1864 3 2165 2412 1726 3 1259 4894 4523 3 2637 4714 2344 3 1210 4821 1254 
3 218 4951 2383 3 4438 4762 2809 3 3885 4817 1265 3 1605 5014 2927 3 2054 2563 2053 
3 95 4593 326 3 1800 4547 2893 3 734 1169 732 3 2540 4679 2539 3 3325 3428 2836 
3 1451 4659 701 3 2585 3319 2586 3 2422 2613 2110 3 1894 2310 1893 3 822 827 826 
3 598 4487 511 3 4042 4912 3275 3 1408 4573 1409 3 3846 5098 2970 3 1001 1148 960 
3 2897 3459 3279 3 5374 5413 3362 3 4402 4538 1011 3 1735 4818 1618 3 1953 3007 2912 
3 3248 3457 3271 3 3689 4679 3056 3 1242 1368 1241 3 827 893 826 3 2354 2355 1993 
3 1994 4578 1853 3 387 395 390 3 973 4643 975 3 1142 1143 1089 3 3058 3389 3057 
3 701 4659 509 3 522 3971 1041 3 4221 5041 2960 3 3167 4644 4457 3 3197 5115 3198 
3 4258 4782 2733 3 1277 1431 1430 3 1483 4591 1344 3 1600 1893 1530 3 2249 2747 2248 
3 1250 5078 1467 3 1344 4591 2056 3 2990 3320 2604 3 2383 5401 4563 3 4778 4797 4375 
3 4347 4880 4410 3 2077 4786 4516 3 721 4557 809 3 871 872 870 3 324 1731 323 
3 982 4586 1084 3 1057 2357 2147 3 2020 4649 1776 3 1304 4608 1307 3 1032 4627 2292 
3 3295 4709 4415 3 2394 2723 2487 3 3992 5668 153 3 2883 4698 3708 3 4384 5050 4559 
3 1433 1717 1540 3 1622 2930 2166 3 419 420 418 3 4459 4736 4275 3 1033 4075 1066 
3 189 3263 188 3 1553 4613 1483 3 3562 5018 2650 3 2874 4768 4567 3 1458 4731 118 
3 4510 4688 3089 3 2572 3043 2949 3 1693 2573 2075 3 2072 2933 2720 3 4434 4764 4033 
3 2818 4725 4507 3 2711 4054 2749 3 980 981 979 3 371 4654 370 3 2430 4631 2689 
3 2577 3416 3415 3 3633 5323 2356 3 2490 4736 4459 3 1861 5381 3496 3 4567 4768 2588 
3 1592 1607 1372 3 1894 2311 2310 3 1839 4626 924 3 2907 4728 1824 3 815 4506 718 
3 2232 4557 710 3 3984 4716 3988 3 3803 4707 3804 3 2836 4040 2834 3 3150 5534 5259 
3 1066 1386 963 3 596 4875 2266 3 4546 4715 3577 3 2304 4478 2972 3 2178 2179 1921 
3 876 4543 873 3 2298 4478 2300 3 1584 1586 1585 3 4379 4756 2775 3 1432 1443 1431 
3 2096 2645 2578 3 2829 2831 2830 3 1810 4721 2785 3 2194 2732 2275 3 1853 4578 1925 
3 1875 4613 1553 3 1059 1260 1151 3 1371 4545 1362 3 3171 5031 4984 3 1671 1673 1672 
3 3008 3417 3200 3 4331 4590 3042 3 1414 4709 4435 3 2554 4638 2980 3 112 5152 1213 
3 691 1838 693 3 3812 5550 5350 3 3089 4688 4353 3 2619 2750 2440 3 1919 2178 1921 
3 1592 1999 1607 3 2056 4591 2634 3 567 4653 3156 3 4775 5480 3439 3 2261 4604 2260 
3 3910 4802 1340 3 4842 5796 3747 3 2194 2275 1824 3 3314 3689 3056 3 2210 2559 2558 
3 973 974 972 3 3148 4890 4787 3 1908 4687 1787 3 1307 4608 2088 3 1043 4499 1253 
3 4666 4699 1321 3 4391 5128 2428 3 4322 4755 2845 3 1400 1548 1368 3 1653 4608 1304 
3 4003 4908 4001 3 2600 4644 3495 3 2483 4718 1650 3 2565 4604 3414 3 1801 4637 1803 
3 2205 2206 2204 3 1600 1894 1893 3 3577 4715 4160 3 4584 4795 4481 3 2154 4516 2868 
3 1514 1728 1727 3 880 4838 877 3 3275 4776 2929 3 1559 4675 4416 3 1831 4654 371 
3 2906 2924 2923 3 810 882 848 3 867 948 866 3 1814 4653 488 3 2080 2252 1927 
3 2497 4724 3823 3 395 412 398 3 3413 3700 3411 3 509 4659 4036 3 2608 2905 1411 
3 778 4648 781 3 459 4645 457 3 1957 1993 1912 3 185 4850 184 3 3747 5796 2093 
3 2271 4573 1408 3 1495 1600 1530 3 3235 5039 2209 3 484 491 467 3 1937 3753 480 
3 3440 3441 3058 3 3848 5419 1348 3 220 4704 219 3 3068 5076 2979 3 1847 2102 1848 
3 488 4653 494 3 413 418 412 3 1811 4652 1107 3 2558 2687 2557 3 4030 4848 1851 
3 2257 2629 2256 3 3148 4787 2467 3 2104 4893 2458 3 1423 4382 1538 3 4659 4787 4036 
3 4722 4962 4378 3 1538 1706 1499 3 774 4827 3108 3 620 2955 665 3 2413 2643 2412 
3 568 4620 512 3 4068 4934 4579 3 1588 1873 1606 3 2344 4636 1917 3 5228 5565 1253 
3 4587 4804 4589 3 3536 3537 2630 3 1548 1565 1368 3 2901 4618 1742 3 4460 4933 4297 
3 2519 4686 4370 3 1837 2193 2192 3 2980 3664 3663 3 2732 2876 2275 3 874 5363 3829 
3 643 647 646 3 1321 4699 1342 3 2304 2972 2434 3 3969 4942 3968 3 1511 4547 1800 
3 4275 4736 4373 3 275 3097 63 3 3358 3359 3357 3 3662 4876 4756 3 1487 5033 1332 
3 1550 1551 1356 3 1982 4657 831 3 3234 4837 2127 3 1681 4633 2513 3 2102 2394 2103 
3 2746 3443 2483 3 656 5454 167 3 2052 4633 1681 3 3630 3755 2977 3 3682 4841 4025 
3 4247 5528 5450 3 3362 5413 2787 3 1308 4821 1210 3 1577 3665 1574 3 2431 4631 2430 
3 682 4739 702 3 1252 4681 1087 3 3527 4818 1735 3 949 1057 948 3 3223 3225 2699 
3 2909 4725 4534 3 1794 4577 360 3 604 1852 618 3 2976 2977 2371 3 1523 1729 1524 
3 970 971 918 3 4507 4725 4436 3 3094 4606 2732 3 1372 4690 820 3 1036 1139 1138 
3 3968 4942 1777 3 1664 4658 1875 3 817 818 815 3 1728 1967 1966 3 831 4657 835 
3 5469 5714 3531 3 1095 1096 1019 3 2207 2443 2309 3 1712 2115 1981 3 3750 4595 4277 
3 4505 4755 1780 3 1812 4543 876 3 4241 4762 3649 3 2675 2676 1974 3 1156 4627 1032 
3 4235 5731 4193 3 808 4615 867 3 3735 4752 3734 3 4332 4915 4212 3 1333 1485 1332 
3 561 571 560 3 944 4621 989 3 3062 5595 4012 3 4534 4725 2818 3 4292 5798 1887 
3 1442 1847 1355 3 4265 4671 508 3 1049 1110 1048 3 1589 5872 3695 3 1084 1338 1085 
3 2023 4637 1801 3 2845 4755 4505 3 1737 2074 1644 3 2614 4672 2110 3 1295 5660 1931 
3 956 1885 1104 3 1022 4799 1021 3 1346 4640 1649 3 3787 5462 3031 3 2561 4633 2052 
3 552 579 578 3 929 4771 1686 3 971 973 972 3 103 4763 4261 3 583 584 582 
3 3288 4759 3296 3 3252 5523 3253 3 4861 5787 5482 3 4661 4983 3237 3 989 4621 1818 
3 1033 1066 963 3 1742 4618 1515 3 2935 2963 2573 3 4589 4804 2666 3 2082 2794 2084 
3 4471 5297 3072 3 2698 2950 2699 3 998 4681 1839 3 865 5206 222 3 1295 1425 1296 
3 2539 4679 2925 3 1339 4616 1560 3 68 5244 3514 3 2131 2509 1928 3 1898 3004 1816 
3 3351 3353 3352 3 2935 2964 2963 3 2962 3073 2313 3 186 2659 29 3 643 4712 4164 
3 3085 3426 3425 3 3191 4822 4672 3 4328 4749 4418 3 1068 1333 1332 3 1766 4801 175 
3 4980 5843 659 3 241 4803 52 3 2025 4753 2406 3 788 4720 792 3 2961 5041 3895 
3 2951 4772 3075 3 1483 4613 4591 3 1467 5078 4055 3 3522 5679 4012 3 1424 1597 1343 
3 2102 2103 1848 3 3806 5343 3079 3 4457 4644 2600 3 1486 1679 1678 3 1679 1912 1911 
3 2395 4698 2883 3 1559 1853 1558 3 1486 1678 1485 3 1679 1911 1678 3 1557 1737 1644 
3 2720 3130 2073 3 3130 4566 2073 3 2517 3058 3057 3 1461 4545 1923 3 2653 4612 3693 
3 761 4950 4513 3 1018 1019 1017 3 1425 1910 1815 3 4230 4887 720 3 2689 4631 3820 
3 642 4692 660 3 2692 4771 3960 3 1803 4637 2385 3 2033 4632 1692 3 1333 1486 1485 
3 3203 5352 3806 3 3000 3524 3523 3 1257 1275 1148 3 1538 1928 1706 3 2881 4573 2271 
3 975 978 977 3 992 4623 1059 3 1423 1499 1422 3 977 4682 983 3 1692 4632 2251 
3 1540 1596 1275 3 2310 4628 2624 3 1244 1408 1245 3 978 4643 2593 3 579 2379 662 
3 1097 4799 2250 3 565 1309 521 3 2660 3230 2576 3 3391 3396 3393 3 1666 4658 1664 
3 44 4951 218 3 2968 4258 2211 3 2131 2510 2509 3 1649 4640 2321 3 2820 4665 2354 
3 1030 4741 958 3 2692 3960 2838 3 2214 4777 4403 3 2357 3031 2560 3 395 413 412 
3 508 4671 514 3 1089 4865 3520 3 1409 1423 1422 3 1586 1588 1587 3 3822 4846 2753 
3 2702 5469 79 3 3584 4676 2647 3 1787 4687 4526 3 1389 4754 1555 3 1431 4559 1430 
3 1319 1887 1317 3 494 4653 567 3 3665 5806 3666 3 4526 4687 2846 3 3346 5749 3185 
3 4516 4786 2868 3 2723 3024 2487 3 175 4801 174 3 1919 4636 2178 3 3300 4700 2563 
3 1647 1648 1440 3 924 4626 882 3 1272 4892 376 3 1260 1355 1151 3 878 4838 2460 
3 1780 4851 1489 3 1286 1287 1096 3 1871 2286 1872 3 2927 4976 4798 3 3557 4698 2556 
3 1439 1440 1287 3 5470 5492 3168 3 2011 2393 1642 3 2644 3540 2643 3 1537 4382 1423 
3 3402 5479 3158 3 4152 5043 4788 3 1315 1904 1297 3 2588 4768 3002 3 1433 1540 1275 
3 4604 5672 3414 3 2804 4785 4372 3 2952 4800 3186 3 2903 4742 2901 3 1984 3973 3972 
3 2458 4764 4434 3 1703 5000 1702 3 893 895 826 3 2354 4665 2355 3 2251 4632 2897 
3 370 4654 373 3 4576 4733 2541 3 1600 4722 4378 3 2916 3099 2690 3 3916 4938 3915 
3 489 4824 482 3 1416 1711 1550 3 317 5174 316 3 4745 4885 1821 3 3210 5219 5148 
3 978 979 977 3 921 991 941 3 1843 4672 1434 3 2462 4640 1346 3 2439 3596 2715 
3 4944 5020 3163 3 1717 1722 1540 3 1244 1245 1058 3 373 4655 381 3 2914 4877 3754 
3 1730 4770 2429 3 867 4615 4440 3 3844 5365 1992 3 2647 4676 2374 3 2793 4913 4475 
3 723 1643 1642 3 1523 1821 1729 3 1437 4813 1388 3 3050 4955 4394 3 2087 4961 2086 
3 2376 4632 2033 3 810 4743 883 3 381 4655 1836 3 4890 4909 2018 3 3678 4840 2197 
3 1260 1442 1355 3 2292 4738 914 3 585 586 584 3 1550 1693 1551 3 3200 4784 3199 
3 2849 4933 4460 3 2848 4819 4572 3 2388 4658 1666 3 1349 4524 1514 3 983 4682 2462 
3 2372 3078 2976 3 1199 1295 1200 3 296 5892 4082 3 3433 5415 3105 3 4626 5400 5217 
3 3295 4778 4709 3 2394 2487 2103 3 830 4774 1983 3 52 4803 240 3 4437 5583 5141 
3 2344 4714 4636 3 1599 4728 1592 3 1679 4723 1957 3 1277 4652 1432 3 2012 2372 2371 
3 1693 2075 1551 3 2435 4746 2945 3 1824 4728 1599 3 2973 4746 2434 3 219 4951 44 
3 2586 4628 2311 3 1416 1550 1356 3 1643 2012 2011 3 1981 2362 1711 3 619 4783 1527 
3 722 914 499 3 2075 2338 1551 3 1139 1265 1138 3 2205 4758 2207 3 643 646 590 
3 2053 4700 2293 3 3733 4240 3732 3 660 4692 691 3 2990 5662 3321 3 3658 3659 2489 
3 1153 4615 808 3 3154 3993 3153 3 4816 4893 2106 3 487 4610 497 3 2466 3772 2962 
3 1993 2158 1912 3 4435 4778 4380 3 1598 2369 1597 3 2257 3324 2630 3 3893 4800 2952 
3 2374 4676 2376 3 693 4794 695 3 1338 1508 1339 3 2311 4628 2310 3 4709 4778 4435 
3 2466 2962 2313 3 3182 3585 2738 3 1138 1140 1035 3 926 4641 1159 3 657 832 687 
3 770 5011 885 3 518 4611 604 3 644 4810 633 3 82 5254 301 3 2983 2984 2533 
3 1266 1365 1265 3 550 1774 552 3 1849 4706 2054 3 1789 1882 1535 3 497 4610 518 
3 3358 3477 3359 3 4079 5238 4080 3 4787 4890 2865 3 2504 5217 3928 3 2179 4843 1921 
3 2110 4672 1843 3 1107 4652 1277 3 814 815 718 3 720 4887 709 3 4498 5427 5253 
3 792 4720 1990 3 3428 4040 2836 3 2917 4870 4674 3 1143 4865 1089 3 32 5154 3041 
3 1654 4790 1357 3 3293 4797 3295 3 1989 4559 1431 3 1729 4770 1730 3 1084 4589 1338 
3 732 4711 730 3 4654 4655 373 3 1142 4675 1336 3 3446 5426 4222 3 4105 5161 4104 
3 1299 4822 1300 3 3232 4839 4690 3 3103 4809 4056 3 2945 3653 3378 3 1062 4667 541 
3 3613 5767 4691 3 587 588 586 3 1543 4706 1541 3 3725 5678 3730 3 3705 5802 2770 
3 2441 3579 2921 3 658 4783 619 3 1320 4983 1322 3 978 980 979 3 2945 4746 3653 
3 230 4859 45 3 516 4712 562 3 4159 4943 2353 3 2655 2906 2253 3 2674 3458 2673 
3 2092 5147 3901 3 2112 4708 1445 3 911 4769 461 3 3616 4921 2969 3 1592 4728 1999 
3 4240 5085 2286 3 174 4801 3070 3 2552 2553 2076 3 1797 1798 1796 3 2167 2584 2532 
3 1918 4696 1522 3 4175 4917 1950 3 1139 1266 1265 3 2698 2699 2179 3 979 4682 977 
3 514 4671 2278 3 917 918 736 3 4358 5081 1448 3 1873 2581 2579 3 1712 1981 1711 
3 221 5206 1826 3 1447 4696 2112 3 2949 4770 2038 3 2921 3364 3218 3 2433 4940 4274 
3 2441 2921 2442 3 2910 4864 2495 3 3150 5259 5045 3 3240 3241 3031 3 1842 2343 1840 
3 3461 4665 2820 3 327 2741 95 3 2831 2833 2832 3 337 5038 339 3 1925 4722 1558 
3 3003 4812 531 3 4632 4853 2897 3 735 917 736 3 2620 3160 3077 3 4348 5001 4347 
3 2756 4788 2759 3 3981 5088 4680 3 1087 4681 998 3 1102 1241 1101 3 3171 3172 2343 
3 1917 4636 1919 3 3416 5063 3415 3 3112 4878 3228 3 4702 4703 4641 3 1021 4799 1097 
3 2252 2253 1927 3 2957 3090 2550 3 4481 4795 2880 3 2341 5115 4689 3 2890 2891 986 
3 1059 1151 1100 3 3674 4973 3540 3 4132 5074 4123 3 1443 4708 1989 3 3337 3338 2553 
3 2910 4964 4864 3 2016 4735 2082 3 1906 5404 4406 3 1560 4616 3800 3 3269 5344 3268 
3 772 4827 774 3 1266 1366 1365 3 2999 3526 2997 3 541 4667 543 3 2902 3035 2903 
3 2556 4698 2395 3 4818 5416 1618 3 3819 5282 599 3 2390 2738 1948 3 2366 2476 1481 
3 2862 2863 2476 3 820 4839 817 3 2357 3240 3031 3 681 814 718 3 1990 4743 794 
3 5236 5742 3106 3 1522 4696 1447 3 4586 4589 1084 3 992 1059 993 3 2672 2673 2146 
3 4816 5001 4893 3 4076 5276 4077 3 1961 5658 3598 3 971 4710 973 3 3293 4816 4797 
3 4489 4869 1766 3 3970 5211 4053 3 589 594 588 3 621 2396 603 3 5235 5673 3564 
3 1407 2438 1970 3 2481 3084 2482 3 1411 4745 1366 3 138 5817 5458 3 3687 3688 3261 
3 2349 4856 1080 3 2875 4757 4366 3 703 813 811 3 818 4506 815 3 3427 3439 3425 
3 4530 4708 2112 3 240 4803 2812 3 4300 5090 4301 3 3172 3173 2343 3 4948 5131 4400 
3 4039 5493 3527 3 2994 2996 2995 3 1771 4944 4540 3 4826 5782 3418 3 1728 1985 1967 
3 3426 3427 3425 3 1796 2142 1700 3 2976 3630 2977 3 1648 1951 1695 3 2434 4746 2435 
3 280 3781 1158 3 2989 3205 2676 3 2185 4860 2956 3 45 4859 1984 3 1985 2440 1987 
3 2376 4853 4632 3 2996 2997 2995 3 4485 5134 2920 3 2182 2183 2181 3 2563 4700 2053 
3 3688 4867 3261 3 1534 1535 1110 3 2655 3480 2906 3 960 4702 928 3 2510 3273 2509 
3 570 5082 2356 3 3266 5405 232 3 4798 4976 3137 3 4724 4864 4279 3 2732 4606 2876 
3 3236 5101 2595 3 3177 5518 3178 3 1399 2896 1591 3 1739 2257 2256 3 3678 5506 2658 
3 3301 3312 1212 3 3357 4750 3356 3 2559 3997 2858 3 1886 4723 1486 3 1558 4722 1495 
3 2530 4976 3179 3 4491 4798 2490 3 4453 4757 2463 3 306 4871 305 3 4506 4823 718 
3 4572 4819 4262 3 2963 3194 2573 3 4134 5208 4289 3 4226 5388 4433 3 1921 1963 1920 
3 695 4794 1153 3 1409 1422 1245 3 1541 4706 1849 3 2868 4786 3168 3 543 4667 2926 
3 1919 1921 1920 3 1140 4737 1035 3 2980 4638 3664 3 2443 3390 2445 3 2257 2630 2629 
3 3087 4831 2493 3 1442 2208 1847 3 2245 5764 5684 3 1445 4708 1443 3 5298 5748 3417 
3 1059 1100 993 3 610 4875 596 3 3995 5681 3335 3 3012 5594 5007 3 3434 5263 3344 
3 3315 3403 3316 3 1508 4616 1339 3 4583 5061 2822 3 2487 2499 2103 3 459 4769 4645 
3 3524 3539 3523 3 2181 4760 1900 3 928 4702 4641 3 2188 4735 2016 3 4198 5139 3187 
3 822 826 821 3 2590 4690 1607 3 4366 4757 4453 3 3048 5293 3505 3 3294 4816 3293 
3 1972 1973 1708 3 4737 4779 951 3 1985 1987 1967 3 3355 3358 3357 3 956 1103 94 
3 2318 4911 2317 3 2620 3029 2362 3 2064 4932 1975 3 1706 4705 2072 3 2490 4798 4736 
3 329 932 931 3 4158 4876 3662 3 2278 4712 516 3 2372 2976 2371 3 503 5262 495 
3 2423 4765 3064 3 562 4712 643 3 1782 4923 393 3 3004 4995 1816 3 4068 5036 4934 
3 4991 5091 3502 3 2012 2371 2011 3 3278 5632 3856 3 2152 5805 5114 3 1237 1611 1406 
3 255 5298 2421 3 725 5064 1769 3 1059 4623 1260 3 2497 4864 4724 3 687 4774 830 
3 3295 4797 4778 3 4900 5630 2930 3 817 819 818 3 1643 2011 1642 3 368 4929 366 
3 3324 3536 2630 3 3586 4987 4969 3 2440 2441 1987 3 190 5104 31 3 3126 3478 3127 
3 2190 5358 4537 3 991 1101 1053 3 1772 5505 5210 3 3583 5063 2985 3 1882 4583 2027 
3 4834 5377 3331 3 1821 2352 2038 3 931 992 933 3 2252 2655 2253 3 2185 2550 2186 
3 391 4923 559 3 326 4593 956 3 4581 5337 3118 3 3788 5055 3092 3 2352 3009 2572 
3 3861 3883 2156 3 2896 3387 1591 3 1607 4690 1372 3 1962 5718 4344 3 1769 5011 768 
3 1834 4832 2188 3 5497 5572 2203 3 3316 5077 2501 3 3759 4906 3758 3 2956 5212 4928 
3 2385 4922 1805 3 1880 3884 524 3 1595 1915 1813 3 4502 4948 4400 3 4377 5070 1224 
3 2032 2145 2031 3 2909 4894 4725 3 1961 4832 1640 3 4605 4905 2238 3 992 993 933 
3 1493 5070 4368 3 664 5119 4305 3 2145 4693 3047 3 1058 4747 1057 3 1148 4702 960 
3 691 4692 1838 3 3774 5416 3995 3 2907 4891 4728 3 233 5260 3239 3 5116 5534 3138 
3 3620 5124 5008 3 2030 2031 2028 3 4759 5299 3296 3 2438 4815 2439 3 2826 3153 2331 
3 595 601 594 3 4018 5846 4180 3 1120 1123 1122 3 1950 4917 4601 3 382 5028 1272 
3 4476 4884 3571 3 1373 5179 1725 3 3286 5279 4759 3 4467 5229 1459 3 1333 4792 1886 
3 1328 3128 2801 3 794 4743 810 3 333 1234 335 3 1486 4723 1679 3 3443 4718 2483 
3 1921 4843 1963 3 1647 4651 4650 3 3952 4855 2150 3 533 3003 531 3 812 1017 704 
3 329 612 76 3 1222 5070 1493 3 1169 4711 732 3 4083 5037 564 3 1915 4872 2167 
3 2603 3165 2115 3 796 4874 825 3 1838 4794 693 3 1366 1523 1365 3 1821 2038 1729 
3 723 1642 535 3 3507 5147 2888 3 3085 3424 2482 3 3861 5306 3883 3 4043 4912 4042 
3 1158 5849 5278 3 1836 4780 387 3 1018 1095 1019 3 554 3815 548 3 3766 5815 3336 
3 2975 4877 2914 3 305 4871 449 3 2926 4781 545 3 911 5773 4173 3 1495 4722 1600 
3 3400 5482 3398 3 2645 3120 2578 3 2936 4990 2938 3 4979 5198 4597 3 3842 5057 4757 
3 461 4769 459 3 2049 5274 2703 3 1439 1647 1440 3 1647 4650 1648 3 2905 4745 1411 
3 2479 5137 1986 3 4725 4894 4436 3 1835 5353 4024 3 991 1102 1101 3 4822 5019 1300 
3 579 661 578 3 4795 4873 2880 3 152 5668 1358 3 999 4934 797 3 4330 5258 886 
3 1208 4396 1207 3 4624 4873 2041 3 1067 5033 4075 3 2387 4985 2337 3 3427 4775 3439 
3 3951 4975 2941 3 142 2610 16 3 3117 5545 3052 3 2409 3184 2694 3 2167 4872 2584 
3 1945 4647 3531 3 1095 1286 1096 3 1286 1439 1287 3 2406 5088 2407 3 975 4643 978 
3 5229 5304 1459 3 1434 4822 1299 3 333 4956 1234 3 1934 2409 2263 3 3055 4886 3313 
3 1467 5108 1298 3 3564 5673 3565 3 2919 4870 2917 3 1613 1934 1932 3 951 4779 893 
3 2241 4850 185 3 2060 2062 2061 3 1640 4832 1834 3 2478 5132 1105 3 1113 2817 1111 
3 817 4839 819 3 4540 4819 2848 3 1611 1613 1612 3 1404 5181 1341 3 4609 4881 3133 
3 3856 5632 1079 3 1932 1933 1612 3 123 5526 1952 3 578 4773 551 3 3760 4902 3030 
3 2236 5539 3412 3 819 822 821 3 1981 2620 2362 3 4229 4905 4605 3 4579 4934 999 
3 3134 4910 4881 3 2097 2182 2181 3 4280 5251 2622 3 4279 4964 1733 3 4564 4940 2433 
3 4323 5179 1278 3 970 1083 971 3 579 662 661 3 1928 4705 1706 3 3323 4920 1141 
3 4847 5306 3861 3 1149 4938 1251 3 1948 4969 1598 3 547 4781 550 3 4610 4611 518 
3 2833 2836 2834 3 1336 4675 1559 3 4686 4862 2851 3 917 970 918 3 5726 5847 4718 
3 2258 5346 5223 3 3289 5075 3291 3 2940 5316 3668 3 877 4838 878 3 2072 4705 2933 
3 1489 4851 1950 3 4689 5115 3197 3 3654 4782 2968 3 4126 5208 4295 3 3504 5073 5025 
3 1693 4806 2935 3 3059 3060 2397 3 3378 4767 3380 3 1234 4956 3908 3 4690 4839 820 
3 2210 2558 2557 3 4786 5470 3168 3 1721 1974 1502 3 2096 2097 1900 3 2495 4864 2497 
3 1312 1393 1246 3 2504 4792 1068 3 895 4719 826 3 149 4849 148 3 2726 5017 4484 
3 3147 3493 3146 3 1237 1238 1093 3 681 718 717 3 2925 4855 2870 3 376 4892 372 
3 997 5360 4388 3 2082 4735 2794 3 2847 5229 3243 3 2366 3322 2862 3 3981 5166 5088 
3 4542 5393 2400 3 4252 4748 1422 3 4181 5269 4182 3 3350 3355 3354 3 1211 4396 1208 
3 2904 5193 2902 3 2880 4873 4624 3 2694 3408 2263 3 4410 4880 679 3 2481 2482 2074 
3 662 681 680 3 1104 1250 1249 3 3541 5284 3625 3 2608 5189 3363 3 395 4780 413 
3 4728 4891 1999 3 823 3350 3349 3 884 5325 4064 3 4683 5121 2915 3 4341 4992 1814 
3 2634 4974 2346 3 1092 1093 995 3 2378 2397 2141 3 3326 5487 3327 3 4344 5812 1381 
3 1184 3682 1180 3 268 5412 3368 3 709 4887 2217 3 5363 5424 3829 3 905 5064 716 
3 2242 4675 1142 3 3826 4905 4229 3 2256 4847 2363 3 604 4611 1852 3 4492 4862 2121 
3 3455 4869 4489 3 1196 1199 1198 3 1188 1202 1186 3 2863 3499 3498 3 3225 4843 2699 
3 2950 3224 3223 3 625 4875 610 3 1250 1297 1249 3 2841 4917 2843 3 1406 1407 1238 
3 1351 4960 1399 3 4894 4985 4523 3 2759 5043 4426 3 973 4710 4643 3 618 4744 657 
3 2186 2322 2184 3 677 5036 1831 3 1356 4796 1211 3 2851 4862 4492 3 1947 4583 1882 
3 2983 4023 2984 3 994 995 922 3 4026 5633 1325 3 2106 4893 2104 3 1516 4898 608 
3 4713 4815 3017 3 328 4730 327 3 2489 4911 2318 3 3998 5386 2940 3 3682 4949 4841 
3 3350 3354 3349 3 2360 3888 544 3 161 5093 21 3 2362 4806 1711 3 931 933 612 
3 3353 5234 4504 3 3113 4878 3112 3 2950 3223 2699 3 4001 4908 4002 3 2629 4847 2256 
3 3084 3085 2482 3 2207 4758 2443 3 2340 4984 2543 3 3186 5433 3346 3 3431 5848 3432 
3 1302 5019 1653 3 449 4852 451 3 4082 4967 4084 3 1774 5721 3870 3 5 1936 480 
3 3243 5229 4467 3 5070 5102 4368 3 2620 3077 3029 3 2024 2141 1621 3 4091 4968 2939 
3 3134 4881 4609 3 1945 3531 3399 3 3085 3425 3424 3 3693 5451 2405 3 2933 4958 4957 
3 956 1104 1103 3 1648 4650 1951 3 2253 4793 1927 3 4738 4883 492 3 4665 5580 2355 
3 2672 3405 2674 3 2637 4946 4714 3 1331 1424 1343 3 2470 4974 4612 3 956 4593 1885 
3 1548 4793 1565 3 571 1480 1448 3 4387 4862 4686 3 4915 5032 4212 3 166 5454 2844 
3 2338 5077 4796 3 4540 4944 3162 3 4796 5077 4396 3 2766 4884 4476 3 329 931 612 
3 3409 3411 3410 3 2675 5606 4194 3 2431 5464 3828 3 2801 4814 3637 3 1286 1456 1439 
3 1840 4791 1717 3 550 4781 1774 3 4282 5017 3594 3 4672 4822 1434 3 393 4923 391 
3 2994 2995 1335 3 1717 4791 1722 3 1452 1594 1393 3 4253 5769 1034 3 3962 5650 5163 
3 1622 4899 2930 3 3309 5092 2746 3 1480 1726 1481 3 258 5480 257 3 4204 5139 4201 
3 4561 4915 4562 3 2616 5311 3806 3 3700 4889 2566 3 2585 4975 3319 3 1041 5082 566 
3 2283 4807 1442 3 2865 4890 4189 3 2956 4928 2957 3 2992 5281 4441 3 3594 5017 3667 
3 4899 4900 2930 3 2977 4820 2371 3 4650 4651 3607 3 1068 4792 1333 3 2032 2671 2146 
3 2102 5004 2569 3 3376 4882 2859 3 2075 2339 2338 3 2550 4765 2186 3 1828 5171 4446 
3 1104 1249 1103 3 1018 2173 1095 3 1851 5412 269 3 2439 4815 3596 3 492 4883 484 
3 2784 5157 140 3 3072 5297 2414 3 4398 5140 4494 3 4806 5040 2935 3 812 1018 1017 
3 1523 4745 1821 3 4249 4936 4248 3 3001 4965 2998 3 387 4780 395 3 903 5563 919 
3 2897 4853 3459 3 2672 2674 2673 3 2366 2862 2476 3 893 4779 895 3 4478 4866 2972 
3 4291 5093 161 3 556 4231 540 3 1280 4926 4069 3 4394 4910 3134 3 2676 4717 1974 
3 1905 1971 602 3 2789 4927 2505 3 2509 4705 1928 3 283 4977 68 3 1057 4747 2357 
3 2326 2327 2063 3 819 821 818 3 2671 5372 3882 3 287 5522 72 3 3008 4982 3417 
3 1265 4817 1138 3 2870 5054 2537 3 3202 5409 4805 3 3265 5393 4542 3 1552 5467 4971 
3 634 5127 859 3 1651 5451 3149 3 2562 5151 3212 3 1083 4710 971 3 484 4883 491 
3 1927 4793 1548 3 4436 4894 1259 3 1540 4805 1596 3 1678 4903 1485 3 2340 5132 4984 
3 4899 5175 4900 3 5546 5794 3317 3 3479 5269 3034 3 2776 4921 2777 3 813 841 840 
3 3686 4913 2793 3 3611 3617 2373 3 1530 4865 1143 3 4456 5861 3447 3 3897 5591 4959 
3 3075 5500 4062 3 1316 5108 4666 3 1295 1296 1200 3 3246 5131 4948 3 3016 3865 3017 
3 4099 5258 4330 3 3713 5647 3116 3 4402 5047 4538 3 3666 5806 5015 3 4575 4857 1782 
3 4325 5570 1962 3 3477 5034 3359 3 5012 5711 4259 3 1425 1815 1296 3 2210 2557 2209 
3 3835 5274 2670 3 4044 5645 2067 3 1551 4796 1356 3 1532 1595 1533 3 2096 2578 2097 
3 1999 4891 2399 3 372 4929 368 3 355 5740 357 3 662 680 661 3 3540 4973 2643 
3 1077 1617 1108 3 1722 4805 1540 3 2907 5612 4046 3 1550 4806 1693 3 109 5261 108 
3 3326 3327 3325 3 3870 5782 1774 3 681 717 680 3 2185 2186 2184 3 2357 4747 3240 
3 2837 3326 3325 3 3659 4911 2489 3 4892 4929 372 3 832 4774 687 3 620 4919 2955 
3 4768 5641 4301 3 4984 5132 3172 3 4264 4909 3148 3 1407 3016 2438 3 2559 2858 2558 
3 2352 2572 2038 3 1237 1406 1238 3 3307 5838 71 3 2933 4957 2720 3 2968 4782 4258 
3 1737 4907 2205 3 4759 5279 2100 3 1711 4806 1550 3 1904 5533 3783 3 97 5597 0 
3 3016 3017 2438 3 1871 1872 1798 3 2339 2501 2338 3 3711 5878 700 3 872 5067 2291 
3 3786 5362 5245 3 334 943 332 3 1563 5155 4467 3 3396 4952 3393 3 2375 5219 2648 
3 1673 1675 1674 3 2859 4858 1905 3 4133 4939 4132 3 841 923 922 3 2362 5040 4806 
3 1424 1598 1597 3 3405 3406 2674 3 4680 5088 2406 3 1899 2096 1900 3 3275 5310 4776 
3 4260 4944 1771 3 2695 5324 3947 3 797 4934 711 3 2221 5050 2665 3 491 5861 4456 
3 923 996 994 3 3608 5867 3609 3 3796 4933 2849 3 3030 5151 2486 3 1882 2027 1883 
3 4612 4974 3149 3 717 4823 1328 3 1485 4903 1487 3 4192 5697 4191 3 3653 4767 3378 
3 2032 2146 2145 3 3204 5066 4497 3 3572 5478 4176 3 3322 3651 2862 3 4917 5124 2843 
3 1092 1237 1093 3 2673 4693 2146 3 390 5028 382 3 2643 2922 2412 3 2101 5155 1714 
3 1899 1900 1898 3 5155 5180 3243 3 2338 4796 1551 3 4504 5234 2386 3 3452 5168 3453 
3 1330 4938 1149 3 1245 4748 1058 3 344 5150 342 3 2173 5661 4935 3 2186 2423 2322 
3 470 4879 487 3 4880 4970 679 3 4713 5031 3171 3 2027 2029 2028 3 172 5264 3966 
3 3766 5386 1590 3 3779 5888 5205 3 545 4781 547 3 2390 3182 2738 3 2011 4820 2393 
3 4864 4964 4279 3 3993 5444 1661 3 3095 5194 2882 3 2390 3183 3182 3 1596 4931 1275 
3 620 665 621 3 3086 3423 3087 3 2202 5519 5390 3 1901 2076 1948 3 665 703 666 
3 3269 5406 5344 3 703 811 704 3 1611 1612 1406 3 4416 5029 2866 3 2598 3158 2599 
3 3985 5436 3986 3 3361 5034 3492 3 1424 1901 1598 3 730 4980 689 3 4559 5050 1604 
3 2646 5551 3963 3 2257 4828 3324 3 2423 2943 2707 3 3066 4857 4575 3 3329 4971 2736 
3 1852 4744 618 3 3932 5395 3445 3 3864 5154 1449 3 2615 5793 3922 3 21 5093 160 
3 822 5196 997 3 1415 5480 4775 3 2943 3409 3247 3 2963 5645 3194 3 2121 5136 1474 
3 48 5260 233 3 1726 2366 1481 3 4509 5118 2898 3 1341 4983 1320 3 3149 5451 4612 
3 1325 4726 1175 3 921 5187 4320 3 4450 5314 4451 3 3555 5580 5176 3 2029 2348 2030 
3 4290 5028 390 3 3880 5153 727 3 5373 5424 2224 3 1040 5071 4286 3 1659 1685 1657 
3 1695 4828 1739 3 1366 4745 1523 3 679 4970 4329 3 4508 5481 1294 3 1281 3125 1157 
3 3318 5267 37 3 321 4897 2361 3 4 5616 3039 3 1058 4748 4747 3 2573 4844 2075 
3 3184 3370 2694 3 2409 2694 2263 3 1138 4817 1140 3 3721 5092 3663 3 2116 5296 3810 
3 2090 4961 2087 3 3658 5591 2687 3 1508 4959 4616 3 451 1507 470 3 4019 5689 2171 
3 2671 2672 2146 3 1996 5855 3690 3 886 5242 4330 3 2393 4925 1642 3 1613 1932 1612 
3 1934 2263 1932 3 571 1448 560 3 2857 4989 3123 3 4031 4955 3050 3 3060 3462 3259 
3 2347 5483 3076 3 297 2548 80 3 763 4950 761 3 4883 5861 491 3 4068 5076 5036 
3 1846 5190 2170 3 407 5257 1992 3 3137 4976 2530 3 2970 5201 1779 3 4703 5016 4641 
3 519 4904 3714 3 4562 4915 4332 3 3783 5798 3379 3 2356 5323 597 3 2186 4765 2423 
3 2030 2032 2031 3 4587 5224 4804 3 1713 2014 2013 3 3210 5148 2561 3 946 4916 4621 
3 1480 1481 1448 3 552 4826 579 3 3010 5012 4259 3 2889 5067 4543 3 1192 3713 1189 
3 1951 5750 3712 3 2954 5199 5121 3 2199 2690 2200 3 5050 5271 2665 3 910 1351 1350 
3 4053 5211 736 3 4597 4943 4159 3 4467 5155 3243 3 3625 5709 666 3 4685 5119 3297 
3 902 5123 957 3 2182 2185 2184 3 4222 5426 4223 3 1328 4823 3128 3 4601 4917 2841 
3 4176 5478 1631 3 1594 4808 2506 3 3878 5843 4980 3 4621 4916 3083 3 3595 5022 3959 
3 5265 5770 3201 3 2182 2184 2183 3 3786 5245 2721 3 2502 5188 2990 3 2833 2837 2836 
3 1441 5133 3684 3 1042 5449 1044 3 2552 5394 3337 3 3152 5124 4175 3 2682 5357 2488 
3 1617 1735 1618 3 2604 4932 2064 3 5260 5510 3239 3 2982 2983 2533 3 1754 5393 1755 
3 3696 5877 1909 3 2343 4791 1840 3 2622 5316 2437 3 3024 4836 2487 3 2353 5292 4399 
3 4597 5293 4943 3 5463 5688 1158 3 2797 3315 2501 3 1772 5210 4352 3 4421 5257 410 
3 601 620 603 3 5350 5550 3647 3 2038 4770 1729 3 3090 4765 2550 3 657 4744 832 
3 1805 4922 1807 3 4182 5335 2605 3 2146 4693 2145 3 4306 5119 4685 3 3573 4940 4564 
3 3191 5019 4822 3 1644 5160 2743 3 3103 5195 4809 3 1417 1532 1418 3 611 5323 626 
3 1368 5103 1241 3 1821 4885 2352 3 4578 5048 1925 3 2238 4948 4502 3 813 840 811 
3 2142 5224 5164 3 3393 4952 3395 3 4353 4963 3180 3 2498 4947 4753 3 2133 5238 2134 
3 5296 5428 3238 3 586 1353 584 3 3746 5725 3600 3 2889 5763 5067 3 3910 5054 4802 
3 4529 5215 2035 3 2346 4974 2470 3 3205 4717 2676 3 1211 4796 4396 3 2513 4915 4561 
3 4992 5006 3156 3 2339 2797 2501 3 2950 5096 3224 3 2699 4843 2179 3 2837 3325 2836 
3 2985 5606 1721 3 1657 4998 1308 3 1148 4931 4702 3 3974 5815 3766 3 3140 5503 5117 
3 5068 5409 3374 3 4735 5607 2794 3 994 1092 995 3 3828 5818 2431 3 3157 5883 2452 
3 2941 4975 2585 3 3663 5092 2981 3 4704 4951 219 3 5337 5774 2415 3 3282 5279 3283 
3 2584 4896 2532 3 1124 5072 1126 3 2423 2707 2322 3 2920 5134 2459 3 72 5522 286 
3 2643 4973 2922 3 2371 4820 2011 3 25 5264 172 3 841 922 840 3 3654 4941 4782 
3 579 4826 2379 3 3562 5631 5018 3 2337 4985 2909 3 718 4823 717 3 923 994 922 
3 1500 4997 1005 3 3281 5730 3280 3 4378 4962 2942 3 4804 5596 2666 3 1802 5000 1703 
3 2334 2658 2657 3 2934 5628 3033 3 4592 4924 2729 3 3194 4844 2573 3 2208 5004 1847 
3 3712 5696 1951 3 3754 4964 2910 3 192 5154 32 3 4554 5186 4555 3 2582 5236 2325 
3 2962 5209 3429 3 4711 4980 730 3 3242 5130 4161 3 1048 1065 1003 3 2797 3317 3315 
3 3387 5246 3974 3 5150 5749 3346 3 744 5625 4602 3 3057 5249 2516 3 1196 1198 1194 
3 3007 4982 3008 3 3365 5423 3798 3 3415 5854 2626 3 2366 4914 3322 3 263 5574 409 
3 4312 5497 2203 3 1275 4931 1148 3 2955 4829 665 3 1872 2209 1798 3 4744 5789 5615 
3 1977 5636 2745 3 3897 4959 1508 3 3173 4791 2343 3 2991 4999 4696 3 2076 2390 1948 
3 2943 3247 2707 3 871 5363 874 3 3433 5497 5415 3 641 5843 1516 3 3017 4815 2438 
3 2508 5597 97 3 2993 3469 2994 3 2649 5312 3561 3 925 5659 1094 3 2886 5166 3475 
3 1901 1948 1598 3 1123 1212 1124 3 2510 4867 3273 3 3965 5588 3320 3 2443 4758 3390 
3 2222 5014 1605 3 1951 4828 1695 3 5019 5069 1653 3 1739 4828 2257 3 3088 5003 1881 
3 4238 5332 4627 3 4702 4931 4703 3 4802 5054 2870 3 2029 2030 2028 3 1872 2210 2209 
3 1199 1200 1198 3 4626 5217 4518 3 2898 5118 4635 3 3126 3127 2426 3 1847 5004 2102 
3 3354 5358 3513 3 2491 5134 3170 3 4574 5241 3036 3 1639 5010 1635 3 2896 3821 3387 
3 4779 4928 895 3 1719 1944 1859 3 1159 5086 920 3 4594 5578 2113 3 336 5009 334 
3 259 3764 57 3 2749 5073 3775 3 601 603 594 3 4705 5023 2933 3 2027 2028 1883 
3 3277 5048 4578 3 2222 5056 5014 3 2014 2249 2248 3 3252 5634 5523 3 2620 4901 3160 
3 3077 5112 3029 3 3128 4814 2801 3 2183 4811 3012 3 1144 5716 5554 3 4940 5751 4350 
3 703 4829 813 3 2286 5085 4294 3 1728 4888 1985 3 2369 4986 3136 3 330 4842 3747 
3 84 2296 306 3 1915 2167 1813 3 4962 5048 3269 3 1705 5299 2100 3 811 812 704 
3 2650 5018 3206 3 665 666 621 3 703 704 666 3 2074 5160 1644 3 3253 5448 4000 
3 3409 3410 3247 3 1092 4979 4596 3 3944 5420 3310 3 3746 5664 3408 3 2269 5514 4283 
3 4761 5107 3004 3 1815 1816 1296 3 1 5667 1909 3 1348 5419 1235 3 4054 5025 2749 
3 1099 5634 4157 3 4333 5231 3018 3 1577 5230 3665 3 566 5082 570 3 5700 5730 3281 
3 4706 5162 2853 3 3169 5322 1868 3 1309 4904 521 3 5718 5812 4344 3 3299 5797 4420 
3 1079 5182 654 3 620 621 603 3 4593 4834 1885 3 768 5011 770 3 3701 5561 2930 
3 2681 5657 2187 3 2379 4830 662 3 1117 1385 1384 3 4078 5621 1743 3 2398 3146 2402 
3 1912 5192 1911 3 4869 5785 2708 3 1253 5202 1071 3 379 5325 884 3 1379 5283 1506 
3 851 5242 886 3 2571 5216 3834 3 2909 4985 4894 3 4175 5124 4917 3 681 4830 814 
3 3156 5006 3169 3 3254 5578 4594 3 2487 4836 2499 3 4639 4981 984 3 4666 5108 3809 
3 602 4919 601 3 4246 5579 4247 3 489 5262 4824 3 2115 4901 1981 3 1897 1899 1898 
3 2987 5271 4384 3 2378 3059 2397 3 2738 4969 1948 3 1882 1883 1535 3 4055 5319 3063 
3 5556 5753 3313 3 1774 4826 552 3 3751 5008 3152 3 3377 5798 4292 3 957 5214 900 
3 2791 5236 3106 3 2396 4972 603 3 274 5275 273 3 4568 4966 3722 3 4063 5741 884 
3 1308 4998 4821 3 3044 5227 4091 3 2532 2982 2533 3 37 5267 199 3 3301 3963 3312 
3 3326 5858 5487 3 4180 5846 5560 3 2492 5385 3431 3 1866 2398 2290 3 487 4879 4610 
3 5033 5434 4075 3 1442 4807 2208 3 1984 4859 3973 3 3165 4901 2115 3 1933 5664 3746 
3 4524 4888 1514 3 5032 5148 3006 3 4878 5769 4253 3 3099 4789 2690 3 2329 2331 2330 
3 2822 5712 5493 3 3524 4897 3539 3 1873 2579 1606 3 1595 1813 1533 3 4895 5232 2916 
3 1575 1581 1580 3 3799 5251 3797 3 1709 2199 2198 3 3514 5418 3515 3 1814 4992 4653 
3 412 5248 415 3 4905 4948 2238 3 1992 5365 4369 3 1675 1865 1674 3 2509 5023 4705 
3 2513 5032 4915 3 4308 5836 1752 3 3949 5143 3321 3 662 4830 681 3 4653 4992 3156 
3 1399 4960 2896 3 2024 2378 2141 3 3083 5376 3248 3 1514 4888 1728 3 4934 5036 711 
3 1533 1869 1418 3 2925 5027 4670 3 3258 5781 3898 3 2151 5322 2582 3 1132 1312 1246 
3 4484 5017 4282 3 3649 5080 3773 3 4679 5027 2925 3 4008 5028 4290 3 2691 2908 2200 
3 2894 5231 3098 3 3245 5131 3246 3 1897 1898 1816 3 2960 5041 2961 3 3148 4909 4890 
3 3154 3994 3993 3 3963 5681 2660 3 1763 5325 383 3 4893 5001 4348 3 3312 5072 1212 
3 576 5191 574 3 1452 1622 1621 3 4757 5057 2463 3 1628 5478 1629 3 1200 2461 1198 
3 1332 5033 1067 3 1385 1569 1568 3 4486 5337 2415 3 1588 1606 1587 3 711 5036 677 
3 4286 5071 3074 3 3552 5250 3211 3 4334 5231 4333 3 3580 5460 3579 3 5169 5170 2429 
3 3017 5031 4713 3 4664 5852 4493 3 4302 5249 4304 3 4602 5625 4206 3 4511 5363 845 
3 3587 5270 3601 3 2652 5471 1856 3 1815 1897 1816 3 1584 1585 1579 3 53 5621 3065 
3 4940 5827 4274 3 3227 5424 5373 3 4563 5401 3350 3 4260 5020 4944 3 5067 5763 3507 
3 3291 5075 4970 3 3410 5633 3247 3 5146 5209 3772 3 2412 4914 1726 3 3413 4889 3700 
3 5629 5890 3659 3 2989 4994 3205 3 2576 4583 1947 3 3548 5398 3190 3 1452 1621 1594 
3 1913 3628 1074 3 4886 5556 3313 3 2367 5177 2517 3 339 5038 700 3 2826 3154 3153 
3 3093 5030 4558 3 2624 5255 2711 3 943 5853 5717 3 4519 5109 2195 3 847 5187 921 
3 1236 5202 4524 3 2690 2691 2200 3 332 4842 330 3 5105 5394 2552 3 1312 1452 1393 
3 5304 5373 4490 3 2805 5365 4552 3 1532 1533 1418 3 3359 5034 3361 3 2664 5056 2222 
3 4295 5710 4130 3 2713 3086 2493 3 2492 3431 2713 3 1764 5384 420 3 5148 5219 3006 
3 626 5359 628 3 3479 5742 5236 3 1709 2197 1582 3 5347 5703 3583 3 2609 2928 2228 
3 2142 5164 1700 3 5344 5777 3268 3 1249 5133 1441 3 3178 5273 3046 3 1300 5019 1302 
3 4237 5761 4234 3 3424 5160 2482 3 1255 5204 1837 3 686 5388 1793 3 3229 5300 3044 
3 3872 5111 1883 3 169 5303 168 3 2720 3334 3130 3 4560 5172 3113 3 2553 4863 2076 
3 303 5024 302 3 2219 5047 4402 3 1126 5072 1903 3 4025 4026 1179 3 1955 5326 2381 
3 1126 1903 1128 3 3581 5785 5587 3 1567 5799 5042 3 279 5396 278 3 3195 5408 5226 
3 96 5828 5259 3 1604 5050 2221 3 1922 5336 2247 3 4696 4999 2112 3 665 4829 703 
3 3153 5200 2331 3 1459 5304 4490 3 4498 5253 4482 3 3068 5097 5076 3 2522 5352 2144 
3 5481 5844 1294 3 1453 5625 742 3 1510 5799 1567 3 4244 5705 4245 3 5100 5766 4207 
3 3171 4984 3172 3 3028 5494 3027 3 1647 4918 4651 3 330 3747 115 3 2456 5084 3858 
3 2061 5600 3528 3 173 5264 25 3 2899 5295 2717 3 1910 4993 1815 3 3467 5484 3250 
3 535 4925 533 3 1913 3629 3628 3 3353 5035 3352 3 2361 5113 320 3 4419 5797 2853 
3 1581 1708 1582 3 3043 5159 2949 3 5455 5541 3476 3 3107 5410 3330 3 4520 5020 4620 
3 4023 4937 2984 3 2000 5324 2695 3 5358 5822 4537 3 4620 5020 4260 3 2141 4808 1621 
3 736 5211 734 3 1904 5133 1297 3 533 4925 3003 3 4382 5642 3373 3 1422 4748 1245 
3 594 4972 588 3 3708 5799 1702 3 3896 5611 2752 3 2100 5299 4759 3 800 5355 708 
3 3313 5753 3314 3 3462 5053 3259 3 2167 2168 1813 3 2075 4844 2339 3 3161 5623 4857 
3 1990 5066 4458 3 2763 5802 2769 3 3092 5055 3091 3 4929 5382 366 3 3813 5112 655 
3 1848 5122 1355 3 1629 5100 4288 3 1971 4919 602 3 2195 5109 4669 3 2330 5200 2669 
3 1653 5069 4683 3 2800 5418 3869 3 1925 5048 4962 3 1915 5698 4872 3 2770 5802 2765 
3 3812 5746 2747 3 1280 1417 1281 3 1622 2166 2024 3 3249 5484 4439 3 4425 5374 2069 
3 242 5621 53 3 4777 5500 3075 3 2205 4907 4758 3 4317 5128 5109 3 1726 4914 2366 
3 3963 5551 3312 3 5253 5427 3941 3 3231 5565 3045 3 3771 5868 2247 3 1935 2228 1735 
3 2062 2326 2063 3 5226 5407 3195 3 4367 5530 4556 3 2143 5352 3203 3 897 5635 1154 
3 933 1888 612 3 5212 5392 4928 3 1933 4930 1612 3 4968 5136 2121 3 4381 5501 3341 
3 599 5282 338 3 2935 5040 2964 3 3441 5114 3058 3 1255 5548 5204 3 1123 2948 1212 
3 2511 5002 2307 3 1620 5453 2107 3 2596 5494 4092 3 449 4871 4852 3 1954 2127 1568 
3 4969 4987 2369 3 2463 5057 2970 3 4956 5096 3908 3 4433 5388 676 3 716 5064 725 
3 3465 5445 3122 3 2537 5054 2536 3 4558 5030 3306 3 2654 5778 3736 3 362 5382 1794 
3 2937 5272 2603 3 4472 5307 3422 3 5068 5795 5409 3 4789 4845 2691 3 1981 4901 2620 
3 2315 5102 4377 3 31 5104 189 3 2979 5076 4068 3 3972 5184 3971 3 3949 5662 1229 
3 4307 5878 4308 3 4641 5016 1159 3 2037 5425 2114 3 1061 5397 1240 3 2198 2971 2197 
3 1622 2024 1621 3 2690 4789 2691 3 3533 5110 1661 3 234 5260 48 3 1642 4925 535 
3 3155 5091 4991 3 4123 5074 4134 3 1439 4918 1647 3 3334 3463 3130 3 3689 5027 4679 
3 3997 5037 2858 3 1104 5078 1250 3 1197 5576 1196 3 3079 5343 3932 3 2532 4896 2982 
3 3615 5549 3967 3 3294 5001 4816 3 2291 5355 870 3 3243 5180 3242 3 4839 5196 819 
3 2097 4860 2182 3 3997 5714 2702 3 4633 5032 2513 3 3 3257 105 3 1796 5039 2142 
3 3321 5662 3949 3 4180 5560 2612 3 2568 5138 4363 3 1785 5090 4300 3 314 3691 1497 
3 3957 5341 4190 3 2315 5125 5102 3 4520 5220 5020 3 1586 1587 1585 3 454 5592 425 
3 1224 5070 1222 3 4654 5097 4655 3 4363 5125 2315 3 2933 5023 4958 3 1100 1157 993 
3 3679 5370 3115 3 1298 5108 1316 3 2536 5310 2273 3 134 5535 14 3 3705 5881 2769 
3 1617 1935 1735 3 3458 5860 2673 3 2954 5069 3191 3 2578 4860 2097 3 5189 5313 3363 
3 4775 5734 3200 3 3883 5306 3407 3 4422 5245 3509 3 327 4730 2741 3 3292 5075 3289 
3 3223 5079 3225 3 2184 4811 2183 3 3506 5817 5157 3 2794 5233 2084 3 3397 5886 3556 
3 2989 5142 4994 3 2739 5747 3483 3 2010 5826 4361 3 5382 5448 1794 3 3024 5089 4836 
3 4698 5042 3708 3 5333 5553 4566 3 3192 5149 2568 3 4906 5690 3758 3 2852 5589 4178 
3 5570 5718 1962 3 3029 5040 2362 3 4250 5176 2293 3 1923 5841 3917 3 4363 5138 5125 
3 1406 4930 1407 3 4361 5826 4362 3 1910 5776 5309 3 1661 5444 1659 3 2948 3335 3301 
3 2390 4863 3183 3 2609 3159 2928 3 4911 5813 2317 3 2326 2512 2327 3 1100 1280 1157 
3 2568 5149 5138 3 4517 5217 2504 3 1963 5313 1920 3 601 4919 620 3 3265 5450 2628 
3 3974 5246 2831 3 4329 5158 664 3 2532 2533 2168 3 625 5182 4875 3 3428 4981 4040 
3 1905 4858 1971 3 342 5432 340 3 1456 4918 1439 3 2922 4914 2412 3 3121 5536 3464 
3 1892 4956 331 3 4389 5644 1924 3 4657 5194 890 3 1911 5060 1678 3 1417 1418 1281 
3 2118 5826 2009 3 4733 5375 3568 3 3273 5023 2509 3 953 5674 4767 3 5025 5073 2749 
3 1621 4808 1594 3 2948 3301 1212 3 2492 2493 2249 3 4202 5637 4203 3 1407 4930 3016 
3 2076 4863 2390 3 4223 5426 4501 3 3180 5737 2176 3 4691 5537 3613 3 2736 5467 61 
3 3865 5031 3017 3 4012 5595 1829 3 3011 5007 4761 3 1449 5154 192 3 4555 5186 840 
3 4543 5067 872 3 1309 5059 4904 3 3125 4978 1157 3 170 5847 5726 3 1542 5771 2255 
3 3022 5144 3023 3 5217 5400 3928 3 1117 1384 1115 3 2167 2532 2168 3 1708 1709 1582 
3 5396 5784 278 3 4497 5066 4720 3 3455 5785 4869 3 5075 5158 4329 3 3833 5862 2266 
3 2407 5088 2886 3 149 5371 4849 3 4932 5588 3339 3 3302 5216 5201 3 3241 5698 3031 
3 1662 2639 1671 3 1095 4935 1286 3 3492 5351 3489 3 4809 5195 2462 3 5210 5505 3438 
3 1504 5542 1619 3 920 5086 904 3 1935 2609 2228 3 1848 5475 5122 3 3990 5296 4941 
3 3408 5821 5725 3 2660 5681 3995 3 4293 4835 1350 3 3557 5042 4698 3 3961 5650 3962 
3 4926 5122 4071 3 1892 5096 4956 3 60 5443 264 3 374 5741 2214 3 2973 5544 5509 
3 1571 4825 1569 3 1286 4935 1456 3 2523 5529 2522 3 3382 5885 2638 3 4720 5066 1990 
3 2595 5101 3374 3 4058 5669 2479 3 2462 5195 4640 3 884 5741 377 3 3715 5577 3716 
3 3191 5069 5019 3 422 5592 1764 3 324 5342 1731 3 4499 5663 1253 3 4788 5043 2759 
3 1456 5652 5564 3 2199 2200 2198 3 4542 5450 3265 3 2797 5356 4986 3 2322 4811 2184 
3 2334 2335 2127 3 1685 4998 1657 3 3242 5180 5130 3 4091 5227 5136 3 1907 5528 1908 
3 613 5267 2242 3 4776 5310 2536 3 3987 5744 4327 3 2826 3155 3154 3 1782 5623 4923 
3 1350 4835 81 3 2721 5245 4422 3 3302 5098 2359 3 1788 5455 1740 3 2637 5885 4946 
3 4943 5292 2353 3 39 5707 740 3 2669 5200 3141 3 2915 5121 2975 3 942 5848 1176 
3 996 4979 994 3 2081 5540 2468 3 4954 5746 3384 3 1709 2198 2197 3 4083 5890 5629 
3 3123 5663 4734 3 1309 5862 3833 3 2202 5390 122 3 3031 5462 2560 3 4368 5102 3037 
3 1575 1580 1573 3 4173 5866 911 3 359 5738 614 3 2173 4935 1095 3 3556 5886 5883 
3 1105 5132 2340 3 2280 5338 4506 3 2441 5321 3579 3 4731 5569 117 3 3534 5342 325 
3 2888 5147 2092 3 5020 5220 3163 3 4305 5119 4306 3 3073 5425 2313 3 4327 5744 860 
3 2096 5638 2645 3 521 4904 519 3 3571 5100 3570 3 2369 4987 4986 3 2468 5290 4264 
3 160 5093 2391 3 5765 5789 1852 3 3292 5158 5075 3 428 5760 454 3 5551 5630 5368 
3 14 5535 133 3 2978 5884 5006 3 3066 5291 4857 3 2825 5604 3840 3 2100 5268 2099 
3 2597 5797 3299 3 2428 5115 2341 3 5102 5125 3037 3 3081 5159 2202 3 2349 5406 4856 
3 4846 5146 3772 3 4040 4981 4639 3 5394 5584 3337 3 4424 5499 2133 3 2193 5204 4570 
3 5089 5665 4263 3 1612 4930 1406 3 3750 5807 2838 3 3528 5600 5045 3 3336 5815 2601 
3 1691 5205 2066 3 451 4852 1507 3 2612 5560 2223 3 5018 5631 3889 3 1507 4879 470 
3 4463 5425 3073 3 2720 4957 3334 3 1569 1954 1568 3 2750 5321 2440 3 4157 5634 3252 
3 2329 2825 2331 3 1973 4895 1708 3 4043 5466 4912 3 632 5127 634 3 992 5331 4623 
3 3037 5125 2965 3 5201 5216 2571 3 4738 5207 4883 3 2973 5065 4746 3 187 5489 186 
3 3198 5128 4317 3 2450 5589 2852 3 3764 5779 2743 3 4566 5553 5346 3 1385 1568 1384 
3 189 5104 3263 3 5700 5739 4480 3 2182 4860 2185 3 3065 5197 4803 3 708 5508 674 
3 4446 5171 3013 3 588 4988 586 3 2334 5026 2658 3 5309 5776 3585 3 2372 5495 3078 
3 904 5123 902 3 3232 5196 4839 3 3537 5440 2630 3 4817 5062 1140 3 4201 5139 4198 
3 4104 5161 4106 3 1885 5078 1104 3 1497 3233 3040 3 316 5174 1677 3 5196 5273 997 
3 4762 5080 3649 3 3033 5628 5016 3 2655 5736 3480 3 4393 5243 2278 3 3044 5300 5227 
3 2296 4871 306 3 3908 5096 2950 3 2702 5714 5469 3 1565 5103 1368 3 4384 5271 5050 
3 79 5469 294 3 5125 5138 2965 3 1673 1926 1675 3 3081 5532 5170 3 4719 5702 2280 
3 415 5775 684 3 1375 5614 630 3 4740 5330 3009 3 1817 5118 4509 3 1083 5164 4710 
3 2965 5138 3053 3 4902 5635 3030 3 4780 5430 4325 3 3895 5168 3452 3 1986 5137 2992 
3 5171 5213 3013 3 4551 5874 1360 3 3166 5512 3270 3 994 4979 1092 3 1118 5051 1120 
3 5163 5379 3962 3 1390 5687 4464 3 4400 5131 1828 3 1636 5658 1634 3 5326 5731 4235 
3 3352 5676 3709 3 4064 5573 4058 3 3655 5434 5033 3 4647 5469 3531 3 2378 4996 3059 
3 1798 5039 1796 3 3326 5754 3821 3 2348 5493 4039 3 4046 5834 4045 3 3187 5707 39 
3 3060 5135 3462 3 3019 5679 3522 3 4522 5547 1786 3 4524 5202 3231 3 3338 5094 2553 
3 250 5654 3529 3 2457 4954 4448 3 4576 5375 4733 3 2558 5457 2687 3 4044 5624 3194 
3 2829 5815 3974 3 5138 5149 3053 3 1581 1582 1580 3 3053 5149 4398 3 1539 3470 35 
3 1817 5140 5118 3 2099 5268 2475 3 5086 5123 904 3 4426 5637 2766 3 3773 5760 447 
3 1954 2334 2127 3 1204 5391 1197 3 4256 5683 3513 3 3825 5511 2922 3 4317 5109 4519 
3 2586 5587 4628 3 1831 5097 4654 3 1075 4953 1077 3 3648 5130 2656 3 3058 5114 3389 
3 2163 5665 3923 3 2209 5039 1798 3 1714 5155 1563 3 4946 5885 4308 3 2843 5124 3620 
3 4866 5544 2972 3 4043 5642 5466 3 1566 5689 2261 3 2569 5513 2394 3 2838 5156 2693 
3 4494 5140 1817 3 1360 5150 344 3 4533 5447 2368 3 4308 5878 4946 3 2827 5380 3673 
3 3164 5142 2989 3 3350 5401 3355 3 3414 5648 3229 3 1567 5181 1404 3 2579 3384 2580 
3 1113 5221 2817 3 4080 5499 5197 3 2657 3303 2335 3 3163 5220 4465 3 1186 4949 1184 
3 3297 5158 3292 3 839 5472 3789 3 3256 5543 2663 3 1859 5021 1889 3 603 4972 594 
3 4999 5189 4013 3 454 5760 5080 3 3422 5434 3655 3 2609 5545 3159 3 1731 5340 323 
3 1202 4949 1186 3 450 5521 83 3 2825 2826 2331 3 3513 5683 3811 3 1815 4993 1897 
3 4746 5065 3653 3 4091 5136 4968 3 1709 4895 2199 3 3196 5477 3837 3 4988 5005 1353 
3 2579 2580 1606 3 2306 5703 2131 3 4860 5212 2956 3 2645 5638 4814 3 1975 5531 1496 
3 2459 5134 2491 3 1154 5635 4902 3 3158 5479 5002 3 5164 5224 4588 3 1474 5136 1476 
3 4439 5724 4438 3 2981 5383 4658 3 4939 5453 4132 3 2058 5381 1861 3 1638 5658 1961 
3 3783 5435 1904 3 993 4978 933 3 565 5862 1309 3 4837 5221 1384 3 4840 5106 1580 
3 4613 5420 4591 3 3431 3432 2713 3 3048 5292 4943 3 3084 5496 3085 3 860 5744 912 
3 4013 5189 2608 3 3159 5545 5367 3 1184 4949 3682 3 113 5152 112 3 106 5616 4 
3 1360 5874 4772 3 2334 2657 2335 3 2171 5689 1556 3 4945 5261 3753 3 4875 5182 3832 
3 5219 5250 2648 3 3342 5510 2277 3 2486 5151 2562 3 669 5280 141 3 4004 5382 4929 
3 1278 5179 1373 3 117 5569 3471 3 81 4835 297 3 2307 5479 5442 3 2840 5218 4177 
3 3810 5296 3990 3 5554 5716 4143 3 2866 5177 2367 3 4710 5164 4588 3 5097 5364 4655 
3 3612 5646 4701 3 3025 5188 2502 3 3235 5378 5039 3 3400 5085 4240 3 2107 5453 4939 
3 4649 5464 2431 3 4921 5290 2969 3 1280 1281 1157 3 2148 5456 2640 3 2492 2713 2493 
3 3308 5752 3602 3 5170 5539 2429 3 5098 5201 2970 3 3113 5769 4878 3 5510 5613 5431 
3 5317 5649 3259 3 1071 5202 1236 3 1869 5044 1418 3 5088 5166 2886 3 1637 5752 4176 
3 1296 4995 1200 3 3062 5679 3021 3 4938 5531 3915 3 2669 3141 3139 3 4965 5239 2999 
3 4970 5075 4329 3 2381 5172 4560 3 77 4861 329 3 3328 5561 3701 3 2606 5376 3989 
3 4640 5195 2864 3 5753 5852 3314 3 3701 5630 5551 3 586 4988 1353 3 1077 4953 1617 
3 4742 5501 1976 3 61 5467 265 3 5130 5180 2656 3 3946 5429 2060 3 1763 5573 5325 
3 3899 5105 1331 3 5465 5733 719 3 2982 5129 2983 3 2508 5477 5377 3 4176 5752 4622 
3 3903 5535 3115 3 3384 3812 2580 3 3059 5135 3060 3 2833 5246 2837 3 3372 5328 3818 
3 3200 5748 4775 3 3841 5441 2021 3 3846 5437 5098 3 4997 5445 3465 3 2501 5077 2338 
3 654 5182 625 3 2402 3176 2290 3 840 5186 811 3 4681 5468 1839 3 2656 5180 2101 
3 2014 2492 2249 3 2035 5187 847 3 1281 5044 3125 3 5387 5399 2507 3 3049 5362 3265 
3 3695 5872 5473 3 1779 5201 2571 3 1700 5164 1083 3 1448 5081 560 3 5220 5285 4465 
3 4930 5247 3016 3 4177 5218 4603 3 2541 5190 1846 3 1094 5659 5240 3 3248 5610 3457 
3 463 5773 911 3 1355 5122 1151 3 1424 5105 1901 3 3646 5459 1973 3 3814 5656 1701 
3 4289 5208 4126 3 4770 5169 2429 3 1552 5443 60 3 2275 5612 2907 3 3201 5770 33 
3 2529 5414 2528 3 3364 5567 3218 3 4222 5844 3446 3 1312 5175 4899 3 4570 5204 4571 
3 3206 5728 3948 3 5225 5226 2581 3 1535 5111 1110 3 334 5009 943 3 2553 5094 4863 
3 4568 5620 110 3 33 5770 193 3 5016 5628 1159 3 2993 2994 1335 3 2469 5755 2686 
3 1708 4895 1709 3 4456 5833 491 3 2561 5148 4633 3 4174 5518 3177 3 3146 3195 2402 
3 5503 5855 3650 3 2398 2402 2290 3 3215 5793 2613 3 1816 4995 1296 3 4633 5148 5032 
3 3101 5312 3102 3 2391 5719 159 3 4443 5216 3302 3 4884 5637 4202 3 1120 5051 1123 
3 1297 5133 1249 3 943 4842 332 3 1933 5247 4930 3 5060 5496 3084 3 4352 5210 2840 
3 1315 5533 1904 3 2640 5504 3558 3 3850 5442 3851 3 2693 5832 2404 3 3958 5490 3839 
3 1909 5877 2890 3 3013 5213 3014 3 3807 5693 1874 3 1887 5533 1317 3 140 5157 139 
3 5368 5630 1903 3 3994 5444 3993 3 4879 5871 5820 3 560 5081 554 3 301 5254 3867 
3 4490 5373 2224 3 5235 5835 2512 3 1194 5058 1192 3 222 5206 221 3 4923 5623 4169 
3 2203 5572 4323 3 4588 5224 4587 3 1883 5111 1535 3 1569 4825 1954 3 4084 5813 4911 
3 932 5331 931 3 3139 5099 3690 3 2799 5215 4529 3 3009 5330 2572 3 3545 5598 3544 
3 4972 4988 588 3 5456 5504 2640 3 4217 5727 1135 3 3159 5153 2928 3 5047 5599 4538 
3 2029 5493 2348 3 2624 5502 5255 3 4644 5859 3495 3 4849 5840 1724 3 5239 5757 2999 
3 3230 5061 2576 3 2499 5475 2103 3 3253 5523 5448 3 3189 5364 3068 3 2882 5194 4657 
3 3006 5219 2375 3 1200 4995 2461 3 2032 5372 2671 3 1866 2289 1865 3 3497 5421 4358 
3 1873 5225 2581 3 2077 5516 4786 3 3811 5234 3351 3 1944 5021 1859 3 2158 5192 1912 
3 336 5282 5009 3 5136 5227 1476 3 5472 5473 3423 3 491 5833 467 3 2816 5251 4280 
3 1212 5072 1124 3 2658 5506 4335 3 1192 5058 3713 3 5213 5237 3014 3 2084 5233 2295 
3 1837 5204 2193 3 3510 5774 5337 3 3834 5349 3362 3 3109 5229 2847 3 1151 5122 4926 
3 2548 5892 80 3 4557 5700 4480 3 3906 5385 1713 3 1936 1937 480 3 2991 5189 4999 
3 1353 5203 584 3 1587 2420 1585 3 1543 5162 4706 3 900 5214 888 3 3590 5831 4854 
3 2431 5818 4631 3 2672 5403 3405 3 4733 5728 2541 3 3776 5584 3100 3 3491 5759 3490 
3 1065 5198 1003 3 3034 5269 4181 3 3628 5280 669 3 895 5392 4719 3 2903 5613 4742 
3 409 5640 5318 3 3579 5460 2921 3 2717 5295 4090 3 2278 5243 4712 3 5172 5761 4237 
3 5205 5627 2066 3 996 5198 4979 3 559 5626 4455 3 582 5191 576 3 495 5262 489 
3 3971 5184 1041 3 5615 5789 3742 3 3102 5312 4527 3 3174 5516 3476 3 4046 5863 2907 
3 230 5405 4859 3 3660 5856 4989 3 3805 5491 3088 3 1875 5786 4613 3 8 3471 116 
3 3772 5209 2962 3 4263 5665 2163 3 3351 5234 3353 3 2906 5571 2924 3 3463 5333 3130 
3 3014 5237 3282 3 2799 5253 5215 3 3140 5117 5116 3 3815 5421 2360 3 2581 5788 4448 
3 2997 5617 2995 3 2266 5862 569 3 554 5081 3815 3 2657 3506 3303 3 3867 5487 2288 
3 2908 5087 2200 3 1130 5175 1132 3 5338 5809 3128 3 2881 5466 4573 3 4803 5197 2812 
3 5233 5577 2295 3 199 5267 613 3 3344 5263 3626 3 5447 5697 4192 3 3408 5664 2263 
3 410 5257 407 3 11 5532 3081 3 1048 5222 1065 3 819 5196 822 3 3439 5733 3425 
3 3992 5821 3370 3 4358 5421 5081 3 3837 5477 2508 3 734 5211 1169 3 108 5261 4217 
3 1675 1866 1865 3 584 5203 582 3 4266 5602 3406 3 2747 5746 2248 3 4406 5462 3787 
3 2325 5236 2791 3 4518 5217 4517 3 17 4766 142 3 3483 5747 5137 3 2234 5539 2236 
3 4066 5287 2617 3 4846 5288 3039 3 2949 5169 4770 3 2166 5618 5517 3 1476 5227 4496 
3 3391 5640 3396 3 5210 5218 2840 3 3118 5337 4486 3 3043 5330 3991 3 1330 5531 4938 
3 4101 5258 4099 3 4441 5281 1348 3 3216 5240 3559 3 5312 5687 3561 3 4869 5639 1766 
3 3582 5521 4981 3 4162 5492 3222 3 5005 5354 3542 3 67 5278 2365 3 5214 5242 888 
3 5122 5475 4071 3 5408 5788 5226 3 4791 5163 1722 3 2670 5274 2049 3 950 5276 4076 
3 888 5242 851 3 2134 5238 2465 3 2339 5356 2797 3 1115 5221 1113 3 3239 5510 5431 
3 3217 5265 3517 3 3933 5722 3550 3 2427 5790 4179 3 5076 5097 1831 3 4603 5218 3466 
3 3045 5565 5228 3 4825 5026 1954 3 5083 5270 3587 3 3039 5146 4846 3 3412 5289 3413 
3 3040 5183 3244 3 1527 5220 4520 3 2902 5193 3035 3 2168 5049 1813 3 1003 5198 996 
3 4420 5797 4419 3 3018 5231 2894 3 3109 5304 5229 3 2924 5571 4848 3 1785 5536 5090 
3 2516 5249 2874 3 3172 5320 3173 3 1974 5275 1502 3 4448 5701 2581 3 2283 5603 4807 
3 3928 5400 3927 3 4611 5765 1852 3 4823 5338 3128 3 3438 5505 3436 3 2277 5260 234 
3 3506 5157 3303 3 3068 5364 5097 3 3124 5387 2507 3 1619 5542 5074 3 2277 5510 5260 
3 1866 2290 2289 3 1123 5051 2948 3 4217 5261 4945 3 811 5186 812 3 329 4861 932 
3 3247 5345 2707 3 5642 5854 3373 3 1527 5285 5220 3 3543 5837 19 3 5715 5716 4535 
3 5 5620 4568 3 319 5305 318 3 3911 5286 2706 3 5515 5823 3545 3 1018 5498 2173 
3 2482 5160 2074 3 1132 5175 1312 3 1866 5252 2398 3 1331 5105 1424 3 2062 2332 2326 
3 4207 5766 4202 3 5117 5503 3851 3 2292 5207 4738 3 2578 5212 4860 3 1617 4953 1935 
3 3189 5430 5364 3 5129 5463 3781 3 2473 5381 2058 3 4482 5253 2799 3 1533 5049 1869 
3 2289 5013 2511 3 3196 5595 3062 3 5376 5610 3248 3 5283 5710 4295 3 1722 5650 4805 
3 1813 5049 1533 3 2576 5061 4583 3 2557 5857 3235 3 2969 5290 3383 3 1241 5548 1101 
3 2507 5399 1072 3 3211 5250 3210 3 4602 5743 4152 3 4912 5466 2881 3 2348 5372 2030 
3 3966 5266 2405 3 3544 5831 3590 3 3283 5279 3286 3 3673 5891 2659 3 4891 5863 4047 
3 2414 5297 1977 3 597 5323 611 3 3894 5411 2696 3 5295 5842 2160 3 3046 5273 3232 
3 1579 5230 1577 3 418 5248 412 3 1348 5859 3848 3 1911 5496 5060 3 5410 5514 2269 
3 3070 5264 173 3 5287 5311 2617 3 5306 5440 3407 3 4841 5594 3012 3 5146 5616 1135 
3 2292 5332 5207 3 3120 5212 2578 3 4960 5348 2896 3 5104 5334 3263 3 2554 5452 4638 
3 4986 5356 3136 3 4987 5546 3317 3 4270 5870 2904 3 338 5282 336 3 2617 5311 2616 
3 3436 5609 3434 3 1154 5552 3836 3 4302 5641 5249 3 4712 5243 4164 3 1885 5319 5078 
3 1725 5742 3479 3 4554 5498 5186 3 2747 5550 3812 3 2461 5058 1198 3 4848 5571 1851 
3 3656 5318 4907 3 1240 5283 1379 3 5243 5369 4164 3 3047 5292 3048 3 1198 5058 1194 
3 4399 5558 3375 3 3135 5095 5062 3 3025 5481 5188 3 2604 5588 4932 3 5141 5583 3578 
3 890 5814 837 3 5098 5437 2359 3 3316 5302 5077 3 1418 5044 1281 3 3503 5277 1601 
3 2478 5320 5132 3 3789 5816 128 3 2598 2599 2473 3 4025 5651 2974 3 2711 5255 4054 
3 3701 5551 2646 3 3405 5840 4849 3 1738 5850 2662 3 3111 5304 3109 3 2512 5178 2327 
3 2107 5299 1705 3 839 5473 5472 3 256 5298 255 3 4748 5223 4747 3 3067 5291 3066 
3 5307 5471 2652 3 1954 5026 2334 3 3115 5535 134 3 3451 5414 2529 3 1110 5222 1048 
3 4337 5344 2349 3 2208 5678 5004 3 4907 5318 4758 3 2198 5087 2971 3 3045 5228 4989 
3 0 5597 328 3 2991 5313 5189 3 3829 5424 3227 3 2665 5271 3388 3 3406 5602 2674 
3 3433 5572 5497 3 3501 5297 4471 3 2017 5353 1835 3 5081 5421 3815 3 3568 5375 3567 
3 2437 5316 3336 3 5157 5817 139 3 5227 5300 4496 3 4867 5347 3261 3 3264 5745 3460 
3 1671 5120 1673 3 3564 5835 5235 3 5062 5593 1140 3 1935 5301 2609 3 621 5709 2396 
3 4206 5743 4602 3 3016 5247 3865 3 383 5325 379 3 5095 5605 5062 3 3989 5376 4916 
3 3478 5527 3127 3 933 4978 1888 3 4918 5564 3605 3 5564 5652 3500 3 3176 5013 2290 
3 1792 5739 5715 3 4858 5781 3258 3 4455 5294 1763 3 3731 5603 3733 3 1384 5221 1115 
3 5204 5548 4571 3 4252 5223 4748 3 3941 5427 3939 3 3330 5307 4472 3 323 5340 93 
3 1973 5232 4895 3 4747 5223 3240 3 1590 5386 3998 3 5024 5254 302 3 4805 5409 1596 
3 4443 5349 5216 3 5216 5349 3834 3 3111 5373 5304 3 1868 5322 2151 3 19 5837 2477 
3 3012 5651 4841 3 1920 5313 2991 3 3173 5163 4791 3 614 5738 5263 3 5223 5346 3240 
3 4527 5312 2649 3 2528 5414 4963 3 2603 5272 3165 3 5366 5367 144 3 5052 5488 3608 
3 2605 5335 4242 3 3339 5588 3965 3 4691 5767 5049 3 3321 5524 3320 3 2368 5326 1955 
3 4989 5228 3123 3 2200 5087 2198 3 1294 5844 4222 3 3272 5639 4869 3 1573 5106 1571 
3 325 5342 324 3 5226 5788 2581 3 2696 5314 4450 3 2488 5357 3071 3 4496 5300 1788 
3 2831 5246 2833 3 3571 5766 5100 3 1838 5556 4886 3 1157 4978 993 3 418 5384 5248 
3 3244 5695 4544 3 2171 5846 4019 3 1792 5715 4535 3 1932 5664 1933 3 3453 5402 3770 
3 2629 5440 5306 3 4638 5452 3956 3 4717 5275 1974 3 4480 5739 1792 3 4731 5825 3224 
3 3327 5851 3325 3 4417 5655 3386 3 5156 5873 2693 3 3424 5733 5485 3 2691 5370 2908 
3 4692 5556 1838 3 2399 5324 2000 3 1752 5836 3854 3 3899 5394 5105 3 2273 5310 2881 
3 5482 5787 3398 3 1755 5362 3786 3 4783 5285 1527 3 4388 5360 4389 3 3423 5685 3087 
3 632 5614 5127 3 3261 5347 3260 3 3232 5273 5196 3 3036 5241 5094 3 5221 5670 2817 
3 3356 5358 3354 3 2331 5200 2330 3 4477 5452 2554 3 859 5583 4437 3 2365 5762 5396 
3 2995 5617 5174 3 3207 5575 3208 3 3684 5239 4965 3 2327 5178 2329 3 5112 5888 3779 
3 3939 5476 3938 3 3904 5490 3958 3 582 5203 5191 3 4287 5619 5468 3 5197 5499 2812 
3 5292 5558 4399 3 3208 5575 3916 3 297 4835 2548 3 931 5331 992 3 2743 5779 59 
3 89 5674 953 3 2693 5873 5832 3 2069 5349 4443 3 612 5052 76 3 3303 5422 2335 
3 3255 5677 5608 3 2510 5347 4867 3 3498 5732 3497 3 845 5363 871 3 2982 5463 5129 
3 4631 5818 3129 3 5025 5549 3615 3 257 5480 1415 3 5111 5222 1110 3 2837 5754 3326 
3 832 5800 4774 3 4164 5369 1352 3 4628 5502 2624 3 4807 5603 3731 3 3146 5327 3195 
3 3374 5409 3202 3 4957 5278 3334 3 3681 5889 3680 3 5492 5512 3168 3 5175 5538 4900 
3 4627 5332 2292 3 3227 5373 3111 3 2144 5352 2143 3 3335 5764 3995 3 3307 5522 3869 
3 3302 5201 5098 3 5427 5476 3939 3 145 5366 144 3 5390 5519 3472 3 18 5371 149 
3 4190 5341 3236 3 1923 5336 1922 3 1571 5106 4825 3 142 4766 2610 3 3497 5732 5421 
3 4420 5520 3299 3 4506 5338 4823 3 628 5359 1375 3 5369 5415 1352 3 2522 5529 5343 
3 2440 5321 2441 3 5080 5724 454 3 3477 5525 4704 3 3812 5350 2580 3 5026 5772 3678 
3 3315 5794 3403 3 3061 5599 5047 3 3647 5550 3646 3 3489 5351 3491 3 5224 5378 4804 
3 3445 5395 3446 3 3100 5394 3899 3 4019 5846 4018 3 4021 5461 5285 3 3690 5503 3140 
3 3524 5557 4897 3 2365 5396 279 3 5096 5315 3224 3 4793 5682 1565 3 3495 5859 5281 
3 4004 5448 5382 3 4287 5468 4681 3 4882 5781 2859 3 3587 5882 5083 3 4369 5365 2805 
3 122 5390 121 3 5056 5518 4174 3 3816 5871 1507 3 3951 5777 1313 3 2400 5393 1754 
3 5505 5609 3436 3 3119 5374 4425 3 3205 5803 4521 3 4335 5691 2658 3 5708 5734 3427 
3 3190 5398 3329 3 3641 5339 2891 3 4052 5706 950 3 4814 5638 3637 3 5074 5542 4134 
3 3370 5821 2694 3 2572 5330 3043 3 3519 5348 4960 3 2787 5456 2148 3 2581 5701 2579 
3 2021 5441 4466 3 3381 5435 3783 3 870 5355 800 3 2878 3635 2877 3 5044 5646 3125 
3 1580 5106 1573 3 3 5288 3257 3 71 5838 4977 3 3638 5684 5051 3 3130 5333 4566 
3 2629 5306 4847 3 5083 5882 2878 3 1903 5538 1128 3 3141 5099 3139 3 366 5382 362 
3 4219 5546 3586 3 265 5467 1552 3 2290 5013 2289 3 2475 5268 5237 3 1502 5275 274 
3 3041 5380 2827 3 2329 5178 2825 3 5652 5661 3274 3 676 5388 686 3 2599 2878 2877 
3 3461 5845 5176 3 2639 5120 1671 3 3240 5346 3241 3 3119 5413 5374 3 231 5405 230 
3 943 5717 4842 3 5045 5259 3188 3 4242 5884 2978 3 3740 5765 3741 3 5608 5791 3255 
3 2707 5345 2974 3 1673 5120 1926 3 3917 5841 3645 3 5486 5518 2664 3 1606 5165 1587 
3 1235 5419 1070 3 4946 5878 3711 3 3126 5566 3478 3 5132 5320 3172 3 4075 5434 2652 
3 2378 5517 4996 3 4642 5507 2387 3 5419 5449 1070 3 3897 5857 2687 3 4786 5516 5470 
3 5121 5199 2975 3 4637 5601 2385 3 3045 5856 2750 3 3644 5410 3107 3 3822 5288 4846 
3 3297 5417 4685 3 3087 5459 4831 3 420 5384 418 3 3946 5768 5429 3 5364 5430 1836 
3 5377 5477 3331 3 5039 5378 2142 3 2350 5375 4576 3 1724 5840 3881 3 3833 5585 1309 
3 4781 5721 1774 3 1144 5397 1061 3 3956 5452 3957 3 269 5412 268 3 4701 5646 5044 
3 1135 5616 106 3 3296 5417 3297 3 5113 5305 319 3 3224 5569 4731 3 3024 5665 5089 
3 2696 5411 5314 3 3210 5250 5219 3 4834 5319 1885 3 2166 5517 2024 3 5078 5319 4055 
3 3709 5676 3404 3 4396 5302 1207 3 2387 5507 4985 3 1988 5850 1738 3 3385 5413 3119 
3 5004 5678 3727 3 4483 5402 905 3 3652 5809 5338 3 4765 5605 3064 3 3794 5607 5256 
3 4535 5716 1144 3 3274 5661 3640 3 5183 5695 3244 3 3734 5869 5810 3 4919 5317 2955 
3 2405 5451 1651 3 4655 5364 1836 3 3238 5428 3094 3 3967 5549 2048 3 4658 5383 1875 
3 2580 5165 1606 3 4859 5405 3266 3 3224 5825 3223 3 2599 2877 2473 3 4734 5599 3061 
3 2984 5537 4691 3 4070 5404 1906 3 1070 5449 1042 3 3323 5784 5396 3 2067 5645 3911 
3 5717 5853 3575 3 4941 5296 3238 3 1585 5230 1579 3 4879 5820 4610 3 4811 5651 3012 
3 3165 5308 4901 3 4327 5436 3985 3 4818 5712 5061 3 1352 5415 4582 3 4077 5520 4079 
3 5176 5845 2293 3 5810 5869 2892 3 5249 5641 2874 3 3443 5726 4718 3 4071 5879 4070 
3 5612 5834 4046 3 5302 5391 1207 3 2326 5235 2512 3 4920 5762 4958 3 3389 5805 4216 
3 3889 5631 2869 3 5267 5692 2242 3 4000 5448 4004 3 2030 5372 2032 3 5392 5702 4719 
3 1892 5315 5096 3 3493 5327 3146 3 3537 5495 5440 3 5006 5884 3169 3 5170 5532 5289 
3 3836 5428 2116 3 4301 5641 4302 3 4337 5777 5344 3 1839 5400 4626 3 4758 5318 3390 
3 4981 5521 984 3 3818 5864 3371 3 4943 5293 3048 3 4650 5750 1951 3 905 5402 5168 
3 4841 5651 4025 3 1207 5391 1204 3 2066 5627 3376 3 3356 5822 5358 3 1971 5317 4919 
3 1562 5476 5427 3 4845 5370 2691 3 4169 5623 3161 3 5094 5241 4863 3 5190 5728 3206 
3 5139 5707 3187 3 3268 5777 3951 3 3120 5392 5212 3 3869 5522 287 3 167 5454 166 
3 59 5779 260 3 3995 5416 3230 3 2224 5424 4511 3 5256 5759 3491 3 2471 5483 2347 
3 2904 5870 5193 3 4863 5241 3183 3 1562 5427 4498 3 5581 5793 3215 3 4901 5308 3160 
3 1631 5478 1628 3 2560 5462 3209 3 340 5432 599 3 5308 5627 3160 3 3355 5401 3358 
3 3691 5509 1497 3 2896 5348 3821 3 4531 5482 3400 3 3222 5470 3174 3 3922 5581 1655 
3 3222 5492 5470 3 3444 5481 3025 3 2396 5709 5284 3 1619 5453 1620 3 4591 5420 2634 
3 5325 5573 4064 3 4687 5713 3367 3 5225 5407 5226 3 3332 5502 3333 3 2359 5437 2387 
3 5255 5502 3332 3 3250 5484 3249 3 2628 5450 2254 3 3122 5445 4495 3 4062 5500 4063 
3 5320 5379 3173 3 1910 5309 4993 3 5654 5880 3529 3 3071 5591 3658 3 3100 5584 5394 
3 4466 5441 3028 3 2877 5381 2473 3 66 5784 65 3 3331 5477 3196 3 3301 5681 3963 
3 4704 5525 4951 3 3592 5447 4533 3 4362 5655 4243 3 3934 5722 3933 3 3832 5632 3278 
3 3281 5739 5700 3 3529 5880 3530 3 3418 5782 3870 3 3159 5367 5366 3 3484 5626 3563 
3 1856 5471 2269 3 2974 5651 4811 3 1721 5606 2675 3 3565 5673 5328 3 2727 5886 3744 
3 4243 5655 4417 3 1852 5789 4744 3 3532 5714 3997 3 1587 5165 2420 3 1740 5455 2077 
3 2511 5083 5002 3 2313 5425 2037 3 4772 5874 3075 3 3741 5871 3816 3 2214 5500 4777 
3 1565 5682 5142 3 3575 5853 3670 3 5395 5426 3446 3 3441 5686 4326 3 1926 5252 1675 
3 4762 5724 5080 3 4989 5856 3045 3 3670 5853 5009 3 4951 5525 2383 3 4179 5790 4581 
3 3259 5649 3258 3 3385 5504 5456 3 3229 5541 5300 3 3085 5496 3426 3 133 5535 3903 
3 2663 5543 2664 3 2048 5549 4054 3 5184 5870 4270 3 5186 5498 812 3 2852 5464 4649 
3 2822 5493 2029 3 5291 5790 2427 3 3386 5504 3385 3 5259 5828 3188 3 278 5784 66 
3 3075 5874 4777 3 3962 5494 2596 3 4967 5813 4084 3 5137 5747 2992 3 5328 5673 5329 
3 1655 5581 5563 3 5077 5302 4396 3 3136 5624 4044 3 4465 5461 2612 3 3500 5652 3274 
3 5168 5402 3453 3 3792 5607 3794 3 4897 5557 2361 3 1677 5674 89 3 1889 5864 5768 
3 1655 5563 903 3 3386 5655 5046 3 4210 5505 1772 3 5576 5660 1199 3 5143 5524 3321 
3 3554 5580 3555 3 4916 5376 3083 3 2404 5832 2860 3 3220 5717 3575 3 2869 5631 4813 
3 2220 5555 5530 3 3035 5431 2903 3 3407 5495 2372 3 5430 5570 4325 3 4573 5466 1537 
3 5421 5732 2360 3 3848 5859 4644 3 1976 5501 4381 3 5450 5528 2254 3 4283 5514 4284 
3 4556 5476 1562 3 90 5145 2993 3 5274 5792 2703 3 5375 5829 3567 3 5272 5562 3165 
3 5820 5871 3741 3 3742 5789 3740 3 4365 5536 1785 3 3003 5690 4906 3 5507 5547 4523 
3 2220 5530 4367 3 3047 5558 5292 3 65 5784 3323 3 2671 5403 2672 3 4146 5715 3430 
3 5042 5799 3708 3 4336 5555 2220 3 1618 5416 3774 3 2630 5440 2629 3 3836 5552 5428 
3 3310 5786 3309 3 2394 5513 2723 3 23 5847 170 3 186 5489 2659 3 4844 5356 2339 
3 1744 5599 4734 3 4949 5594 4841 3 91 5145 90 3 3033 5735 3032 3 984 5521 450 
3 4612 5451 3693 3 5237 5268 3282 3 1836 5430 4780 3 3913 5692 3318 3 5251 5819 2622 
3 4224 5824 1793 3 1449 5770 5265 3 4537 5822 1636 3 3727 5678 3725 3 3567 5829 4927 
3 3213 5694 3347 3 2103 5475 1848 3 5072 5368 1903 3 4521 5803 2924 3 5428 5552 3094 
3 1675 5252 1866 3 919 5659 925 3 4767 5446 3380 3 3367 5881 3366 3 2972 5544 2973 
3 3643 5729 3644 3 2420 5230 1585 3 1659 5444 1685 3 2921 5460 3364 3 2350 5829 5375 
3 3340 5628 2934 3 2254 5528 1907 3 3235 5857 5596 3 2971 5506 3678 3 1034 5769 4237 
3 1135 5727 5209 3 5402 5824 3770 3 2812 5499 4424 3 4538 5599 1744 3 1991 5720 5010 
3 1458 5825 4731 3 1908 5713 4687 3 674 5508 1079 3 4582 5497 4312 3 3925 5745 3264 
3 3168 5512 3166 3 3176 5407 5225 3 2526 5529 2523 3 2396 5354 4972 3 4730 5377 2741 
3 4336 5622 5555 3 3098 5601 4637 3 2506 5671 2551 3 1951 5696 4828 3 1196 5576 1199 
3 4837 5670 5221 3 1130 5538 5175 3 1888 5052 612 3 4202 5766 4884 3 139 5817 138 
3 294 5469 4647 3 2114 5610 2606 3 5381 5808 3496 3 3444 5844 5481 3 2014 5385 2492 
3 4996 5517 3589 3 2666 5596 3897 3 4963 5414 3180 3 3273 5586 4920 3 3770 5824 4224 
3 1496 5531 1330 3 2123 5540 2081 3 2335 5422 3234 3 2113 5578 3805 3 264 5574 263 
3 2255 5619 4287 3 4291 5608 5093 3 3366 5881 3705 3 4245 5579 4246 3 1786 5704 4541 
3 2645 5809 3652 3 3312 5368 5072 3 3578 5583 3576 3 4988 5354 5005 3 5051 5684 2948 
3 3101 5687 5312 3 4928 5392 895 3 4191 5697 2824 3 3064 5605 5095 3 5007 5594 1202 
3 4523 5547 4522 3 2657 5691 3506 3 1743 5621 242 3 1636 5822 4750 3 3200 5734 4784 
3 4451 5635 897 3 1506 5542 1504 3 2745 5636 4310 3 3424 5485 5160 3 3116 5647 5107 
3 4401 5753 5556 3 2187 5657 2795 3 4143 5716 4146 3 3645 5783 3643 3 5517 5618 3589 
3 3694 5639 3272 3 5558 5860 3375 3 29 5891 2241 3 3185 5749 4772 3 5318 5640 3390 
3 4483 5824 5402 3 1199 5660 1295 3 3476 5648 2681 3 4404 5557 3524 3 5657 5672 2795 
3 4856 5811 1500 3 2922 5511 4914 3 2332 5235 2326 3 5142 5682 4994 3 742 5625 744 
3 2452 5883 2727 3 2386 5683 4256 3 3280 5730 3538 3 3740 5789 5765 3 3586 5546 4987 
3 5684 5764 3335 3 5672 5699 3267 3 1766 5639 4801 3 1794 5523 4577 3 4185 5810 2892 
3 2429 5539 2234 3 1317 5533 1315 3 1375 5359 5126 3 3440 5686 3441 3 4146 5716 5715 
3 5126 5359 3633 3 5466 5642 1537 3 2890 5877 3642 3 2415 5774 2953 3 2402 5407 3176 
3 4084 5890 4083 3 5666 5751 3573 3 5015 5806 2420 3 2223 5560 2171 3 2858 5457 2558 
3 5415 5497 4582 3 4935 5652 1456 3 4401 5556 4692 3 2795 5672 3267 3 357 5738 359 
3 5209 5727 3429 3 2923 5682 4793 3 2242 5692 5029 3 2381 5761 5172 3 1823 5666 4238 
3 3507 5763 5147 3 3195 5407 2402 3 2686 5622 4336 3 4045 5834 3760 3 5511 5680 3322 
3 4952 5443 1552 3 659 5843 641 3 425 5592 422 3 4210 5609 5505 3 1683 5740 355 
3 5509 5544 3233 3 153 5668 152 3 2295 5577 4515 3 3442 5572 3433 3 3483 5669 3484 
3 24 5847 23 3 3487 5590 4565 3 4581 5790 3067 3 3602 5720 3788 3 3581 5587 2586 
3 812 5498 1018 3 7 5568 1892 3 3169 5884 5335 3 1713 5385 2014 3 3267 5699 3763 
3 5329 5673 2332 3 5866 5869 4752 3 3254 5589 2450 3 4678 5670 3234 3 3463 5688 4896 
3 3853 5801 1683 3 4448 5788 3622 3 630 5614 632 3 5106 5772 4825 3 4047 5863 4046 
3 5436 5814 890 3 3432 5643 2713 3 5445 5811 4495 3 3233 5474 3040 3 3531 5714 3532 
3 614 5609 4210 3 896 5458 4335 3 3218 5567 3220 3 3379 5798 3377 3 3417 5748 3200 
3 5015 5350 3647 3 860 5814 4327 3 3450 5666 3573 3 105 5559 2 3 1963 5711 5313 
3 1683 5801 5740 3 5345 5633 4026 3 4350 5751 1823 3 1500 5445 4997 3 1101 5548 1255 
3 286 5522 3307 3 4130 5710 4135 3 3613 5537 3611 3 4152 5743 5043 3 4525 5570 3189 
3 3094 5552 4606 3 4326 5686 1387 3 4972 5354 4988 3 5107 5647 2461 3 3764 5465 57 
3 2953 5774 4552 3 4931 5795 4703 3 1500 5811 5445 3 5768 5864 3818 3 4284 5704 4285 
3 251 5654 250 3 2824 5756 4185 3 3476 5516 5455 3 2769 5705 4244 3 2817 5670 4678 
3 5013 5270 2511 3 5285 5461 4465 3 2317 5813 4293 3 3643 5783 5729 3 5083 5653 5002 
3 1924 5644 4444 3 4219 5776 1910 3 1823 5751 5666 3 5160 5485 2743 3 2580 5350 5165 
3 3606 5830 3607 3 5080 5760 3773 3 170 5726 169 3 3173 5379 5163 3 1202 5594 4949 
3 3320 5588 2604 3 2142 5378 5224 3 3395 5893 3771 3 2876 5612 2275 3 4464 5687 3101 
3 4971 5467 2736 3 4925 5690 3003 3 2232 5730 5700 3 4234 5761 4235 3 2477 5837 3255 
3 3749 5807 3750 3 3585 5776 3586 3 1309 5585 5059 3 4172 5869 5866 3 3787 5698 1915 
3 116 5568 7 3 1253 5565 5202 3 4954 5701 4448 3 4703 5795 5068 3 2024 5517 2378 
3 5162 5575 3207 3 740 5707 1453 3 3086 5472 3423 3 2878 5653 5083 3 4914 5511 3322 
3 4193 5731 4192 3 4813 5631 3562 3 4953 5301 1935 3 3021 5679 3019 3 4205 5743 4206 
3 3811 5683 5234 3 1702 5799 1510 3 4693 5558 3047 3 4774 5800 3397 3 4172 5866 4173 
3 4920 5586 1141 3 4083 5629 5037 3 3480 5571 2906 3 3430 5739 3281 3 3607 5830 5750 
3 4577 5634 1099 3 2176 5737 2535 3 4444 5758 1930 3 1313 5777 4337 3 1874 5693 5408 
3 3447 5861 3449 3 1229 5662 3525 3 377 5741 374 3 1634 5658 1638 3 2626 5854 4043 
3 2765 5802 2763 3 2892 5869 4172 3 4784 5708 2158 3 2510 5703 5347 3 4959 5591 3071 
3 4274 5827 4273 3 3257 5559 105 3 5389 5422 3303 3 2752 5611 3696 3 912 5744 946 
3 3495 5747 2739 3 3551 5656 3552 3 4801 5639 3694 3 5488 5582 3612 3 5360 5486 4389 
3 2060 5429 2062 3 1971 5649 5317 3 3323 5762 4920 3 159 5719 158 3 700 5878 4307 
3 5473 5872 3099 3 5058 5647 3713 3 3446 5844 3444 3 4896 5463 2982 3 2131 5703 2510 
3 4043 5854 5642 3 5715 5739 3430 3 1079 5632 5182 3 1128 5538 1130 3 3088 5491 5003 
3 4967 5892 2548 3 1556 5689 1566 3 5068 5735 3033 3 2926 5894 5721 3 3390 5640 3391 
3 3645 5841 5783 3 5367 5545 3117 3 447 5760 428 3 1850 5771 1542 3 3471 5568 116 
3 3337 5675 3338 3 5174 5617 1677 3 5294 5573 1763 3 3114 5763 2889 3 5315 5568 3471 
3 5043 5743 4205 3 4493 5852 2201 3 5246 5754 2837 3 5448 5523 1794 3 2009 5826 2010 
3 4882 5671 2506 3 2062 5429 2332 3 1537 5642 4382 3 2606 5610 5376 3 1850 5845 5771 
3 5523 5634 4577 3 2511 5270 5083 3 5696 5780 3324 3 3923 5665 3024 3 2674 5602 3458 
3 3221 5756 3592 3 3106 5742 3442 3 2241 5891 5865 3 5328 5329 3818 3 3586 5776 4219 
3 4552 5774 3510 3 5234 5683 2386 3 2853 5797 2597 3 4525 5718 5570 3 3734 5810 3221 
3 3526 5617 2997 3 5582 5646 3612 3 4985 5507 4523 3 4840 5772 5106 3 4814 5809 2645 
3 5756 5810 4185 3 2638 5885 2637 3 4777 5874 4551 3 3221 5810 5756 3 2293 5845 1850 
3 1904 5723 5133 3 1899 5638 2096 3 2930 5561 2166 3 1140 5593 4737 3 684 5775 2232 
3 2687 5857 2557 3 5002 5479 2307 3 837 5814 860 3 3374 5735 5068 3 2332 5673 5235 
3 2874 5641 4768 3 5240 5659 3559 3 4622 5752 3308 3 1973 5459 5232 3 1497 5509 3233 
3 2858 5629 5457 3 5303 5726 3443 3 3592 5756 5697 3 2232 5700 4557 3 2461 5647 5058 
3 5584 5675 3337 3 3279 5718 4525 3 4438 5724 4762 3 3043 5519 5159 3 3255 5791 4466 
3 5087 5889 3681 3 6 5620 5 3 328 5597 4730 3 5644 5758 4444 3 3652 5702 3120 
3 1793 5824 4483 3 3429 5727 4945 3 3279 5812 5718 3 5729 5783 1371 3 4541 5729 1371 
3 2601 5815 2829 3 2201 5753 4401 3 1889 5768 3946 3 5697 5756 2824 3 4994 5682 2923 
3 3220 5796 5717 3 4850 5694 3213 3 950 5706 5276 3 911 5866 4752 3 4495 5811 3276 
3 3462 5778 5053 3 2613 5793 2615 3 3481 5829 2350 3 2999 5757 3526 3 5193 5870 3972 
3 4927 5829 3481 3 4772 5749 1360 3 4857 5623 1782 3 2664 5518 5056 3 3125 5582 4978 
3 5346 5553 3241 3 1453 5707 5139 3 4216 5805 3719 3 3427 5734 4775 3 3760 5875 4902 
3 4740 5839 1458 3 2766 5637 4884 3 3120 5702 5392 3 2659 5891 29 3 5263 5738 3626 
3 3090 5605 4765 3 2263 5664 1932 3 3318 5692 5267 3 3457 5792 3271 3 2241 5694 4850 
3 4867 5586 3273 3 2926 5721 4781 3 5409 5795 1596 3 1371 5783 4545 3 2393 5690 4925 
3 3258 5649 4858 3 3459 5812 3279 3 5002 5653 3158 3 3376 5671 4882 3 193 5770 1449 
3 4832 5759 2188 3 3322 5680 3651 3 4844 5624 5356 3 3384 5701 4954 3 5010 5720 3602 
3 5865 5891 3673 3 3086 5643 5472 3 3276 5811 4856 3 4978 5582 1888 3 4744 5615 832 
3 4752 5869 3734 3 465 5773 463 3 3194 5624 4844 3 3363 5711 5012 3 4750 5822 3356 
3 2908 5889 5087 3 2948 5684 3335 3 5883 5886 2727 3 4884 5766 3571 3 5335 5884 4242 
3 3425 5733 3424 3 3324 5780 3536 3 1240 5710 5283 3 5443 5574 264 3 2579 5701 3384 
3 5344 5406 2349 3 3678 5772 4840 3 5244 5418 3514 3 5029 5692 3913 3 2201 5852 5753 
3 5079 5825 1458 3 569 5862 565 3 4054 5549 5025 3 4945 5727 4217 3 666 5709 621 
3 2499 5879 5475 3 3387 5754 5246 3 4545 5841 1923 3 5432 5433 599 3 465 5833 5773 
3 3330 5471 5307 3 5159 5519 2202 3 4828 5696 3324 3 3629 5422 5389 3 2662 5850 5680 
3 3189 5570 5430 3 1456 5564 4918 3 2599 5653 2878 3 3247 5633 5345 3 5783 5841 4545 
3 467 5833 465 3 169 5726 5303 3 3615 5842 3614 3 5413 5456 2787 3 3527 5712 4818 
3 3346 5433 5432 3 5486 5543 4389 3 5053 5778 2654 3 2360 5732 3888 3 3471 5569 5315 
3 3536 5873 3537 3 3821 5754 3387 3 3234 5670 4837 3 5035 5676 3352 3 3032 5735 5101 
3 5239 5723 5435 3 3334 5849 3463 3 5334 5489 3263 3 5300 5541 1788 3 5037 5629 2858 
3 5301 5545 2609 3 4667 5894 2926 3 4718 5847 24 3 4610 5820 4611 3 2859 5781 4858 
3 5230 5806 3665 3 3325 5851 3428 3 2713 5643 3086 3 5834 5875 3760 3 4606 5875 2876 
3 3506 5691 5458 3 5114 5805 3389 3 3490 5759 4832 3 5442 5479 3402 3 5093 5608 2391 
3 1596 5795 4931 3 5356 5624 3136 3 5281 5859 1348 3 3573 5751 4940 3 5440 5495 3407 
3 3335 5681 3301 3 2876 5875 5834 3 4994 5803 3205 3 5046 5655 4362 3 4775 5748 1415 
3 3328 5618 5561 3 5832 5873 3536 3 2694 5821 3408 3 3040 5474 5183 3 3317 5794 3315 
3 1543 5575 5162 3 5704 5876 4541 3 3659 5890 4911 3 5315 5569 3224 3 4858 5649 1971 
3 5182 5632 3832 3 3432 5816 5643 3 2658 5691 2657 3 5470 5516 3174 3 2659 5489 5334 
3 68 5838 5244 3 3478 5887 5527 3 1507 5871 4879 3 3635 5808 2877 3 4971 5893 3395 
3 5294 5626 3484 3 3039 5616 5146 3 3607 5750 4650 3 3178 5486 5360 3 5488 5867 3608 
3 4693 5860 5558 3 1926 5515 5252 3 5403 5840 3405 3 2838 5807 5156 3 2368 5731 5326 
3 3972 5870 5184 3 5061 5712 2822 3 3684 5723 5239 3 1944 5566 5021 3 3385 5456 5413 
3 5339 5601 3098 3 4889 5526 3456 3 2907 5863 4891 3 1888 5488 5052 3 5398 5868 3329 
3 5343 5529 3932 3 2673 5860 4693 3 5009 5853 943 3 1144 5554 5397 3 3644 5514 5410 
3 4854 5831 2639 3 3099 5872 4789 3 5079 5839 3511 3 5284 5709 3625 3 3329 5893 4971 
3 5289 5532 1952 3 1774 5782 4826 3 4977 5838 68 3 3128 5809 4814 3 5313 5711 3363 
3 3384 5746 3812 3 3371 5864 5021 3 5163 5650 1722 3 1892 5568 5315 3 3881 5840 5403 
3 5101 5735 3374 3 5202 5565 3231 3 4784 5734 5708 3 4825 5772 5026 3 1926 5823 5515 
3 3165 5562 5308 3 5228 5663 3123 3 5147 5763 3114 3 5021 5864 1889 3 4284 5876 5704 
3 77 5787 4861 3 3158 5653 2599 3 4070 5879 5438 3 4455 5626 5294 3 4911 5890 4084 
3 3223 5825 5079 3 5133 5723 3684 3 1360 5749 5150 3 5455 5516 2077 3 2639 5598 5120 
3 2541 5728 5190 3 2158 5708 5192 3 3641 5601 5339 3 2664 5543 5486 3 5472 5643 3789 
3 5178 5604 2825 3 3799 5819 5251 3 5205 5888 3077 3 5622 5722 3934 3 5579 5713 1908 
3 3312 5551 5368 3 2188 5759 5256 3 3309 5786 5383 3 3342 5613 5510 3 5049 5767 1869 
3 3614 5842 5295 3 5677 5837 3543 3 3690 5855 5503 3 5431 5613 2903 3 3257 5667 5559 
3 1888 5582 5488 3 5232 5685 2916 3 5527 5887 3512 3 3463 5849 5688 3 3229 5648 5541 
3 5446 5674 1677 3 5541 5648 3476 3 5705 5881 3367 3 3077 5888 5112 3 3271 5792 5274 
3 5435 5723 1904 3 5619 5745 3925 3 1458 5839 5079 3 5458 5691 4335 3 3067 5790 5291 
3 3545 5823 5598 3 4896 5688 5463 3 4767 5674 5446 3 2878 5882 3635 3 3592 5697 5447 
3 5643 5816 3789 3 2639 5831 5598 3 5383 5786 1875 3 5329 5768 3818 3 5120 5823 1926 
3 3125 5646 5582 3 5561 5618 2166 3 5396 5762 3323 3 3193 5880 5654 3 2093 5796 5567 
3 5608 5677 2391 3 5244 5838 3307 3 3347 5865 5380 3 5278 5849 3334 3 5380 5865 3673 
3 4541 5876 5729 3 5729 5876 3644 3 3922 5793 5581 3 5514 5876 4284 3 5348 5858 3821 
3 4327 5814 5436 3 5475 5879 4071 3 5487 5858 2288 3 4245 5713 5579 3 3644 5876 5514 
3 2420 5806 5230 3 3255 5837 5677 3 5438 5879 2499 3 5458 5817 3506 3 2686 5722 5622 
3 3642 5877 5611 3 2860 5832 5780 3 5567 5796 3220 3 2255 5745 5619 3 2241 5865 5694 
3 5598 5831 3544 3 5598 5823 5120 3 5804 5808 3635 3 5868 5893 3329 3 3771 5893 5868 
3 4291 5791 5608 3 2877 5808 5381 3 5560 5846 2171 3 5559 5667 1 3 2232 5775 5730 
3 2876 5834 5612 3 5730 5775 3538 3 5694 5865 3347 3 5611 5877 3696 3 3744 5886 5800 
3 5596 5857 3897 3 5680 5850 3651 3 4611 5820 5765 3 3496 5808 5804 3 5780 5832 3536 
3 5688 5849 1158 3 5765 5820 3741 3 2769 5881 5705 3 3612 5867 5488 3 5800 5886 3397 

CELL_TYPES 11460
5
5
5
5
5
5
5
5
5
5
5
5
5
5
5
5
5
5
5
5
5
5
5
5
5
5
5
5
5
5
5
5
5
5
5
5
5
5
5
5
5
5
5
5
5
5
5
5
5
5
5
5
5
5
5
5
5
5
5
5
5
5
5
5
5
5
5
5
5
5
5
5
5
5
5
5
5
5
5
5
5
5
5
5
5
5
5
5
5
5
5
5
5
5
5
5
5
5
5
5
5
5
5
5
5
5
5
5
5
5
5
5
5
5
5
5
5
5
5
5
5
5
5
5
5
5
5
5
5
5
5
5
5
5
5
5
5
5
5
5
5
5
5
5
5
5
5
5
5
5
5
5
5
5
5
5
5
5
5
5
5
5
5
5
5
5
5
5
5
5
5
5
5
5
5
5
5
5
5
5
5
5
5
5
5
5
5
5
5
5
5
5
5
5
5
5
5
5
5
5
5
5
5
5
5
5
5
5
5
5
5
5
5
5
5
5
5
5
5
5
5
5
5
5
5
5
5
5
5
5
5
5
5
5
5
5
5
5
5
5
5
5
5
5
5
5
5
5
5
5
5
5
5
5
5
5
5
5
5
5
5
5
5
5
5
5
5
5
5
5
5
5
5
5
5
5
5
5
5
5
5
5
5
5
5
5
5
5
5
5
5
5
5
5
5
5
5
5
5
5
5
5
5
5
5
5
5
5
5
5
5
5
5
5
5
5
5
5
5
5
5
5
5
5
5
5
5
5
5
5
5
5
5
5
5
5
5
5
5
5
5
5
5
5
5
5
5
5
5
5
5
5
5
5
5
5
5
5
5
5
5
5
5
5
5
5
5
5
5
5
5
5
5
5
5
5
5
5
5
5
5
5
5
5
5
5
5
5
5
5
5
5
5
5
5
5
5
5
5
5
5
5
5
5
5
5
5
5
5
5
5
5
5
5
5
5
5
5
5
5
5
5
5
5
5
5
5
5
5
5
5
5
5
5
5
5
5
5
5
5
5
5
5
5
5
5
5
5
5
5
5
5
5
5
5
5
5
5
5
5
5
5
5
5
5
5
5
5
5
5
5
5
5
5
5
5
5
5
5
5
5
5
5
5
5
5
5
5
5
5
5
5
5
5
5
5
5
5
5
5
5
5
5
5
5
5
5
5
5
5
5
5
5
5
5
5
5
5
5
5
5
5
5
5
5
5
5
5
5
5
5
5
5
5
5
5
5
5
5
5
5
5
5
5
5
5
5
5
5
5
5
5
5
5
5
5
5
5
5
5
5
5
5
5
5
5
5
5
5
5
5
5
5
5
5
5
5
5
5
5
5
5
5
5
5
5
5
5
5
5
5
5
5
5
5
5
5
5
5
5
5
5
5
5
5
5
5
5
5
5
5
5
5
5
5
5
5
5
5
5
5
5
5
5
5
5
5
5
5
5
5
5
5
5
5
5
5
5
5
5
5
5
5
5
5
5
5
5
5
5
5
5
5
5
5
5
5
5
5
5
5
5
5
5
5
5
5
5
5
5
5
5
5
5
5
5
5
5
5
5
5
5
5
5
5
5
5
5
5
5
5
5
5
5
5
5
5
5
5
5
5
5
5
5
5
5
5
5
5
5
5
5
5
5
5
5
5
5
5
5
5
5
5
5
5
5
5
5
5
5
5
5
5
5
5
5
5
5
5
5
5
5
5
5
5
5
5
5
5
5
5
5
5
5
5
5
5
5
5
5
5
5
5
5
5
5
5
5
5
5
5
5
5
5
5
5
5
5
5
5
5
5
5
5
5
5
5
5
5
5
5
5
5
5
5
5
5
5
5
5
5
5
5
5
5
5
5
5
5
5
5
5
5
5
5
5
5
5
5
5
5
5
5
5
5
5
5
5
5
5
5
5
5
5
5
5
5
5
5
5
5
5
5
5
5
5
5
5
5
5
5
5
5
5
5
5
5
5
5
5
5
5
5
5
5
5
5
5
5
5
5
5
5
5
5
5
5
5
5
5
5
5
5
5
5
5
5
5
5
5
5
5
5
5
5
5
5
5
5
5
5
5
5
5
5
5
5
5
5
5
5
5
5
5
5
5
5
5
5
5
5
5
5
5
5
5
5
5
5
5
5
5
5
5
5
5
5
5
5
5
5
5
5
5
5
5
5
5
5
5
5
5
5
5
5
5
5
5
5
5
5
5
5
5
5
5
5
5
5
5
5
5
5
5
5
5
5
5
5
5
5
5
5
5
5
5
5
5
5
5
5
5
5
5
5
5
5
5
5
5
5
5
5
5
5
5
5
5
5
5
5
5
5
5
5
5
5
5
5
5
5
5
5
5
5
5
5
5
5
5
5
5
5
5
5
5
5
5
5
5
5
5
5
5
5
5
5
5
5
5
5
5
5
5
5
5
5
5
5
5
5
5
5
5
5
5
5
5
5
5
5
5
5
5
5
5
5
5
5
5
5
5
5
5
5
5
5
5
5
5
5
5
5
5
5
5
5
5
5
5
5
5
5
5
5
5
5
5
5
5
5
5
5
5
5
5
5
5
5
5
5
5
5
5
5
5
5
5
5
5
5
5
5
5
5
5
5
5
5
5
5
5
5
5
5
5
5
5
5
5
5
5
5
5
5
5
5
5
5
5
5
5
5
5
5
5
5
5
5
5
5
5
5
5
5
5
5
5
5
5
5
5
5
5
5
5
5
5
5
5
5
5
5
5
5
5
5
5
5
5
5
5
5
5
5
5
5
5
5
5
5
5
5
5
5
5
5
5
5
5
5
5
5
5
5
5
5
5
5
5
5
5
5
5
5
5
5
5
5
5
5
5
5
5
5
5
5
5
5
5
5
5
5
5
5
5
5
5
5
5
5
5
5
5
5
5
5
5
5
5
5
5
5
5
5
5
5
5
5
5
5
5
5
5
5
5
5
5
5
5
5
5
5
5
5
5
5
5
5
5
5
5
5
5
5
5
5
5
5
5
5
5
5
5
5
5
5
5
5
5
5
5
5
5
5
5
5
5
5
5
5
5
5
5
5
5
5
5
5
5
5
5
5
5
5
5
5
5
5
5
5
5
5
5
5
5
5
5
5
5
5
5
5
5
5
5
5
5
5
5
5
5
5
5
5
5
5
5
5
5
5
5
5
5
5
5
5
5
5
5
5
5
5
5
5
5
5
5
5
5
5
5
5
5
5
5
5
5
5
5
5
5
5
5
5
5
5
5
5
5
5
5
5
5
5
5
5
5
5
5
5
5
5
5
5
5
5
5
5
5
5
5
5
5
5
5
5
5
5
5
5
5
5
5
5
5
5
5
5
5
5
5
5
5
5
5
5
5
5
5
5
5
5
5
5
5
5
5
5
5
5
5
5
5
5
5
5
5
5
5
5
5
5
5
5
5
5
5
5
5
5
5
5
5
5
5
5
5
5
5
5
5
5
5
5
5
5
5
5
5
5
5
5
5
5
5
5
5
5
5
5
5
5
5
5
5
5
5
5
5
5
5
5
5
5
5
5
5
5
5
5
5
5
5
5
5
5
5
5
5
5
5
5
5
5
5
5
5
5
5
5
5
5
5
5
5
5
5
5
5
5
5
5
5
5
5
5
5
5
5
5
5
5
5
5
5
5
5
5
5
5
5
5
5
5
5
5
5
5
5
5
5
5
5
5
5
5
5
5
5
5
5
5
5
5
5
5
5
5
5
5
5
5
5
5
5
5
5
5
5
5
5
5
5
5
5
5
5
5
5
5
5
5
5
5
5
5
5
5
5
5
5
5
5
5
5
5
5
5
5
5
5
5
5
5
5
5
5
5
5
5
5
5
5
5
5
5
5
5
5
5
5
5
5
5
5
5
5
5
5
5
5
5
5
5
5
5
5
5
5
5
5
5
5
5
5
5
5
5
5
5
5
5
5
5
5
5
5
5
5
5
5
5
5
5
5
5
5
5
5
5
5
5
5
5
5
5
5
5
5
5
5
5
5
5
5
5
5
5
5
5
5
5
5
5
5
5
5
5
5
5
5
5
5
5
5
5
5
5
5
5
5
5
5
5
5
5
5
5
5
5
5
5
5
5
5
5
5
5
5
5
5
5
5
5
5
5
5
5
5
5
5
5
5
5
5
5
5
5
5
5
5
5
5
5
5
5
5
5
5
5
5
5
5
5
5
5
5
5
5
5
5
5
5
5
5
5
5
5
5
5
5
5
5
5
5
5
5
5
5
5
5
5
5
5
5
5
5
5
5
5
5
5
5
5
5
5
5
5
5
5
5
5
5
5
5
5
5
5
5
5
5
5
5
5
5
5
5
5
5
5
5
5
5
5
5
5
5
5
5
5
5
5
5
5
5
5
5
5
5
5
5
5
5
5
5
5
5
5
5
5
5
5
5
5
5
5
5
5
5
5
5
5
5
5
5
5
5
5
5
5
5
5
5
5
5
5
5
5
5
5
5
5
5
5
5
5
5
5
5
5
5
5
5
5
5
5
5
5
5
5
5
5
5
5
5
5
5
5
5
5
5
5
5
5
5
5
5
5
5
5
5
5
5
5
5
5
5
5
5
5
5
5
5
5
5
5
5
5
5
5
5
5
5
5
5
5
5
5
5
5
5
5
5
5
5
5
5
5
5
5
5
5
5
5
5
5
5
5
5
5
5
5
5
5
5
5
5
5
5
5
5
5
5
5
5
5
5
5
5
5
5
5
5
5
5
5
5
5
5
5
5
5
5
5
5
5
5
5
5
5
5
5
5
5
5
5
5
5
5
5
5
5
5
5
5
5
5
5
5
5
5
5
5
5
5
5
5
5
5
5
5
5
5
5
5
5
5
5
5
5
5
5
5
5
5
5
5
5
5
5
5
5
5
5
5
5
5
5
5
5
5
5
5
5
5
5
5
5
5
5
5
5
5
5
5
5
5
5
5
5
5
5
5
5
5
5
5
5
5
5
5
5
5
5
5
5
5
5
5
5
5
5
5
5
5
5
5
5
5
5
5
5
5
5
5
5
5
5
5
5
5
5
5
5
5
5
5
5
5
5
5
5
5
5
5
5
5
5
5
5
5
5
5
5
5
5
5
5
5
5
5
5
5
5
5
5
5
5
5
5
5
5
5
5
5
5
5
5
5
5
5
5
5
5
5
5
5
5
5
5
5
5
5
5
5
5
5
5
5
5
5
5
5
5
5
5
5
5
5
5
5
5
5
5
5
5
5
5
5
5
5
5
5
5
5
5
5
5
5
5
5
5
5
5
5
5
5
5
5
5
5
5
5
5
5
5
5
5
5
5
5
5
5
5
5
5
5
5
5
5
5
5
5
5
5
5
5
5
5
5
5
5
5
5
5
5
5
5
5
5
5
5
5
5
5
5
5
5
5
5
5
5
5
5
5
5
5
5
5
5
5
5
5
5
5
5
5
5
5
5
5
5
5
5
5
5
5
5
5
5
5
5
5
5
5
5
5
5
5
5
5
5
5
5
5
5
5
5
5
5
5
5
5
5
5
5
5
5
5
5
5
5
5
5
5
5
5
5
5
5
5
5
5
5
5
5
5
5
5
5
5
5
5
5
5
5
5
5
5
5
5
5
5
5
5
5
5
5
5
5
5
5
5
5
5
5
5
5
5
5
5
5
5
5
5
5
5
5
5
5
5
5
5
5
5
5
5
5
5
5
5
5
5
5
5
5
5
5
5
5
5
5
5
5
5
5
5
5
5
5
5
5
5
5
5
5
5
5
5
5
5
5
5
5
5
5
5
5
5
5
5
5
5
5
5
5
5
5
5
5
5
5
5
5
5
5
5
5
5
5
5
5
5
5
5
5
5
5
5
5
5
5
5
5
5
5
5
5
5
5
5
5
5
5
5
5
5
5
5
5
5
5
5
5
5
5
5
5
5
5
5
5
5
5
5
5
5
5
5
5
5
5
5
5
5
5
5
5
5
5
5
5
5
5
5
5
5
5
5
5
5
5
5
5
5
5
5
5
5
5
5
5
5
5
5
5
5
5
5
5
5
5
5
5
5
5
5
5
5
5
5
5
5
5
5
5
5
5
5
5
5
5
5
5
5
5
5
5
5
5
5
5
5
5
5
5
5
5
5
5
5
5
5
5
5
5
5
5
5
5
5
5
5
5
5
5
5
5
5
5
5
5
5
5
5
5
5
5
5
5
5
5
5
5
5
5
5
5
5
5
5
5
5
5
5
5
5
5
5
5
5
5
5
5
5
5
5
5
5
5
5
5
5
5
5
5
5
5
5
5
5
5
5
5
5
5
5
5
5
5
5
5
5
5
5
5
5
5
5
5
5
5
5
5
5
5
5
5
5
5
5
5
5
5
5
5
5
5
5
5
5
5
5
5
5
5
5
5
5
5
5
5
5
5
5
5
5
5
5
5
5
5
5
5
5
5
5
5
5
5
5
5
5
5
5
5
5
5
5
5
5
5
5
5
5
5
5
5
5
5
5
5
5
5
5
5
5
5
5
5
5
5
5
5
5
5
5
5
5
5
5
5
5
5
5
5
5
5
5
5
5
5
5
5
5
5
5
5
5
5
5
5
5
5
5
5
5
5
5
5
5
5
5
5
5
5
5
5
5
5
5
5
5
5
5
5
5
5
5
5
5
5
5
5
5
5
5
5
5
5
5
5
5
5
5
5
5
5
5
5
5
5
5
5
5
5
5
5
5
5
5
5
5
5
5
5
5
5
5
5
5
5
5
5
5
5
5
5
5
5
5
5
5
5
5
5
5
5
5
5
5
5
5
5
5
5
5
5
5
5
5
5
5
5
5
5
5
5
5
5
5
5
5
5
5
5
5
5
5
5
5
5
5
5
5
5
5
5
5
5
5
5
5
5
5
5
5
5
5
5
5
5
5
5
5
5
5
5
5
5
5
5
5
5
5
5
5
5
5
5
5
5
5
5
5
5
5
5
5
5
5
5
5
5
5
5
5
5
5
5
5
5
5
5
5
5
5
5
5
5
5
5
5
5
5
5
5
5
5
5
5
5
5
5
5
5
5
5
5
5
5
5
5
5
5
5
5
5
5
5
5
5
5
5
5
5
5
5
5
5
5
5
5
5
5
5
5
5
5
5
5
5
5
5
5
5
5
5
5
5
5
5
5
5
5
5
5
5
5
5
5
5
5
5
5
5
5
5
5
5
5
5
5
5
5
5
5
5
5
5
5
5
5
5
5
5
5
5
5
5
5
5
5
5
5
5
5
5
5
5
5
5
5
5
5
5
5
5
5
5
5
5
5
5
5
5
5
5
5
5
5
5
5
5
5
5
5
5
5
5
5
5
5
5
5
5
5
5
5
5
5
5
5
5
5
5
5
5
5
5
5
5
5
5
5
5
5
5
5
5
5
5
5
5
5
5
5
5
5
5
5
5
5
5
5
5
5
5
5
5
5
5
5
5
5
5
5
5
5
5
5
5
5
5
5
5
5
5
5
5
5
5
5
5
5
5
5
5
5
5
5
5
5
5
5
5
5
5
5
5
5
5
5
5
5
5
5
5
5
5
5
5
5
5
5
5
5
5
5
5
5
5
5
5
5
5
5
5
5
5
5
5
5
5
5
5
5
5
5
5
5
5
5
5
5
5
5
5
5
5
5
5
5
5
5
5
5
5
5
5
5
5
5
5
5
5
5
5
5
5
5
5
5
5
5
5
5
5
5
5
5
5
5
5
5
5
5
5
5
5
5
5
5
5
5
5
5
5
5
5
5
5
5
5
5
5
5
5
5
5
5
5
5
5
5
5
5
5
5
5
5
5
5
5
5
5
5
5
5
5
5
5
5
5
5
5
5
5
5
5
5
5
5
5
5
5
5
5
5
5
5
5
5
5
5
5
5
5
5
5
5
5
5
5
5
5
5
5
5
5
5
5
5
5
5
5
5
5
5
5
5
5
5
5
5
5
5
5
5
5
5
5
5
5
5
5
5
5
5
5
5
5
5
5
5
5
5
5
5
5
5
5
5
5
5
5
5
5
5
5
5
5
5
5
5
5
5
5
5
5
5
5
5
5
5
5
5
5
5
5
5
5
5
5
5
5
5
5
5
5
5
5
5
5
5
5
5
5
5
5
5
5
5
5
5
5
5
5
5
5
5
5
5
5
5
5
5
5
5
5
5
5
5
5
5
5
5
5
5
5
5
5
5
5
5
5
5
5
5
5
5
5
5
5
5
5
5
5
5
5
5
5
5
5
5
5
5
5
5
5
5
5
5
5
5
5
5
5
5
5
5
5
5
5
5
5
5
5
5
5
5
5
5
5
5
5
5
5
5
5
5
5
5
5
5
5
5
5
5
5
5
5
5
5
5
5
5
5
5
5
5
5
5
5
5
5
5
5
5
5
5
5
5
5
5
5
5
5
5
5
5
5
5
5
5
5
5
5
5
5
5
5
5
5
5
5
5
5
5
5
5
5
5
5
5
5
5
5
5
5
5
5
5
5
5
5
5
5
5
5
5
5
5
5
5
5
5
5
5
5
5
5
5
5
5
5
5
5
5
5
5
5
5
5
5
5
5
5
5
5
5
5
5
5
5
5
5
5
5
5
5
5
5
5
5
5
5
5
5
5
5
5
5
5
5
5
5
5
5
5
5
5
5
5
5
5
5
5
5
5
5
5
5
5
5
5
5
5
5
5
5
5
5
5
5
5
5
5
5
5
5
5
5
5
5
5
5
5
5
5
5
5
5
5
5
5
5
5
5
5
5
5
5
5
5
5
5
5
5
5
5
5
5
5
5
5
5
5
5
5
5
5
5
5
5
5
5
5
5
5
5
5
5
5
5
5
5
5
5
5
5
5
5
5
5
5
5
5
5
5
5
5
5
5
5
5
5
5
5
5
5
5
5
5
5
5
5
5
5
5
5
5
5
5
5
5
5
5
5
5
5
5
5
5
5
5
5
5
5
5
5
5
5
5
5
5
5
5
5
5
5
5
5
5
5
5
5
5
5
5
5
5
5
5
5
5
5
5
5
5
5
5
5
5
5
5
5
5
5
5
5
5
5
5
5
5
5
5
5
5
5
5
5
5
5
5
5
5
5
5
5
5
5
5
5
5
5
5
5
5
5
5
5
5
5
5
5
5
5
5
5
5
5
5
5
5
5
5
5
5
5
5
5
5
5
5
5
5
5
5
5
5
5
5
5
5
5
5
5
5
5
5
5
5
5
5
5
5
5
5
5
5
5
5
5
5
5
5
5
5
5
5
5
5
5
5
5
5
5
5
5
5
5
5
5
5
5
5
5
5
5
5
5
5
5
5
5
5
5
5
5
5
5
5
5
5
5
5
5
5
5
5
5
5
5
5
5
5
5
5
5
5
5
5
5
5
5
5
5
5
5
5
5
5
5
5
5
5
5
5
5
5
5
5
5
5
5
5
5
5
5
5
5
5
5
5
5
5
5
5
5
5
5
5
5
5
5
5
5
5
5
5
5
5
5
5
5
5
5
5
5
5
5
5
5
5
5
5
5
5
5
5
5
5
5
5
5
5
5
5
5
5
5
5
5
5
5
5
5
5
5
5
5
5
5
5
5
5
5
5
5
5
5
5
5
5
5
5
5
5
5
5
5
5
5
5
5
5
5
5
5
5
5
5
5
5
5
5
5
5
5
5
5
5
5
5
5
5
5
5
5
5
5
5
5
5
5
5
5
5
5
5
5
5
5
5
5
5
5
5
5
5
5
5
5
5
5
5
5
5
5
5
5
5
5
5
5
5
5
5
5
5
5
5
5
5
5
5
5
5
5
5
5
5
5
5
5
5
5
5
5
5
5
5
5
5
5
5
5
5
5
5
5
5
5
5
5
5
5
5
5
5
5
5
5
5
5
5
5
5
5
5
5
5
5
5
5
5
5
5
5
5
5
5
5
5
5
5
5
5
5
5
5
5
5
5
5
5
5
5
5
5
5
5
5
5
5
5
5
5
5
5
5
5
5
5
5
5
5
5
5
5
5
5
5
5
5
5
5
5
5
5
5
5
5
5
5
5
5
5
5
5
5
5
5
5
5
5
5
5
5
5
5
5
5
5
5
5
5
5
5
5
5
5
5
5
5
5
5
5
5
5
5
5
5
5
5
5
5
5
5
5
5
5
5
5
5
5
5
5
5
5
5
5
5
5
5
5
5
5
5
5
5
5
5
5
5
5
5
5
5
5
5
5
5
5
5
5
5
5
5
5
5
5
5
5
5
5
5
5
5
5
5
5
5
5
5
5
5
5
5
5
5
5
5
5
5
5
5
5
5
5
5
5
5
5
5
5
5
5
5
5
5
5
5
5
5
5
5
5
5
5
5
5
5
5
5
5
5
5
5
5
5
5
5
5
5
5
5
5
5
5
5
5
5
5
5
5
5
5
5
5
5
5
5
5
5
5
5
5
5
5
5
5
5
5
5
5
5
5
5
5
5
5
5
5
5
5
5
5
5
5
5
5
5
5
5
5
5
5
5
5
5
5
5
5
5
5
5
5
5
5
5
5
5
5
5
5
5
5
5
5
5
5
5
5
5
5
5
5
5
5
5
5
5
5
5
5
5
5
5
5
5
5
5
5
5
5
5
5
5
5
5
5
5
5
5
5
5
5
5
5
5
5
5
5
5
5
5
5
5
5
5
5
5
5
5
5
5
5
5
5
5
5
5
5
5
5
5
5
5
5
5
5
5
5
5
5
5
5
5
5
5
5
5
5
5
5
5
5
5
5
5
5
5
5
5
5
5
5
5
5
5
5
5
5
5
5
5
5
5
5
5
5
5
5
5
5
5
5
5
5
5
5
5
5
5
5
5
5
5
5
5
5
5
5
5
5
5
5
5
5
5
5
5
5
5
5
5
5
5
5
5
5
5
5
5
5
5
5
5
5
5
5
5
5
5
5
5
5
5
5
5
5
5
5
5
5
5
5
5
5
5
5
5
5
5
5
5
5
5
5
5
5
5
5
5
5
5
5
5
5
5
5
5
5
5
5
5
5
5
5
5
5
5
5
5
5
5
5
5
5
5
5
5
5
5
5
5
5
5
5
5
5
5
5
5
5
5
5
5
5
5
5
5
5
5
5
5
5
5
5
5
5
5
5
5
5
5
5
5
5
5
5
5
5
5
5
5
5
5
5
5
5
5
5
5
5
5
5
5
5
5
5
5
5
5
5
5
5
5
5
5
5
5
5
5
5
5
5
5
5
5
5
5
5
5
5
5
5
5
5
5
5
5
5
5
5
5
5
5
5
5
5
5
5
5
5
5
5
5
5
5
5
5
5
5
5
5
5
5
5
5
5
5
5
5
5
5
5
5
5
5
5
5
5
5
5
5
5
5
5
5
5
5
5
5
5
5
5
5
5
5
5
5
5
5
5
5
5
5
5
5
5
5
5
5
5
5
5
5
5
5
5
5
5
5
5
5
5
5
5
5
5
5
5
5
5
5
5
5
5
5
5
5
5
5
5
5
5
5
5
5
5
5
5
5
5
5
5
5
5
5
5
5
5
5
5
5
5
5
5
5
5
5
5
5
5
5
5
5
5
5
5
5
5
5
5
5
5
5
5
5
5
5
5
5
5
5
5
5
5
5
5
5
5
5
5
5
5
5
5
5
5
5
5
5
5
5
5
5
5
5
5
5
5
5
5
5
5
5
5
5
5
5
5
5
5
5
5
5
5
5
5
5
5
5
5
5
5
5
5
5
5
5
5
5
5
5
5
5
5
5
5
5
5
5
5
5
5
5
5
5
5
5
5
5
5
5
5
5
5
5
5
5
5
5
5
5
5
5
5
5
5
5
5
5
5
5
5
5
5
5
5
5
5
5
5
5
5
5
5
5
5
5
5
5
5
5
5
5
5
5
5
5
5
5
5
5
5
5
5
5
5
5
5
5
5
5
5
5
5
5
5
5
5
5
5
5
5
5
5
5
5
5
5
5
5
5
5
5
5
5
5
5
5
5
5
5
5
5
5
5
5
5
5
5
5
5
5
5
5
5
5
5
5
5
5
5
5
5
5
5
5
5
5
5
5
5
5
5
5
5
5
5
5
5
5
5
5
5
5
5
5
5
5
5
5
5
5
5
5
5
5
5
5
5
5
5
5
5
5
5
5
5
5
5
5
5
5
5
5
5
5
5
5
5
5
5
5
5
5
5
5
5
5
5
5
5
5
5
5
5
5
5
5
5
5
5
5
5
5
5
5
5
5
5
5
5
5
5
5
5
5
5
5
5
5
5
5
5
5
5
5
5
5
5
5
5
5
5
5
5
5
5
5
5
5
5
5
5
5
5
5
5
5
5
5
5
5
5
5
5
5
5
5
5
5
5
5
5
5
5
5
5
5
5
5
5
5
5
5
5
5
5
5
5
5
5
5
5
5
5
5
5
5
5
5
5
5
5
5
5
5
5
5
5
5
5
5
5
5
5
5
5
5
5
5
5
5
5
5
5
5
5
5
5
5
5
5
5
5
5
5
5
5
5
5
5
5
5
5
5
5
5
5
5
5
5
5
5
5
5
5
5
5
5
5
5
5
5
5
5
5
5
5
5
5
5
5
5
5
5
5
5
5
5
5
5
5
5
5
5
5
5
5
5
5
5
5
5
5
5
5
5
5
5
5
5
5
5
5
5
5
5
5
5
5
5
5
5
5
5
5
5
5
5
5
5
5
5
5
5
5
5
5
5
5
5
5
5
5
5
5
5
5
5
5
5
5
5
5
5
5
5
5
5
5
5
5
5
5
5
5
5
5
5
5
5
5
5
5
5
5
5
5
5
5
5
5
5
5
5
5
5
5
5
5
5
5
5
5
5
5
5
5
5
5
5
5
5
5
5
5
5
5
5
5
5
5
5
5
5
5
5
5
5
5
5
5
5
5
5
5
5
5
5
5
5
5
5
5
5
5
5
5
5
5
5
5
5
5
5
5
5
5
5
5
5
5
5
5
5
5
5
5
5
5
5
5
5
5
5
5
5
5
5
5
5
5
5
5
5
5
5
5
5
5
5
5
5
5
5
5
5
5
5
5
5
5
5
5
5
5
5
5
5
5
5
5
5
5
5
5
5
5
5
5
5
5
5
5
5
5
5
5
5
5
5
5
5
5
5
5
5
5
5
5
5
5
5
5
5
5
5
5
5
5
5
5
5
5
5
5
5
5
5
5
5
5
5
5
5
5
5
5
5
5
5
5
5
5
5
5
5
5
5
5
5
5
5
5
5
5
5
5
5
5
5
5
5
5
5
5
5
5
5
5
5
5
5
5
5
5
5
5
5
5
5
5
5
5
5
5
5
5
5
5
5
5
5
5
5
5
5
5
5
5
5
5
5
5
5
5
5
5
5
5
5
5
5
5
5
5
5
5
5
5
5
5
5
5
5
5
5
5
5
5
5
5
5
5
5
5
5
5
5
5
5
5
5
5
5
5
5
5
5
5
5
5
5
5
5
5
5
5
5
5
5
5
5
5
5
5
5
5
5
5
5
5
5
5
5
5
5
5
5
5
5
5
5
5
5
5
5
5
5
5
5
5
5
5
5
5
5
5
5
5
5
5
5
5
5
5
5
5
5
5
5
5
5
5
5
5
5
5
5
5
5
5
5
5
5
5
5
5
5
5
5
5
5
5
5
5
5
5
5
5
5
5
5
5
5
5
5
5
5
5
5
5
5
5
5
5
5
5
5
5
5
5
5
5
5
5
5
5
5
5
5
5
5
5
5
5
5
5
5
5
5
5
5
5
5
5
5
5
5
5
5
5
5
5
5
5
5
5
5
5
5
5
5
5
5
5
5
5
5
5
5
5
5
5
5
5
5
5
5
5
5
5
5
5
5
5
5
5
5
5
5
5
5
5
5
5
5
5
5
5
5
5
5
5
5
5
5
5
5
5
5
5
5
5
5
5
5
5
5
5
5
5
5
5
5
5
5
5
5
5
5
5
5
5
5
5
5
5
5
5
5
5
5
5
5
5
5
5
5
5
5
5
5
5
5
5
5
5
5
5
5
5
5
5
5
5
5
5
5
5
5
5
5
5
5
5
5
5
5
5
5
5
5
5
5
5
5
5
5
5
5
5
5
5
5
5
5
5
5
5
5
5
5
5
5
5
5
5
5
5
5
5
5
5
5
5
5
5
5
5
5
5
5
5
5
5
5
5
5
5
5
5
5
5
5
5
5
5
5
5
5
5
5
5
5
5
5
5
5
5
5
5
5
5
5
5
5
5
5
5
5
5
5
5
5
5
5
5
5
5
5
5
5
5
5
5
5
5
5
5
5
5
5
5
5
5
5
5
5
5
5
5
5
5
5
5
5
5
5
5
5
5
5
5
5
5
5
5
5
5
5
5
5
5
5
5
5
5
5
5
5
5
5
5
5
5
5
5
5
5
5
5
5
5
5
5
5
5
5
5
5
5
5
5
5
5
5
5
5
5
5
5
5
5
5
5
5
5
5
5
5
5
5
5
5
5
5
5
5
5
5
5
5
5
5
5
5
5
5
5
5
5
5
5
5
5
5
5
5
5
5
5
5
5
5
5
5
5
5
5
5
5
5
5
5
5
5
5
5
5
5
5
5
5
5
5
5
5
5
5
5
5
5
5
5
5
5
5
5
5
5
5
5
5
5
5
5
5
5
5
5
5
5
5
5
5
5
5
5
5
5
5
5
5
5
5
5
5
5
5
5
5
5
5
5
5
5
5
5
5
5
5
5
5
5
5
5
5
5
5
5
5
5
5
5
5
5
5
5
5
5
5
5
5
5
5
5
5
5
5
5
5
5
5
5
5
5
5
5
5
5
5
5
5
5
5
5
5
5
5
5
5
5
5
5
5
5
5
5
5
5
5
5
5
5
5
5
5
5
5
5
5
5
5
5
5
5
5
5
5
5
5
5
5
5
5
5
5
5
5
5
5
5
5
5
5
5
5
5
5
5
5
5
5
5
5
5
5
5
5
5
5
5
5
5
5
5
5
5
5
5
5
5
5
5
5
5
5
5
5
5
5
5
5
5
5
5
5
5
5
5
5
5
5
5
5
5
5
5
5
5
5
5
5
5
5
5
5
5
5
5
5
5
5
5
5
5
5
5
5
5
5
5
5
5
5
5
5
5
5
5
5
5
5
5
5
5
5
5
5
5
5
5
5
5
5
5
5
5
5
5
5
5
5
5
5
5
5
5
5
5
5
5
5
5
5
5
5
5
5
5
5
5
5
5
5
5
5
5
5
5
5
5
5
5
5
5
5
5
5
5
5
5
5
5
5
5
5
5
5
5
5
5
5
5
5
5
5
5
5
5
5
5
5
5
5
5
5
5
5
5
5
5
5
5
5
5
5
5
5
5
5
5
5
5
5
5
5
5
5
5
5
5
5
5
5
5
5
5
5
5
5
5
5
5
5
5
5
5
5
5
5
5
5
5
5
5
5
5
5
5
5
5
5
5
5
5
5
5
5
5
5
5
5
5
5
5
5
5
5
5
5
5
5
5
5
5
5
5
5
5
5
5
5
5
5
5
5
5
5
5
5
5
5
5
5
5
5
5
5
5
5
5
5
5
5
5
5
5
5
5
5
5
5
5
5
5
5
5
5
5
5
5
5
5
5
5
5
5
5
5
5
5
5
5
5
5
5
5
5
5
5
5
5
5
5
5
5
5
5
5
5
5
5
5
5
5
5
5
5
5
5
5
5
5
5
5
5
5
5
5
5
5
5
5
5
5
5
5
5
5
5
5
5
5
5
5
5
5
5
5
5
5
5
5
5
5
5
5
5
5
5
5
5
5
5
5
5
5
5
5
5
5
5
5
5
5
5
5
5
5
5
5
5
5
5
5
5
5
5
5
5
5
5
5
5
5
5
5
5
5
5
5
5
5
5
5
5
5
5
5
5
5
5
5
5
5
5
5
5
5
5
5
5
5
5
5
5
5
5
5
5
5
5
5
5
5
5
5
5
5
5
5
5
5
5
5
5
5
5
5
5
5
5
5
5
5
5
5
5
5
5
5
5
5
5
5
5
5
5
5
5
5
5
5
5
5
5
5
5
5
5
5
5
5
5
5
5
5
5
5
5
5
5
5
5
5
5
5
5
5
5
5
5
5
5
5
5
5
5
5
5
5
5
5
5
5
5
5
5
5
5
5
5
5
5
5
5
5
5
5
5
5
5
5
5
5
5
5
5
5
5
5
5
5
5
5
5
5
5
5
5
5
5
5
5
5
5
5
5
5
5
5
5
5
5
5
5
5
5
5
5
5
5
5
5
5
5
5
5
5
5
5
5
5
5
5
5
5
5
5
5
5
5
5
5
5
5
5
5
5
5
5
5
5
5
5
5
5
5
5
5
5
5
5
5
5
5
5
5
5
5
5
5
5
5
5
5
5
5
5
5
5
5
5
5
5
5
5
5
5
5
5
5
5
5
5
5
5
5
5
5
5
5
5
5
5
5
5
5
5
5
5
5
5
5
5
5
5
5
5
5
5
5
5
5
5
5
5
5
5
5
5
5
5
5
5
5
5
5
5
5
5
5
5
5
5
5
5
5
5
5
5
5
5
5
5
5
5
5
5
5
5
5
5
5
5
5
5
5
5
5
5
5
5
5
5
5
5
5
5
5
5
5
5
5
5
5
5
5
5
5
5
5
5
5
5
5
5
5
5
5
5
5
5
5
5
5
5
5
5
5
5
5
5
5
5
5
5
5
5
5
5
5
5
5
5
5
5
5
5
5
5
5
5
5
5
5
5
5
5
5
5
5
5
5
5
5
5
5
5
5
5
5
5
5
5
5
5
5
5
5
5
5
5
5
5
5
5
5
5
5
5
5
5
5
5
5
5
5
5
5
5
5
5
5
5
5
5
5
5
5
5
5
5
5
5
5
5
5
5
5
5
5
5
5
5
5
5
5
5
5
5
5
5
5
5
5
5
5
5
5
5
5
5
5
5
5
5
5
5
5
5
5
5
5
5
5
5
5
5
5
5
5
5
5
5
5
5
5
5
5
5
5
5
5
5
5
5
5
5
5
5
5
5
5
5
5
5
5
5
5
5
5
5
5
5
5
5
5
5
5
5
5
5
5
5
5
5
5
5
5
5
5
5
5
5
5
5
5
5
5
5
5
5
5
5
5
5
5
5
5
5
5
5
5
5
5
5
5
5
5
5
5
5
5
5
5
5
5
5
5
5
5
5
5
5
5
5
5
5
5
5
5
5
5
5
5
5
5
5
5
5
5
5
5
5
5
5
5
5
5
5
5
5
5
5
5
5
5
5
5
5
5
5
5
5
5
5
5
5
5
5
5
5
5
5
5
5
5
5
5
5
5
5
5
5
5
5
5
5
5
5
5
5
5
5
5
5
5
5
5
5
5
5
5
5
5
5
5
5
5
5
5
5
5
5
5
5
5
5
5
5
5
5
5
5
5
5
5
5
5
5
5
5
5
5
5
5
5
5
5
5
5
5
5
5
5
5
5
5
5
5
5
5
5
5
5
5
5
5
5
5
5
5
5
5
5
5
5
5
5
5
5
5
5
5
5
5
5
5
5
5
5
5
5
5
5
5
5
5
5
5
5
5
5
5
5
5
5
5
5
5
5
5
5
5
5
5
5
5
5
5
5
5
5
5
5
5
5
5
5
5
5
5
5
5
5
5
5
5
5
5
5
5
5
5
5
5
5
5
5
5
5
5
5
5
5
5
5
5
5
5
5
5
5
5
5
5
5
5
5
5
5
5
5
5
5
5
5
5
5
5
5
5
5
5
5
5
5
5
5
5
5
5
5
5
5
5
5
5
5
5
5
5
5
5
5
5
5
5
5
5
5
5
5
5
5
5
5
5
5
5
5
5
5
5
5
5
5
5
5
5
5
5
5
5
5
5
5
5
5
5
5
5
5
5
5
5
5
5
5
5
5
5
5
5
5
5
5
5
5
5
5
5
5
5
5
5
5
5
5
5
5
5
5
5
5
5
5
5
5
5
5
5
5
5
5
5
5
5
5
5
5
5
5
5
5
5
5
5
5
5
5
5
5
5
5
5
5
5
5
5
5
5
5
5
5
5
5
5
5
5
5
5
5
5
5
5
5
5
5
5
5
5
5
5
5
5
5
5
5
5
5
5
5
5
5
5
5
5
5
5
5
5
5
5
5
5
5
5
5
5
5
5
5
5
5
5
5
5
5
5
5
5
5
5
5
5
5
5
5
5
5
5
5
5
5
5
5
5
5
5
5
5
5
5
5
5
5
5
5
5
5
5
5
5
5
5
5
5
5
5
5
5
5
5
5
5
5
5
5
5
5
5
5
5
5
5
5
5
5
5
5
5
5
5
5
5
5
5
5
5
5
5
5
5
5
5
5
5
5
5
5
5
5
5
5
5
5
5
5
5
5
5
5
5
5
5
5
5
5
5
5
5
5
5
5
5
5
5
5
5
5
5
5
5
5
5
5
5
5
5
5
5
5
5
5
5
5
5
5
5
5
5
5
5
5
5
5
5
5
5
5
5
5
5
5
5
5
5
5
5
5
5
5
5
5
5
5
5
5
5
5
5
5
5
5
5
5
5
5
5
5
5
5
5
5
5
5
5
5
5
5
5
5
5
5
5
5
5
5
5
5
5
5
5
5
5
5
5
5
5
5
5
5
5
5
5
5
5
5
5
5
5
5
5
5
5
5
5
5
5
5
5
5
5
5
5
5
5
5
5
5
5
5
5
5
5
5
5
5
5
5
5
5
5
5
5
5
5
5
5
5
5
5
5
5
5
5
5
5
5
5
5
5
5
5
5
5
5
5
5
5
5
5
5
5
5
5
5
5
5
5
5
5
5
5
5
5
5
5
5
5
5
5
5
5
5
5
5
5
5
5
5
5
5
5
5
5
5
5
5
5
5
5
5
5
5
5
5
5
5
5
5
5
5
5
5
5
5
5
5
5
5
5
5
5
5
5
5
5
5
5
5
5
5
5
5
5
5
5
5
5
5
5
5
5
5
5
5
5
5
5
5
5
5
5
5
5
5
5
5
5
5
5
5
5
5
5
5
5
5
5
5
5
5
5
5
5
5
5
5
5
5
5
5
5
5
5
5
5
5
5
5
5
5
5
5
5
5
5
5
5
5
5
5
5
5
5
5
5
5
5
5
5
5
5
5
5
5
5
5
5
5
5
5
5
5
5
5
5
5
5
5
5
5
5
5
5
5
5
5
5
5
5
5
5
5
5
5
5
5
5
5
5
5
5
5
5
5
5
5
5
5
5
5
5
5
5
5
5
5
5
5
5
5
5
5
5
5
5
5
5
5
5
5
5
5
5
5
5
5
5
5
5
5
5
5
5
5
5
5
5
5
5
5
5
5
5
5
5
5
5
5
5
5
5
5
5
5
5
5
5
5
5
5
5
5
5
5
5
5
5
5
5
5
5
5
5
5
5
5
5
5
5
5
5
5
5
5
5
5
5
5
5
5
5
5
5
5
5
5
5
5
5
5
5
5
5
5
5
5
5
5
5
5
5
5
5
5
5
5
5
5
5
5
5
5
5
5
5
5
5
5
5
5
5
5
5
5
5
5
5
5
5
5
5
5
5
5
5
5
5
5
5
5
5
5
5
5
5
5
5
5
5
5
5
5
5
5
5
5
5
5
5
5
5
5
5
5
5
5
5
5
5
5
5
5
5
5
5
5
5
5
5
5
5
5
5
5
5
5
5
5
5
5
5
5
5
5
5
5
5
5
5
5
5
5
5
5
5
5
5
5
5
5
5
5
5
5
5
5
5
5
5
5
5
5
5
5
5
5
5
5
5
5
5
5
5
5
5
5
5
5
5
5
5
5
5
5
5
5
5
5
5
5
5
5
5
5
5
5
5
5
5
5
5
5
5
5
5
5
5
5
5
5
5
5
5
5
5
5
5
5
5
5
5
5
5
5
5
5
5
5
5
5
5
5
5
5
5
5
5
5
5
5
5
5
5
5
5
5
5
5
5
5
5
5
5
5
5
5
5
5
5
5
5
5
5
5
5
5
5
5
5
5
5
5
5
5
5
5
5
5
5
5
5
5
5
5
5
5
5
5
5
5
5
5
5
5
5
5
5
5
5
5
5
5
5
5
5
5
5
5
5
5
5
5
5
5
5
5
5
5
5
5
5
5
5
5
5
5
5
5
5
5
5
5
5
5
5
5
5
5
5
5
5
5
5
5
5
5
5
5
5
5
5
5
5
5
5
5
5
5
5
5
5
5
5
5
5
5
5
5
5
5
5
5
5
5
5
5
5
5
5
5
5
5
5
5
5
5
5
5
5
5
5
5
5
5
5
5
5
5
5
5
5
5
5
5
5
5
5
5
5
5
5
5
5
5
5
5
5
5
5
5
5
5
5
5
5
5
5
5
5
5
5
5
5
5
5
5
5
5
5
5
5
5
5
5
5
5
5
5
5
5
5
5
5
5
5
5
5
5
5
5
5
5
5
5
5
5
5
5
5
5
5
5
5
5
5
5
5
5
5
5
5
5
5
5
5
5
5
5
5
5
5
5
5
5
5
5
5
5
5
5
5
5
5
5
5
5
5
5
5
5
5
5
5
5
5
5
5
5
5
5
5
5
5
5
5
5
5
5
5
5
5
5
5
5
5
5
5
5
5
5
5
5
5
5
5
5
5
5
5
5
5
5
5
5
5
5
5
5
5
5
5
5
5
5
5
5
5
5
5
5
5
5
5
5
5
5
5
5
5
5
5
5
5
5
5
5
5
5
5
5
5
5
5
5
5
5
5
5
5
5
5
5
5
5
5
5
5
5
5
5
5
5
5
5
5
5
5
5
5
5
5
5
5
5
5
5
5
5
5
5
5
5
5
5
5
5
5
5
5
5
5
5
5
5
5
5
5
5
5
5
5
5
5
5
5
5
5
5
5
5
5
5
5
5
5
5
5
5
5
5
5
5
5
5
5
5
5
5
5
5
5
5
5
5
5
5
5
5
5
5
5
5
5
5
5
5
5
5
5
5
5
5
5
5
5
5
5
5
5
5
5
5
5
5
5
5
5
5
5
5
5
5
5
5
5
5
5
5
5
5
5
5
5
5
5
5
5
5
5
5
5
5
5
5
5
5
5
5
5
5
5
5
5
5
5
5
5
5
5
5
5
5
5
5
5
5
5
5
5
5
5
5
5
5
5
5
5
5
5
5
5
5
5
5
5
5
5
5
5
5
5
5
5
5
5
5
5
5
5
5
5
5
5
5
5
5
5
5
5
5
5
5
5
5
5
5
5
5
5
5
5
5
5
5
5
5
5
5
5
5
5
5
5
5
5
5
5
5
5
5
5
5
5
5
5
5
5
5
5
5
5
5
5
5
5
5
5
5
5
5
5
5
5
5
5
5
5
5
5
5
5
5
5
5
5
5
5
5
5
5
5
5
5
5
5
5
5
5
5
5
5
5
5
5
5
5
5
5
5
5
5
5
5
5
5
5
5
5
5
5
5
5
5
5
5
5
5
5
5
5
5
5
5
5
5
5
5
5
5
5
5
5
5
5
5
5
5
5
5
5
5
5
5
5
5
5
5
5
5
5
5
5
5
5
5
5
5
5
5
5
5
5
5
5
5
5
5
5
5
5
5
5
5
5
5
5
5
5
5
5
5
5
5
5
5
5
5
5
5
5
5
5
5
5
5
5
5
5
5
5
5
5
5
5
5
5
5
5
5
5
5
5
5
5
5
5
5
5
5
5
5
5
5
5
5
5
5
5
5
5
5
5
5
5
5
5
5
5
5
5
5
5
5
5
5
5
5
5
5
5
5
5
5
5
5
5
5
5
5
5
5
5
5
5
5
5
5
5
5
5
5
5
5
5
5
5
5
5
5
5
5
5
5
5
5
5
5
5
5
5
5
5
5
5
5
5
5
5
5
5
5
5
5
5
5
5
5
5
5
5
5
5
5
5
5
5
5
5
5
5
5
5
5
5
5
5
5
5
5
5
5
5
5
5
5
5
5
5
5
5
5
5
5
5
5
5
5
5
5
5
5
5
5
5
5
5
5
5
5
5
5
5
5
5
5
5
5
5
5
5
5
5
5
5
5
5
5
5
5
5
5
5
5
5
5
5
5
5
5
5
5
5
5
5
5
5
5
5
5
5
5
5
5
5
5
5
5
5
5
5
5
5
5
5
5
5
5
5
5
5
5
5
5
5
5
5
5
5
5
5
5
5
5
5
5
5
5
5
5
5
5
5
5
5
5
5
5
5
5
5
5
5
5
5
5
5
5
5
5
5
5
5
5
5
5
5
5
5
5
5
5
5
5
5
5
5
5
5
5
5
5
5
5
5
5
5
5
5
5
5
5
5
5
5
5
5
5
5
5
5
5
5
5
5
5
5
5
5
5
5
5
5
5
5
5
5
5
5
5
5
5
5
5
5
5
5
5
5
5
5
5
5
5
5
5
5
5
5
5
5
5
5
5
5
5
5
5
5
5
5
5
5
5
5
5
5
5
5
5
5
5
5
5
5
5
5
5
5
5
5
5
5
5
5
5
5
5
5
5
5
5
5
5
5
5
5
5
5
5
5
5
5
5
5
5
5
5
5
5
5
5
5
5
5
5
5
5
5
5
5
5
5
5
5
5
5
5
5
5
5
5
5
5
5
5
5
5
5
5
5
5
5
5
5
5
5
5
5
5
5
5
5
5
5
5
5
5
5
5
5
5
5
5
5
5
5
5
5
5
5
5
5
5
5
5
5
5
5
5
5
5
5
5
5
5
5
5
5
5
5
5
5
5
5
5
5
5
5
5
5
5
5
5
5
5
5
5
5
5
5
5
5
5
5
5
5
5
5
5
5
5
5
5
5
5
5
5
5
5
5
5
5
5
5
5
5
5
5
5
5
5
5
5
5
5
5
5
5
5
5
5
5
5
5
5
5
5
5
5
5
5
5
5
5
5
5
5
5
5
5
5
5
5
5
5
5
5
5
5
5
5
5
5
5
5
5
5
5
5
5
5
5
5
5
5
5
5
5
5
5
5
5
5
5
5
5
5
5
5
5
5
5
5
5
5
5
5
5
5
5
5
5
5
5
5
5
5
5
5
5
5
5
5
5
5
5
5
5
5
5
5
5
5
5
5
5
5
5
5
5
5
5
5
5
5
5
5
5
5
5
5
5
5
5
5
5
5
5
5
5
5
5
5
5
5
5
5
5
5
5
5
5
5
5
5
5
5
5
5
5
5
5
5
5
5
5
5
5
5
5
5
5
5
5
5
5
5
5
5
5
5
5
5
5
5
5
5
5
5
5
5
5
5
5
5
5
5
5
5
5
5
5
5
5
5
5
5
5
5
5
5
5
5
5
5
5
5
5
5
5
5
5
5
5
5
5
5
5
5
5
5
5
5
5
5
5
5
5
5
5
5
5
5
5
5
5
5
5
5
5
5
5
5
5
5
5
5
5
5
5
5
5
5
5
5
5
5
5
5
5
5
5
5
5
5
5
5
5
5
5
5
5
5
5
5
5
5
5
5
5
5
5
5
5
5
5
5
5
5
5
5
5
5
5
5
5
5
5
5
5
5
5
5
5
5
5
5
5
5
5
5
5
5
5
5
5
5
5
5
5
5
5
5
5
5
5
5
5
5
5
5
5
5
5
5
5
5
5
5
5
5
5
5
5
5
5
5
5
5
5
5
5
5
5
5
5
5
5
5
5
5
5
5
5
5
5
5
5
5
5
5
5
5
5
5
5
5
5
5
5
5
5
5
5
5
5
5
5
5
5
5
5
5
5
5
5
5
5
5
5
5
5
5
5
5
5
5
5
5
5
5
5
5
5
5
5
5
5
5
5
5
5
5
5
5
5
5
5
5
5
5
5
5
5
5
5
5
5
5
5
5
5
5
5
5
5
5
5
5
5
5
5
5
5
5
5
5
5
5
5
5
5
5
5
5
5
5
5
5
5
5
5
5
5
5
5
5
5
5
5
5
5
5
5
5
5
5
5
5
5
5
5
5
5
5
5
5
5
5
5
5
5
5
5
5
5
5
5
5
5
5
5
5
5
5
5
5
5
5
5
5
5
5
5
5
5
5
5
5
5
5
5
5
5
5
5
5
5
5
5
5
5
5
5
5
5
5
5
5
5
5
5
5
5
5
5
5
5
5
5
5
5
5
5
5
5
5
5
5
5
5
5
5
5
5
5
5
5
5
5
5
5
5
5
5
5
5
5
5
5
5
5
5
5
5
5
5
5
5
5
5
5
5
5
5
5
5
5
5
5
5
5
5
5
5
5
5
5
5
5
5
5
5
5
5
5
5
5
5
5
5
5
5
5
5
5
5
5
5
5
5
5
5
5
5
5
5
5
5
5
5
5
5
5
5
5
5
5
5
5
5
5
5
5
5
5
5
5
5
5
5
5
5
5
5
5
5
5
5
5
5
5
5
5
5
5
5
5
5
5
5
5
5
5
5
5
5
5
5
5
5
5
5
5
5
5
5
5
5
5
5
5
5
5
5
5
5
5
5
5
5
5
5
5
5
5
5
5
5
5
5
5
5
5
5
5
5
5
5
5
5
5
5
5
5
5
5
5
5
5
5
5
5
5
5
5
5
5
5
5
5
5
5
5
5
5
5
5
5
5
5
5
5
5
5
5
5
5
5
5
5
5
5
5
5
5
5
5
5
5
5
5
5
5
5
5
5
5
5
5
5
5
5
5
5
5
5
5
5
5
5
5
5
5
5
5
5
5
5
5
5
5
5
5
5
5
5
5
5
5
5
5
5
5
5
5
5
5
5
5
5
5
5
5
5
5
5
5
5
5
5
5
5
5
5
5
5
5
5
5
5
5
5
5
5
5
5
5
5
5
5
5
5
5
5
5
5
5
5
5
5
5
5
5
5
5
5
5
5
5
5
5
5
5
5
5
5
5
5
5
5
5
5
5
5
5
5
5
5
5
5
5
5
5
5
5
5
5
5
5
5
5
5
5
5
5
5
5
5
5
5
5
5
5
5
5
5
5
5
5
5
5
5
5
5
5
5
5
5
5
5
5
5
5
5
5
5
5
5
5
5
5
5
5
5
5
5
5
5
5
5
5
5
5
5
5
5
5
5
5
5
5
5
5
5
5
5
5
5
5
5
5
5
5
5
5
5
5
5
5
5
5
5
5
5
5
5
5
5
5
5
5
5
5
5
5
5
5
5
5
5
5
5
5
5
5
5
5
5
5
5
5
5
5
5
5
5
5
5
5
5
5
5
5
5
5
5
5
5
5
5
5
5
5
5
5
5
5
5
5
5
5
5
5
5
5
5
5
5
5
5
5
5
5
5
5
5
5
5
5
5
5
5
5
5
5
5
5
5
5
5
5
5
5
5
5
5
5
5
5
5
5
5
5
5
5
5
5
5
5
5
5
5
5
5
5
5
5
5
5
5
5
5
5
5
5
5
5
5
5
5
5
5
5
5
5
5
5
5
5
5
5
5
5
5
5
5
5
5
5
5
5
5
5
5
5
5
5
5
5
5
5
5
5
5
5
5
5
5
5
5
5
5
5
5
5
5
5
5
5
5
5
5
5
5
5
5
5
5
5
5
5
5
5
5
5
5
5
5
5
5
5
5
5
5
5
5
5
5
5
5
5
5
5
5
5
5
5
5
5
5
5
5
5
5
5
5
5
5
5
5
5
5
5
5
5
5
5
5
5
5
5
5
5
5
5
5
5
5
5
5
5
5
5
5
5
5
5
5
5
5
5
5
5
5
5
5
5
5
5
5
5
5
5
5
5
5
5
5
5
5
5
5
5
5
5
5
5
5
5
5
5
5
5
5
5
5
5
5
5
5
5
5
5
5
5
5
5
5
5
5
5
5
5
5
5
5
5
5
5
5
5
5
5
5
5
5
5
5
5
5
5
5
5
5
5
5
5
5
5
5
5
5
5
5
5
5
5
5
5
5
5
5
5
5
5
5
5
5
5
5
5
5
5
POINT_DATA 5895
SCALARS Normal_Vector double 3
LOOKUP_TABLE default
-163.054 -78.5079 0 
-120.804 -75.3333 0 
-119.905 -71.3651 0 
-114.269 -72.1587 0 
-110.794 -68.9841 0 
-86.3168 -68.5873 0 
-86.414 -65.4127 0 
-53.9553 -59.0635 0 
-55.1579 -53.1111 0 
-45.2575 -43.1905 0 
-49.7279 -30.4921 0 
-38.5641 -28.5079 0 
-41.0544 -13.8254 0 
-27.8013 -13.4286 0 
-40.0462 19.9048 0 
-5.31584 35.381 0 
2.36152 34.5873 0 
3.72206 40.1429 0 
39.3878 41.7302 0 
64.2177 13.9524 0 
63.4281 23.0794 0 
80.3499 20.3016 0 
84.4801 2.04762 0 
122.6 -9.85714 0 
121.725 -14.619 0 
135.561 -16.6032 0 
139.388 -41.6032 0 
162.42 -43.9841 0 
166.769 -36.0476 0 
179.39 -48.3492 0 
191.732 -51.5238 0 
186.97 -62.6349 0 
172.162 -62.2381 0 
163.744 -70.5714 0 
155.119 -72.1587 0 
145.134 -62.6349 0 
135.051 -66.6032 0 
134.772 -74.1429 0 
127.738 -94.381 0 
109.492 -98.3492 0 
110.901 -111.048 0 
128.333 -113.825 0 
119.587 -128.111 0 
112.505 -130.095 0 
109.006 -149.143 0 
54.8154 -162.238 0 
61.2051 -170.968 0 
51.5962 -173.746 0 
50.8431 -182.476 0 
39.6914 -184.857 0 
46.9679 -189.222 0 
49.2638 -197.556 0 
64.8008 -205.095 0 
65.0802 -214.222 0 
45.2672 -250.333 0 
55.2648 -260.254 0 
42.7527 -268.19 0 
13.5131 -263.032 0 
8.48397 -265.413 0 
6.26093 -259.46 0 
-15.034 -263.825 0 
-22.7235 -262.635 0 
-46.8732 -273.746 0 
-66.1516 -260.651 0 
-71.6545 -264.222 0 
-83.0248 -259.46 0 
-86.5598 -260.651 0 
-90.447 -250.333 0 
-109.373 -248.746 0 
-108.656 -255.492 0 
-118.933 -253.111 0 
-115.459 -249.937 0 
-120.804 -242 0 
-109.312 -234.063 0 
-111.985 -230.095 0 
-105.292 -215.413 0 
-101.72 -215.413 0 
-102.291 -213.429 0 
-112.617 -209.46 0 
-113.358 -201.921 0 
-121.327 -191.603 0 
-121.497 -186.048 0 
-138.333 -169.381 0 
-129.125 -153.508 0 
-137.957 -148.349 0 
-152.789 -147.159 0 
-161.268 -153.508 0 
-165.69 -142.397 0 
-160.09 -142 0 
-165.107 -128.111 0 
-179.028 -123.349 0 
-181.543 -124.54 0 
-190.52 -114.619 0 
-180.316 -97.9524 0 
-164.536 -96.7619 0 
-163.224 -89.619 0 
0.345 0.46 0 
-158.36 -78.1552 0 
-153.665 -77.8025 0 
-148.971 -77.4497 0 
-144.276 -77.097 0 
-139.582 -76.7443 0 
-134.887 -76.3915 0 
-130.193 -76.0388 0 
-125.499 -75.6861 0 
-117.087 -71.7619 0 
-105.899 -68.9048 0 
-101.003 -68.8254 0 
-96.1079 -68.746 0 
-91.2123 -68.6667 0 
-81.777 -64.5057 0 
-77.1401 -63.5986 0 
-72.5031 -62.6916 0 
-67.8662 -61.7846 0 
-63.2292 -60.8776 0 
-58.5923 -59.9705 0 
-54.5566 -56.0873 0 
-51.8578 -49.8042 0 
-48.5577 -46.4974 0 
-46.7477 -38.9577 0 
-48.2378 -34.7249 0 
-46.0066 -29.8307 0 
-42.2854 -29.1693 0 
-39.3942 -23.6138 0 
-40.2243 -18.7196 0 
-36.6367 -13.6931 0 
-32.219 -13.5608 0 
-29.3319 -9.2619 0 
-30.8625 -5.09524 0 
-32.3931 -0.928571 0 
-33.9237 3.2381 0 
-35.4543 7.40476 0 
-36.9849 11.5714 0 
-38.5155 15.7381 0 
-35.7049 21.8393 0 
-31.3636 23.7738 0 
-27.0223 25.7083 0 
-22.681 27.6429 0 
-18.3397 29.5774 0 
-13.9984 31.5119 0 
-9.65713 33.4464 0 
-1.47716 34.9841 0 
3.04179 37.3651 0 
8.18027 40.3413 0 
12.6385 40.5397 0 
17.0967 40.7381 0 
21.5549 40.9365 0 
26.0131 41.1349 0 
30.4713 41.3333 0 
34.9295 41.5317 0 
42.4915 38.2579 0 
45.5952 34.7857 0 
48.699 31.3135 0 
51.8027 27.8413 0 
54.9065 24.369 0 
58.0102 20.8968 0 
61.1139 17.4246 0 
63.8229 18.5159 0 
67.6585 22.3849 0 
71.889 21.6905 0 
76.1194 20.996 0 
81.3824 15.7381 0 
82.415 11.1746 0 
83.4475 6.61111 0 
89.245 0.559524 0 
94.01 -0.928571 0 
98.7749 -2.41667 0 
103.54 -3.90476 0 
108.305 -5.39286 0 
113.07 -6.88095 0 
117.835 -8.36905 0 
126.337 -15.2804 0 
130.949 -15.9418 0 
136.199 -20.7698 0 
136.837 -24.9365 0 
137.474 -29.1032 0 
138.112 -33.2698 0 
138.75 -37.4365 0 
143.994 -42.0794 0 
148.601 -42.5556 0 
153.207 -43.0317 0 
157.813 -43.5079 0 
164.594 -40.0159 0 
169.924 -39.123 0 
173.079 -42.1984 0 
176.235 -45.2738 0 
183.504 -49.4074 0 
187.618 -50.4656 0 
190.145 -55.2275 0 
188.558 -58.9312 0 
182.034 -62.5026 0 
177.098 -62.3704 0 
169.356 -65.0159 0 
166.55 -67.7937 0 
159.431 -71.3651 0 
151.791 -68.9841 0 
148.462 -65.8095 0 
141.773 -63.9577 0 
138.412 -65.2804 0 
134.911 -70.373 0 
133.365 -78.1905 0 
131.958 -82.2381 0 
130.552 -86.2857 0 
129.145 -90.3333 0 
123.177 -95.373 0 
118.615 -96.3651 0 
114.054 -97.3571 0 
109.962 -102.582 0 
110.432 -106.815 0 
115.259 -111.742 0 
119.617 -112.437 0 
123.975 -113.131 0 
126.147 -117.397 0 
123.96 -120.968 0 
121.774 -124.54 0 
116.046 -129.103 0 
111.63 -134.857 0 
110.756 -139.619 0 
109.881 -144.381 0 
104.49 -150.234 0 
99.9745 -151.325 0 
95.4586 -152.417 0 
90.9427 -153.508 0 
86.4267 -154.599 0 
81.9108 -155.69 0 
77.3949 -156.782 0 
72.879 -157.873 0 
68.3631 -158.964 0 
63.8472 -160.056 0 
59.3313 -161.147 0 
56.9453 -165.148 0 
59.0752 -168.058 0 
56.4006 -172.357 0 
51.2196 -178.111 0 
47.1259 -183.27 0 
43.4086 -184.063 0 
43.3297 -187.04 0 
48.1159 -193.389 0 
53.1481 -199.44 0 
57.0323 -201.325 0 
60.9165 -203.21 0 
64.9405 -209.659 0 
62.8787 -218.235 0 
60.6773 -222.247 0 
58.4759 -226.259 0 
56.2744 -230.272 0 
54.073 -234.284 0 
51.8716 -238.296 0 
49.6701 -242.309 0 
47.4687 -246.321 0 
48.5998 -253.64 0 
51.9323 -256.947 0 
51.0941 -262.899 0 
46.9234 -265.545 0 
37.8794 -267.331 0 
33.0062 -266.471 0 
28.1329 -265.611 0 
23.2596 -264.751 0 
18.3864 -263.892 0 
10.9985 -264.222 0 
7.37245 -262.437 0 
2.00194 -260.333 0 
-2.25705 -261.206 0 
-6.51603 -262.079 0 
-10.775 -262.952 0 
-18.8788 -263.23 0 
-26.7485 -264.487 0 
-30.7734 -266.339 0 
-34.7983 -268.19 0 
-38.8233 -270.042 0 
-42.8482 -271.894 0 
-50.7289 -271.127 0 
-54.5845 -268.508 0 
-58.4402 -265.889 0 
-62.2959 -263.27 0 
-68.9031 -262.437 0 
-75.4446 -262.635 0 
-79.2347 -261.048 0 
-87.8555 -257.212 0 
-89.1513 -253.772 0 
-95.1786 -249.937 0 
-99.9101 -249.54 0 
-104.642 -249.143 0 
-109.015 -252.119 0 
-112.082 -254.698 0 
-115.508 -253.905 0 
-118.132 -245.968 0 
-116.974 -239.354 0 
-113.143 -236.709 0 
-110.312 -226.425 0 
-108.638 -222.754 0 
-106.965 -219.083 0 
-105.733 -212.106 0 
-109.175 -210.783 0 
-112.987 -205.69 0 
-116.014 -198.481 0 
-118.67 -195.042 0 
-121.412 -188.825 0 
-124.864 -182.714 0 
-128.231 -179.381 0 
-131.599 -176.048 0 
-134.966 -172.714 0 
-136.031 -165.413 0 
-133.729 -161.444 0 
-131.427 -157.476 0 
-132.069 -151.788 0 
-135.013 -150.069 0 
-142.901 -147.952 0 
-147.845 -147.556 0 
-155.615 -149.275 0 
-158.442 -151.392 0 
-162.742 -149.804 0 
-164.216 -146.101 0 
-162.89 -142.198 0 
-161.762 -137.37 0 
-163.435 -132.741 0 
-169.747 -126.524 0 
-174.388 -124.937 0 
-184.535 -121.233 0 
-187.528 -117.926 0 
-187.969 -110.452 0 
-185.418 -106.286 0 
-182.867 -102.119 0 
-176.371 -97.6548 0 
-172.426 -97.3571 0 
-168.481 -97.0595 0 
-163.88 -93.1905 0 
-163.167 -85.9153 0 
-163.111 -82.2116 0 
-100.27 -213.909 0 
-55.6624 -62.9192 0 
-51.8219 -62.2641 0 
-53.1801 -65.7594 0 
-49.7486 -65.091 0 
-50.8718 -68.3769 0 
-47.4349 -67.6977 0 
-48.547 -70.889 0 
-45.1458 -70.2801 0 
-46.2815 -73.4521 0 
-42.9746 -72.8431 0 
-44.0989 -75.9574 0 
-40.7461 -75.3707 0 
-41.801 -78.5227 0 
-38.4666 -77.9337 0 
-39.501 -81.1948 0 
-36.141 -80.5061 0 
-37.2531 -83.7713 0 
-33.8468 -83.088 0 
-34.9736 -86.354 0 
-31.5856 -85.668 0 
-32.6897 -88.9436 0 
-29.307 -88.2335 0 
-28.2248 -85.0012 0 
-30.3875 -91.5128 0 
-25.9539 -87.6551 0 
-25.0492 -84.4815 0 
-22.7161 -86.9972 0 
-21.9726 -83.4798 0 
-19.5688 -86.1267 0 
-18.5482 -83.2264 0 
-16.4155 -85.4748 0 
-15.4347 -82.5215 0 
-13.3851 -84.7443 0 
-12.3907 -81.8826 0 
-33.7923 -92.2314 0 
-31.4761 -94.8197 0 
-10.3664 -84.0798 0 
-9.39248 -81.2711 0 
-7.36042 -83.5365 0 
-6.40586 -80.6722 0 
-4.38132 -82.9492 0 
-3.42442 -80.0633 0 
-5.31141 -85.8323 0 
-2.32888 -85.2354 0 
-34.7234 -95.5892 0 
-32.4827 -98.1996 0 
-3.27129 -88.157 0 
-35.7809 -98.9183 0 
-33.5324 -101.55 0 
-36.954 -102.211 0 
-34.6996 -104.816 0 
-0.242488 -87.5313 0 
-1.19175 -90.4789 0 
-38.0798 -105.516 0 
-35.8422 -108.101 0 
-39.2746 -108.8 0 
-36.9663 -111.411 0 
1.86227 -89.8516 0 
-40.3973 -112.114 0 
-38.0775 -114.718 0 
0.876903 -92.8562 0 
-41.4845 -115.439 0 
-39.1799 -118.039 0 
-42.5853 -118.762 0 
-40.2486 -121.382 0 
3.99104 -92.1966 0 
-43.7146 -122.078 0 
-41.3479 -124.709 0 
2.96666 -95.2209 0 
-44.8115 -125.406 0 
-42.4814 -128.026 0 
-45.928 -128.73 0 
-43.5956 -131.35 0 
-40.1584 -130.648 0 
-41.2714 -133.971 0 
-44.7013 -134.676 0 
-42.3746 -137.297 0 
-45.732 -138.024 0 
-43.4652 -140.617 0 
-5.38427 -258.132 0 
-46.815 -141.345 0 
-44.5664 -143.928 0 
6.14312 -94.5152 0 
7.16065 -91.4769 0 
-37.8341 -133.273 0 
5.53715 -97.9412 0 
-47.9789 -144.633 0 
-45.6745 -147.233 0 
9.36212 -93.9127 0 
10.3976 -90.7527 0 
12.6444 -93.1574 0 
13.714 -89.998 0 
15.9759 -92.3964 0 
17.0688 -89.2451 0 
-48.2571 -126.097 0 
19.359 -91.6752 0 
20.4589 -88.4279 0 
85.6654 -2.6564 0 
22.7711 -90.9088 0 
23.8859 -87.6204 0 
-49.0931 -147.937 0 
-46.7778 -150.558 0 
-43.3528 -149.841 0 
-44.4511 -153.163 0 
-47.8696 -153.88 0 
-45.5536 -156.469 0 
-48.967 -157.177 0 
-46.6538 -159.75 0 
-50.0169 -160.464 0 
-47.7331 -163.015 0 
-44.36 -162.33 0 
-45.4546 -165.6 0 
-51.0755 -163.697 0 
-42.0644 -164.92 0 
-43.1715 -168.22 0 
-39.766 -167.522 0 
-40.8765 -170.823 0 
26.262 -90.4073 0 
27.3587 -86.957 0 
-129.107 -150.091 0 
-126.096 -151.727 0 
-126.127 -148.368 0 
-37.4505 -170.139 0 
-38.5705 -173.472 0 
21.6664 -94.3399 0 
59.7727 13.0377 0 
29.6534 -89.7913 0 
30.8598 -86.2651 0 
28.4422 -83.5831 0 
31.94 -82.8549 0 
29.5489 -80.2016 0 
33.0364 -79.4731 0 
30.5665 -76.8077 0 
33.9513 -76.0498 0 
31.664 -73.4472 0 
35.1108 -72.7156 0 
32.8411 -70.1412 0 
36.1103 -69.3496 0 
33.9548 -66.7952 0 
-123.154 -150.098 0 
-123.146 -146.665 0 
-26.3013 -260.326 0 
-35.1285 -172.767 0 
-36.2272 -176.1 0 
-39.6826 -176.801 0 
-37.3441 -179.419 0 
-40.8089 -180.102 0 
-38.4967 -182.707 0 
-41.8901 -183.402 0 
-35.0149 -182.091 0 
-89.136 -72.3927 0 
-39.6107 -185.981 0 
-42.9533 -186.672 0 
107.019 -109.328 0 
37.3554 -66.0755 0 
35.0566 -63.4981 0 
-120.164 -148.408 0 
-120.148 -144.94 0 
-40.7103 -189.233 0 
-43.955 -189.945 0 
33.261 -88.9429 0 
39.0518 -68.9708 0 
38.4648 -62.7805 0 
36.1508 -60.1964 0 
-41.7926 -192.469 0 
-45.0354 -193.17 0 
-117.14 -146.691 0 
-117.129 -143.204 0 
-5.44757 -77.7942 0 
39.5434 -59.4564 0 
37.2102 -56.8778 0 
-42.8811 -195.715 0 
-46.1974 -196.355 0 
-48.1922 -193.727 0 
-49.4256 -196.945 0 
-51.4674 -194.348 0 
-52.6262 -197.578 0 
-54.8163 -195.16 0 
-50.5114 -200.023 0 
-53.3376 -161.179 0 
-53.6709 -200.667 0 
-114.087 -144.959 0 
-114.074 -141.43 0 
73.8301 -153.14 0 
-51.5632 -203.063 0 
-54.7661 -203.671 0 
-52.6015 -206.08 0 
-55.7943 -206.685 0 
-117.14 -139.645 0 
56.2862 -158.222 0 
52.3644 -159.099 0 
53.5432 -155.392 0 
49.8784 -156.247 0 
33.8888 -57.6343 0 
34.888 -54.4188 0 
31.6953 -55.1398 0 
32.6491 -52.0582 0 
29.5601 -52.745 0 
30.483 -49.7586 0 
27.4809 -50.3802 0 
28.4494 -47.4682 0 
31.3726 -46.8594 0 
29.3679 -44.6476 0 
32.2414 -44.0129 0 
30.278 -41.8393 0 
33.161 -41.2186 0 
31.1806 -39.0619 0 
28.3659 -39.6857 0 
29.2171 -36.9864 0 
26.5389 -37.595 0 
27.3336 -35.0031 0 
24.777 -35.5681 0 
25.535 -33.0704 0 
23.0489 -33.6417 0 
23.7702 -31.263 0 
21.4075 -31.8047 0 
22.115 -29.4773 0 
19.8021 -30.0301 0 
20.4565 -27.8145 0 
18.2351 -28.337 0 
17.5222 -30.533 0 
15.9773 -28.8253 0 
15.2405 -31.0153 0 
18.9248 -26.1954 0 
21.0421 -25.6782 0 
19.5771 -24.1068 0 
28.0533 -32.4809 0 
47.2893 -238.48 0 
-51.4075 -145.335 0 
-44.3843 -112.712 0 
21.6778 -23.6068 0 
20.2174 -22.027 0 
-53.6222 -209.093 0 
-56.7245 -209.71 0 
-111.896 -197.902 0 
50.8327 -152.83 0 
47.4178 -153.52 0 
-39.5433 -195.03 0 
-114.042 -137.851 0 
48.2791 -150.207 0 
44.9425 -150.877 0 
22.3511 -21.461 0 
20.8445 -19.9217 0 
18.7982 -20.4431 0 
19.3528 -18.356 0 
17.4199 -18.9047 0 
17.9634 -17.032 0 
16.1575 -17.4708 0 
13.6846 -29.2803 0 
12.934 -31.5143 0 
16.6786 -15.7077 0 
14.9232 -16.143 0 
18.4639 -15.2252 0 
17.1774 -13.9196 0 
18.9811 -13.4282 0 
17.6789 -12.0803 0 
19.5053 -11.6083 0 
18.1763 -10.2406 0 
20.0239 -9.76347 0 
18.6691 -8.38093 0 
-54.6179 -212.125 0 
-111.007 -143.209 0 
-58.8968 -207.347 0 
-59.7922 -210.307 0 
20.5443 -7.8994 0 
19.1689 -6.49434 0 
45.9111 -147.463 0 
42.5316 -148.219 0 
-111.029 -146.76 0 
-47.4134 -76.3577 0 
-34.617 -113.99 0 
21.1089 -5.97392 0 
19.6842 -4.5657 0 
22.5524 -7.43565 0 
-117.168 -136.04 0 
-114.011 -134.226 0 
-107.93 -145.014 0 
-107.96 -148.595 0 
-61.8509 -208.022 0 
-62.7904 -210.891 0 
43.4622 -144.858 0 
40.0967 -145.627 0 
-99.6872 -215.953 0 
131.816 -68.3338 0 
-17.7264 -80.0831 0 
-34.0102 -169.439 0 
-104.841 -146.832 0 
-104.878 -150.435 0 
-117.188 -132.381 0 
-113.993 -130.544 0 
23.1366 -5.41071 0 
24.6408 -6.87012 0 
135.466 -40.0743 0 
41.0252 -142.292 0 
37.6023 -143.1 0 
44.407 -141.419 0 
36.5992 -146.511 0 
34.1783 -143.933 0 
33.1127 -147.316 0 
30.7063 -144.751 0 
29.7283 -148.024 0 
27.2722 -145.573 0 
26.3016 -148.787 0 
23.9008 -146.442 0 
22.9243 -149.763 0 
20.5097 -147.293 0 
19.5277 -150.674 0 
17.0977 -148.142 0 
16.1124 -151.525 0 
13.6796 -148.982 0 
12.6923 -152.362 0 
-64.7426 -208.805 0 
-65.7215 -211.475 0 
-51.4662 -211.494 0 
21.5104 -143.936 0 
10.2579 -149.818 0 
-52.5031 -214.588 0 
-49.277 -213.942 0 
-50.3523 -217.099 0 
-47.0729 -216.437 0 
-101.737 -148.666 0 
-101.773 -152.279 0 
9.27057 -153.197 0 
41.9871 -138.869 0 
45.408 -137.979 0 
16.8625 -8.92679 0 
104.496 -8.84256 0 
-117.216 -128.658 0 
-113.931 -126.804 0 
-67.6513 -209.467 0 
-68.5996 -212.035 0 
11.3263 -29.7076 0 
10.5537 -32.0272 0 
6.83739 -150.651 0 
7.8807 -147.346 0 
25.2669 -4.79986 0 
26.8545 -6.44104 0 
-48.1525 -219.619 0 
-44.8361 -218.966 0 
0.178763 31.8288 0 
-98.6249 -150.502 0 
-98.6668 -154.119 0 
-98.5964 -146.89 0 
42.9516 -135.391 0 
46.3682 -134.612 0 
5.84923 -154.031 0 
8.18979 -156.555 0 
-2.49328 -77.1579 0 
-4.50287 -74.8876 0 
3.43397 -151.489 0 
8.88451 -30.1505 0 
8.07728 -32.5737 0 
-54.3946 -164.374 0 
2.02148 -98.3064 0 
4.1392 -100.672 0 
4.83196 -157.417 0 
7.1867 -159.949 0 
-117.239 -124.882 0 
-113.881 -122.979 0 
-70.5247 -209.91 0 
-71.431 -212.578 0 
-69.5497 -214.719 0 
-72.3696 -215.267 0 
-70.4887 -217.438 0 
-73.3131 -217.978 0 
-71.4343 -220.156 0 
3.82641 -160.82 0 
6.28752 -163.392 0 
-45.9294 -222.213 0 
-42.5504 -221.524 0 
-39.6749 -72.1284 0 
-56.6443 -161.868 0 
-57.7046 -165.066 0 
27.534 -4.17059 0 
29.2087 -5.90249 0 
2.83686 -164.245 0 
5.3132 -166.825 0 
43.9563 -131.935 0 
47.469 -131.057 0 
1.00552 -101.309 0 
3.1244 -103.729 0 
-1.56415 -74.2512 0 
-3.54869 -71.9998 0 
-95.4829 -148.72 0 
-95.4522 -145.109 0 
1.84058 -167.675 0 
4.27722 -170.257 0 
6.36674 -30.6295 0 
5.52202 -33.1406 0 
16.8258 -260.241 0 
-0.0423106 -104.32 0 
2.10143 -106.804 0 
40.5917 -56.1325 0 
34.0768 -38.4071 0 
0.828169 -171.123 0 
3.26724 -173.707 0 
-1.10903 -107.407 0 
19.5697 37.2742 0 
-136.877 -80.7847 0 
-73.291 -210.433 0 
-72.4194 -207.794 0 
-75.1207 -208.325 0 
-74.2494 -205.714 0 
-77.022 -206.333 0 
-76.0823 -203.699 0 
-78.8804 -204.302 0 
-77.8258 -201.646 0 
-92.34 -146.937 0 
-92.3113 -143.323 0 
110.973 -94.1135 0 
106.729 -94.8523 0 
108.084 -90.9895 0 
104.106 -91.7605 0 
105.264 -87.9148 0 
101.341 -88.6673 0 
102.475 -84.849 0 
98.4283 -85.7198 0 
99.6708 -81.8204 0 
95.6321 -82.7039 0 
96.8885 -78.7804 0 
94.3802 -86.6041 0 
92.8697 -79.6662 0 
94.1175 -75.7392 0 
90.1085 -76.617 0 
91.3571 -72.7008 0 
87.3517 -73.5825 0 
88.5918 -69.6761 0 
92.8064 -68.725 0 
89.8723 -65.7392 0 
85.8512 -66.6531 0 
87.0725 -62.7102 0 
91.0715 -61.8054 0 
88.2965 -58.7483 0 
92.3318 -57.8487 0 
89.556 -54.7811 0 
85.4856 -55.6743 0 
86.7452 -51.7081 0 
-0.189627 -174.577 0 
2.26681 -177.169 0 
-1.20115 -178.037 0 
1.25447 -180.631 0 
-2.20638 -181.503 0 
0.257231 -184.093 0 
-3.20797 -184.947 0 
-0.753313 -187.53 0 
-4.25369 -188.324 0 
-1.75074 -190.942 0 
-5.27934 -191.649 0 
-2.7457 -194.34 0 
-6.23368 -195.104 0 
-3.72547 -197.787 0 
-0.240882 -196.938 0 
-1.22865 -200.399 0 
2.27696 -199.531 0 
1.27221 -202.999 0 
-2.2227 -203.868 0 
0.276429 -206.46 0 
3.77338 -205.618 0 
2.75456 -209.056 0 
-0.715675 -209.904 0 
1.75264 -212.488 0 
-1.71082 -213.327 0 
5.2351 -211.638 0 
4.22696 -215.089 0 
7.72924 -214.229 0 
6.71571 -217.711 0 
82.7073 -52.5792 0 
-0.593747 -71.375 0 
-2.58537 -69.1237 0 
44.9464 -128.435 0 
48.4639 -127.476 0 
-43.6613 -224.793 0 
-40.2597 -224.116 0 
-47.0423 -225.467 0 
93.6373 -53.8849 0 
1.06735 -109.907 0 
-2.15202 -110.561 0 
-74.2809 -220.701 0 
-72.3798 -222.912 0 
4.28529 -109.254 0 
10.2587 -216.838 0 
29.9027 -3.51761 0 
31.6552 -5.40249 0 
28.1273 -1.74208 0 
7.33182 -35.1144 0 
4.65899 -35.7365 0 
6.58817 -37.7565 0 
3.825 -38.3874 0 
1.93665 -36.3344 0 
1.03312 -38.9858 0 
5.72596 -40.4368 0 
-0.923956 -36.8761 0 
-1.84733 -39.6527 0 
108.464 -132.001 0 
83.9401 -48.6339 0 
79.9082 -49.5007 0 
-3.87039 -37.4695 0 
-4.78497 -40.3843 0 
-44.782 -228.051 0 
-48.1521 -228.703 0 
-117.262 -121.015 0 
-113.888 -119.065 0 
-120.98 -126.588 0 
0.376217 -68.51 0 
-110.481 -121.059 0 
-110.479 -117.102 0 
-107.075 -119.103 0 
-106.97 -115.303 0 
-103.585 -117.166 0 
-29.8213 2.30423 0 
30.6449 -1.08728 0 
28.6677 0.874054 0 
-89.1977 -145.153 0 
-89.1572 -141.533 0 
45.9439 -124.928 0 
49.5165 -124.123 0 
42.4194 -125.816 0 
-45.9147 -231.248 0 
9.24584 -220.364 0 
3.23838 -112.391 0 
6.49802 -111.719 0 
81.0779 -45.6168 0 
77.0793 -46.4695 0 
76.0301 -50.5523 0 
-39.1562 -220.823 0 
-36.8475 -223.428 0 
-35.742 -220.12 0 
-33.4264 -222.734 0 
-49.2711 -231.936 0 
22.1919 -153.494 0 
-103.594 -112.798 0 
-100.107 -115.108 0 
86.1155 -77.4685 0 
-0.618463 -165.091 0 
-89.229 -148.758 0 
87.7396 -150.143 0 
-75.2947 -223.451 0 
-73.3457 -225.706 0 
5.67294 -221.219 0 
8.2083 -223.894 0 
52.04 -126.615 0 
53.1179 -123.224 0 
55.6742 -125.822 0 
56.7391 -122.228 0 
53.9843 -119.807 0 
57.7519 -118.622 0 
60.4217 -121.316 0 
61.4536 -117.65 0 
64.1432 -120.4 0 
58.7878 -114.897 0 
62.6054 -114.03 0 
59.8285 -111.215 0 
12.8323 -219.484 0 
13.8501 -215.918 0 
-39.3467 -99.3858 0 
3.72056 -183.108 0 
84.8645 -44.5876 0 
4.57024 -224.732 0 
78.2908 -42.5413 0 
74.302 -43.433 0 
-110.496 -113.11 0 
63.5778 -110.271 0 
60.8312 -107.494 0 
-6.86959 -38.1095 0 
-7.81643 -41.0701 0 
-5.95615 -35.2478 0 
-19.2714 24.6871 0 
26.5958 -53.4204 0 
-32.3185 -219.417 0 
-29.9937 -222.039 0 
75.4813 -39.543 0 
71.5497 -40.392 0 
72.7328 -36.539 0 
69.0026 -37.4248 0 
70.0141 -33.5887 0 
7.73124 -169.361 0 
-86.0988 -146.985 0 
-86.1239 -150.566 0 
-31.1059 -225.368 0 
32.0368 -92.5086 0 
-120.89 -182.068 0 
36.5863 -78.5216 0 
-99.8941 -111.066 0 
-96.5191 -113.145 0 
42.9918 -58.7505 0 
5.43641 -114.889 0 
8.72433 -114.207 0 
-80.7198 -202.209 0 
-79.6797 -199.466 0 
65.9764 -34.8481 0 
67.35 -30.5977 0 
-46.9368 -234.422 0 
31.3991 1.53077 0 
29.288 3.59621 0 
16.4661 -218.593 0 
63.6192 -31.3889 0 
64.7158 -27.6901 0 
60.8577 -28.5401 0 
62.0543 -24.84 0 
58.2839 -25.6117 0 
17.5009 -214.937 0 
-98.2132 -214.403 0 
-98.7116 -211.933 0 
-97.5967 -216.502 0 
7.14519 -227.441 0 
-27.6504 -224.672 0 
96.4612 -56.9842 0 
97.7225 -53.0057 0 
64.5658 -106.536 0 
61.8623 -103.782 0 
67.7621 -109.49 0 
-50.385 -235.185 0 
-24.9659 -10.0226 0 
-54.2959 -68.908 0 
-96.5318 -109.107 0 
-92.9777 -111.16 0 
-100.097 -107.066 0 
29.3411 -70.9131 0 
-76.3131 -226.251 0 
-74.3221 -228.551 0 
53.9004 -226.359 0 
-9.93177 -38.7536 0 
-10.896 -41.7566 0 
-160.159 -128.842 0 
-83.0136 -148.808 0 
-83.0382 -152.368 0 
-161.069 -95.5303 0 
76.3602 -35.3681 0 
-101.797 -155.896 0 
-98.7128 -157.734 0 
59.4437 -22.003 0 
55.7414 -22.8236 0 
-28.7752 -228.032 0 
3.47314 -228.267 0 
7.67338 -117.388 0 
4.34314 -118.061 0 
10.9716 -116.713 0 
-4.33985 -108.043 0 
-5.39179 -111.216 0 
43.4138 -122.331 0 
-82.6629 -200.083 0 
-81.7026 -197.242 0 
-78.7016 -196.686 0 
-80.7432 -194.403 0 
-77.7006 -193.855 0 
-79.7707 -191.527 0 
-76.6796 -190.973 0 
-78.7736 -188.607 0 
-81.8507 -189.206 0 
-80.8334 -186.209 0 
-83.9934 -186.838 0 
-82.9376 -183.761 0 
-86.1573 -184.408 0 
-75.7241 -188.025 0 
-123.161 -153.47 0 
-28.8862 -218.713 0 
-122.867 -79.2993 0 
-31.6777 -172.07 0 
-30.5577 -168.73 0 
-93.0495 -107.113 0 
-89.4935 -109.158 0 
-47.9986 -237.738 0 
-96.0444 -214.941 0 
-95.4044 -217.093 0 
32.1124 4.35281 0 
34.2348 2.21667 0 
29.9743 6.37517 0 
-2.82704 -42.464 0 
20.1534 -217.681 0 
2.36002 -70.7899 0 
3.35016 -67.8766 0 
56.8812 -19.2114 0 
27.1653 5.61181 0 
27.8505 8.41038 0 
25.0961 7.5898 0 
100.564 -56.0468 0 
101.793 -52.1145 0 
-89.5098 -105.088 0 
-85.9845 -107.149 0 
-85.9981 -111.193 0 
-82.525 -109.205 0 
-82.4676 -105.178 0 
-82.572 -113.21 0 
-79.0228 -107.219 0 
-78.9604 -103.221 0 
-75.5253 -105.249 0 
-75.4712 -101.287 0 
30.8766 -7.96498 0 
33.5131 -7.32826 0 
32.7144 -9.93942 0 
39.9056 -123.217 0 
-85.0984 -181.301 0 
-88.3256 -181.766 0 
-81.867 -180.669 0 
65.5856 -102.819 0 
62.8883 -100.068 0 
-5.61387 -69.794 0 
21.2039 -213.969 0 
-4.59911 -66.8724 0 
-7.63579 -67.5419 0 
-101.829 -159.499 0 
44.0888 -55.3285 0 
46.5032 -58.0079 0 
6.06237 -230.975 0 
57.2766 -108.285 0 
-13.032 -39.4065 0 
-14.0178 -42.46 0 
-139.42 -144.54 0 
-25.2807 -227.323 0 
-26.4188 -230.721 0 
-6.78198 -185.624 0 
46.2583 -156.75 0 
-72.1433 -103.184 0 
-72.0114 -99.3638 0 
-72.5652 -107.172 0 
103.695 -80.9337 0 
-7.58409 -108.712 0 
-8.65079 -111.879 0 
25.7442 10.4067 0 
23.0045 9.58573 0 
-79.9217 -150.624 0 
-79.907 -147.06 0 
-79.9573 -154.173 0 
-51.5578 -238.489 0 
9.89765 -119.912 0 
-45.2768 -184.004 0 
40.8914 -119.739 0 
-77.3031 -229.103 0 
-75.3135 -231.435 0 
-93.8123 -215.43 0 
9.64766 -230.117 0 
13.1376 -119.205 0 
23.8869 -38.3601 0 
5.3674 -70.1892 0 
6.34953 -67.2428 0 
28.5015 11.3955 0 
2.41864 -231.852 0 
8.64097 -233.622 0 
12.1842 -232.776 0 
-3.69112 -175.45 0 
-68.6867 -101.313 0 
-68.5777 -97.5387 0 
7.12144 -28.2559 0 
3.3869 31.9541 0 
1.42609 28.9382 0 
4.59816 28.9369 0 
2.84693 26.2367 0 
5.79143 26.0009 0 
4.16052 23.5849 0 
48.9779 -137.138 0 
104.584 -55.1456 0 
105.859 -51.217 0 
103.05 -48.1334 0 
-84.61 -197.837 0 
-89.3969 -185.045 0 
-91.6142 -182.434 0 
35.6823 -91.6365 0 
23.8998 -216.762 0 
4.29832 -64.9653 0 
131.913 -64.6675 0 
107.153 -47.2406 0 
104.321 -44.1332 0 
34.9884 5.19334 0 
37.2146 2.92772 0 
59.6981 -32.2294 0 
35.4807 -9.26469 0 
34.6153 -11.9956 0 
-84.0274 -178.169 0 
-80.7631 -177.532 0 
-20.5196 -89.2321 0 
-93.0949 -217.702 0 
-49.2282 -241.03 0 
-45.5972 -240.397 0 
-161.921 -99.1772 0 
-158.231 -97.9296 0 
62.7413 9.78992 0 
-6.61741 -64.5997 0 
-9.61263 -65.2176 0 
7.00469 23.336 0 
5.35306 21.0891 0 
23.634 12.3888 0 
2.67953 21.3228 0 
3.81859 18.9272 0 
1.28597 19.1437 0 
2.33334 16.9285 0 
-0.0580035 17.1188 0 
0.970486 15.0501 0 
-1.35474 15.1899 0 
3.12904 14.7756 0 
1.9128 13.0704 0 
3.92163 12.8647 0 
2.78225 11.2608 0 
4.72556 11.0639 0 
5.90073 12.6479 0 
6.64675 10.8308 0 
5.47937 9.34033 0 
7.34246 9.09424 0 
6.22132 7.65784 0 
7.96036 7.38884 0 
6.93254 6.03448 0 
8.58402 5.76391 0 
7.60923 4.46686 0 
9.25449 4.22265 0 
8.27322 2.95295 0 
108.48 -43.2298 0 
-103.345 -73.0552 0 
66.6201 -99.1019 0 
63.9123 -96.3556 0 
-16.1998 -40.0683 0 
-17.1827 -43.1662 0 
-15.1667 -37.1373 0 
-79.7941 -257.22 0 
128.663 -66.4261 0 
128.785 -62.6902 0 
13.9396 -116.049 0 
-76.8078 -148.879 0 
-76.7984 -145.304 0 
7.30008 -64.3151 0 
60.5837 -18.3768 0 
24.9415 -213.016 0 
22.2381 -210.225 0 
-91.4625 -215.967 0 
105.585 -40.0604 0 
-69.514 -222.348 0 
24.3315 -51.0365 0 
47.6193 -54.5275 0 
50.0773 -57.2457 0 
-94.8382 -219.423 0 
-92.508 -246.5 0 
68.4882 -26.6931 0 
-10.8551 -109.36 0 
-11.9292 -112.541 0 
-9.71266 -115.059 0 
-13.0098 -115.728 0 
-10.7763 -118.261 0 
-14.0954 -118.932 0 
-11.8512 -121.479 0 
-15.1879 -122.154 0 
-12.9316 -124.715 0 
-73.2738 -203.159 0 
-28.2192 -171.376 0 
-27.0987 -168.027 0 
-22.8845 -230.007 0 
-24.0452 -233.444 0 
34.6269 -95.1917 0 
-23.6242 -13.9024 0 
-21.239 -11.2973 0 
-19.8698 -14.5022 0 
-17.7095 -11.9335 0 
-16.4243 -14.8655 0 
-14.5305 -12.4256 0 
-15.5423 -9.67731 0 
-12.7237 -10.305 0 
-13.5511 -7.73365 0 
-11.794 -12.7966 0 
-10.1401 -10.8687 0 
-9.24745 -13.1773 0 
-7.71164 -11.3467 0 
-6.88391 -13.5327 0 
-5.4983 -11.7192 0 
-6.22013 -9.76047 0 
-4.15541 -10.1247 0 
-3.45864 -11.9736 0 
-2.23731 -10.4548 0 
-1.5425 -12.2263 0 
-0.37938 -10.7176 0 
0.258161 -12.5316 0 
1.61327 -11.1971 0 
-0.869352 -14.035 0 
1.0879 -14.2925 0 
-0.151843 -15.9064 0 
-4.60229 -8.42687 0 
-8.40057 -15.4279 0 
0.809471 -9.35193 0 
2.51359 -9.58935 0 
1.84823 -8.07242 0 
3.45473 -8.29349 0 
4.12834 -9.72019 0 
5.06145 -8.46769 0 
4.4109 -7.06021 0 
5.94283 -7.23699 0 
6.59391 -8.60759 0 
7.91846 12.4153 0 
-73.1864 -67.7411 0 
-16.2838 -125.392 0 
-14.0173 -127.965 0 
-10.6568 -127.281 0 
-11.7419 -130.541 0 
-15.1131 -131.23 0 
-12.8371 -133.816 0 
-16.2195 -134.51 0 
-13.9311 -137.106 0 
-17.2893 -137.814 0 
-15.0208 -140.409 0 
-18.3923 -141.118 0 
-16.1205 -143.719 0 
-19.5458 -144.415 0 
-17.2325 -147.034 0 
-8.37204 -129.853 0 
39.6698 -188.836 0 
36.2906 -186.916 0 
36.2474 -183.028 0 
32.9271 -185.004 0 
32.8786 -181.162 0 
-46.1444 -64.3646 0 
-65.3563 -99.354 0 
-65.211 -95.6858 0 
38.0059 6.07707 0 
40.3404 3.68244 0 
12.1308 -122.454 0 
15.7755 -121.476 0 
-46.816 -243.781 0 
-43.2184 -243.193 0 
5.24161 -62.0408 0 
-72.2886 -230.855 0 
-73.2962 -233.805 0 
9.89983 2.655 0 
29.5879 -183.115 0 
29.5637 -179.271 0 
-158.884 -101.698 0 
-155.194 -100.426 0 
27.7676 -215.628 0 
26.6223 -219.589 0 
-72.2291 -95.2104 0 
7.44138 -7.34927 0 
-52.751 -241.647 0 
-20.6654 -147.73 0 
57.964 -15.5506 0 
8.42662 -69.5258 0 
-21.7767 -226.605 0 
-92.1703 -213.67 0 
-92.3051 -139.694 0 
-89.1008 -137.882 0 
5.27767 6.27684 0 
31.6086 -141.262 0 
-19.424 -40.6981 0 
-20.454 -43.9742 0 
60.1856 -97.3188 0 
61.2147 -93.612 0 
64.9331 -92.6452 0 
62.226 -89.9161 0 
-18.3472 -150.354 0 
-4.42142 -90.9464 0 
49.5723 -201.858 0 
-29.5176 -165.284 0 
61.7498 -14.6793 0 
-8.6388 -62.2886 0 
-11.669 -62.9134 0 
-31.1508 -216.11 0 
-27.7664 -215.387 0 
-92.3613 -220.106 0 
-94.2527 -221.965 0 
109.809 -39.1658 0 
32.8273 -177.349 0 
-98.7653 -161.327 0 
-101.878 -163.086 0 
37.4684 -11.303 0 
36.6197 -14.1173 0 
29.5346 -175.463 0 
-20.4637 -232.719 0 
-21.6426 -236.199 0 
-82.9558 -175.013 0 
-79.6773 -174.38 0 
37.3959 -120.621 0 
29.9451 -186.929 0 
1.8028 -16.2388 0 
0.591612 -17.8621 0 
-155.848 -104.333 0 
-152.081 -103.064 0 
51.1823 -53.7557 0 
53.6517 -56.4994 0 
52.5471 -60.0132 0 
56.177 -59.2609 0 
55.0489 -62.8168 0 
58.7352 -62.0212 0 
48.7178 -51.0386 0 
57.5815 -65.6248 0 
61.2947 -64.8286 0 
5.34291 -5.88759 0 
54.3222 -151.512 0 
-73.7194 -147.121 0 
-73.6937 -143.551 0 
10.9299 4.02951 0 
111.284 -46.3827 0 
-59.9622 -162.554 0 
-152.698 -106.945 0 
-148.943 -105.731 0 
-149.565 -109.623 0 
-145.765 -108.363 0 
-146.597 -112.582 0 
-142.654 -111.048 0 
-141.898 -107.002 0 
-143.418 -115.355 0 
8.24264 -61.3889 0 
6.18498 -59.1183 0 
-22.1265 -17.456 0 
-61.0171 -165.775 0 
-58.7543 -168.298 0 
4.65098 -28.6705 0 
58.5255 -90.8847 0 
25.848 -209.216 0 
14.3947 -17.8088 0 
11.1845 -236.312 0 
14.7916 -235.45 0 
-14.139 -110.022 0 
-175.391 -120.985 0 
125.477 -64.4438 0 
38.3761 -117.152 0 
-92.6877 -185.759 0 
-94.9515 -183.217 0 
-52.6176 -232.635 0 
-138.699 -109.58 0 
-137.993 -105.58 0 
13.1801 -16.5141 0 
106.901 -35.9717 0 
-73.6189 -190.438 0 
-72.648 -187.447 0 
-61.9798 -97.5683 0 
-62.1737 -101.636 0 
-61.9085 -93.817 0 
-118.394 -184.503 0 
-117.448 -181.021 0 
-46.0452 -213.299 0 
20.8083 -13.098 0 
-24.7571 -170.677 0 
-89.8143 -214.204 0 
8.11044 -8.73701 0 
38.1289 -94.3255 0 
44.3021 30.2736 0 
26.3102 -181.171 0 
-40.6382 -84.8199 0 
-18.0221 -235.464 0 
-19.1964 -238.974 0 
-22.8431 -239.704 0 
65.9464 -88.9288 0 
-22.7533 -41.3685 0 
-23.8067 -44.7054 0 
6.4893 3.12142 0 
-44.3991 -246.756 0 
8.51313 -39.8043 0 
23.2497 -206.47 0 
-15.6473 -238.201 0 
7.63124 -42.5053 0 
-30.0332 -212.784 0 
-26.6544 -212.058 0 
31.8594 -151.001 0 
34.8916 -118.031 0 
33.9227 -121.538 0 
-104.935 -161.232 0 
14.3997 -124.942 0 
11.0634 -125.691 0 
17.7099 -85.3841 0 
30.4963 -218.62 0 
29.3619 -222.534 0 
-2.4257 17.3718 0 
-3.84497 15.2326 0 
-0.220179 -229.111 0 
128.003 -83.0472 0 
-62.0476 -169.003 0 
-59.8149 -171.521 0 
-64.8254 -166.286 0 
-13.0535 -106.84 0 
123.435 -18.9317 0 
11.583 2.36007 0 
-92.2992 -136.025 0 
-89.0528 -134.191 0 
32.7622 -173.569 0 
-114.899 -183.64 0 
-113.91 -180.137 0 
-116.434 -177.525 0 
-40.7564 -246.044 0 
7.41295 -72.5263 0 
10.5306 -71.8473 0 
59.5274 -87.2062 0 
-134.765 -108.2 0 
-134.072 -104.162 0 
41.2012 6.92353 0 
43.5752 4.52389 0 
-70.2133 -233.204 0 
-71.2354 -236.221 0 
-21.4671 -47.2869 0 
-24.8417 -48.0393 0 
10.3882 -41.8781 0 
55.8463 -88.1753 0 
-11.628 -139.704 0 
26.4664 -261.482 0 
8.97162 -7.44727 0 
-91.587 -222.696 0 
-93.6141 -224.717 0 
9.18049 -58.4666 0 
11.2474 -60.7449 0 
-22.9848 -145.105 0 
-74.4086 -236.801 0 
-72.3089 -239.293 0 
12.6464 -18.2234 0 
2.69465 -18.1676 0 
-83.0465 -155.911 0 
81.1232 -1.2683 0 
82.1483 -5.75856 0 
-24.1006 -148.426 0 
-10.6828 -59.9592 0 
-13.7655 -60.5784 0 
-14.7497 -63.5815 0 
59.0677 -11.8095 0 
52.2728 -50.2523 0 
49.7066 -47.5058 0 
-23.6572 -167.288 0 
-63.0852 -172.218 0 
-60.8443 -174.711 0 
39.5196 -13.414 0 
38.6435 -16.3191 0 
-162.66 -103.11 0 
-90.5156 -211.862 0 
-16.8849 -61.2176 0 
-17.8955 -64.2856 0 
-20.0643 -61.8679 0 
-21.0811 -64.9759 0 
-23.2816 -62.526 0 
23.8611 -23.1481 0 
165.85 -63.8827 0 
-93.8523 -180.03 0 
-58.8986 -159.329 0 
12.6816 3.82161 0 
102.162 -95.3411 0 
-53.6416 -217.955 0 
8.86103 1.14709 0 
40.1672 -10.6497 0 
35.871 -114.575 0 
-44.1528 -47.6805 0 
39.2128 -113.63 0 
29.492 -171.724 0 
-20.3853 -242.503 0 
-28.9861 -209.437 0 
-25.5567 -208.723 0 
-23.2246 -211.349 0 
-22.1141 -208.01 0 
-24.4535 -205.382 0 
-151.659 -98.9893 0 
-41.0163 -152.451 0 
-58.6941 -95.7216 0 
-70.6283 -145.364 0 
-70.588 -141.796 0 
-73.6677 -139.975 0 
-70.5431 -138.219 0 
-73.5905 -136.381 0 
-70.4693 -134.602 0 
-73.6107 -132.764 0 
-70.4403 -130.969 0 
-67.3126 -132.836 0 
-67.2472 -129.182 0 
24.5642 -20.897 0 
26.1737 -22.7084 0 
102.668 -36.8799 0 
103.985 -32.7678 0 
99.7325 -33.6968 0 
13.7346 -239.039 0 
17.4366 -238.172 0 
9.90889 -239.72 0 
-18.5455 -122.821 0 
-16.3439 -107.484 0 
-7.64301 -59.3441 0 
-14.9104 -149.656 0 
-16.0239 -152.983 0 
-19.539 -135.301 0 
32.3988 -115.451 0 
125.617 -60.6685 0 
26.8847 -205.453 0 
-157.778 -138.548 0 
-77.1849 -221.221 0 
-75.5791 -239.875 0 
103.285 -58.6905 0 
-80.012 -157.693 0 
-62.2916 -259.116 0 
-65.5474 -257.173 0 
13.3145 -128.123 0 
9.96903 -128.925 0 
16.7346 -127.048 0 
-125.876 -144.709 0 
-96.029 -186.507 0 
-19.7733 -210.642 0 
-130.966 -106.633 0 
-130.168 -102.72 0 
-70.556 -189.884 0 
-58.6351 -91.9967 0 
-61.8255 -90.0637 0 
32.7079 -169.821 0 
-64.5259 -205.763 0 
-40.6498 -198.295 0 
-21.3348 -169.904 0 
-22.4221 -173.32 0 
-77.9088 -208.976 0 
-24.3097 -65.689 0 
-26.536 -63.1953 0 
-26.1825 -42.1217 0 
-25.0894 -38.7296 0 
-53.6798 -191.675 0 
56.8436 -84.5111 0 
-110.828 -132.416 0 
39.2653 -90.8531 0 
-26.4206 -145.799 0 
128.996 -58.9036 0 
-137.343 -101.481 0 
-90.7458 -225.511 0 
-92.9212 -227.663 0 
20.9039 11.5876 0 
21.5415 14.4125 0 
-24.0544 -243.232 0 
-69.1664 -238.64 0 
-73.4047 -242.437 0 
142.21 -60.0682 0 
62.9422 -10.9152 0 
33.2984 -221.565 0 
32.3255 -225.342 0 
34.4041 -217.662 0 
-21.0058 -204.668 0 
-23.3466 -202.038 0 
-70.4031 -127.307 0 
-67.1819 -125.51 0 
-41.981 -249.626 0 
-83.1137 -159.473 0 
9.65854 -8.86726 0 
8.76836 -10.1645 0 
-16.6373 -260.306 0 
101.06 -29.5421 0 
96.787 -30.4795 0 
-57.5674 -174.032 0 
-92.1871 -132.459 0 
3.47717 -256.705 0 
122.264 -62.4491 0 
122.126 -66.2679 0 
-97.1995 -180.672 0 
-28.8602 -97.6853 0 
-29.8899 -231.375 0 
33.3358 -112.048 0 
29.9028 -112.892 0 
-45.3702 -250.618 0 
-88.9231 -130.64 0 
-131.325 -110.138 0 
-4.96942 17.6181 0 
-6.4259 15.3313 0 
-4.92629 12.7786 0 
-7.72233 13.0462 0 
-6.56895 10.7755 0 
-9.06283 10.8968 0 
-7.84797 8.78588 0 
-10.2929 8.78587 0 
-5.30811 8.81324 0 
-6.64075 6.91281 0 
-4.71068 6.81532 0 
-5.67314 5.22671 0 
-11.6198 10.9946 0 
-12.9846 8.71511 0 
-14.3879 11.2279 0 
-3.86788 4.96855 0 
-4.85475 3.62309 0 
-6.57667 3.65265 0 
-5.38417 2.02142 0 
-7.44022 2.05209 0 
-6.4605 0.47712 0 
-32.123 10.6539 0 
-112.998 -176.726 0 
-115.444 -173.968 0 
9.54235 -44.5849 0 
-55.4359 -93.9025 0 
13.3455 2.09561 0 
-89.8874 -228.49 0 
65.3339 -13.8035 0 
11.4018 -16.8827 0 
10.8232 -18.6648 0 
12.3038 -43.9478 0 
125.763 -56.85 0 
149.233 -61.5257 0 
-15.2565 -104.316 0 
24.2766 -202.706 0 
-9.66652 -57.0102 0 
-6.66793 -56.3763 0 
-8.41125 0.40404 0 
6.75723 -45.2254 0 
41.7105 -93.5804 0 
107.476 -113.558 0 
103.643 -111.836 0 
38.7867 9.33203 0 
42.1226 10.2388 0 
39.5977 12.7265 0 
-64.1304 -131.058 0 
-12.5822 -152.282 0 
-13.6974 -155.616 0 
8.71293 25.6548 0 
9.82211 23.0625 0 
12.317 -131.04 0 
8.87284 -132.018 0 
14.5518 3.53835 0 
13.8156 5.37515 0 
104.071 -115.986 0 
100.294 -114.295 0 
100.759 -118.401 0 
96.9963 -116.734 0 
97.4657 -120.824 0 
93.814 -119.303 0 
92.5632 -115.225 0 
94.197 -123.269 0 
90.5372 -121.757 0 
90.9149 -125.715 0 
87.1483 -124.077 0 
87.4943 -128.002 0 
83.8285 -126.514 0 
91.28 -129.918 0 
83.2183 -122.759 0 
84.1576 -130.438 0 
80.4887 -128.964 0 
80.9229 -133.048 0 
77.1213 -131.407 0 
36.1153 -40.6362 0 
37.0491 -37.6988 0 
7.08254 -255.892 0 
20.559 -203.702 0 
21.5848 -199.983 0 
41.6297 -15.5962 0 
40.7336 -18.5353 0 
-69.5494 -186.859 0 
118.872 -18.2742 0 
120.614 -22.3666 0 
-58.5971 -177.224 0 
59.8247 -58.4442 0 
40.5827 -97.0589 0 
67.6102 -41.1681 0 
3.90732 -5.68268 0 
4.80095 -4.57904 0 
3.48292 -4.37414 0 
4.29507 -3.40377 0 
3.07018 -3.20042 0 
3.86645 -2.34999 0 
2.31712 -4.13684 0 
-70.6651 -148.923 0 
98.1209 -26.3052 0 
93.8301 -27.2342 0 
95.1703 -23.049 0 
90.8605 -23.9791 0 
-67.5816 -147.175 0 
45.7506 -199.833 0 
1.92159 -3.03557 0 
1.20308 -3.90298 0 
0.814126 -2.87591 0 
0.119978 -3.71113 0 
-0.268638 -2.68195 0 
-0.977747 -3.53639 0 
26.9924 -77.459 0 
-166.159 -123.059 0 
16.4006 -241.815 0 
20.179 -240.963 0 
12.1813 -57.8078 0 
14.2641 -60.0944 0 
-38.271 -248.909 0 
-27.0996 -81.83 0 
-98.817 -164.897 0 
5.61356 -3.50126 0 
54.6139 -26.346 0 
9.51642 -74.8779 0 
53.1859 -85.4771 0 
54.1749 -81.8347 0 
57.8284 -80.8563 0 
17.8079 -5.04476 0 
12.6562 -74.2199 0 
10.3521 -10.3024 0 
37.7395 -19.2347 0 
39.798 -21.4612 0 
29.4503 -168.007 0 
26.2566 -169.889 0 
32.6478 -166.1 0 
-85.5484 -200.726 0 
-87.5757 -198.501 0 
31.912 -64.1342 0 
-126.97 -105.462 0 
-126.228 -101.296 0 
6.59742 -129.595 0 
5.56574 -132.81 0 
-76.7251 -243.044 0 
-78.9065 -240.438 0 
-15.8834 8.67638 0 
-17.4413 11.2802 0 
-129.734 -161.787 0 
10.5479 -7.57177 0 
9.84021 -6.13267 0 
-16.1469 -7.01444 0 
30.8402 -109.5 0 
27.4313 -110.325 0 
17.6344 -24.3689 0 
60.2112 -8.02017 0 
56.3622 -8.92265 0 
-3.03161 6.56886 0 
-2.27309 5.16076 0 
-61.8921 -255.552 0 
63.9101 -7.07255 0 
13.1367 -41.2584 0 
28.228 37.6155 0 
-32.8882 -210.355 0 
26.8775 -20.3741 0 
-58.559 -88.2384 0 
-61.7899 -86.2819 0 
-28.5953 -39.4837 0 
-27.4627 -36.0845 0 
-174.08 -101.372 0 
42.9059 -246.449 0 
81.4987 -56.5563 0 
38.9166 -126.693 0 
11.7171 25.3691 0 
-55.4922 -97.5975 0 
4.62279 -253.237 0 
36.9882 -22.1126 0 
38.9107 -24.3675 0 
-70.2433 -123.622 0 
-67.1058 -121.824 0 
35.9003 -167.913 0 
58.3104 -218.575 0 
-78.932 -99.2656 0 
-64.1897 -134.673 0 
-61.046 -132.922 0 
-36.7083 -129.952 0 
-7.21055 -198.626 0 
-9.69501 -195.955 0 
-63.9529 -123.72 0 
-63.8894 -120.037 0 
-35.2172 -77.3886 0 
83.3793 -74.4601 0 
82.2689 -78.3423 0 
79.6667 -75.286 0 
-11.9829 -103.665 0 
44.1674 -96.3129 0 
-36.7659 -120.595 0 
-32.4465 -107.379 0 
-18.9514 -172.613 0 
-20.0722 -175.984 0 
-17.9736 -169.088 0 
-41.3592 -106.308 0 
14.9005 -95.7431 0 
99.8211 -110.161 0 
134.363 -31.7515 0 
-62.2411 -160.017 0 
28.0841 -201.737 0 
5.74852 -176.098 0 
-19.4646 -153.681 0 
-104.828 -143.267 0 
-11.3408 -79.1294 0 
-117.171 -150.211 0 
16.9179 -32.9987 0 
-43.091 -177.517 0 
-67.502 -189.265 0 
-68.5019 -192.31 0 
-4.17514 -210.755 0 
-5.12589 -214.128 0 
-17.4428 -110.628 0 
14.8792 -155.08 0 
-45.9733 -119.612 0 
24.5146 4.34676 0 
109.572 -87.0631 0 
97.971 -75.018 0 
-17.1462 -232.002 0 
68.6662 -91.6675 0 
-73.2814 -125.521 0 
18.7845 13.5944 0 
28.9443 -116.397 0 
15.0568 -43.3078 0 
9.48653 -111.005 0 
9.94609 -162.262 0 
-14.3828 -87.5934 0 
-88.4984 -201.34 0 
-90.5383 -199.116 0 
-91.4523 -201.962 0 
-93.4934 -199.709 0 
69.3407 -101.86 0 
-129.436 -98.6051 0 
-125.456 -97.1835 0 
-122.252 -99.8848 0 
-121.462 -95.7594 0 
-118.215 -98.5279 0 
-117.451 -94.3569 0 
-114.18 -97.1286 0 
-113.4 -92.9076 0 
1.39095 -158.254 0 
-34.3965 -132.573 0 
-33.2719 -129.256 0 
-10.6612 -68.4082 0 
63.0844 -124.107 0 
-92.1789 -230.775 0 
-37.3423 -188.607 0 
1.37624 -19.8993 0 
-0.836964 -19.5735 0 
-41.1571 -143.224 0 
-93.0497 -102.997 0 
46.0103 -204.265 0 
-54.9643 -239.143 0 
-29.7094 -42.9203 0 
-77.4856 -176.902 0 
53.9559 -66.3374 0 
14.2428 -46.0341 0 
-101.91 -166.638 0 
97.2534 -147.913 0 
3.27673 -196.046 0 
-8.61993 -120.82 0 
-146.062 -81.2398 0 
-27.5372 -149.122 0 
-0.521214 -79.447 0 
13.6552 -71.1655 0 
-111.36 -182.747 0 
77.5862 -135.558 0 
73.8254 -134.002 0 
2.7816 -86.8961 0 
-56.1635 -242.398 0 
-67.586 -216.73 0 
19.1378 -221.137 0 
57.4792 -5.15204 0 
53.6981 -6.09413 0 
54.775 -2.38959 0 
53.3599 -46.7572 0 
50.6739 -43.99 0 
159.705 -47.6628 0 
-76.4348 -173.785 0 
-88.093 -212.427 0 
-87.3802 -214.731 0 
36.1831 -224.485 0 
35.0034 -228.475 0 
-42.0778 -266.94 0 
-120.169 -134.501 0 
118.843 -64.2373 0 
118.715 -68.1434 0 
-103.633 -121.103 0 
-1.31507 -232.62 0 
29.8637 -10.7497 0 
12.1983 0.676008 0 
-1.49816 6.41008 0 
-0.859309 5.11235 0 
-1.53181 4.04934 0 
-0.359274 4.01697 0 
5.80506 -198.664 0 
6.82036 -195.167 0 
-1.38134 -2.4436 0 
-2.15796 -3.37517 0 
43.0201 -99.8194 0 
-37.352 -197.582 0 
-96.3704 -226.756 0 
-86.0035 -115.181 0 
-94.3901 -202.639 0 
-96.6324 -200.432 0 
-7.44584 -1.21021 0 
-6.50095 -8.0179 0 
102.11 -25.3861 0 
-95.5061 -134.184 0 
-110.123 -95.7018 0 
-109.342 -91.4171 0 
-14.1678 -101.158 0 
35.9173 -51.0702 0 
-74.2247 -176.243 0 
19.4182 16.4362 0 
22.3576 17.2825 0 
14.6342 -145.553 0 
-157.654 -94.2026 0 
18.488 -234.48 0 
-150.786 -113.239 0 
-99.1531 -218.05 0 
-0.16656 6.23557 0 
28.4033 -106.916 0 
24.9777 -107.78 0 
-50.558 -59.1108 0 
129.233 -55.0363 0 
125.873 -52.9244 0 
92.2051 -19.7891 0 
87.8938 -20.7413 0 
0.0434343 -21.8654 0 
-2.40046 -21.4123 0 
-1.47603 -23.6727 0 
-4.00062 -23.3195 0 
12.1271 -20.046 0 
-41.9549 -239.675 0 
9.42287 8.66158 0 
-156.536 -108.52 0 
18.2788 -3.16803 0 
-88.8288 -223.295 0 
69.5531 -87.8967 0 
71.9949 -90.8743 0 
-118.468 -79.2429 0 
3.52313 -20.1418 0 
19.057 -244.76 0 
23.0013 -243.811 0 
-0.150859 26.4337 0 
-22.1031 -68.2183 0 
-89.1206 -231.529 0 
-27.5764 -66.3965 0 
-29.8323 -63.8706 0 
-28.7697 -60.6509 0 
-32.1266 -61.3337 0 
-31.0261 -58.1219 0 
-34.4481 -58.7503 0 
-21.6012 -245.966 0 
-17.9035 -245.23 0 
-8.79578 -43.9322 0 
118.934 -60.41 0 
-0.576737 -4.5321 0 
-39.5025 -252.51 0 
-74.5282 -245.655 0 
-71.1589 -245.02 0 
-15.0272 -45.4785 0 
3.86476 -16.3893 0 
42.9589 13.7266 0 
45.3437 11.5219 0 
40.4256 16.3134 0 
10.5147 28.1789 0 
-84.4076 -72.4689 0 
-86.8515 -76.337 0 
-82.1369 -76.306 0 
-84.4297 -80.2789 0 
-89.0619 -80.2865 0 
-79.8498 -80.1889 0 
-86.6715 -84.237 0 
-91.2256 -84.3661 0 
-2.20331 8.1859 0 
-106.29 -208.54 0 
50.5395 -82.7939 0 
16.6438 15.5556 0 
10.2089 -20.5171 0 
-96.5111 -117.146 0 
-18.538 -104.887 0 
43.2089 -20.9042 0 
-35.1532 -25.5417 0 
40.9114 -250.505 0 
-7.71586 17.7684 0 
46.5487 -99.0317 0 
45.4592 -102.561 0 
24.0711 -239.969 0 
-37.0792 -245.325 0 
-80.1118 -161.317 0 
-77.0229 -159.491 0 
85.2006 -134.921 0 
11.1535 -87.7429 0 
-33.3485 -55.3854 0 
-83.4121 -163.269 0 
-106.03 -94.2594 0 
-58.4091 -84.3579 0 
-61.731 -82.392 0 
-55.2459 -86.4052 0 
-25.2669 -246.777 0 
42.6444 1.23755 0 
20.1341 -2.69792 0 
-14.359 6.20822 0 
-17.3136 6.16637 0 
-58.7835 -257.539 0 
31.0733 -205.176 0 
35.9209 -175.42 0 
-61.3219 -136.445 0 
-52.2788 -95.8068 0 
26.2714 -166.171 0 
23.0832 -168.051 0 
11.4453 -6.25147 0 
-117.294 -117.096 0 
-120.695 -119.079 0 
51.0986 -162.665 0 
-65.1509 -84.3229 0 
-52.351 -99.4034 0 
-65.0956 -80.2962 0 
35.6364 -24.8664 0 
-15.8659 -58.1666 0 
8.71425 -210.741 0 
76.884 -127.532 0 
-48.568 -135.611 0 
26.9405 -242.891 0 
115.361 -66.0797 0 
115.235 -70.0354 0 
1.47534 -2.05651 0 
-60.7458 -121.934 0 
-60.6587 -118.251 0 
8.69854 -47.3342 0 
5.91965 -47.9423 0 
-81.7403 -204.978 0 
-16.5938 -175.283 0 
-17.7216 -178.644 0 
-21.1973 -179.349 0 
-18.8444 -182.003 0 
-22.3201 -182.71 0 
-19.9722 -185.361 0 
-23.449 -186.066 0 
-21.1461 -188.519 0 
-24.6175 -189.183 0 
39.1588 -40.0346 0 
40.1229 -36.9968 0 
-14.2278 -5.19035 0 
-16.8301 -4.44132 0 
113.275 -126.412 0 
74.2376 -138.084 0 
70.4603 -136.538 0 
-52.5108 -148.647 0 
-54.7977 -146.08 0 
-66.4265 -186.254 0 
78.5275 8.2125 0 
-3.90795 -229.965 0 
-128.696 -94.4217 0 
15.7844 5.06087 0 
-55.3218 -176.54 0 
-56.3683 -179.73 0 
20.0619 19.4775 0 
23.208 20.3625 0 
20.7846 22.5972 0 
23.9518 23.6859 0 
26.5171 21.2422 0 
27.3733 24.683 0 
15.8098 -73.5601 0 
16.8086 -70.4784 0 
-42.4004 -230.458 0 
51.5222 -79.1738 0 
-105.368 -89.9499 0 
-32.2056 -40.197 0 
54.1725 -16.2217 0 
111.849 -67.9475 0 
100.093 -45.036 0 
92.4722 -31.389 0 
35.8277 -164.185 0 
-20.8884 -213.984 0 
-98.8577 -168.444 0 
-95.7832 -166.711 0 
-101.944 -170.187 0 
140.671 -45.7272 0 
-88.7943 -88.1303 0 
-10.9157 -100.503 0 
15.2124 -57.141 0 
17.3017 -59.4422 0 
39.0649 -227.486 0 
40.2151 -223.459 0 
-105.006 -168.381 0 
111.129 -35.0628 0 
114.039 -38.2733 0 
-0.916115 3.08628 0 
0.0840981 3.03897 0 
0.676506 3.85342 0 
1.0198 2.98308 0 
1.67107 3.74453 0 
1.95784 2.69617 0 
31.936 -200.808 0 
-86.1937 -157.677 0 
16.4357 -3.63547 0 
13.7773 -14.8678 0 
-17.428 -213.28 0 
-16.4749 -209.965 0 
118.63 -72.1131 0 
115.113 -74.0351 0 
-80.0797 -243.65 0 
-82.2712 -241.013 0 
8.19451 -252.501 0 
9.4364 -11.629 0 
11.5951 -21.977 0 
-70.1098 -120.034 0 
-65.4476 -191.682 0 
-66.5227 -194.653 0 
-35.7564 -251.792 0 
-61.1419 -156.891 0 
70.8722 -140.587 0 
67.0339 -138.949 0 
67.4667 -143.002 0 
63.7104 -141.359 0 
59.8762 -69.0754 0 
63.8513 -67.7458 0 
65.0349 -64.0009 0 
67.6538 -66.9093 0 
66.8096 -70.7643 0 
68.8259 -63.1462 0 
63.2078 -137.387 0 
-64.95 -65.4365 0 
32.5882 -162.401 0 
35.7293 -160.485 0 
-3.13381 -25.7031 0 
-5.70444 -25.3665 0 
46.0448 -48.1478 0 
3.30151 -130.278 0 
2.5078 -133.573 0 
31.7569 -106.061 0 
-85.6195 -212.997 0 
-84.8816 -215.383 0 
-10.273 -154.907 0 
-11.3701 -158.254 0 
-9.18648 -151.55 0 
7.9626 -135.257 0 
54.4278 -43.2232 0 
51.8385 -40.5387 0 
56.9781 -45.9712 0 
164.361 -47.9474 0 
-22.2182 -59.4272 0 
-64.155 -175.262 0 
-101.629 -92.4211 0 
10.7289 -4.80645 0 
26.6407 -45.2239 0 
-17.491 -188.006 0 
-18.9599 -191.532 0 
86.5709 -24.9039 0 
83.6293 -21.7093 0 
-76.6289 -138.096 0 
-46.5712 -168.921 0 
-64.6363 -157.499 0 
-30.9631 -131.873 0 
-29.8297 -128.494 0 
-32.0744 -135.193 0 
-6.10651 20.2226 0 
71.4789 -66.0912 0 
3.18747 -59.7727 0 
-119.142 -102.661 0 
-72.4436 -248.247 0 
39.116 -166.004 0 
49.8689 -206.094 0 
46.2187 -208.548 0 
-57.0469 -201.253 0 
-29.8579 -146.494 0 
-2.83547 -226.361 0 
-6.47264 -227.222 0 
-26.7912 -202.751 0 
-77.1282 -163.094 0 
16.5434 3.15904 0 
-89.591 -196.309 0 
9.27142 -197.771 0 
10.2723 -194.236 0 
29.9467 22.2164 0 
30.9056 25.8031 0 
-79.3154 -226.781 0 
-10.5761 -199.468 0 
-14.8199 -158.956 0 
-50.3491 -226.116 0 
-38.4884 -200.838 0 
119.746 -91.647 0 
33.6722 -14.7957 0 
-63.8171 -116.352 0 
-60.5787 -114.571 0 
34.8964 -35.5076 0 
29.3667 -103.481 0 
25.7679 -246.818 0 
84.8777 -81.3218 0 
150.951 -46.6059 0 
-57.4302 -116.477 0 
-57.3417 -112.809 0 
-75.4404 -215.686 0 
-108.581 -87.1142 0 
25.225 -18.6003 0 
14.9404 6.85095 0 
-91.377 -233.997 0 
-94.7645 -233.097 0 
-102.035 -245.614 0 
-73.0352 -173.102 0 
-95.1164 -130.353 0 
-14.2386 -177.941 0 
35.7859 -6.40895 0 
23.0774 -171.755 0 
19.8309 -169.934 0 
19.979 -173.461 0 
19.8671 -166.227 0 
-35.5639 -62.0772 0 
-37.9505 -59.445 0 
-108.006 -152.186 0 
-6.65384 -22.8645 0 
-8.39932 -24.9723 0 
-9.36147 -22.3756 0 
-11.2071 -24.5385 0 
-10.1729 -27.2526 0 
-13.1128 -26.8128 0 
-82.6982 -116.998 0 
78.18 -139.453 0 
-110.905 -99.9119 0 
98.1438 -124.782 0 
-58.3485 -239.802 0 
-59.522 -243.062 0 
-57.2087 -245.831 0 
17.0242 -45.3751 0 
-38.7287 -164.161 0 
-29.3034 -174.739 0 
-15.7633 14.0145 0 
-19.0465 14.1059 0 
-20.778 11.2203 0 
-22.5381 14.2351 0 
-60.7995 -213.199 0 
-39.7905 -31.8545 0 
-38.2356 -217.716 0 
5.78918 -249.79 0 
2.18146 -250.51 0 
3.35749 -247.018 0 
-0.28861 -247.755 0 
-89.0056 -209.939 0 
-95.5804 -197.314 0 
-98.9517 -198.113 0 
15.8516 -40.6259 0 
-41.775 -201.539 0 
-58.1081 -80.2721 0 
-37.3473 -93.3497 0 
-19.65 -126.072 0 
-21.9201 -123.488 0 
-1.17478 -98.8294 0 
66.9327 -85.1799 0 
-89.4222 -100.904 0 
-26.5041 -240.408 0 
-8.66775 -54.0539 0 
-5.65538 -53.4247 0 
-98.6096 -132.408 0 
44.2453 -118.929 0 
24.024 -111.3 0 
21.5881 -108.75 0 
39.4852 -136.287 0 
13.7131 27.9376 0 
-20.8115 -120.233 0 
-24.1895 -120.898 0 
-23.0817 -117.636 0 
5.99082 -103.084 0 
-23.9755 -35.3535 0 
-26.3018 -32.8248 0 
-22.7809 -32.1315 0 
-25.3097 -29.0122 0 
-84.45 -88.1514 0 
-3.20608 -113.69 0 
-13.0955 -98.026 0 
-16.3304 -98.6609 0 
175.155 -48.956 0 
128.557 -69.9985 0 
77.8177 -4.43112 0 
78.7833 -8.78659 0 
6.15202 18.5898 0 
-13.1085 -174.57 0 
-22.7891 -249.613 0 
-14.9771 -2.68799 0 
-17.6216 -1.7595 0 
-86.3047 -175.529 0 
11.6512 -77.2713 0 
-36.8185 -255.54 0 
-40.7985 -256.213 0 
70.6044 -84.1544 0 
28.7328 -226.663 0 
37.9285 -27.2334 0 
40.9863 -26.6224 0 
-80.8578 -237.856 0 
-85.7783 -132.394 0 
-85.7382 -128.658 0 
-89.2366 -127.44 0 
-18.5444 -216.638 0 
43.9493 17.3474 0 
4.12549 -56.8577 0 
-12.4853 -161.601 0 
49.8518 -146.687 0 
-30.9672 -149.812 0 
-28.6514 -152.448 0 
-5.22411 -233.129 0 
-69.2193 -230.221 0 
-67.1105 -232.577 0 
-66.1036 -229.548 0 
-64.0484 -231.916 0 
-62.9867 -228.886 0 
16.2997 -48.0768 0 
161.597 -51.7091 0 
44.1191 -180.477 0 
-49.4733 -205.556 0 
116.039 -21.858 0 
-0.147398 -33.784 0 
22.5338 -105.29 0 
19.137 -106.126 0 
-93.0703 -211.467 0 
47.9102 -80.1266 0 
48.8847 -76.533 0 
-97.3926 -203.578 0 
86.5667 -7.28395 0 
-126.738 -175.148 0 
-2.57698 -2.20484 0 
-3.46692 -3.20058 0 
54.7678 -129.763 0 
45.3897 -61.3879 0 
38.063 -231.348 0 
8.48989 -77.9144 0 
63.9628 -145.217 0 
-135.364 -146.231 0 
-135.841 -141.967 0 
-140.122 -139.838 0 
-136.17 -137.526 0 
-140.163 -135.251 0 
-136.28 -133.011 0 
-140.19 -130.736 0 
-136.316 -128.54 0 
-144.08 -132.972 0 
-144.03 -128.512 0 
-68.6391 -248.126 0 
-1.67672 -1.2769 0 
0.904065 -244.214 0 
-2.78392 -244.944 0 
129.408 -51.0883 0 
126.036 -48.9231 0 
132.753 -53.2509 0 
-104.564 -85.6452 0 
-74.0475 -161.272 0 
-25.2927 -142.499 0 
-53.6011 -142.558 0 
-112.381 -186.055 0 
-108.796 -185.3 0 
-107.832 -181.837 0 
-75.6818 -196.211 0 
-68.5164 -183.821 0 
-14.1617 -23.9542 0 
-132.486 -130.684 0 
-132.554 -126.366 0 
-39.596 -204.08 0 
2.69402 3.65154 0 
3.10981 2.67631 0 
2.49767 1.78977 0 
3.54047 1.733 0 
2.9256 0.916305 0 
3.97587 0.769081 0 
2.3451 4.65797 0 
122.456 -50.8032 0 
-9.14913 20.4212 0 
-7.39299 22.9472 0 
-15.0689 -215.93 0 
-16.1988 -219.277 0 
7.81979 -11.4737 0 
8.49028 -12.9589 0 
58.4251 8.88158 0 
-32.0317 -153.155 0 
41.8653 -103.322 0 
58.5836 -1.37464 0 
-30.872 -67.0864 0 
-28.6088 -69.6044 0 
115.376 -34.1844 0 
118.236 -37.2228 0 
21.4982 26.3045 0 
108.499 -54.0952 0 
-85.1318 -172.654 0 
59.9901 -139.714 0 
-33.3857 -43.763 0 
37.0266 15.1254 0 
28.0269 -238.935 0 
31.6859 -242.091 0 
41.3434 -152.12 0 
-80.3339 -229.682 0 
-95.8255 -170.226 0 
-12.8557 -218.537 0 
24.3563 -28.9898 0 
-183.263 -110.696 0 
12.1592 -7.70419 0 
35.0068 -27.9186 0 
-25.686 -199.413 0 
-86.3353 -250.955 0 
28.5822 -22.1674 0 
118.522 -76.083 0 
48.0265 -95.2241 0 
9.59082 -17.2731 0 
44.3104 -106.062 0 
42.3056 -39.4091 0 
43.2342 -36.3879 0 
-106.256 -225.941 0 
18.9883 -72.8926 0 
19.9442 -69.8331 0 
18.0222 -76.0594 0 
42.4478 -206.686 0 
17.888 4.73046 0 
12.2205 -33.8334 0 
29.1068 -197.914 0 
49.4819 -101.552 0 
-149.602 -143.734 0 
106.67 -141.186 0 
42.8514 -90.0959 0 
-120.69 -90.8871 0 
104.261 -119.903 0 
-14.2329 -221.921 0 
96.5498 -18.8232 0 
-19.8938 -201.323 0 
9.58558 -22.4697 0 
73.5912 18.1099 0 
67.9435 -81.416 0 
38.1553 -43.0269 0 
-83.112 -213.678 0 
-120.733 -115.117 0 
24.0411 -8.69526 0 
18.6596 2.74129 0 
-2.96418 -4.47114 0 
7.97331 -50.1464 0 
81.0613 -82.1954 0 
83.6279 -85.1281 0 
-4.38293 -4.304 0 
52.1743 -23.6523 0 
51.2336 -27.0072 0 
125.45 -23.6758 0 
-53.0844 -179.076 0 
-54.1665 -182.267 0 
-57.4101 -182.919 0 
41.3108 20.0518 0 
-49.1579 -97.6453 0 
-49.104 -94.0443 0 
27.5648 -18.0412 0 
25.8811 -16.2744 0 
-58.0565 -134.68 0 
-58.1285 -131.286 0 
-54.2205 -114.725 0 
-54.1254 -111.069 0 
-63.7529 -112.641 0 
-95.5915 -159.503 0 
-8.45469 3.70282 0 
36.1482 -262.549 0 
58.0815 -42.3888 0 
-16.2019 -26.3285 0 
-29.7586 -155.779 0 
-79.2141 -115.193 0 
0.875169 11.452 0 
-54.7532 -118.496 0 
-33.1479 -156.561 0 
-29.7771 -33.5537 0 
-63.4221 -194.082 0 
-61.9883 -190.953 0 
-64.4797 -197.032 0 
52.4535 -75.5121 0 
-147.904 -130.701 0 
-147.861 -126.273 0 
-73.9849 -157.78 0 
-105.078 -171.866 0 
45.9923 2.05366 0 
44.9815 -1.24872 0 
-68.5573 -82.3107 0 
-68.5104 -78.2173 0 
-64.9509 -76.2235 0 
-3.97799 -248.541 0 
-6.50389 -245.701 0 
-7.73307 -249.353 0 
-26.9096 -186.732 0 
-28.0333 -190.061 0 
82.3395 -25.8339 0 
79.43 -22.6736 0 
-65.4704 -183.164 0 
-136.355 -124.176 0 
-132.734 -122.276 0 
-26.4626 -118.305 0 
-25.3485 -115.043 0 
-67.5267 -197.607 0 
165.936 -52.107 0 
-11.7202 -5.98059 0 
-7.95679 -157.482 0 
66.8162 -123.167 0 
68.0569 -119.509 0 
-2.19273 -15.5764 0 
-74.6169 -185.037 0 
-2.71418 -216.704 0 
42.7447 -210.928 0 
46.5659 -212.83 0 
-107.819 -82.8635 0 
-57.8198 -156.105 0 
-59.9973 -153.623 0 
-26.2618 -249.702 0 
119.613 -33.2679 0 
122.644 -36.4635 0 
-0.43974 2.21667 0 
-1.39885 2.23411 0 
4.33206 -127.043 0 
1.11131 -127.769 0 
27.8218 -24.5927 0 
67.1504 10.319 0 
65.5502 6.56505 0 
-49.2976 -101.847 0 
-92.9072 -98.6446 0 
9.40557 -249.061 0 
11.858 -251.862 0 
114.333 -17.6261 0 
-93.8158 -80.2671 0 
18.2473 -56.4723 0 
20.328 -58.8168 0 
-82.3757 -216.12 0 
-105.365 -184.495 0 
-106.233 -187.926 0 
-3.64415 -63.9927 0 
65.724 -126.929 0 
-19.6549 -3.82131 0 
-20.5172 -0.887531 0 
-9.88826 -97.3565 0 
72.6584 -62.3035 0 
69.998 -59.3879 0 
75.3109 -65.2454 0 
-54.3174 -173.364 0 
-84.3695 -217.693 0 
-28.6435 -134.492 0 
6.80831 -12.8467 0 
32.8964 -196.955 0 
40.4009 -87.3627 0 
13.1771 -229.075 0 
-92.7861 -168.48 0 
13.9284 0.35043 0 
5.47688 -26.2336 0 
-156.048 -81.9224 0 
-75.7253 -248.934 0 
-73.7095 -251.502 0 
-2.94319 -1.04907 0 
3.85683 3.48731 0 
13.3119 -63.013 0 
-74.086 -164.724 0 
-22.4629 -50.5764 0 
115.029 -78.0092 0 
118.456 -80.1441 0 
-98.7446 -136.03 0 
-85.9636 -139.756 0 
7.81684 -191.622 0 
11.3839 -190.726 0 
13.8866 -192.977 0 
14.9378 -189.67 0 
12.3849 -187.136 0 
15.9679 -186.221 0 
18.6425 -188.379 0 
13.3882 -183.597 0 
16.786 -182.54 0 
14.2611 -180.033 0 
1.16189 -57.515 0 
2.06998 -54.606 0 
-93.9049 -236.636 0 
-97.565 -235.613 0 
116.938 -116.501 0 
16.5885 -171.659 0 
-61.0605 -231.333 0 
-59.9039 -228.23 0 
-61.9857 -225.83 0 
-58.8474 -225.176 0 
-60.9975 -222.812 0 
-78.6058 -171.42 0 
55.6017 12.0234 0 
54.3383 7.86852 0 
13.1315 -54.8638 0 
20.0887 -102.778 0 
16.7295 -103.63 0 
111.985 -63.9593 0 
-118.606 -189.821 0 
-57.1389 -143.396 0 
-12.0055 -29.6509 0 
12.4605 -0.890068 0 
13.4613 -21.4592 0 
13.0015 -23.4504 0 
93.6142 -15.6144 0 
-33.2881 -147.182 0 
-124.195 -117.117 0 
-97.899 -194.907 0 
-101.085 -195.467 0 
-102.225 -198.9 0 
-82.2468 -227.255 0 
19.3887 -61.7366 0 
22.4619 -61.1476 0 
43.1724 -226.486 0 
-82.5265 -130.546 0 
-82.482 -126.791 0 
-29.8956 -17.3206 0 
45.2963 -77.4759 0 
-32.1665 -143.888 0 
-83.7593 -210.906 0 
0.280904 -7.77773 0 
-7.63106 -211.603 0 
-35.9129 -40.9464 0 
11.0583 -11.7631 0 
16.0553 12.8381 0 
13.9712 14.717 0 
14.5366 17.4167 0 
-60.6653 -246.517 0 
-4.69171 -27.8939 0 
-9.37367 -1.32639 0 
-10.4723 0.402377 0 
-8.53834 -3.16356 0 
-36.0992 -203.467 0 
46.2652 -73.9108 0 
-90.5244 -237.83 0 
122.623 -46.7629 0 
126.06 -44.8365 0 
108.441 -65.8358 0 
108.306 -69.8425 0 
104.877 -67.736 0 
3.90556 -45.8212 0 
-15.257 -95.5397 0 
-18.5318 -96.016 0 
-84.9907 -189.885 0 
74.5758 -7.47674 0 
75.483 -11.6876 0 
73.5122 -3.35157 0 
44.1783 -222.542 0 
-0.915501 1.41267 0 
-1.87495 1.38343 0 
-57.2418 -109.149 0 
-108.014 -169.954 0 
9.12522 -4.69794 0 
10.0073 -3.38953 0 
35.7174 -199.555 0 
-29.0354 -200.151 0 
-102.97 -96.9039 0 
1.69476 9.77628 0 
-25.7991 -51.3263 0 
12.345 30.8118 0 
4.92279 34.9021 0 
-101.954 -134.174 0 
-101.524 -130.729 0 
60.5095 -45.3007 0 
59.4936 -48.7928 0 
63.2253 -47.9703 0 
17.9841 -200.985 0 
16.9077 -204.647 0 
38.96 -209.067 0 
-68.6239 -86.3417 0 
13.0934 -6.34006 0 
85.3377 -17.233 0 
-102.064 -173.979 0 
31.0733 -96.3536 0 
132.99 -49.4382 0 
-32.6885 -254.904 0 
-62.7703 -243.541 0 
-77.3835 -76.221 0 
71.5916 -80.3801 0 
40.0117 -29.5171 0 
43.1198 -28.8521 0 
-54.7408 -264.023 0 
-92.229 -204.826 0 
53.3159 19.8926 0 
112.463 -30.9132 0 
78.1632 -26.7342 0 
32.5204 -158.72 0 
-31.755 -70.1533 0 
-29.4604 -72.6337 0 
1.57424 -4.94857 0 
-12.8973 -196.887 0 
-92.2316 -172.384 0 
-12.1311 -193.427 0 
28.2228 -15.7027 0 
26.5435 -13.9179 0 
-1.96068 -28.2818 0 
13.5731 12.116 0 
22.1878 -72.2168 0 
23.1547 -69.2832 0 
-71.1563 -163.007 0 
-71.1361 -166.395 0 
64.9512 -155.653 0 
1.13523 -235.034 0 
123.855 -32.3682 0 
26.3291 0.127635 0 
-38.0666 -259.106 0 
32.7468 -102.58 0 
-10.5821 23.2368 0 
-12.711 20.3782 0 
180.358 -52.8816 0 
12.1065 16.5339 0 
52.6049 -9.7502 0 
34.7893 -19.8949 0 
-7.68212 -51.2057 0 
-4.80845 -50.6796 0 
-10.6877 -51.6863 0 
-93.7705 -188.858 0 
-5.27094 -242.101 0 
1.97342 0.978068 0 
2.36433 0.180926 0 
-86.4962 -91.8835 0 
28.0541 28.0615 0 
31.8665 29.4248 0 
34.442 26.8794 0 
35.5777 30.6024 0 
-58.3744 -253.893 0 
-55.2425 -255.916 0 
50.0183 -6.93492 0 
49.0036 -10.5484 0 
-27.5881 -121.638 0 
18.184 -109.59 0 
-79.2545 -118.772 0 
-104.379 -181.257 0 
-86.5353 -203.537 0 
-46.0137 -95.8827 0 
-45.9673 -92.2966 0 
-28.4543 -247.376 0 
-100.018 -192.139 0 
29.0466 18.728 0 
-61.391 -196.475 0 
-24.3635 11.1303 0 
-26.2078 14.3333 0 
53.4916 -29.7653 0 
50.3708 -30.204 0 
44.9972 20.9607 0 
3.19914 -48.6182 0 
30.6341 -58.263 0 
-39.0536 -62.8513 0 
-41.4784 -60.1829 0 
-40.3533 -56.7 0 
35.514 -156.759 0 
111.494 -21.2341 0 
-109.334 -200.487 0 
-92.9846 -88.0785 0 
79.7074 -85.9723 0 
82.3699 -88.9323 0 
15.9101 -12.6698 0 
-17.2348 -23.3488 0 
126.734 -35.6201 0 
10.6281 -80.333 0 
7.45477 -80.9641 0 
136.333 -51.5319 0 
-62.4447 -199.415 0 
-22.7002 -3.15099 0 
41.7059 -2.04145 0 
44.03 -4.67127 0 
36.3327 -0.129433 0 
157.202 -51.2677 0 
158.998 -55.3174 0 
41.6426 -52.5668 0 
-83.4797 -244.263 0 
74.1725 -69.0393 0 
85.2448 -29.0398 0 
-80.5258 -214.216 0 
-15.945 -162.303 0 
-10.7562 -177.235 0 
-11.8138 -180.571 0 
-129.094 -124.531 0 
-144.023 -124.101 0 
-19.1673 -49.8017 0 
23.5847 -16.8411 0 
-5.30269 -223.625 0 
19.0646 -47.4648 0 
19.8019 -44.6884 0 
54.8489 -91.8358 0 
-81.2764 -224.422 0 
-22.7122 -258.58 0 
-8.73353 -103.005 0 
8.16715 -20.927 0 
-54.1238 -107.568 0 
-50.9379 -109.354 0 
-160.145 -88.017 0 
-26.332 -72.0725 0 
9.52525 -258.296 0 
-8.99915 -242.826 0 
-64.4744 -138.269 0 
109.642 -17.0686 0 
-15.6047 0.208376 0 
136.068 -55.4006 0 
139.561 -53.6105 0 
-71.902 -83.8467 0 
42.7039 -74.8661 0 
-111.695 -84.1576 0 
-111.107 -80.2622 0 
-49.0413 -90.4532 0 
86.3027 -88.1459 0 
85.0369 -91.9097 0 
81.1227 -92.7399 0 
83.7902 -95.7141 0 
87.6672 -94.8872 0 
86.4606 -98.6976 0 
82.5388 -99.5145 0 
85.1975 -102.497 0 
81.496 -103.376 0 
83.9737 -106.299 0 
80.2836 -107.177 0 
88.974 -101.798 0 
82.7308 -110.091 0 
78.8292 -110.889 0 
78.7653 -100.802 0 
76.1111 -107.325 0 
74.882 -111.568 0 
77.5316 -114.629 0 
86.6021 -109.274 0 
85.3315 -113.073 0 
-89.2425 -152.336 0 
-58.1395 -146.797 0 
-61.0604 -143.684 0 
2.08116 -124.494 0 
-1.12229 -125.286 0 
-0.174582 -121.956 0 
29.3909 -160.623 0 
29.3287 -156.989 0 
26.231 -158.861 0 
-5.96865 31.0075 0 
-32.1727 -125.938 0 
-8.22137 -202.077 0 
-11.49 -202.794 0 
-92.6788 -164.917 0 
-89.7335 -166.753 0 
-42.8687 -204.761 0 
-40.7026 -207.293 0 
-67.6153 -150.707 0 
-23.0055 -126.761 0 
71.6735 -145.227 0 
-86.0697 -119.024 0 
-24.661 -180.06 0 
7.53989 -14.3697 0 
-67.2838 -180.692 0 
-37.9628 -226.699 0 
-108.937 -238.704 0 
2.98058 -26.7053 0 
-30.3511 -187.459 0 
-31.5775 -190.674 0 
-29.2353 -184.14 0 
-49.2982 -129.369 0 
-51.7103 -126.778 0 
98.2729 -37.8088 0 
-52.1769 -166.938 0 
23.4729 -101.895 0 
38.8225 -158.558 0 
-18.2637 -159.652 0 
57.4374 -205.445 0 
-136.29 -119.892 0 
-26.3273 -155.08 0 
-27.4442 -158.412 0 
-95.7545 -173.761 0 
0.126481 21.5303 0 
-25.4469 -218.009 0 
25.1574 -236.049 0 
29.1131 -234.988 0 
80.7146 -71.4132 0 
17.8167 21.2134 0 
-132.13 -139.613 0 
49.6116 -86.3487 0 
4.6266 1.65331 0 
5.1293 0.669659 0 
174.733 -58.4578 0 
-108.064 -166.539 0 
-111.08 -168.129 0 
-111.148 -164.696 0 
-114.266 -166.426 0 
-114.285 -162.853 0 
-117.455 -164.633 0 
-117.461 -160.996 0 
-114.263 -159.24 0 
-120.741 -162.806 0 
-120.705 -166.426 0 
52.6854 -33.5622 0 
8.32911 -201.308 0 
-7.46296 -75.5378 0 
-19.5862 -99.2549 0 
-21.8144 -96.5935 0 
-22.8875 -99.8395 0 
95.5139 -6.31776 0 
-16.3271 -116.378 0 
70.3729 -98.1297 0 
40.7761 -106.756 0 
-98.5773 -143.29 0 
-29.8521 -119.011 0 
-15.7139 -66.6624 0 
-79.8817 -143.483 0 
-63.6089 -185.334 0 
41.3334 -219.332 0 
-54.9244 -252.074 0 
-20.1132 -53.0596 0 
-82.2604 -91.8397 0 
-80.142 -88.163 0 
-104.525 -196.31 0 
16.9164 -1.90354 0 
49.0991 -24.4582 0 
49.9675 -21.7533 0 
30.4652 -24.0888 0 
29.6764 -26.5673 0 
-70.4052 -181.28 0 
-51.2372 -154.619 0 
122.17 -74.0137 0 
14.8516 -212.268 0 
-67.0265 -114.44 0 
-66.3853 -172.925 0 
-56.7753 -227.592 0 
-117.366 -157.368 0 
-114.214 -155.645 0 
-111.128 -157.492 0 
111.658 -75.7895 0 
2.05308 -222.044 0 
18.2455 -50.0068 0 
-2.43547 2.2321 0 
-2.9032 1.34524 0 
83.0762 -63.5803 0 
94.9194 -49.938 0 
-65.3145 -235.006 0 
-117.326 -113.166 0 
-120.767 -111.1 0 
-36.6388 -65.4013 0 
-55.1365 -185.538 0 
-51.8914 -184.949 0 
70.0274 7.12874 0 
59.4974 -135.831 0 
62.1355 -127.64 0 
-120.666 -82.9874 0 
-124.801 -83.1852 0 
44.4265 -80.9526 0 
-132.737 -95.8569 0 
-132.031 -91.6794 0 
-136.1 -93.0928 0 
-118.96 -174.911 0 
13.8211 -79.6915 0 
-40.011 -149.025 0 
154.053 -55.2101 0 
156.393 -59.3925 0 
39.1898 -169.783 0 
42.4186 -167.899 0 
42.527 -171.43 0 
42.1423 -164.244 0 
-28.3724 -48.94 0 
-42.0382 -259.874 0 
13.5574 -49.0388 0 
-24.6056 17.3362 0 
-19.6743 -219.96 0 
73.8301 -58.5276 0 
38.4472 -246.578 0 
36.2781 -250.514 0 
40.5534 -242.667 0 
71.1617 -55.616 0 
67.4034 -56.498 0 
-22.2029 8.3794 0 
-9.64588 -173.847 0 
-12.0955 -171.102 0 
-8.61805 -170.369 0 
70.7735 -122.591 0 
-68.4023 -74.0407 0 
29.992 -17.6243 0 
-45.1315 -257.129 0 
-46.0979 -260.825 0 
-55.7505 -224.436 0 
20.6719 -34.1091 0 
-4.68994 -58.7418 0 
16.1114 30.5553 0 
-57.1613 -236.579 0 
12.8622 7.47381 0 
-27.4099 -75.9515 0 
-24.1417 -74.6755 0 
-81.2314 -246.915 0 
75.4844 -23.6622 0 
11.9765 -10.4243 0 
8.4386 -3.26485 0 
9.48659 -1.72851 0 
7.72886 -1.84731 0 
-82.6087 -134.243 0 
-106.85 -178.395 0 
119.024 -48.6801 0 
118.901 -52.6823 0 
-19.4637 -25.8521 0 
-147.834 -121.863 0 
-151.681 -124.024 0 
56.3248 -138.11 0 
56.7801 -142.009 0 
7.19812 14.2955 0 
-34.7135 -37.4676 0 
-43.9181 -57.467 0 
-45.9249 -88.7339 0 
-48.9746 -86.8764 0 
-54.9401 -133.011 0 
62.1385 -51.3498 0 
23.6528 -3.23635 0 
-9.09473 -29.9684 0 
-11.1289 -33.063 0 
68.9526 -77.647 0 
65.2146 -78.6577 0 
10.8461 -180.974 0 
11.8454 -177.436 0 
-103.734 -81.4186 0 
12.902 -12.0779 0 
13.5013 -10.5424 0 
-29.7501 -137.81 0 
13.9859 -38.624 0 
16.6443 -38.0232 0 
18.5056 -39.9912 0 
-64.6494 -148.992 0 
-6.23046 -217.383 0 
-17.3796 16.941 0 
-147.894 -135.003 0 
-151.884 -132.856 0 
-15.0667 -20.9425 0 
68.4856 -52.6938 0 
45.6309 -38.7604 0 
44.508 -41.9322 0 
-29.2454 -193.372 0 
5.38217 -78.5117 0 
97.9449 -14.5439 0 
100.984 -17.9038 0 
-96.6339 -239.285 0 
-100.693 -238.367 0 
-101.459 -234.33 0 
-64.7666 -253.157 0 
-89.5708 -163.155 0 
-16.8274 -52.3296 0 
20.2597 8.8794 0 
-51.8114 -254.199 0 
36.8695 -195.176 0 
-27.6753 -57.5868 0 
-55.6763 -101.739 0 
-179.229 -119.357 0 
-176.056 -116.958 0 
-171.842 -118.391 0 
-172.607 -114.376 0 
-168.697 -116.041 0 
-169.278 -111.853 0 
-165.585 -113.584 0 
-173.141 -110.188 0 
-169.833 -107.664 0 
104.836 -71.9237 0 
34.3561 -45.9904 0 
-3.20336 -19.0932 0 
-40.2491 -66.2545 0 
17.677 -67.4725 0 
38.7821 -254.528 0 
34.0411 -254.461 0 
-37.7135 -44.8766 0 
-34.6954 -47.4812 0 
-7.48391 -20.3894 0 
-10.3104 -19.5547 0 
-7.31179 -126.613 0 
-5.00303 -129.161 0 
-6.08697 -132.427 0 
46.9838 5.37327 0 
49.474 2.8808 0 
-135.336 -88.8482 0 
-139.37 -90.4974 0 
-140.186 -94.622 0 
-143.44 -92.0503 0 
-144.183 -96.055 0 
-147.478 -93.291 0 
-79.8501 -216.693 0 
30.0282 -194.228 0 
26.3462 -195.144 0 
68.5398 2.79958 0 
72.9754 3.73908 0 
13.9345 -7.81012 0 
21.8167 -55.7979 0 
-83.7911 -230.185 0 
76.2888 -19.775 0 
72.4256 -20.5044 0 
-31.3247 -206.855 0 
45.7744 -169.702 0 
12.0188 -27.5495 0 
-26.3211 -137.108 0 
-25.2229 -133.732 0 
-110.643 -73.2658 0 
-156.323 -141.913 0 
170.77 -58.5094 0 
-89.4203 -117.137 0 
-38.4495 -38.2259 0 
-79.3662 -128.821 0 
-72.2015 -88.4531 0 
1.08485 -46.4483 0 
32.4692 19.6564 0 
31.4523 16.3407 0 
72.5515 -76.5713 0 
-13.5835 -164.934 0 
-10.1169 -164.248 0 
6.72843 32.1837 0 
-33.1814 -138.515 0 
-64.0675 -223.468 0 
-63.075 -220.479 0 
-60.0306 -219.809 0 
114.806 -81.9295 0 
118.385 -84.2876 0 
20.2367 4.52444 0 
20.9017 2.34768 0 
-84.2544 -95.3195 0 
-146.412 -88.746 0 
-150.876 -90.5983 0 
-17.9707 -28.8924 0 
60.92 -211.852 0 
-50.5712 -123.527 0 
-54.0786 -124.119 0 
4.41291 -81.3808 0 
-70.671 -152.452 0 
132.909 -23.4055 0 
-102.981 -187.266 0 
-55.172 -136.49 0 
-100.553 -84.6629 0 
-8.19754 -179.793 0 
-42.5567 -90.5552 0 
116.791 -41.4474 0 
14.7863 -6.43447 0 
46.7354 -35.3579 0 
18.8969 -197.284 0 
-45.0908 -202.095 0 
-36.0732 -31.401 0 
-9.24357 -205.497 0 
-96.5307 -100.998 0 
13.0968 -248.335 0 
15.7224 -251.364 0 
-23.4981 0.0614489 0 
-21.257 2.72085 0 
-70.95 -175.676 0 
23.1093 -175.425 0 
-13.7228 -31.591 0 
73.6616 -115.357 0 
76.3003 -118.379 0 
4.53722 -243.526 0 
21.895 -46.7737 0 
-116.82 -109.381 0 
5.43095 -123.805 0 
-68.9293 -258.889 0 
-127.882 -90.5322 0 
-25.76 8.1232 0 
16.8993 -20.7558 0 
-65.5113 -160.664 0 
-68.0097 -158.202 0 
-75.3085 -179.423 0 
-44.0746 -207.719 0 
-41.8751 -210.238 0 
-38.6155 -209.92 0 
-7.83582 -239.309 0 
1.73585 -190.043 0 
43.156 -109.548 0 
46.7624 -108.808 0 
45.5961 -112.306 0 
49.2046 -111.56 0 
50.9453 -107.866 0 
64.6191 -130.684 0 
-31.8521 18.9242 0 
-5.96317 -15.7845 0 
7.96127 35.8694 0 
-60.9529 -125.636 0 
-17.5974 -203.943 0 
-3.59205 -30.3549 0 
101.586 -69.7698 0 
101.54 -65.7322 0 
-78.1475 -91.5762 0 
3.68124 -24.3119 0 
-96.627 -221.059 0 
-0.1437 9.96865 0 
-1.15086 11.5182 0 
2.2416 -29.0781 0 
-57.0131 -192.719 0 
-85.6728 -241.615 0 
-20.746 -129.344 0 
-24.0062 -157.711 0 
-25.0772 -161.078 0 
-19.3942 -162.991 0 
-20.5057 -34.9485 0 
10.2265 -15.5908 0 
0.249906 -60.4528 0 
1.41715 0.297602 0 
1.81217 -0.500818 0 
1.08485 -0.400655 0 
2.66058 -0.618378 0 
-21.9584 -114.399 0 
-24.2339 -111.788 0 
-27.6354 -112.463 0 
-26.5434 -109.216 0 
-3.80752 -5.68738 0 
-2.43683 -5.71927 0 
-56.7138 -152.813 0 
118.327 -25.8008 0 
1.12338 1.02782 0 
-23.1027 -108.572 0 
-25.3773 -105.937 0 
4.35163 -0.32705 0 
5.54352 -0.519042 0 
6.42886 0.608261 0 
-36.1868 -194.339 0 
-131.66 -118.267 0 
-1.38062 0.457741 0 
13.9343 33.7258 0 
14.0616 -5.07667 0 
-51.1699 -117.012 0 
-101.84 -137.863 0 
-105.041 -136.057 0 
-51.5104 -250.181 0 
11.603 -3.55067 0 
-66.9026 -110.791 0 
-63.6539 -108.92 0 
-70.1037 -112.931 0 
-33.8764 -196.927 0 
68.2952 -130.16 0 
55.8484 1.30305 0 
59.8051 2.31378 0 
62.4631 -0.544293 0 
-76.1025 -117.063 0 
7.6241 -4.64385 0 
-4.93994 -2.87732 0 
0.52883 -49.4193 0 
-1.69778 -47.2551 0 
-0.850452 -55.179 0 
19.4669 -177.015 0 
-68.2149 -227.241 0 
7.73321 -22.6883 0 
8.89328 -24.4331 0 
41.9599 24.0014 0 
-45.9574 -85.3508 0 
-48.7164 -83.1523 0 
105.987 -101.151 0 
-0.0394041 1.40845 0 
6.43977 -83.7842 0 
-25.7668 -256.53 0 
58.3704 -52.2203 0 
-35.6141 -144.769 0 
46.3321 -261.5 0 
11.7047 -13.311 0 
-5.4088 -5.39889 0 
-150.427 -86.3583 0 
-37.6414 -151.545 0 
-38.7381 -154.95 0 
31.8588 -250.463 0 
29.2052 -254.649 0 
160.74 -67.1978 0 
71.3763 -10.4562 0 
11.8128 -200.025 0 
10.9287 -203.558 0 
-51.9397 -258.071 0 
-74.4093 -167.829 0 
39.0109 -213.02 0 
35.4604 -211.209 0 
-84.2714 -225.013 0 
21.5251 -64.0032 0 
24.6543 -63.4084 0 
25.2314 -60.0943 0 
168.653 -48.6926 0 
4.95671 -53.8566 0 
61.4857 -41.9764 0 
59.1243 -38.9278 0 
160.671 -59.3187 0 
-64.7184 -72.1871 0 
-61.2788 -74.2177 0 
-61.207 -70.4641 0 
43.9145 -86.6711 0 
-76.0119 -113.273 0 
-42.6383 -53.9593 0 
-46.331 -54.3578 0 
-39.1236 -53.0135 0 
-58.4481 -186.298 0 
48.114 -115.042 0 
51.7593 -114.217 0 
-79.2654 -125.336 0 
12.5088 19.2666 0 
-68.3966 -90.2056 0 
2.06091 -43.7204 0 
-153.786 -138.924 0 
-4.19582 22.6468 0 
-94.3874 -194.114 0 
79.5762 -13.1511 0 
-135.647 -115.994 0 
22.4535 -43.9255 0 
48.4571 -175.439 0 
-81.3357 -232.672 0 
-84.6064 -233.442 0 
38.2984 -104.096 0 
37.4879 -107.639 0 
-158.223 -144.883 0 
-3.39527 -122.693 0 
-2.26139 -119.372 0 
-20.3687 -22.7861 0 
-96.4811 -96.9361 0 
17.7054 -100.425 0 
14.3826 -101.303 0 
13.4223 -104.467 0 
-17.4017 -93.0484 0 
-13.9284 -92.5202 0 
-64.2571 -180.133 0 
71.5819 11.3444 0 
-9.61434 -48.6595 0 
-115.915 -74.4253 0 
19.2997 0.522583 0 
21.6446 0.192244 0 
-68.6823 -255.415 0 
-71.9003 -257.061 0 
51.6403 10.6243 0 
186.221 -55.4582 0 
26.1596 -232.25 0 
74.9766 -79.6804 0 
52.7539 -169.436 0 
-89.4128 -121.073 0 
115.587 -50.803 0 
115.286 -54.6606 0 
-66.4544 -106.902 0 
-92.9916 -94.6144 0 
127.901 -31.37 0 
-76.9811 -252.278 0 
40.7737 -5.19728 0 
-60.4427 -237.189 0 
108.581 -61.8079 0 
111.716 -60.1626 0 
53.3387 -140.536 0 
12.7677 -82.7197 0 
11.1892 -101.9 0 
10.4107 -104.965 0 
-2.89449 -131.81 0 
-3.88295 -135.076 0 
-7.18872 -135.714 0 
-4.89995 -138.308 0 
-1.55933 -137.678 0 
-2.5981 -140.913 0 
0.815751 -140.225 0 
-0.282336 -143.464 0 
-3.68417 -144.201 0 
-1.34226 -146.693 0 
3.13551 -142.758 0 
-4.77 -147.49 0 
-2.41792 -150.031 0 
-7.07133 -144.889 0 
4.06279 -139.519 0 
6.55556 -142.085 0 
47.452 -224.887 0 
48.1728 -221.109 0 
46.9252 -229.624 0 
9.21808 14.0601 0 
-11.704 -215.253 0 
-8.69257 25.8593 0 
-8.89198 -224.379 0 
-10.0836 -228.042 0 
10.7481 -245.636 0 
-114.086 -245.6 0 
80.1347 -117.436 0 
107.302 -20.923 0 
108.734 -24.796 0 
-83.0865 -222.261 0 
9.8774 12.0686 0 
-62.3616 -217.717 0 
-59.3308 -216.931 0 
5.81735 -14.2303 0 
5.13657 -12.6568 0 
6.80875 -15.8639 0 
130.712 -75.3027 0 
123.065 -43.326 0 
39.5862 -198.645 0 
41.0737 -194.99 0 
31.032 -21.6276 0 
-82.9772 -255.792 0 
44.0299 -25.9429 0 
-123.987 -164.671 0 
-123.675 -169.194 0 
-127.931 -166.738 0 
15.1433 10.3985 0 
-22.4052 -255.322 0 
-4.15938 -238.785 0 
-153.915 -88.2788 0 
136.266 -43.976 0 
132.194 -42.7043 0 
-86.8535 -244.824 0 
8.39069 16.1608 0 
-108.474 -172.857 0 
14.8816 -22.9257 0 
14.4543 -24.9528 0 
38.6228 -205.096 0 
74.4378 -27.9756 0 
39.7581 -180.959 0 
41.5954 -177.354 0 
-24.657 -77.4327 0 
-21.9285 -77.0074 0 
-20.9343 -73.9148 0 
-45.7109 -82.0435 0 
170.012 -52.3984 0 
109.257 -127.905 0 
105.523 -129.204 0 
104.535 -133.346 0 
110.236 -124.042 0 
113.863 -122.7 0 
110.843 -120.237 0 
101.665 -130.598 0 
100.729 -134.549 0 
97.7955 -132.012 0 
96.8837 -135.88 0 
99.9072 -138.973 0 
95.9825 -140.094 0 
92.7855 -137.2 0 
91.8787 -141.417 0 
-12.5256 -206.121 0 
-29.2951 -52.2024 0 
-68.0577 -69.3809 0 
-93.0609 -176.259 0 
72.939 -100.948 0 
74.1521 -96.9459 0 
-34.9057 -264.456 0 
1.55661 1.71103 0 
46.072 25.0051 0 
0.654841 8.3173 0 
2.39878 8.23444 0 
-67.881 -244.353 0 
72.3334 -14.6472 0 
38.4785 22.6632 0 
14.812 -2.43419 0 
-151.77 -119.809 0 
-155.545 -121.796 0 
-155.628 -117.557 0 
-159.975 -119.054 0 
-159.242 -114.752 0 
-30.8173 -75.3233 0 
-65.0442 -151.93 0 
-11.4711 -1.37893 0 
-16.5387 -200.651 0 
-19.2124 -198.194 0 
-118.014 -171.491 0 
-12.709 -49.5018 0 
114.455 -86.3836 0 
-5.16371 -252.098 0 
-8.99831 -252.88 0 
-11.5561 -250.11 0 
-12.8182 -253.761 0 
-15.588 -250.948 0 
-16.707 -254.375 0 
-10.0114 -256.809 0 
-123.765 -120.927 0 
-103.192 -209.348 0 
-103.401 -206.37 0 
-100.471 -207.58 0 
-0.529306 0.667498 0 
-0.819535 -0.0407505 0 
3.92693 -14.0725 0 
119.808 -120.779 0 
32.7325 33.5397 0 
36.4466 34.2417 0 
40.9759 -34.1832 0 
47.1482 17.6757 0 
-22.8919 -25.4793 0 
-23.7685 -21.2068 0 
-26.455 -24.7065 0 
-29.1626 -27.7347 0 
-31.1157 -24.1216 0 
-82.6557 -123.532 0 
-64.7003 -246.516 0 
-62.2281 -249.731 0 
32.3424 -258.428 0 
14.7635 -35.8858 0 
18.8268 -37.7644 0 
72.3449 -104.67 0 
-29.6056 -257.757 0 
2.11581 -240.671 0 
-24.3019 2.81269 0 
14.2775 -254.64 0 
18.2911 -254.092 0 
19.9922 -250.758 0 
22.3887 -253.559 0 
-123.742 -160.568 0 
-99.3343 -79.7868 0 
12.5393 -107.622 0 
-21.2289 -6.08401 0 
-24.8868 -6.30227 0 
-39.5776 -212.938 0 
-18.642 -76.7366 0 
-17.7604 -73.3332 0 
-15.5346 -75.4953 0 
-14.6489 -72.5362 0 
-12.455 -74.6304 0 
20.3451 -257.116 0 
121.764 -82.1109 0 
121.974 -86.9768 0 
-36.1707 -212.315 0 
112.184 -13.6261 0 
27.2686 -191.474 0 
23.7451 -192.431 0 
24.637 -188.67 0 
43.882 -71.3718 0 
47.2574 -70.3709 0 
44.6252 -67.7544 0 
47.7605 -66.961 0 
15.5064 -177.01 0 
13.437 -173.876 0 
13.4364 -170.012 0 
26.0224 -155.29 0 
131.792 -39.0504 0 
-34.3031 -17.6648 0 
-97.108 -93.1906 0 
38.2453 26.7273 0 
16.0302 -82.1581 0 
30.1907 -231.041 0 
32.7301 -234.085 0 
23.0464 2.05531 0 
-89.352 -241.937 0 
97.3944 -67.995 0 
98.1961 -63.5927 0 
-11.5871 -71.4748 0 
11.9619 -98.7443 0 
5.80109 4.62772 0 
-180.555 -114.594 0 
145.859 -58.6831 0 
-52.1196 -54.1659 0 
-44.3601 -36.1405 0 
-56.4937 -189.381 0 
-52.7312 -188.358 0 
-49.4162 -187.716 0 
-76.0536 -120.395 0 
98.7609 -143.564 0 
-1.8504 9.92884 0 
-34.5655 -207.085 0 
-39.0956 -263.004 0 
-88.4659 -173.034 0 
55.7397 -134.121 0 
-51.0388 -105.532 0 
-48.0197 -107.938 0 
53.3795 -144.327 0 
57.123 -145.86 0 
11.0184 -0.680713 0 
88.5779 -138.369 0 
87.7156 -142.669 0 
84.6421 -139.616 0 
83.2585 -144.185 0 
90.245 -145.745 0 
-3.20114 -7.09877 0 
-1.52551 -7.14144 0 
-57.3996 -105.392 0 
-2.69463 3.95638 0 
27.0752 -26.8292 0 
28.4531 -29.2966 0 
31.574 -28.6017 0 
42.9512 -7.30385 0 
-58.9494 -141.039 0 
8.48936 -0.516424 0 
149.699 -57.1879 0 
146.359 -54.5128 0 
28.0934 15.2666 0 
-12.1942 25.9468 0 
58.7548 -132.094 0 
52.7236 -132.843 0 
69.7667 -73.7573 0 
-55.1209 -127.303 0 
-38.315 -49.082 0 
-4.59053 10.6774 0 
102.482 -126.426 0 
-106.613 -245.447 0 
-104.386 -241.388 0 
167.894 -43.8733 0 
158.263 -63.3958 0 
111.944 -115.668 0 
-123.821 -178.892 0 
135.203 -62.9977 0 
70.8617 -112.428 0 
-139.057 -85.6526 0 
-173.639 -105.915 0 
-176.901 -108.476 0 
36.2558 -190.901 0 
-164.782 -118.353 0 
15.023 24.9417 0 
0.402017 2.23692 0 
44.1057 -254.836 0 
40.3753 -258.641 0 
-106.718 -205.218 0 
-103.598 -202.732 0 
2.64542 -2.17388 0 
-166.377 -100.684 0 
-144.579 -142.964 0 
45.8505 -28.2797 0 
45.4479 -31.6505 0 
8.69753 -99.5743 0 
-177.763 -104.244 0 
29.0182 -13.2939 0 
27.1982 -11.5516 0 
24.9082 -12.1667 0 
67.7547 16.302 0 
1.23099 -6.76817 0 
-0.186753 -6.37299 0 
-1.02281 -8.864 0 
-75.0846 -80.8828 0 
-28.868 -254.168 0 
-33.9153 -258.334 0 
-32.1435 -251.308 0 
27.4461 -62.4518 0 
26.8549 -65.9097 0 
25.5357 -71.6122 0 
36.1017 -242.765 0 
38.487 -238.973 0 
-127.335 -119.275 0 
-127.692 -115.586 0 
-15.6078 -194.196 0 
62.8939 -37.9146 0 
-86.5968 -165.015 0 
-68.2884 -164.748 0 
-68.1052 -167.926 0 
-47.9679 -111.259 0 
4.31701 5.22247 0 
3.93788 6.38513 0 
-170.113 -103.467 0 
-86.8378 -168.267 0 
-83.6708 -166.741 0 
-80.4035 -165.15 0 
89.2862 -112.262 0 
90.2629 -108.376 0 
88.0743 -115.945 0 
50.6573 -69.5002 0 
5.26867 3.44418 0 
-57.7052 -72.4111 0 
23.0798 -157.12 0 
23.1434 -160.714 0 
20.0155 -159.109 0 
-72.5124 -76.2677 0 
-75.387 -72.08 0 
125.254 -40.1477 0 
-127.144 -157.95 0 
-68.3491 -251.89 0 
24.5067 -74.7774 0 
6.19135 -21.4106 0 
6.75522 -19.2654 0 
-4.79158 0.384957 0 
17.826 10.5674 0 
18.0605 8.18576 0 
2.78042 -6.73229 0 
-66.2237 -221.376 0 
46.2537 -89.4458 0 
-14.9086 -190.655 0 
-13.9968 -187.125 0 
-11.4042 -189.716 0 
47.4932 -4.12803 0 
7.30456 1.77144 0 
89.8503 -134.144 0 
30.2508 -99.9824 0 
52.8811 15.094 0 
-5.46677 -1.24333 0 
79.0708 -121.399 0 
51.5338 -13.3002 0 
47.9926 -13.982 0 
45.5863 -11.71 0 
50.4695 -16.596 0 
46.927 -16.8992 0 
-103.506 -218.443 0 
-104.623 -221.894 0 
-102.449 -225.145 0 
-103.778 -228.768 0 
-101.027 -222.037 0 
-99.8992 -228.026 0 
149.994 -53.0148 0 
146.324 -50.6608 0 
-64.5005 -145.454 0 
-107.694 -229.748 0 
-25.2942 -97.1594 0 
-24.4357 -93.6932 0 
-26.3165 -100.472 0 
-10.6054 -8.31062 0 
-9.38897 -6.49632 0 
-16.7629 -70.0051 0 
3.29909 -12.2563 0 
27.972 -8.7291 0 
-22.9585 -80.0216 0 
22.2655 6.60654 0 
-2.40215 29.1947 0 
-3.28925 26.0199 0 
48.1277 -41.2879 0 
38.3563 -154.697 0 
42.1437 -156.67 0 
37.8011 -151.61 0 
-29.9153 -101.017 0 
-3.73894 2.44054 0 
77.3141 -31.1027 0 
0.990506 -24.4744 0 
4.52786 16.616 0 
-119.957 -106.903 0 
38.6401 -2.54623 0 
-122.333 -86.7628 0 
-118.822 -86.4695 0 
-11.3914 -239.946 0 
-9.99006 -236.715 0 
-12.3952 -243.546 0 
-15.9406 3.3565 0 
-12.9386 3.90417 0 
33.6301 -98.9118 0 
27.6212 -97.4199 0 
0.42208 -1.87704 0 
32.9241 -23.489 0 
-0.9515 -30.9152 0 
-155.651 -126.262 0 
21.0412 -38.7678 0 
5.97545 -240.146 0 
-0.620347 -257.475 0 
3.5677 9.60397 0 
-103.614 -190.428 0 
-106.864 -191.251 0 
-78.0263 -84.5351 0 
-86.3625 -161.313 0 
-89.3243 -159.434 0 
102.53 -13.5082 0 
99.3239 -10.1804 0 
-8.77193 6.89441 0 
-11.2965 6.28907 0 
-10.3788 -186.403 0 
-103.387 -177.508 0 
-57.9087 -76.2884 0 
-54.4405 -74.422 0 
-54.6377 -78.3288 0 
-54.9676 -82.4652 0 
176.225 -54.2409 0 
31.7635 -12.6438 0 
-59.2346 -198.863 0 
-60.2385 -201.879 0 
-63.3738 -202.512 0 
-13.7027 16.8648 0 
-26.98 20.8592 0 
-23.0254 23.2483 0 
-19.3163 20.4911 0 
-13.4149 -15.026 0 
-166.338 -105.215 0 
-162.907 -107.069 0 
4.2259 7.77445 0 
-24.1164 -130.136 0 
-72.0755 -260.599 0 
-75.8189 -258.376 0 
-56.9619 -219.126 0 
1.37198 -1.14103 0 
-159.01 -133.968 0 
28.9289 -153.526 0 
125.15 -28.2448 0 
129.364 -26.984 0 
-31.2618 6.14752 0 
-114.678 -81.5542 0 
-31.0004 -122.442 0 
156.503 -67.8197 0 
153.672 -63.8167 0 
-28.107 -20.9385 0 
13.0184 9.74507 0 
12.015 -36.5271 0 
-28.6949 -125.025 0 
-161.017 -144.655 0 
75.7727 -103.083 0 
24.2051 -14.4679 0 
21.9815 -15.1671 0 
-124.391 -108.556 0 
117.648 -124.584 0 
21.4086 -17.6519 0 
-37.8693 -69.2209 0 
46.8284 -22.0744 0 
-4.73264 -13.6537 0 
60.576 -157.032 0 
61.654 -152.256 0 
66.2694 -151.246 0 
27.9812 -74.1262 0 
23.7372 -78.2149 0 
115.195 -93.243 0 
-80.1564 -221.636 0 
107.384 -13.2808 0 
-79.9761 -72.3807 0 
45.9949 -7.92769 0 
-89.3869 -204.132 0 
-87.3233 -206.146 0 
-84.6223 -205.632 0 
-85.4629 -208.265 0 
-82.8022 -207.853 0 
-80.7749 -209.811 0 
-89.9653 -207.211 0 
-92.9813 -207.541 0 
-95.0453 -205.62 0 
-95.6616 -208.288 0 
41.4465 -83.944 0 
37.9224 -84.7126 0 
26.8329 2.69077 0 
-132.359 -135.321 0 
-128.598 -137.401 0 
-128.719 -132.998 0 
-125.096 -135.122 0 
-125.446 -138.772 0 
-125.348 -130.917 0 
-128.855 -128.635 0 
-125.222 -126.479 0 
16.3957 -10.8354 0 
48.737 13.941 0 
-60.1104 -63.8026 0 
-143.974 -119.733 0 
49.3188 -38.1203 0 
52.814 -37.1765 0 
-28.8197 -106.652 0 
55.2842 -12.5925 0 
-91.5245 -76.4388 0 
74.984 -54.6331 0 
46.9684 -44.6409 0 
43.5047 -45.337 0 
42.6276 -48.9975 0 
39.8331 -46.0111 0 
39.2777 -49.8202 0 
19.1958 -53.4916 0 
-31.1349 -261.808 0 
-92.9432 -119.122 0 
-93.199 -122.905 0 
11.5376 -260.647 0 
179.548 -58.0655 0 
-111.957 -173.472 0 
-2.36931 13.2298 0 
16.5335 -168.107 0 
16.5711 -164.482 0 
13.6215 -166.424 0 
-19.1768 -251.667 0 
-107.401 -78.9142 0 
28.0931 -93.5 0 
8.11377 20.4423 0 
139.205 -57.5782 0 
18.2744 -22.346 0 
-50.4015 -191.097 0 
-2.78983 -8.7169 0 
17.2738 -6.98326 0 
-51.6155 -80.8477 0 
-97.4192 -246.073 0 
42.7745 -238.702 0 
-155.252 -113.096 0 
138.744 -61.524 0 
-57.9546 -204.339 0 
76.8998 -72.1014 0 
-86.7259 -229.241 0 
74.8179 -121.897 0 
-28.8297 -1.57753 0 
69.3686 -154.254 0 
70.6114 -149.903 0 
74.804 -148.699 0 
78.2553 -151.878 0 
79.0306 -147.084 0 
83.3282 -150.006 0 
-33.2955 -119.781 0 
-96.3278 -177.314 0 
-90.6146 -178.929 0 
-99.4661 -178.081 0 
-100.595 -181.356 0 
124.672 -91.0018 0 
26.0377 -80.8289 0 
22.6662 -81.4982 0 
20.3248 -78.7088 0 
-67.6072 -175.558 0 
15.4685 -198.631 0 
-8.23368 -9.31787 0 
-140.792 -98.7817 0 
-144.598 -100.208 0 
27.5337 -42.4235 0 
106.549 -125.411 0 
-12.7755 0.485738 0 
14.8278 -9.53822 0 
30.1747 -67.4004 0 
22.6109 -27.311 0 
-128.247 -141.56 0 
-132.123 -144.069 0 
1.53769 7.08317 0 
-51.2195 -76.4216 0 
-58.1 -195.843 0 
-121.282 -172.384 0 
-114.596 -77.593 0 
78.0375 -68.3016 0 
35.7194 -17.0181 0 
32.7085 -17.2981 0 
0.969467 -118.721 0 
16.512 -26.3061 0 
-59.4561 -189.22 0 
50.6884 -117.748 0 
-28.5673 -161.748 0 
-140.31 -121.913 0 
50.1601 -142.684 0 
53.0539 -148.159 0 
-10.0172 -208.842 0 
-88.9275 -96.0435 0 
25.7249 -48.1204 0 
-150.973 -81.665 0 
-79.9258 -207.098 0 
-78.7173 -212.01 0 
5.84913 1.71453 0 
80.1441 3.37989 0 
-1.55342 -222.802 0 
121.741 -116.869 0 
-52.2364 -134.344 0 
-51.9921 -138.488 0 
-7.43898 -220.698 0 
-6.63959 -208.189 0 
-63.5558 -105.07 0 
-32.6978 -184.78 0 
-0.582474 -1.67977 0 
0.0199209 -0.930554 0 
-30.4447 -82.4477 0 
-29.5046 -79.0757 0 
-32.9694 -79.9797 0 
51.0646 -3.30431 0 
52.4229 -136.653 0 
45.1235 -51.7678 0 
163.265 -55.6795 0 
31.9852 -36.3116 0 
32.7621 -33.4367 0 
35.6737 -32.6171 0 
33.6992 -30.6275 0 
30.7399 -31.4639 0 
164.577 -59.8498 0 
50.564 6.51929 0 
24.9842 -84.2094 0 
-130.396 -171.465 0 
-82.2616 -84.2591 0 
-112.529 -241.571 0 
17.4646 -35.593 0 
21.5125 -84.8717 0 
25.5905 18.0143 0 
-65.4984 -199.976 0 
-68.4896 -200.493 0 
-70.4958 -198.183 0 
-66.504 -202.871 0 
-69.5642 -203.431 0 
-67.3804 -205.351 0 
23.9218 37.3158 0 
21.946 33.4626 0 
26.2206 34.1074 0 
24.2048 29.9121 0 
37.9276 -34.8439 0 
38.2546 -53.4811 0 
-21.6854 -38.1267 0 
11.2683 -39.1905 0 
9.25348 -37.1269 0 
26.1126 -30.6364 0 
-69.8339 -172.498 0 
-140.204 -126.33 0 
-65.07 -226.519 0 
15.4284 -14.4334 0 
-52.1365 -88.5557 0 
32.9321 -60.7824 0 
9.36788 -174.976 0 
-112.514 -88.4686 0 
-97.5116 -189.718 0 
17.1158 1.19963 0 
15.6469 -19.2119 0 
34.0087 -246.554 0 
66.6463 -134.323 0 
-50.467 -266.616 0 
-34.1418 14.9803 0 
-74.1722 -212.99 0 
8.29859 -6.05254 0 
-18.9975 -8.73417 0 
-43.9947 -198.939 0 
-44.9672 -60.964 0 
-53.7725 -235.882 0 
-55.9371 -233.349 0 
14.2127 -13.1576 0 
129.317 -78.9913 0 
126.399 -75.7625 0 
35.0978 -207.258 0 
31.8837 -209.563 0 
32.0526 -214.196 0 
-14.6178 -246.974 0 
52.6259 -19.853 0 
73.1877 -47.4895 0 
70.3272 -44.3485 0 
69.1298 -48.2179 0 
66.3461 -45.3174 0 
-78.047 -214.798 0 
22.3215 -233.249 0 
23.4172 -229.646 0 
19.5665 -230.526 0 
20.7581 -226.86 0 
16.8321 -227.881 0 
42.1077 -263.138 0 
-6.5229 -105.539 0 
22.6367 -196.183 0 
20.2044 -193.68 0 
-34.7415 -248.237 0 
-33.6998 -244.815 0 
-35.9223 -241.817 0 
-32.5201 -241.479 0 
-34.7188 -238.355 0 
-31.3331 -237.905 0 
-33.6785 -234.923 0 
-37.0942 -235.554 0 
-36.3392 -232.251 0 
-39.5491 -232.842 0 
-40.7885 -236.232 0 
113.354 -26.1756 0 
132.456 -57.1393 0 
0.263365 4.95524 0 
2.67579 -51.5577 0 
-77.3564 -166.414 0 
43.2587 -191.282 0 
-67.4698 -140.034 0 
115.344 -46.2083 0 
-51.4592 -229.414 0 
71.9526 -108.579 0 
66.8505 -113.378 0 
90.456 -4.28477 0 
90.925 -8.94914 0 
87.0449 -12.4261 0 
-76.0121 -210.89 0 
-8.78041 -192.311 0 
55.8636 -32.1426 0 
70.4648 -6.53313 0 
69.1051 -2.21703 0 
11.5328 13.7878 0 
-49.2497 -222.855 0 
41.9627 -202.011 0 
127.968 -19.6456 0 
146.055 -46.4649 0 
-69.4978 -195.287 0 
-72.4861 -195.823 0 
-73.5109 -198.734 0 
48.7736 -159.723 0 
47.4245 -163.24 0 
49.3408 -166.777 0 
-114.097 -170.345 0 
-41.9925 -174.193 0 
-45.3802 -174.915 0 
-46.4646 -178.196 0 
-48.7513 -175.637 0 
-47.6704 -172.259 0 
-44.1838 -180.779 0 
-47.5975 -181.308 0 
-106.883 -98.4635 0 
-107.698 -102.668 0 
-111.69 -104.054 0 
-108.44 -106.667 0 
-112.252 -108.606 0 
-103.944 -105.627 0 
-114.95 -101.275 0 
-103.583 -101.037 0 
25.7028 -40.3678 0 
-42.5124 -39.6331 0 
50.4344 24.3707 0 
4.69623 -1.46905 0 
6.0823 -1.95916 0 
9.93608 18.3532 0 
-55.8638 -198.273 0 
-105.662 -199.672 0 
-110.471 -179.347 0 
-12.0108 -94.9272 0 
-10.8447 -91.9091 0 
-8.88737 -94.2854 0 
-6.73135 -96.6825 0 
-7.85181 -91.2485 0 
-9.71786 -88.9665 0 
-7.7126 -99.8091 0 
-5.47777 -102.334 0 
-4.45711 -99.2451 0 
-3.45257 -96.2709 0 
25.3392 -198.945 0 
-74.5259 -193.4 0 
-141.566 -81.1634 0 
-143.648 -85.2466 0 
-23.3939 -53.7817 0 
-100.127 -119.141 0 
-100.193 -123.086 0 
-103.849 -125.061 0 
-96.6348 -121.082 0 
-96.5946 -124.804 0 
-93.2504 -126.94 0 
-107.104 -123.05 0 
-107.511 -126.943 0 
-110.615 -124.927 0 
-104.553 -237.174 0 
72.6734 -129.654 0 
-15.1185 -17.9266 0 
-18.7008 -17.5203 0 
-34.4219 -123.242 0 
-37.8571 -124.002 0 
-39.5292 -242.503 0 
-46.4578 -269.204 0 
-11.1187 -167.629 0 
-7.65118 -166.888 0 
-6.62553 -163.491 0 
-5.14297 -169.469 0 
-117.264 -153.781 0 
-52.275 -157.925 0 
-21.2262 -28.8864 0 
19.9487 30.1563 0 
17.4607 27.3675 0 
-120.496 -159.029 0 
-114.157 -152.059 0 
-61.6698 -240.418 0 
-64.787 -240.739 0 
12.0184 -15.0243 0 
16.1702 -54.3551 0 
14.0543 -51.9337 0 
11.0204 -52.4765 0 
10.1253 -55.5153 0 
7.75104 -53.1169 0 
49.3379 -234.194 0 
44.8293 -234.392 0 
51.8394 -230.216 0 
-76.7612 -199.001 0 
139.865 -49.7446 0 
-151.189 -94.8969 0 
-78.5895 -180.009 0 
-46.0042 -99.5786 0 
-45.9142 -103.083 0 
-42.8233 -97.7096 0 
-23.112 -71.4137 0 
-25.3403 -68.8991 0 
-42.9051 -94.2519 0 
-39.9904 -95.7299 0 
-42.9203 -101.13 0 
19.5395 -207.416 0 
15.9682 -208.461 0 
6.38711 -75.5336 0 
3.36689 -76.0522 0 
-89.7105 -220.675 0 
-87.2465 -220.859 0 
-88.149 -218.62 0 
-31.5204 -181.482 0 
-33.8673 -178.786 0 
-30.3877 -178.139 0 
4.98204 -234.326 0 
56.2177 -222.455 0 
54.0465 -218.535 0 
56.661 -214.233 0 
51.0788 -214.592 0 
53.8782 -211.244 0 
7.05401 -56.1552 0 
-114.748 -194.384 0 
-110.623 -194.366 0 
-112.423 -191.271 0 
-95.5306 -155.915 0 
-42.5833 -63.605 0 
-43.9097 -66.9953 0 
32.1565 -154.962 0 
-5.72337 -204.703 0 
155.358 -47.1325 0 
-79.4694 -132.506 0 
76.329 0.432134 0 
-83.6381 -202.861 0 
22.9963 -19.2288 0 
89.5155 -28.1317 0 
88.1471 -32.2557 0 
91.0496 -35.49 0 
86.7897 -36.3444 0 
89.7079 -39.488 0 
93.9228 -38.6943 0 
92.7546 -42.7227 0 
96.8688 -41.9046 0 
95.3728 -34.5931 0 
83.9955 -33.0909 0 
82.9378 -37.3876 0 
81.1962 -29.9186 0 
41.4275 -129.295 0 
37.9226 -130.141 0 
35.4375 -127.568 0 
34.4484 -130.993 0 
31.9797 -128.444 0 
30.9961 -131.849 0 
28.5406 -129.308 0 
27.5641 -132.696 0 
25.1224 -130.162 0 
24.1531 -133.541 0 
26.0897 -126.784 0 
26.5862 -136.073 0 
23.1922 -136.953 0 
20.7494 -134.392 0 
19.7975 -137.799 0 
33.4804 -134.415 0 
17.4124 -135.26 0 
16.397 -138.591 0 
25.6578 -139.551 0 
22.7512 -127.656 0 
23.6569 -124.269 0 
27.0544 -123.407 0 
24.6041 -120.899 0 
21.341 -121.632 0 
22.1854 -118.378 0 
13.9785 -136.082 0 
13.0971 -139.542 0 
18.3373 -131.922 0 
18.6627 -119.037 0 
19.7634 -115.746 0 
23.1041 -115.005 0 
29.0468 -138.639 0 
18.9217 -141.253 0 
28.0034 -120.035 0 
28.0935 -142.044 0 
20.6411 -112.312 0 
17.2949 -112.814 0 
32.5386 -137.812 0 
35.0774 -140.477 0 
14.9063 -110.179 0 
32.9558 -125.02 0 
26.4734 -113.871 0 
40.442 -132.765 0 
91.6047 -83.5549 0 
90.2996 -87.3729 0 
92.8357 -90.2861 0 
-51.4747 -220.392 0 
-26.9517 -90.989 0 
-27.9424 -94.2395 0 
-23.5762 -90.3837 0 
-20.6812 -92.8174 0 
-92.4878 -161.22 0 
36.2973 11.6734 0 
19.8666 -162.603 0 
39.4748 -100.61 0 
-75.9224 -109.266 0 
-79.7392 -183.12 0 
-48.3489 -210.893 0 
-95.5199 -152.334 0 
-92.35 -154.095 0 
31.4373 -118.999 0 
-51.0483 -113.037 0 
-47.9276 -114.646 0 
-44.277 -171.555 0 
-49.9387 -169.537 0 
41.8105 -78.3311 0 
39.2161 -75.5903 0 
-0.0975718 -52.3054 0 
-21.9124 -105.402 0 
86.5924 -119.878 0 
-6.54461 -72.6729 0 
-60.6366 -184.219 0 
-57.781 -120.136 0 
-100.195 -127.13 0 
-30.1325 -203.507 0 
-32.5535 -200.831 0 
-60.2901 -180.634 0 
112.624 -42.4512 0 
47.083 -83.5985 0 
-67.1355 -154.53 0 
-70.7349 -156.075 0 
-73.7795 -154.23 0 
-50.1559 -151.288 0 
82.9724 -10.185 0 
52.3288 -88.9767 0 
51.1111 -92.6543 0 
53.9638 -95.3701 0 
-58.4532 -249.835 0 
-111.115 -161.121 0 
-108.024 -159.381 0 
106.535 -105.142 0 
102.647 -103.527 0 
103.151 -107.611 0 
99.3281 -105.903 0 
98.8393 -101.85 0 
95.2166 -104.256 0 
94.9578 -99.8797 0 
98.4222 -97.7286 0 
94.6699 -96.0121 0 
97.9773 -93.8546 0 
96.1665 -108.573 0 
-73.7287 -150.691 0 
-76.8608 -152.426 0 
-14.4133 -79.7089 0 
-9.78605 -106.18 0 
14.5607 -68.1691 0 
-18.9109 -67.5026 0 
-13.6612 -69.1535 0 
29.4407 -164.294 0 
112.311 -90.0488 0 
-98.4416 -72.7094 0 
-64.0741 -127.407 0 
4.71538 -18.5633 0 
9.83285 -184.55 0 
7.30537 -182.069 0 
26.2077 -185.417 0 
22.9767 -183.07 0 
13.39 -162.783 0 
16.6771 -160.959 0 
13.398 -159.053 0 
88.8454 -80.4884 0 
3.19106 -121.262 0 
2.14121 -115.545 0 
-3.26145 -104.92 0 
30.0152 -34.2804 0 
59.1716 -101.03 0 
56.5203 -98.2534 0 
55.6249 -101.833 0 
52.7155 -98.974 0 
58.2017 -104.679 0 
54.3213 -105.381 0 
51.5367 -63.3243 0 
64.2069 -82.4293 0 
-97.7481 -206.57 0 
26.8365 -100.954 0 
-28.0114 -196.375 0 
-24.2389 -196.122 0 
80.0913 -96.6778 0 
77.2422 -94.0622 0 
78.6289 -89.908 0 
76.2086 -86.598 0 
8.8295 -188.113 0 
5.26809 -189.081 0 
40.6898 -234.852 0 
-92.3607 -150.53 0 
-77.5608 -237.347 0 
55.8091 -112.021 0 
7.68989 -126.364 0 
36.0109 -137.057 0 
101.205 -122.451 0 
45.1002 -242.497 0 
17.7677 -42.6546 0 
-35.2188 -52.0415 0 
-107.927 -141.47 0 
-132.29 -80.2499 0 
-95.4777 -137.858 0 
-76.1465 -218.648 0 
-59.0295 -150.161 0 
-47.2769 -199.466 0 
40.8597 34.5467 0 
66.0078 -74.6531 0 
62.3434 -75.7088 0 
56.8415 16.3796 0 
42.0514 -160.432 0 
61.4827 -79.634 0 
58.7706 -76.9133 0 
59.7613 -73.2144 0 
56.133 -74.6046 0 
1.32384 -65.6167 0 
-48.825 -166.285 0 
55.4487 -39.7236 0 
84.2537 -59.6241 0 
80.3469 -60.5518 0 
-98.9034 -171.976 0 
-4.716 -178.941 0 
-16.475 -184.631 0 
-7.60716 -230.765 0 
-11.0399 -231.17 0 
-13.3012 -228.201 0 
-5.67951 -182.338 0 
25.8 -223.239 0 
96.455 -112.674 0 
21.7995 -131.046 0 
-0.257625 -95.8001 0 
78.2943 12.9997 0 
-148.104 -117.003 0 
-116.112 -187.342 0 
-99.7737 -201.429 0 
20.0153 -125.036 0 
-33.5417 -110.697 0 
-31.1594 -113.251 0 
-30.0243 -109.943 0 
18.0237 -144.68 0 
100.839 -77.972 0 
105.044 -76.6951 0 
107.663 -80.2088 0 
106.489 -83.9538 0 
110.774 -83.1898 0 
11.3054 -146.461 0 
12.231 -143.014 0 
-37.5646 -74.8484 0 
-34.132 -74.1093 0 
-67.4098 -136.439 0 
-64.5394 -141.866 0 
-10.2722 -246.469 0 
-41.5941 -218.379 0 
-27.5221 -131.104 0 
66.17 -60.2412 0 
84.6381 -70.5655 0 
-42.1333 -155.747 0 
-39.8871 -158.343 0 
-39.0138 -127.331 0 
-38.3346 -239.022 0 
-44.4994 -237.011 0 
80.5461 -17.7416 0 
-19.6846 -117.016 0 
-34.6742 -216.969 0 
-4.72202 -201.243 0 
7.92076 -88.5723 0 
126.343 -87.0913 0 
-105.617 -109.434 0 
-23.5298 -176.68 0 
4.45274 -148.231 0 
85.8369 -40.4917 0 
-92.9222 -115.167 0 
11.4778 -68.8659 0 
-134.128 -84.5539 0 
-129.438 -83.7089 0 
-15.9365 22.2084 0 
-27.6379 -243.975 0 
109.771 -50.2728 0 
63.2207 -86.2188 0 
-27.8741 -206.109 0 
36.4194 -124.108 0 
-33.9062 -187.996 0 
22.271 -140.514 0 
-20.8052 -111.221 0 
14.3232 -86.9383 0 
0.379852 -161.668 0 
-2.07871 -159.129 0 
-1.03709 -155.678 0 
-4.54398 -156.65 0 
-3.0821 -162.507 0 
56.2893 -69.1703 0 
-95.6873 -163.096 0 
-8.36602 -78.4456 0 
23.1287 -179.158 0 
8.80335 -123.13 0 
-32.9729 -165.967 0 
57.5431 -94.5458 0 
-79.14 -111.251 0 
25.4359 -24.9009 0 
15.8049 -106.934 0 
55.0425 -115.967 0 
-25.5542 -192.776 0 
-21.9873 -193.674 0 
-28.7221 -143.205 0 
-25.9816 -164.679 0 
95.3684 -71.8285 0 
3.18782 -218.564 0 
-25.1174 -236.961 0 
-22.9063 -136.329 0 
-47.0231 -132.052 0 
-86.0512 -143.372 0 
125.339 -80.3438 0 
-25.7812 -183.433 0 
2.25233 -62.7051 0 
-101.717 -145.064 0 
-11.5152 -148.927 0 
-78.2568 -223.96 0 
-21.7942 -141.855 0 
122.338 -54.7894 0 
-86.1343 -154.113 0 
-13.8267 -146.322 0 
36.0337 -179.195 0 
-70.2717 -241.767 0 
-17.8432 -55.5095 0 
-14.6943 -54.9836 0 
4.78233 -202.133 0 
-85.8708 -136.086 0 
-82.7795 -137.941 0 
-5.8254 -43.2828 0 
-7.01737 -46.353 0 
-30.875 -159.122 0 
-34.3172 -159.956 0 
-25.2154 -151.751 0 
-46.2582 -205.082 0 
-16.9852 -165.625 0 
-67.5513 -143.615 0 
5.68468 -9.86682 0 
-35.5077 -135.897 0 
-36.6764 -139.147 0 
37.8328 18.6956 0 
-7.55697 -117.541 0 
-63.7876 -213.674 0 
-85.9368 -103.097 0 
-36.1007 -89.6898 0 
-176.589 -112.775 0 
-104.894 -154.036 0 
-87.377 -226.073 0 
-21.7814 -151.052 0 
-38.9498 -136.584 0 
-53.2503 -170.17 0 
2.43252 -154.868 0 
18.5504 -211.213 0 
-76.9696 -155.96 0 
30.0354 -135.247 0 
-3.20001 -207.313 0 
-5.98973 -141.598 0 
122.072 -70.176 0 
-22.2638 -198.74 0 
-25.8633 -174.02 0 
42.73 -215.618 0 
47.0257 -217.008 0 
-50.0988 -141.868 0 
70.5149 -69.8285 0 
36.8196 -88.1512 0 
53.5356 -203.57 0 
-18.7866 -207.275 0 
90.9179 -98.1192 0 
-15.5539 -171.808 0 
29.5135 -125.918 0 
-120.193 -151.854 0 
-17.1399 -156.315 0 
55.1471 -78.1491 0 
-19.9201 -70.7984 0 
11.4321 -155.868 0 
-9.03276 -160.874 0 
-12.7368 -143.006 0 
-24.1982 -223.971 0 
18.3594 -154.09 0 
21.0661 -99.6138 0 
18.7279 -97.1481 0 
-71.3604 -227.966 0 
-58.8332 -99.5006 0 
60.509 -83.5379 0 
-14.1232 -212.678 0 
-11.8833 -44.6167 0 
25.9318 -104.386 0 
-9.64753 -124.079 0 
-31.941 -162.527 0 
-10.1101 -4.45575 0 
-55.4069 -90.2375 0 
28.6159 -55.7486 0 
25.3556 -56.5935 0 
-24.3294 -214.685 0 
0.745248 -215.911 0 
-1.6358 -168.551 0 
-42.5943 -109.435 0 
40.801 -71.9192 0 
-60.4869 -110.888 0 
12.3463 -209.658 0 
-1.63518 -66.2505 0 
-28.7601 -115.766 0 
25.5435 -117.511 0 
-96.0069 -84.233 0 
-97.6818 -88.9224 0 
-63.2844 -163.254 0 
-104.911 -132.506 0 
74.0932 7.73739 0 
36.6544 -111.114 0 
-22.8942 -154.38 0 
-36.3873 -166.719 0 
-9.46392 -133.125 0 
-55.8584 -139.978 0 
-1.64794 -241.481 0 
-17.442 -119.589 0 
-2.67898 -172.045 0 
-25.2797 -124.214 0 
87.779 -105.485 0 
89.4979 -16.4337 0 
-144.147 -137.614 0 
-104.975 -164.819 0 
7.17927 -108.521 0 
90.8279 -50.8225 0 
-34.5502 -225.98 0 
8.51265 -165.833 0 
-15.3835 -181.275 0 
73.6133 -125.309 0 
-61.1162 -129.317 0 
-114.106 -148.504 0 
-17.3814 -128.654 0 
134.905 -36.0075 0 
41.6721 -116.252 0 
-5.65514 -61.685 0 
-76.7449 -141.732 0 
-57.7659 -212.516 0 
-40.11 -139.885 0 
105.083 -63.8227 0 
-73.521 -129.112 0 
7.27329 -204.709 0 
-32.1634 -228.555 0 
-75.778 -97.4512 0 
-32.785 -175.414 0 
19.4944 -184.56 0 
-6.46541 -114.353 0 
-20.5784 -157.013 0 
107.734 -117.695 0 
-15.2149 -113.201 0 
2.82753 -33.6785 0 
-26.5616 -221.339 0 
33.267 -189.011 0 
-42.3055 -146.507 0 
26.294 -173.589 0 
46.8707 -121.629 0 
81.4402 -113.829 0 
94.0481 -64.7884 0 
60.3727 -143.631 0 
60.1896 -147.917 0 
-67.0498 -118.131 0 
10.6942 -226.562 0 
11.724 -223.018 0 
-41.0211 -161.628 0 
-110.982 -136.079 0 
-50.2718 -262.153 0 
-19.5138 -229.23 0 
-18.4036 -225.793 0 
-65.1131 -91.982 0 
9.55847 -83.2866 0 
67.645 -95.3888 0 
-71.0831 -159.607 0 
-82.9819 -145.232 0 
-41.3777 -227.342 0 
-21.1695 -56.268 0 
-98.2043 -209.208 0 
-95.8106 -210.942 0 
45.207 -92.7551 0 
-21.9956 -217.322 0 
11.6426 -113.512 0 
-4.07869 -165.958 0 
94.73 -127.057 0 
-82.3896 -101.314 0 
68.592 -105.659 0 
-101.738 -141.498 0 
-14.9372 -234.769 0 
77.437 -82.8025 0 
59.3808 -124.911 0 
-160.311 -147.349 0 
-16.739 -241.758 0 
26.2956 -162.464 0 
-133.441 -100.016 0 
36.9649 -133.61 0 
30.4812 -122.486 0 
-43.2668 -159.049 0 
-38.1666 -87.1878 0 
-52.7556 -130.314 0 
39.4837 0.484818 0 
35.4564 -3.21589 0 
33.3972 -0.602112 0 
-27.3526 -234.121 0 
5.04773 -106.102 0 
6.98563 -246.336 0 
-12.7112 -57.568 0 
47.9452 -105.295 0 
10.2993 -63.6583 0 
9.36207 -66.5921 0 
107.589 -136.355 0 
49.7982 -72.9683 0 
10.5437 0.973968 0 
-84.0485 -238.443 0 
111.721 -71.9133 0 
-82.3608 -69.0337 0 
-10.5511 -136.406 0 
-54.58 -248.275 0 
-51.7179 -246.947 0 
-95.4516 -141.498 0 
-68.2227 -235.575 0 
9.57541 -27.9417 0 
-47.1399 -122.784 0 
-81.8518 -171.996 0 
-17.3947 -88.4645 0 
115.414 -62.2091 0 
4.37517 -73.1163 0 
-108.043 -162.965 0 
-57.5458 -124.009 0 
-43.9039 -215.882 0 
17.2568 18.3648 0 
87.8639 -47.6403 0 
101.349 -40.9384 0 
-87.1829 -187.506 0 
-88.1122 -190.569 0 
-85.8902 -192.9 0 
-90.4168 -188.182 0 
-89.4692 -113.166 0 
108.244 -31.9627 0 
-18.2189 -46.4439 0 
-160.497 -91.8347 0 
-62.249 -177.618 0 
56.5749 -35.6205 0 
35.5825 8.42427 0 
33.3139 10.5912 0 
38.5314 -139.68 0 
-111.1 -153.911 0 
-18.476 -131.937 0 
-17.4151 -101.772 0 
97.2295 -90.0225 0 
-8.54738 -70.5477 0 
-86.1202 -125.401 0 
0.00292409 -113.038 0 
21.2824 -49.7724 0 
-67.2023 -224.287 0 
62.4338 -61.2206 0 
-21.6802 -160.337 0 
-120.009 -141.432 0 
-119.956 -138.066 0 
121.023 -29.274 0 
105.61 -28.1379 0 
-36.1781 -185.36 0 
-70.4614 -225.122 0 
-98.3957 -183.823 0 
38.9482 -162.318 0 
35.9599 -171.671 0 
-52.1906 -92.2 0 
-111.001 -139.676 0 
-96.544 -105.062 0 
84.023 -116.607 0 
-94.6101 -213.246 0 
98.9659 -49.0403 0 
-111.06 -150.336 0 
15.3207 -222.037 0 
48.9621 -60.604 0 
129.824 -46.5444 0 
6.55659 -120.593 0 
-8.2663 -138.995 0 
-60.2467 -193.564 0 
14.8252 -76.6463 0 
16.3316 -62.3332 0 
-71.5851 -200.914 0 
-36.6827 -148.046 0 
-33.1355 -64.5607 0 
-124.739 -93.067 0 
94.7974 -11.2995 0 
-120.305 -155.43 0 
-71.5381 -184.441 0 
65.8483 -23.9551 0 
-12.1551 -224.727 0 
-82.7761 -192.125 0 
-60.4214 -107.273 0 
34.3672 -85.5045 0 
-108.003 -155.781 0 
-109.688 -207.303 0 
0.747668 -193.496 0 
-64.4642 -188.572 0 
43.8071 -17.7013 0 
44.7254 -14.7647 0 
-12.6779 -65.9894 0 
-38.4795 -191.797 0 
-1.42705 -82.3298 0 
0.596794 -84.6411 0 
-35.673 -117.274 0 
-113.914 -115.169 0 
99.3658 -22.1808 0 
-55.581 -158.638 0 
4.2823 -192.586 0 
-139.866 -117.735 0 
-21.8409 -132.736 0 
135.63 -59.268 0 
-56.2597 -215.399 0 
32.2079 -237.497 0 
-145.131 -104.364 0 
22.313 -36.0713 0 
87.593 -84.3353 0 
-35.3613 -163.382 0 
-52.544 -223.68 0 
-48.3623 -202.547 0 
55.8668 -49.4883 0 
81.9175 -67.486 0 
-7.23424 -176.429 0 
125.364 -68.2448 0 
21.2945 -75.4783 0 
1.36974 23.8323 0 
-1.44416 23.8856 0 
-57.9142 -222.128 0 
-49.785 -178.768 0 
22.9695 -220.338 0 
-77.6858 -185.565 0 
63.6157 -57.5091 0 
15.5273 -142.048 0 
9.82755 -140.803 0 
-82.9277 -141.631 0 
71.1778 -94.438 0 
26.3234 -177.346 0 
-34.3059 -150.614 0 
4.84676 -43.1243 0 
-98.2404 -231.474 0 
-66.7042 -214.075 0 
33.2678 23.2564 0 
-136.802 -97.297 0 
-31.1753 -104.172 0 
-25.4852 -60.066 0 
0.914565 -225.553 0 
-124.198 -113.137 0 
-141.293 -102.903 0 
42.1241 -230.698 0 
-99.1431 -224.659 0 
63.199 -21.1454 0 
66.9849 -20.1787 0 
101.53 -147.032 0 
-77.8937 -246.292 0 
37.2263 -220.589 0 
19.327 -82.0536 0 
-19.0077 -58.7428 0 
-9.36028 -142.297 0 
-83.7203 -195.049 0 
-71.7704 -205.377 0 
-50.5187 -208.507 0 
52.0312 0.182988 0 
-34.2458 -67.8917 0 
23.0879 -164.372 0 
-115.627 -105.395 0 
-55.5791 -259.82 0 
116.923 -14.365 0 
-3.10834 -34.7337 0 
6.22554 -208.196 0 
-35.5743 -126.62 0 
122.338 -58.629 0 
21.2756 -237.147 0 
79.1907 -64.4467 0 
-23.1107 -220.646 0 
-25.8872 -17.3755 0 
-61.5273 -78.2095 0 
11.493 -46.7296 0 
-3.72806 8.09696 0 
-159.949 -84.1614 0 
-47.44 -50.427 0 
-0.158394 13.2574 0 
-80.4537 -168.644 0 
-79.6244 -95.3737 0 
75.1284 -142.01 0 
-0.682521 -63.3873 0 
-12.0345 -36.4749 0 
41.8922 -62.0425 0 
-55.4728 -167.619 0 
-41.4579 -44.3671 0 
-104.914 -157.638 0 
39.533 -173.939 0 
11.2917 -213.275 0 
-120.335 -130.596 0 
-27.292 -45.5111 0 
-151.733 -128.435 0 
-78.3259 -231.984 0 
-76.3376 -234.354 0 
-26.9762 -177.421 0 
93.9388 -133.245 0 
29.6175 -246.596 0 
38.696 -81.45 0 
-52.0574 -175.956 0 
-56.5371 -170.844 0 
-18.5722 -113.807 0 
-89.252 -155.878 0 
-0.28865 -219.303 0 
-1.46812 -251.23 0 
1.64013 -136.912 0 
-4.92021 -20.9446 0 
-5.63168 -18.5191 0 
24.3729 -98.7126 0 
-127.515 -79.6947 0 
-5.59673 -160.095 0 
-14.9064 -29.1083 0 
5.56564 37.7241 0 
-159.413 -123.944 0 
108.167 -73.8297 0 
35.4003 -82.1001 0 
-30.9869 -36.8267 0 
57.1348 -29.1058 0 
-43.1559 -87.0196 0 
14.2581 -27.0907 0 
-120.554 -122.976 0 
25.0728 -256.988 0 
-59.1186 -233.872 0 
-39.1635 -90.339 0 
-10.4488 -145.596 0 
-8.96402 -35.7543 0 
4.87334 -89.2592 0 
19.1274 -32.2622 0 
20.3661 -41.9391 0 
-110.818 -128.702 0 
27.7519 -250.299 0 
-28.0936 -180.779 0 
-70.1242 -116.588 0 
-54.5123 -155.365 0 
88.9262 -91.0992 0 
-27.913 11.1766 0 
37.0742 -97.8893 0 
61.2764 -4.25867 0 
15.8399 -231.698 0 
-43.1492 -253.373 0 
-68.4438 -219.443 0 
91.9944 -46.7991 0 
7.24043 -9.99594 0 
-8.13511 -148.204 0 
-2.68764 -61.0757 0 
-87.2267 -178.829 0 
-51.9428 -84.7171 0 
133.619 -27.5611 0 
-54.6999 -230.073 0 
61.1397 -207.484 0 
-91.7125 -191.537 0 
67.1872 -9.68567 0 
11.2491 -8.99556 0 
-91.4676 -209.559 0 
15.1681 1.67417 0 
-76.5721 -182.559 0 
24.801 -143.06 0 
-12.1187 -21.8852 0 
33.6508 -48.8732 0 
-65.352 -169.82 0 
0.536871 -27.2071 0 
48.5061 -0.593934 0 
-5.84314 -150.786 0 
-18.3735 -37.641 0 
12.9073 22.4037 0 
-98.6381 -139.673 0 
41.2443 -42.6252 0 
6.78901 -6.04425 0 
54.7546 -53.0038 0 
3.842 -31.1463 0 
-46.2342 -187.221 0 
-9.01708 15.4771 0 
14.5114 -33.2123 0 
2.75402 -186.586 0 
41.8459 -23.7118 0 
25.8004 -2.34378 0 
9.90863 -34.5338 0 
-18.3516 1.28141 0 
81.4003 -137.176 0 
69.6685 -116.055 0 
-157.279 -90.1853 0 
-119.204 -187.308 0 
-81.94 -219.149 0 
-3.3643 19.9106 0 
65.3657 -116.812 0 
2.9391 -41.0359 0 
-12.8529 13.6548 0 
-12.1229 -17.5273 0 
-57.1584 -66.2761 0 
-36.8558 -56.0477 0 
10.1205 -13.09 0 
-30.14 14.442 0 
-110.747 -76.6751 0 
36.9408 -30.0109 0 
-46.1932 -264.851 0 
32.8535 37.3517 0 
172.21 -46.5225 0 
-19.6908 -108.032 0 
-129.106 -146.663 0 
16.9908 -79.0753 0 
2.71741 -5.37865 0 
-53.581 -226.88 0 
107.506 -58.1186 0 
-49.4045 -120.19 0 
18.7558 -1.43916 0 
53.4745 -165.736 0 
-7.39114 -27.5181 0 
-100.873 -212.135 0 
-79.744 -139.805 0 
11.0071 -23.9398 0 
76.4912 -61.4513 0 
132.125 -60.9552 0 
-149.195 -139.546 0 
-74.5868 -254.732 0 
32.7356 -26.1186 0 
130.759 -34.6088 0 
-6.20479 -173.017 0 
-132.13 -148.152 0 
-88.0612 -234.932 0 
96.0141 -45.9374 0 
78.7879 -53.5095 0 
46.8648 -143.997 0 
-92.4227 -157.674 0 
72.1632 -51.5338 0 
52.4059 -110.823 0 
-122.824 -143.221 0 
0.0789389 -152.356 0 
-22.7307 -163.674 0 
15.5231 -0.573166 0 
41.1347 -65.8811 0 
91.4778 -104.724 0 
-30.9521 -46.4807 0 
-65.4452 -218.594 0 
-2.23465 -101.826 0 
-65.15 -88.1996 0 
-31.7281 -20.4906 0 
-53.4733 -152.057 0 
10.6132 -49.4377 0 
-6.35851 -88.6535 0 
-6.90169 -154.108 0 
-20.7634 -223.256 0 
-18.9049 8.63328 0 
-93.0108 -240.288 0 
-180.964 -107.119 0 
-61.1401 -204.977 0 
11.9253 5.61326 0 
10.9305 7.34746 0 
12.345 -4.94364 0 
21.8078 -52.6369 0 
12.5985 -242.497 0 
57.4036 -154.308 0 
-1.0713 -116.133 0 
36.6474 -47.808 0 
0.932232 -253.952 0 
-5.57227 -93.7977 0 
-55.7774 -149.426 0 
-20.3795 -166.338 0 
-109.806 -188.815 0 
-63.5925 -237.677 0 
-26.408 -127.622 0 
29.2382 -19.867 0 
12.3977 -65.9174 0 
-100.062 -103.151 0 
-20.7275 -102.336 0 
42.4184 -12.722 0 
21.629 -4.03569 0 
-80.3307 -253.309 0 
-61.5798 -147.461 0 
-116.417 -89.8379 0 
-45.0098 -116.39 0 
-15.4976 -48.9378 0 
35.1464 -43.3279 0 
-90.6191 -218.311 0 
-89.5365 -169.99 0 
-7.86316 -32.8771 0 
-8.41953 -86.2817 0 
44.4806 7.82433 0 
64.1573 -17.4446 0 
35.0012 -203.303 0 
-32.2262 -116.512 0 
1.3708 -73.6432 0 
37.9528 -8.43042 0 
6.28506 -185.584 0 
-104.682 -232.457 0 
28.5779 -211.613 0 
10.5104 -137.502 0 
53.6189 -71.8671 0 
23.0623 -41.0334 0 
-71.5311 -192.857 0 
33.9028 14.0444 0 
-104.892 -139.695 0 
-96.1014 -76.6124 0 
-34.5461 -71.0557 0 
-51.0399 -172.798 0 
-4.34559 -116.849 0 
-10.8066 -15.1002 0 
95.2675 -60.8113 0 
105.769 -145.871 0 
-14.7691 -257.133 0 
7.55243 28.5374 0 
-12.2847 -3.45075 0 
-14.5517 -168.364 0 
-48.4519 -61.7443 0 
-84.7482 -247.532 0 
-82.5328 -250.187 0 
-99.4422 -187.122 0 
-119.975 -178.339 0 
62.9689 -71.5273 0 
118.909 -56.5826 0 
20.0201 -180.869 0 
77.6271 -57.5983 0 
-166.161 -109.304 0 
-78.2132 -68.1872 0 
-115.605 -190.662 0 
-79.6131 -136.191 0 
8.90842 -19.0863 0 
1.0331 -149.107 0 
-19.1483 -257.108 0 
21.934 -9.27057 0 
30.8962 -15.2264 0 
116.693 -29.936 0 
119.34 -44.6092 0 
-1.76806 -58.1101 0 
-112.179 -250.995 0 
-97.0168 -218.666 0 
32.8191 7.2176 0 
-69.4083 -206.97 0 
-123.428 -156.887 0 
36.3378 -257.721 0 
-139.259 -113.624 0 
57.1062 5.034 0 
-17.4547 -222.496 0 
8.52434 -15.8382 0 
7.75654 -17.6211 0 
21.3423 -11.1419 0 
-76.1725 -88.3283 0 
6.96293 -3.21556 0 
6.99241 -0.626841 0 
-35.0682 -191.197 0 
2.30174 -22.13 0 
-48.7611 -255.898 0 
-1.63488 -17.4962 0 
19.2911 6.55727 0 
99.288 -59.7264 0 
6.17254 -4.76257 0 
-24.4097 -56.9289 0 
-123.146 -104.037 0 
-3.49061 -153.271 0 
-2.14131 -0.279856 0 
-72.2372 -178.728 0 
-86.5312 -210.528 0 
22.8263 -12.5013 0 
-32.8609 -193.691 0 
-8.00526 -17.8438 0 
-27.6049 -103.519 0 
-51.9648 -72.1025 0 
80.146 -125.192 0 
4.80521 -179.58 0 
-32.2574 -50.2685 0 
-3.85645 -1.94948 0 
-3.78011 -55.7128 0 
-10.6047 4.22089 0 
69.5161 -23.1608 0 
-12.8274 -183.866 0 
-71.2914 -169.698 0 
57.2686 -55.7332 0 
-107.98 -137.919 0 
-0.667221 7.56538 0 
-7.85656 -188.975 0 
-79.0727 -249.554 0 
-132.196 -164.855 0 
142.984 -52.0433 0 
-10.5949 17.8894 0 
-54.7145 -221.286 0 
-2.33646 -93.3584 0 
125.391 -72.0202 0 
8.45897 -242.977 0 
53.227 3.96477 0 
15.4379 -65.2353 0 
7.431 -236.926 0 
94.4192 -144.727 0 
114.044 -119.257 0 
0.412749 -76.5555 0 
-108.14 -197.183 0 
-41.6372 -69.6204 0 
-92.5227 -196.813 0 
12.8811 -9.11468 0 
8.31974 -178.522 0 
-127.836 -111.694 0 
91.6542 -93.8991 0 
-96.461 -223.592 0 
0.691073 1.55698 0 
-19.0958 -194.814 0 
-85.6353 -99.1287 0 
115.247 -58.4359 0 
-95.2211 -229.785 0 
-11.6678 -54.5656 0 
5.21502 14.5387 0 
-100.963 -217.493 0 
23.9369 -0.542239 0 
-57.9159 -230.742 0 
72.2131 -118.965 0 
-2.89294 -52.9405 0 
-3.9214 -220.086 0 
-2.78404 -13.7802 0 
58.3547 -150.884 0 
14.8364 -245.223 0 
15.0638 20.0895 0 
-17.2361 -34.6214 0 
-65.7367 -249.884 0 
6.7224 -172.708 0 
-155.657 -131.029 0 
9.86855 -207.093 0 
58.596 -128.461 0 
70.1471 -17.241 0 
61.0412 -54.8228 0 
-20.5513 -138.598 0 
-9.27983 -183.099 0 
8.56336 10.588 0 
142.684 -55.9835 0 
14.9881 -132.947 0 
2.06543 -145.886 0 
2.43852 -78.9503 0 
6.2507 -11.3652 0 
-154.719 -96.5316 0 
-41.5801 -50.3934 0 
24.8106 -95.6214 0 
23.2052 -25.2669 0 
44.4211 -153.987 0 
-3.26322 0.131931 0 
167.775 -56.3209 0 
-100.398 -204.71 0 
71.0525 -29.6595 0 
-20.9042 17.1893 0 
-50.9421 -181.757 0 
-78.8766 -219.131 0 
101.682 -74.0352 0 
7.61524 0.476706 0 
105.184 -17.3837 0 
77.4821 17.1067 0 
12.462 -25.4191 0 
-19.3574 -31.8091 0 
-47.2584 -58.3633 0 
1.48175 -81.819 0 
-9.59015 -217.946 0 
2.21866 -1.31084 0 
93.0029 -110.72 0 
76.2565 -15.7297 0 
-24.063 -139.415 0 
-48.2656 -247.715 0 
184.273 -58.907 0 
13.9037 -19.6058 0 
-10.2773 13.3022 0 
-4.016 -16.9657 0 
-148.397 -101.587 0 
-37.6624 -160.842 0 
3.3647 -1.29994 0 
24.4591 15.1435 0 
15.5799 -7.85513 0 
-185.618 -114.063 0 
118.007 -87.8443 0 
-35.4206 -154.067 0 
0.803697 0.150399 0 
0.471257 -0.270332 0 
-39.018 -145.691 0 
8.94644 -144.091 0 
0.501835 -4.70177 0 
64.8424 -53.8053 0 
-89.0014 -216.444 0 
73.6519 -32.3722 0 
-24.1056 -102.902 0 
-27.4927 -140.111 0 
35.0347 -153.027 0 
25.6814 -151.975 0 
-36.5289 -157.453 0 
-99.4283 -242.236 0 
36.0354 -101.526 0 
-5.44884 -120.14 0 
61.2448 6.09542 0 
-159.497 -105.415 0 
69.4721 -126.11 0 
22.2663 4.06661 0 
-76.5465 -134.476 0 
-52.5746 -102.644 0 
-30.9308 -140.818 0 
102.1 -99.6196 0 
-37.8216 -142.37 0 
17.096 -157.538 0 
-48.6262 -252.444 0 
45.0731 -195.827 0 
-147.917 -97.5046 0 
-181.385 -121.614 0 
-107.114 -75.1776 0 
62.5521 -133.702 0 
18.4618 -64.5889 0 
-34.3985 -141.584 0 
-42.6633 -81.8513 0 
23.1759 -58.3456 0 
-69.3127 -65.4069 0 
17.7514 33.8127 0 
168.381 -61.297 0 
34.1772 -108.571 0 
48.9051 -32.8106 0 
-10.2104 29.6514 0 
5.50606 -145.066 0 
-37.1388 -34.7161 0 
10.4966 -255.042 0 
80.1738 -34.289 0 
38.1289 -216.895 0 
65.0213 -3.3088 0 
-86.625 -195.757 0 
-9.46014 2.17659 0 
-48.5597 -184.492 0 
26.7583 -68.7541 0 
10.2307 -171.55 0 
-33.4863 -34.106 0 
-32.0847 -30.5074 0 
-6.51385 -123.568 0 
51.2293 -104.485 0 
-0.138644 0.0814752 0 
-170.911 -122.244 0 
10.1809 5.66731 0 
36.2215 -235.371 0 
122.027 -78.0232 0 
4.20597 2.56126 0 
-33.7233 -213.899 0 
35.0367 -105.073 0 
-135.153 -112.005 0 
47.6446 -140.503 0 
-155.38 -144.747 0 
45.3331 -160.083 0 
49.2332 -170.917 0 
32.5048 -3.13403 0 
-43.3481 -233.702 0 
33.478 -193.118 0 
-26.7349 -54.5092 0 
-75.1843 -170.803 0 
19.7703 -16.4866 0 
21.6953 -247.402 0 
45.3778 -165.901 0 
-114.162 -111.887 0 
-73.4463 -181.912 0 
0.125885 -41.6586 0 
57.3652 -209.586 0 
30.5591 9.44169 0 
65.9222 -50.2582 0 
3.33673 0.0592502 0 
-8.43131 -214.742 0 
-68.4342 -93.8472 0 
20.001 -14.681 0 
-53.8232 -244.805 0 
16.086 -5.35763 0 
92.5384 -149.346 0 
44.3947 -64.5409 0 
19.4286 -128.7 0 
-103.434 -77.38 0 
-10.2543 -76.3433 0 
-74.8398 -201.192 0 
-6.31273 -30.2042 0 
-4.22025 -126.171 0 
79.229 -38.7361 0 
-39.0996 -229.679 0 
-10.8617 -212.116 0 
14.2588 -225.486 0 
-9.47522 -73.5345 0 
20.7146 -66.9117 0 
-107.962 -134.259 0 
-1.08742 19.4781 0 
26.0864 12.9202 0 
-79.4834 -234.919 0 
-88.9024 -193.532 0 
-6.60568 -2.81352 0 
-7.11471 -4.55665 0 
-76.4699 -130.825 0 
-74.2899 -91.6299 0 
39.9259 -110.072 0 
-7.52872 5.26185 0 
-130.828 -87.6804 0 
-20.2591 6.01723 0 
67.2927 -147.231 0 
107.453 -121.749 0 
3.47874 4.44071 0 
-37.611 -206.759 0 
-1.95854 -128.687 0 
49.9901 -210.292 0 
-162.185 -111.448 0 
60.2876 -35.8225 0 
10.2589 -25.8967 0 
82.0395 -41.5602 0 
-47.3472 -208.035 0 
-110.198 -245.359 0 
73.324 -72.8323 0 
-117.302 -168.043 0 
47.9723 8.62715 0 
8.86346 -96.7628 0 
111.411 -79.3512 0 
23.9437 -66.3784 0 
-98.9512 -175.216 0 
-1.66885 -4.381 0 
-35.5698 -229.08 0 
-133.429 -168.655 0 
136.7 -47.8275 0 
79.312 -143.179 0 
-48.6412 -139.067 0 
88.837 -43.6216 0 
0.458417 0.992185 0 
47.8658 -179.599 0 
-93.754 -72.5943 0 
-47.2057 -190.479 0 
-20.2995 -79.1527 0 
132.1 -19.971 0 
162.32 -63.3524 0 
129.213 -23.1964 0 
131.663 -71.83 0 
0.218525 -131.123 0 
-32.9351 -204.349 0 
-4.14473 -0.742069 0 
-13.6806 -52.0008 0 
11.0344 -2.13307 0 
-0.893155 -44.5056 0 
-90.4457 -91.7398 0 
-58.6885 -261.61 0 
51.5056 -222.583 0 
152.653 -59.8093 0 
-88.1898 -247.936 0 
-0.66172 -134.362 0 
-2.9886 32.2932 0 
-58.9986 -102.575 0 
-49.0852 -73.8446 0 
17.2628 -124.143 0 
25.6687 -9.9372 0 
-107.921 -130.624 0 
14.6397 -11.683 0 
13.6564 -205.753 0 
-113.174 -74.821 0 
-32.3234 -27.116 0 
-62.0302 -150.765 0 
-52.6445 -120.956 0 
34.6551 17.4404 0 
30.8582 13.1784 0 
-44.9944 -106.47 0 
153.267 -50.7191 0 
24.9252 -43.0594 0 
-58.2969 -137.897 0 
31.0624 -262.486 0 
4.81669 -136.214 0 
-76.3059 -127.274 0 
9.19989 30.7 0 
4.61401 -11.1287 0 
110.012 -9.711 0 
42.4058 -112.723 0 
-183.142 -118.131 0 
38.9029 -32.0845 0 
-0.203806 -238.172 0 
13.3806 -3.69294 0 
4.19588 -22.0871 0 
-62.2629 -234.499 0 
14.6159 -202.17 0 
-68.3938 -161.511 0 
-30.0026 -55.1363 0 
27.8548 -58.891 0 
-49.6437 -55.9989 0 
-105.955 -175.141 0 
21.9005 -1.87787 0 
-3.03462 -254.661 0 
-154.272 -92.4489 0 
63.9682 2.8852 0 
-71.3133 -80.305 0 
-35.6739 -199.929 0 
39.2769 -148.79 0 
5.41261 -50.873 0 
-40.1452 -103.046 0 
49.7005 -98.1212 0 
-5.06409 -6.81218 0 
2.78766 6.86847 0 
2.06804 5.86635 0 
-39.2092 -41.6098 0 
-96.678 -213.093 0 
47.952 -63.7634 0 
-87.189 -238.43 0 
182.903 -55.6332 0 
-30.8894 -197.832 0 
-18.7837 -248.387 0 
-58.2529 -127.724 0 
1.35272 -31.4007 0 
-126.464 -86.8704 0 
-178.279 -100.668 0 
83.3042 -14.0504 0 
-170.295 -99.988 0 
16.3665 -195.167 0 
112.141 -52.7681 0 
-17.981 -20.5279 0 
-82.6345 -235.526 0 
-71.3608 -253.538 0 
-122.38 -175.583 0 
-13.2927 -209.357 0 
-11.6454 2.2246 0 
86.6761 -146.465 0 
12.8464 -196.468 0 
70.3801 -132.936 0 
23.4534 -10.6188 0 
50.8707 -129.854 0 
9.28769 -14.3528 0 
-102.247 -183.953 0 
98.5528 -128.438 0 
35.2437 -149.724 0 
-3.75683 -45.3094 0 
-131.552 -113.947 0 
76.0568 -75.9754 0 
50.5061 -120.977 0 
3.49689 -84.1761 0 
-49.9762 -132.338 0 
15.2226 37.385 0 
11.408 36.8486 0 
10.204 10.3181 0 
-45.2185 -210.507 0 
-27.9952 17.2458 0 
37.6762 38.1124 0 
25.0165 26.5294 0 
44.9125 -115.546 0 
-15.7038 -206.472 0 
-84.1201 -169.864 0 
-99.9302 -99.1906 0 
-156.745 -86.1738 0 
-91.4405 -194.363 0 
65.93 -0.0317051 0 
172.171 -55.3962 0 
-1.92325 3.08685 0 
-11.4283 -86.7559 0 
103.331 -21.4607 0 
11.5465 -95.6641 0 
-18.5469 -6.09984 0 
-109.451 -175.99 0 
6.14686 -23.9736 0 
10.0305 -158.738 0 
-6.02035 27.7915 0 
-43.5533 -32.8156 0 
3.23366 -10.7783 0 
-4.89017 -32.6383 0 
78.5779 -79.047 0 
15.1979 -21.0069 0 
21.5254 -189.938 0 
-85.8811 -254.502 0 
15.7912 -118.305 0 
-25.3001 -252.692 0 
7.59652 -26.0972 0 
18.0852 -224.503 0 
103.745 -137.943 0 
10.7735 -167.995 0 
29.1528 31.674 0 
-86.0982 -223.237 0 
55.7299 -168.147 0 
111.733 -56.3735 0 
-5.69041 -3.99008 0 
-7.10164 -6.27222 0 
69.012 -13.4539 0 
-6.45369 -236.192 0 
29.9873 -61.4038 0 
-37.9402 -266.527 0 
-14.5585 -203.389 0 
17.2081 -179.494 0 
-42.9372 -213.055 0 
10.4366 20.6531 0 
7.28927 -138.564 0 
-108.533 -242.494 0 
-65.7926 -102.907 0 
109.68 -28.417 0 
24.7635 -26.9959 0 
-5.8156 25.0425 0 
-89.9846 -175.56 0 
47.5302 -118.336 0 
-101.867 -88.3814 0 
22.4068 -186.48 0 
-32.9613 -231.657 0 
24.1615 -45.9083 0 
1.34479 4.83296 0 
5.61152 -86.4448 0 
45.6397 -173.234 0 
-44.9744 -79.0699 0 
-48.1892 -79.6768 0 
3.57262 -237.546 0 
-158.743 -111.405 0 
-108.678 -110.006 0 
-10.8608 -221.368 0 
-84.7575 -220.329 0 
41.9211 27.4387 0 
42.0404 -31.6579 0 
76.5392 4.77763 0 
-0.716819 -0.798957 0 
-12.8343 -260.267 0 
4.94917 -2.5421 0 
102.194 -62.0646 0 
-162.573 -121.773 0 
47.9782 -91.8639 0 
-12.534 -89.6448 0 
-69.2441 -105.147 0 
73.8276 -83.1923 0 
122.278 -25.8193 0 
91.1759 -12.9446 0 
11.3232 -134.134 0 
100.203 -6.21695 0 
-73.1879 -122.054 0 
-13.5792 -200.254 0 
-103.345 -193.473 0 
-15.521 25.4127 0 
-18.6244 3.90847 0 
-71.4637 -71.8863 0 
-104.318 -128.832 0 
-84.8903 -227.499 0 
-95.2081 -242.955 0 
-61.5418 -187.579 0 
13.8665 -260.103 0 
-66.4853 -237.997 0 
-19.8201 -260.187 0 
22.2035 -223.619 0 
-109.963 -203.898 0 
-73.1803 -115.086 0 
-2.70347 -235.655 0 
-26.5508 1.01996 0 
-27.0597 4.87688 0 
-152.961 -142.387 0 
-86.6306 -216.951 0 
-30.5522 -234.645 0 
-153.622 -84.8796 0 
90.5207 -118.271 0 
-1.347 -0.387745 0 
21.9835 -260.815 0 
30.3155 -190.668 0 
-100.611 -210.155 0 
120.923 -40.0933 0 
15.5356 -98.6727 0 
12.4818 -257.447 0 
-4.29689 -48.0313 0 
-126.621 -171.207 0 
-100.749 -219.604 0 
184.121 -52.7692 0 
-76.4811 -213.221 0 
-69.105 -178.177 0 
-73.0299 -111.258 0 
17.9865 24.1439 0 
72.191 0.179345 0 
43.7147 -33.794 0 
17.3192 -248.066 0 
-40.8606 -215.466 0 
33.7831 -5.09792 0 
54.1548 -207.255 0 
-40.3926 -92.8452 0 
38.5682 -177.373 0 
133.477 -46.0471 0 
0.728704 -1.04547 0 
-16.1552 -197.499 0 
-13.3814 -77.2172 0 
-15.8092 19.3767 0 
-15.3566 -225.229 0 
49.5397 -134.046 0 
-154.908 -135.281 0 
45.1075 -176.794 0 
31.8322 -19.6134 0 
-69.7167 -109.033 0 
-81.3905 -212.159 0 
-8.6843 -233.696 0 
-1.14962 -5.5463 0 
-73.1331 -118.639 0 
16.999 6.58561 0 
-2.19791 -50.1727 0 
-40.8736 -35.4526 0 
50.2965 -218.473 0 
-125.791 -154.709 0 
-116.505 -242.899 0 
-15.6884 -90.3377 0 
42.8297 -198.09 0 
102.73 -142.428 0 
-35.0101 -22.0005 0 
-2.91588 11.3538 0 
72.9551 -87.2754 0 
17.4767 -191.651 0 
-28.098 -237.89 0 
28.8535 -208.204 0 
-34.8397 -28.6148 0 
-152.967 -110.285 0 
0.820202 0.604253 0 
-35.9904 18.2557 0 
98.6903 -71.6348 0 
-101.521 -230.911 0 
9.41574 6.96582 0 
-28.5168 -30.7565 0 
-63.3199 -154.423 0 
-76.2151 -123.92 0 
15.8534 -129.963 0 
-6.6654 -48.9466 0 
-151.333 -136.36 0 
10.2628 33.3565 0 
5.83591 -17.2092 0 
-16.299 -228.677 0 
-50.5179 -243.734 0 
143.18 -48.9282 0 
-14.1377 2.03253 0 
11.6778 11.243 0 
23.3841 -48.5099 0 
-85.3079 -236.155 0 
16.8301 -115.72 0 
-29.281 -241.427 0 
-64.7391 -215.944 0 
-179.572 -110.893 0 
35.4636 21.0077 0 
-118.339 -73.8434 0 
-98.2956 -129.566 0 
14.312 8.5676 0 
12.9166 -2.30651 0 
66.0482 -38.7393 0 
42.8966 -10.0599 0 
-71.0895 -92.2453 0 
-0.946001 8.80182 0 
-64.0938 -68.8859 0 
-52.1666 -56.8853 0 
-49.3623 -52.8291 0 
8.60664 -85.7741 0 
-42.9127 -263.21 0 
-37.207 -214.884 0 
-43.1624 -104.007 0 
-9.10422 -260.048 0 
35.7288 -214.669 0 
2.02214 -13.117 0 
63.7728 -148.792 0 
-65.5057 -177.802 0 
75.3054 -90.5461 0 
34.891 -239.607 0 
64.7009 -42.0179 0 
-98.8886 -220.302 0 
20.418 -156.186 0 
16.4824 -22.546 0 
56.0871 -148.777 0 
-77.5023 -255.183 0 
128.906 -42.6462 0 
38.3448 -201.637 0 
-62.8526 -182.697 0 
9.74386 -0.173865 0 
-100.802 -189.384 0 
18.1259 -94.2605 0 
-14.2055 -34.2246 0 
-10.0236 -17.0866 0 
-147.188 -84.7433 0 
-94.9829 -191.392 0 
-160.133 -80.9136 0 
0.815885 -5.68859 0 
-82.1671 -98.0804 0 
1.13585 2.24762 0 
-124.246 -89.6179 0 
39.5588 30.6384 0 
-93.799 -209.461 0 
5.11614 2.4631 0 
-16.2332 -31.7078 0 
-61.1917 -252.527 0 
75.9837 -145.39 0 
74.8089 14.399 0 
-16.199 -77.9574 0 
-99.7939 -95.4458 0 
-115.227 -85.3756 0 
15.8673 -50.2568 0 
42.8805 -174.55 0 
28.4999 -150.663 0 
-122.94 -128.972 0 
-107.559 -71.8775 0 
-168.324 -119.603 0 
16.0792 8.52942 0 
25.0847 -226.598 0 
-84.1268 -66.9315 0 
60.702 -215.466 0 
-30.5264 -244.703 0 
-48.1871 -117.674 0 
10.7689 -14.2708 0 
100.736 -92.0349 0 
-45.5085 -109.662 0 
14.9397 -3.86678 0 
72.3271 -24.8792 0 
-106.91 -194.269 0 
11.3862 8.99486 0 
-67.9867 -170.694 0 
50.5089 -139.503 0 
-20.5891 -19.8994 0 
-18.3805 -90.7728 0 
23.9815 -53.8971 0 
-61.9981 -140.069 0 
92.3088 -101.755 0 
-0.994249 -25.7788 0 
131.199 -30.2066 0 
-6.51847 -254.916 0 
108.603 -77.031 0 
-67.4446 -241.064 0 
-25.7331 -2.41251 0 
-10.053 -46.0957 0 
12.9901 -13.7226 0 
-98.5905 -222.361 0 
-3.90836 -15.2159 0 
-79.4391 -122.011 0 
20.3469 -1.06002 0 
67.1461 -5.78587 0 
-13.0559 -19.7298 0 
40.5082 -7.76092 0 
-2.31266 0.607696 0 
47.8908 -257.802 0 
-21.4058 -196.239 0 
29.2487 -64.6959 0 
-83.0429 -120.214 0 
87.5117 -131.424 0 
62.8143 -34.4307 0 
2.54091 -14.822 0 
38.2625 -5.37647 0 
39.3552 -192.174 0 
-76.0138 -94.2483 0 
45.6274 14.8425 0 
-77.6721 -216.991 0 
50.9749 -66.4698 0 
-117.8 -76.207 0 
48.2993 27.833 0 
-48.0501 -104.901 0 
-2.05403 21.6828 0 
13.9281 -1.1707 0 
-86.5976 -122.036 0 
3.15574 5.57352 0 
-162.76 -125.264 0 
15.9929 -24.2199 0 
116.46 -120.764 0 
71.1567 15.3027 0 
-87.6202 -208.332 0 
-142.386 -88.4964 0 
33.08 -21.4615 0 
10.2368 15.7792 0 
-46.2076 -253.892 0 
104.291 -123.156 0 
6.60073 16.2727 0 
-23.4734 5.48838 0 
124.714 -84.1704 0 
-65.9027 -163.336 0 
-92.107 -243.393 0 
-91.7427 -129.566 0 
36.8383 -45.1593 0 
-13.389 23.4366 0 
128.382 -73.1409 0 
-8.22387 -7.60275 0 
171.909 -49.8038 0 
-157.226 -147.261 0 
44.4128 -23.5446 0 
49.2187 -89.2586 0 
-86.4934 -231.739 0 
-89.8197 -124.128 0 
7.60516 -105.222 0 
-10.3803 -2.71238 0 
-2.53789 -32.4852 0 
-70.9107 -250.651 0 
-14.0857 -231.504 0 
77.1486 -97.7337 0 
50.5256 -226.566 0 
105.294 -97.8627 0 
23.8792 -250.395 0 
25.9714 -8.07543 0 
18.5985 -122.069 0 
-31.9359 -53.0119 0 
15.446 22.4701 0 
74.0491 -93.4442 0 
-106.857 -202.265 0 
12.211 -110.312 0 
14.4942 -112.94 0 
-58.1657 -69.3063 0 
11.6994 -85.0577 0 
69.3475 19.2558 0 
77.1559 -124.268 0 
18.9268 -34.1888 0 
-31.4539 -247.963 0 
-159.974 -108.771 0 
22.1288 -97.0871 0 
50.3703 17.6133 0 
114.873 -10.6353 0 
-99.9119 -76.2806 0 
-77.2019 -169.022 0 
-12.9667 -237.279 0 
8.44857 -102.424 0 
51.0413 -95.7732 0 
26.2341 -28.6906 0 
16.5346 -257.086 0 
25.6741 -253.443 0 
73.5983 -17.5566 0 
-35.5561 -261.155 0 
17.1312 -174.556 0 
-20.3647 -81.4208 0 
9.93367 -107.773 0 
-24.7905 -81.8449 0 
-37.3011 -96.5704 0 
-35.9234 -209.458 0 
94.908 -92.9907 0 
-102.473 -109.142 0 
26.717 -229.24 0 
-13.4226 -1.36471 0 
-54.4189 -104.666 0 
28.7026 -258.613 0 
-43.3604 -84.4399 0 
45.9493 -19.2584 0 
53.4503 -69.0562 0 
82.5646 -119.48 0 
-61.8163 -215.26 0 
-120.196 -169.508 0 
-28.9483 -250.928 0 
46.7175 -86.5404 0 
-162.578 -115.493 0 
-12.9544 -46.9171 0 
81.3586 -140.722 0 
24.8808 -92.7599 0 
52.6603 -102.069 0 
-83.5734 -252.922 0 
61.5926 -130.692 0 
7.99953 17.9947 0 
-122.875 -136.88 0 
93.2834 -107.213 0 
-97.4328 -229.011 0 
0.942349 6.00239 0 
54.253 -108.607 0 
163.841 -66.5596 0 
32.2227 -228.604 0 
-11.338 15.5877 0 
36.4905 -74.91 0 
-55.5703 -130.092 0 
6.56265 -100.739 0 
5.14108 -20.1828 0 
112.747 -49.0766 0 
25.0328 1.58817 0 
8.96315 -260.634 0 
46.4658 -25.2611 0 
17.5006 -0.4408 0 
15.9143 -34.4225 0 
-14.0898 -240.815 0 
-85.152 -257.717 0 
128.556 -38.3366 0 
105.418 -24.1407 0 
-102.54 -211.435 0 
-8.56108 -5.04424 0 
-122.941 -132.993 0 
-55.4285 -121.82 0 
75.1901 11.0774 0 
-94.2423 -91.3092 0 
63.3216 -44.6922 0 
5.25074 -15.5531 0 
67.0927 -16.4839 0 
-60.9476 -67.3619 0 
44.4938 -219.224 0 
-152.337 -116.361 0 
-128.215 -108.315 0 
-123.335 -123.987 0 
-26.2993 -79.3743 0 
78.6031 -104.488 0 
-48.8146 -259.247 0 
-3.68127 3.51358 0 
115.645 -89.8927 0 
-9.33131 5.27381 0 
50.0917 -35.4055 0 
-2.89471 3.04589 0 
0.0871166 -29.1296 0 
44.2142 -83.7897 0 
105.656 -60.8433 0 
14.6693 -84.3351 0 
-113.499 -188.687 0 
-106.762 -112.181 0 
-110.694 -170.932 0 
-27.9288 -4.92989 0 
-14.391 28.4388 0 
-59.0516 -191.445 0 
-101.133 -176.187 0 
-122.771 -140.04 0 
48.723 20.9197 0 
95.0378 -130.315 0 
-0.119077 -5.36835 0 
11.2488 -165.059 0 
-44.3783 -51.393 0 
-22.4672 -190.95 0 
57.3048 -71.7205 0 
0.0166483 0.766094 0 
-86.9876 -170.889 0 
48.8461 -19.2078 0 
1.868 -5.88237 0 
48.4207 -27.6001 0 
37.7967 -72.2426 0 
17.209 -52.1169 0 
4.5727 4.13314 0 
-32.6621 -77.372 0 
68.6823 13.404 0 
-112.004 -248.014 0 
-41.1189 -47.484 0 
29.8703 34.6645 0 
-15.3339 -244.033 0 
149.318 -49.4931 0 
-66.6186 -207.391 0 
27.4702 -188.612 0 
34.5734 -231.495 0 
-96.5045 -127.749 0 
119.425 -11.7171 0 
-22.4433 -8.65596 0 
-89.802 -244.918 0 
34.8223 -22.6826 0 
-126.373 -162.665 0 
-58.9967 -214.553 0 
-54.9617 -71.7777 0 
-65.4384 -243.384 0 
1.00027 -1.56522 0 
-74.7577 -85.3074 0 
-97.0774 -192.408 0 
-124.25 -173.088 0 
-60.7645 -104.53 0 
36.0783 24.3344 0 
41.8989 -69.1794 0 
51.1111 -150.004 0 
12.3335 -50.6879 0 
0.39732 7.16621 0 
173.603 -52.3387 0 
39.2476 -78.5449 0 
-102.605 -220.486 0 
-21.8579 -252.567 0 
41.6826 -81.0674 0 
44.6945 -162.817 0 
-125.27 -141.764 0 
-28.8529 8.28433 0 
47.799 -30.109 0 
-40.665 -88.0603 0 
19.9019 -51.5224 0 
-11.8325 -234.2 0 
-117.517 -83.0639 0 
-36.9948 -72.2677 0 
-86.2306 -218.891 0 
44.277 -258.563 0 
75.7556 -99.9024 0 
-4.01401 1.29859 0 
-129.718 -121.304 0 
-30.9213 -195.357 0 
-32.0326 -72.6962 0 
-126.233 -123.067 0 
-3.2995 9.63178 0 
15.9315 -6.65762 0 
-22.7571 19.9238 0 
-109.695 -191.604 0 
177.397 -51.3481 0 
-117.791 -192.303 0 
-19.6304 -254.339 0 
20.0392 -36.0535 0 
